item_id,units_sold,revenue,sale_date
I21243,1316,7.889049454E7,2030-01-01
I13770,1780,2.5427291856E8,
I14402,1924,1.5997435157E8,
I15547,1675,2.2898025565E8,
I38971,485,9828920.2,2030-01-01
I43470,-716,3.539102983E7,2030-01-01
I46471,-1480,1.881319416E7,2025-10-30
I47412,1872,6.350725886E7,
I52966,-1101,1.1121954263E8,2025-09-01
I54586,1237,1.09717573E7,2030-01-01
I55432,1457,1.787569468E7,
I56250,-1104,3.057475475E7,2025-10-18
I57298,1451,1.1368297757E8,2030-01-01
I60684,935,1.3651371E8,
I66051,1818,2.4982616666E8,2030-01-01
I66147,579,4.150664325E7,
I66894,-979,1.703907406E7,2025-09-06
I68394,-842,4.122675551E7,2025-10-05
I69920,1952,2.5166764257E8,
I74482,-1395,0.0,2025-09-27
I74664,1017,1.2515935413E8,2030-01-01
I76781,431,0.0,
I77968,718,7.009818408E7,
I91807,-843,6.854698368E7,2025-10-20
I96420,901,2.182467206E7,
I97147,955,7.573311325E7,2030-01-01
I99173,-729,6.849248356E7,2025-10-19
I115334,-1888,1.6811089268E8,2025-10-25
I115796,-1981,1.8115683268E8,2025-10-06
I117168,1491,1.8798618097E8,
I119531,1724,1.5991968366E8,
I123446,199,1.595957088E7,2030-01-01
I12938,-946,7.253355065E7,2025-10-11
,746,1.870779877E7,2025-09-14
I21180,497,4.816258063E7,
I23138,374,4.740186969E7,
I26305,-717,8.570199055E7,2025-10-25
I27406,1126,1.6609217009E8,2030-01-01
I30583,1812,1.1334065494E8,2030-01-01
I31872,1952,5.971551052E7,
I34775,-846,9.83386201E7,2025-09-29
I38291,447,7540429.27,
I40150,1984,2799613.37,
I44020,1857,1.3072905002E8,2030-01-01
I51324,358,3913087.38,
I51884,1887,9982306.13,2030-01-01
I54423,-184,1.132746978E7,2025-10-22
I57537,-843,1.159551503E7,2025-10-08
I59332,1262,1.7178925657E8,
I59381,758,822879.37,2030-01-01
I63410,-658,3.538202272E7,2025-09-15
I64686,1976,1.3767225659E8,2030-01-01
I71654,1656,9.236019652E7,
I74934,-904,3.625115209E7,2025-09-08
I86538,-1066,1.5122634197E8,2025-09-14
I86770,1530,2.0298433404E8,2030-01-01
I93580,1889,4.133912066E7,
I94325,609,6.258935719E7,2030-01-01
I94450,1089,6.324207669E7,2030-01-01
I97383,1486,2.0476547237E8,
I100184,-1722,1.4745299638E8,2025-09-15
I100368,346,3.373804589E7,2030-01-01
I105351,682,8828174.55,
I117575,-675,8.465562309E7,2025-10-13
I118278,-1531,9.50579466E7,2025-10-28
I122390,1239,1.1642776511E8,
I122739,1088,1.5384599647E8,
I124176,995,7.636577029E7,
I127461,-1496,4.470881531E7,2025-09-29
I10764,1338,1.3891195587E8,2030-01-01
I11083,1280,1.3459816364E8,2030-01-01
I46948,-1522,1.3597630715E8,2025-10-24
I49771,1231,1.196901149E8,2030-01-01
I55126,363,2.654406172E7,
I63336,1250,9.470004595E7,
I69047,-836,9469836.71,2025-09-06
I71048,1901,3.923114899E7,2030-01-01
I77363,1137,1.681382706E8,
I80508,1831,7.905228969E7,
I83416,-1332,9.240655068E7,2025-10-18
I86335,1997,5.209739132E7,
I87720,431,2.196396953E7,2030-01-01
I89671,-226,3.119404026E7,2025-09-03
I90779,1616,1.3352958745E8,
I91287,329,4.301754652E7,
I100674,-903,2.712064106E7,2025-10-29
I111761,1564,2.3078702609E8,2030-01-01
I113054,869,1.1871661082E8,2030-01-01
I114149,1003,9.110619017E7,2030-01-01
I114867,1780,1.067189844E8,
I116163,532,4.730681507E7,
I119696,-253,2.153007079E7,2025-10-26
I13405,-1321,1.3346979883E8,2025-10-18
I20686,130,1.941395999E7,2030-01-01
I13307,1211,1.5473610473E8,
I18098,1534,4.684301904E7,
I31281,1171,1.4644297414E8,
I32232,-1127,5.897243264E7,2025-10-05
I34649,1033,4.776003362E7,2030-01-01
I38384,1919,1.455611324E7,2030-01-01
I40998,744,6.547961865E7,2030-01-01
I43437,405,2.720237734E7,
I44208,-386,4.970832769E7,2025-10-07
I48223,745,4152826.86,
I48886,1765,1.1580687797E8,
I52660,637,1.010720311E7,2030-01-01
I53437,1132,2.557293274E7,2030-01-01
I53700,1485,1.5955205222E8,
I56046,541,1200678.38,2030-01-01
I61465,1571,3.631665464E7,
I62360,-137,0.0,2025-10-02
I65321,1259,9.720019239E7,
I70166,90,178460.07,
I71535,910,7.464023425E7,2030-01-01
I73489,-555,3.695627376E7,2025-09-01
I77301,333,3.641654663E7,
I78677,1482,1.2858599774E8,
I82335,1918,6.303804237E7,2030-01-01
I83655,-1967,4.010440764E7,2025-09-24
I87331,1493,1.8142976827E8,
I93870,-1016,1.0431887897E8,2025-09-13
I98439,890,8.038156696E7,
I98486,655,0.0,2030-01-01
I99926,878,2.29276667E7,2030-01-01
I103987,327,1.255615074E7,
I105569,-697,1.102694059E7,2025-09-18
I106202,-1517,3.974120948E7,2025-10-20
I111922,-1156,1.140584291E8,2025-10-18
I112777,1488,1.115994587E8,2030-01-01
I120494,347,3.710697322E7,2030-01-01
I123961,1490,1.6846221106E8,2030-01-01
I123972,988,0.0,2030-01-01
I128181,-850,3.249571346E7,2025-09-05
I11407,-1770,7.820262465E7,2025-10-20
I16014,1703,1.8152542711E8,2030-01-01
I31181,-113,1.585299228E7,2025-10-25
I37768,1001,8.262889574E7,2030-01-01
I37980,-286,3089439.21,2025-10-24
I38088,-223,2694798.05,2025-10-08
I38579,257,1.854296776E7,
I38773,-1060,1.303488578E8,2025-10-08
I44114,557,7.605333948E7,2030-01-01
I51892,808,1.0435963569E8,2030-01-01
I58270,1340,1.9628061248E8,2030-01-01
I61069,1087,1.3054303387E8,
I67039,1159,1.4734729369E8,
I67293,-820,0.0,2025-10-31
I74604,-1752,2.4304147079E8,2025-10-21
I75525,1405,1.010737295E7,2030-01-01
I77987,-319,4.51254091E7,
I83271,-334,2.764266476E7,2025-09-10
I83431,329,1.877303423E7,
I91474,267,1.82834908E7,
I100461,151,8941836.38,2030-01-01
I101620,413,4.837678349E7,2030-01-01
I104944,-1071,5.158660701E7,2025-09-06
I106257,802,1.0717929251E8,2030-01-01
I106747,-1669,3.425047221E7,2025-10-22
I107574,376,1.668958003E7,2030-01-01
I112329,597,5.688672895E7,2030-01-01
I113197,977,1908018.07,2030-01-01
I117407,1236,1.697025662E8,
I119753,479,2578967.69,
I125614,-646,8.644155668E7,2025-10-06
I127276,1453,7.410693211E7,
I11989,-934,5.487573157E7,2025-09-20
I13205,-1652,1.47322417E7,2025-10-05
I18658,1414,1.4183769055E8,2030-01-01
,1337,4818587.84,2025-10-09
I30168,-1970,2.0739780624E8,2025-10-04
I33246,-769,1.1042958585E8,2025-10-21
I34452,1979,2.3003964944E8,2030-01-01
I34949,749,6.364241777E7,
I37125,-1721,7.825611555E7,2025-09-06
I39937,378,3.401701258E7,2030-01-01
I40028,1751,2.6084395807E8,2030-01-01
I52827,296,3937430.27,2030-01-01
I57245,163,7874089.28,
I59907,485,4.073752282E7,
I65630,846,1.813555815E7,
I77620,320,4.460341298E7,
I79171,-1315,1.215329239E8,2025-10-14
I81430,-1422,1.4752392139E8,2025-09-22
I82696,-1445,2.0631548645E8,2025-10-08
I83441,611,4.32035827E7,2030-01-01
I83808,215,3.098400974E7,2030-01-01
I85774,834,2.526418674E7,2030-01-01
I85815,1178,1.615170751E8,
I85957,-1698,2.114677361E8,2025-09-20
I88832,799,4.890404074E7,2030-01-01
I90423,663,4364695.06,
I96078,1275,1.8412873839E8,2030-01-01
I103070,1564,2.3078775575E8,2030-01-01
I105229,-1716,1.1442767605E8,2025-09-01
I105518,217,2.468976675E7,2030-01-01
I117122,1971,0.0,2030-01-01
I119980,-1843,1.5061189351E8,2025-10-27
I120582,1717,2.080970554E8,
I121890,-356,1.401997885E7,2025-10-06
I124065,1243,7.656680552E7,
I125967,67,9879036.2,2030-01-01
I127388,923,1.3700730236E8,2030-01-01
I12953,-207,1.570117541E7,2025-09-07
I15285,1932,8.174187456E7,2030-01-01
I21349,1741,5.965681356E7,
I23048,443,1.565790071E7,
I23642,493,6.258199776E7,2030-01-01
I30279,879,1804483.79,2030-01-01
I33107,1806,1.9017759048E8,2030-01-01
I35305,205,2.633932434E7,
I35514,-86,1.156628005E7,2025-10-10
I38937,694,7.363042177E7,2030-01-01
I42773,488,2.504004409E7,
I44096,1526,6.282155E7,2030-01-01
I45322,1199,1.6937247862E8,
I45535,1192,3.480692285E7,2030-01-01
I49560,988,3.143765671E7,2030-01-01
I51556,389,1.847672841E7,2030-01-01
I60478,280,1.03050117E7,2030-01-01
I63202,-959,5.170024645E7,2025-09-12
I64037,-1316,7.024018184E7,2025-10-23
I64812,1005,4.504226074E7,2030-01-01
I68187,521,2.758198797E7,2030-01-01
I68277,349,8581804.03,
I76939,1168,3.594548116E7,2030-01-01
I84492,747,6.470391947E7,2030-01-01
I87483,514,1.206867485E7,
I88844,1567,1.907954009E8,
I94678,-1556,5.546795586E7,2025-10-09
I97180,1810,1.2156645074E8,
I98658,854,9.281950836E7,
I100866,779,5.585128022E7,
I104970,-407,2.832033273E7,2025-09-08
I106415,-1567,2.3204368758E8,2025-10-17
I113447,1149,9.017680293E7,
I113456,1627,1.6222698044E8,2030-01-01
I113969,313,1.474729922E7,
I114153,674,3.644303246E7,2030-01-01
I117370,819,5.657352036E7,
I118375,943,0.0,2030-01-01
I118699,-314,7524320.98,2025-09-23
I118943,1351,1.073010469E8,
I125617,-874,4.63128577E7,2025-10-29
I127766,1149,4.124932702E7,
I10066,-1262,1.5576658804E8,2025-09-08
I17778,1489,2.2263664296E8,2030-01-01
I18976,-1907,2.7971194181E8,2025-09-17
I13979,1312,1.1456106276E8,
I14061,1040,4831682.42,
I19402,388,3.843554491E7,
I22492,1108,6.810570967E7,
I23127,-1236,3.265605649E7,2030-01-01
I25811,-479,5.457005145E7,2025-09-21
I27843,1988,2.533601091E8,
I31112,-437,1.130529421E7,2025-09-06
I35388,139,5657323.9,2030-01-01
I35806,1931,2.0755503351E8,2030-01-01
I36016,983,9.448297938E7,2030-01-01
I37334,1293,7.569491316E7,2030-01-01
I38847,1293,8.845506447E7,2030-01-01
I45101,-1609,2.1803344294E8,
I47453,-699,9.438881811E7,2025-10-26
I48202,-455,6926470.49,2025-09-19
I49606,-50,5184382.92,2025-10-12
I53264,-1126,4.230211519E7,2025-09-03
I55278,206,2.658572898E7,
I56884,1637,1.1469812137E8,
I56988,-1517,2.2171369522E8,2025-10-13
I57141,324,3.342728533E7,2030-01-01
I57518,-1543,1.3651369605E8,2025-10-13
I59002,-1686,1.9316462965E8,2025-09-03
I64972,515,5.490087052E7,
I72418,-1169,1.4655117247E8,2025-10-17
I73233,340,1.320283128E7,2030-01-01
I77229,-744,5.973605019E7,2025-09-16
I79838,1294,1.591507882E7,2030-01-01
I81351,1103,4.676843372E7,2030-01-01
I88874,-151,6936270.04,2030-01-01
I96114,-732,2.56705885E7,2025-09-12
I96159,761,5.174843354E7,2030-01-01
I97961,-1840,1.0308043336E8,2025-10-09
I107445,504,7.558706849E7,
I108383,1339,9.836458734E7,2030-01-01
I114131,1060,1.5570577704E8,2030-01-01
I114907,154,1809233.85,2030-01-01
I123523,1018,6.954615411E7,
I15144,411,4.033148928E7,2030-01-01
I11462,716,2.460736052E7,
I22558,-1064,1.1950704462E8,2025-09-23
I25455,1669,1.0833788735E8,
I26393,-1974,1.6899813959E8,2025-09-26
I29611,1502,2.1015437835E8,2030-01-01
I32802,-1487,1.0226992654E8,2025-10-27
I35554,658,7.004191797E7,2030-01-01
I37894,741,3733075.85,
I38145,162,2.020717586E7,
I43117,1909,1.9845310671E8,
I43877,1799,5.54722865E7,2030-01-01
I46919,1366,8.953189335E7,2030-01-01
I47275,738,1.584334779E7,
I48449,-701,3.313094027E7,
I48613,51,6611779.52,
I55005,791,1.1645773535E8,2030-01-01
I65104,1819,1.576733091E7,2030-01-01
I73340,593,9688676.2,
I74561,-371,3.65093321E7,2025-10-29
I78564,-1634,8.804311353E7,2025-10-23
I79726,341,3.687719908E7,2030-01-01
I82764,467,3.625805598E7,
I86004,-1769,1.8242057639E8,2025-09-28
I86282,1818,2.4778032202E8,
I87930,532,1.872625655E7,2030-01-01
I92432,-779,9.490152796E7,2025-09-04
I96998,739,9.294402563E7,2030-01-01
I103513,107,3181517.7,
I114980,1771,0.0,
I115513,-1252,2.058566999E7,2025-10-31
I117137,1750,3.971361071E7,2030-01-01
I117414,-76,2766234.72,2025-10-15
I120515,1386,4.110819397E7,2030-01-01
I127136,1553,1.7429307024E8,2030-01-01
I13444,-1361,2.778484236E7,2025-09-18
I16072,1267,1.8335596394E8,2030-01-01
I21528,-905,3.30083313E7,2025-09-30
I10015,1471,1.2417212504E8,
I10714,1947,0.0,
I15538,276,3.084197018E7,
I23516,1882,1.4932415247E8,2030-01-01
I33843,1629,1.8694505092E8,2030-01-01
I35852,-594,2.289371613E7,2025-09-21
I40106,302,1.337749984E7,2030-01-01
I41151,185,98640.75,
I45510,272,3.951423251E7,2030-01-01
I51341,-1724,5.134069284E7,2025-09-02
I53040,-248,3.178205373E7,2025-10-07
I63567,-273,1.959775156E7,2025-09-01
I74064,947,1.330387264E7,2030-01-01
I74182,581,7.274463939E7,
I76704,1508,4.822096995E7,
I77509,52,893214.11,2030-01-01
I80728,950,1.4110619449E8,2030-01-01
I96847,1594,1.2753264691E8,2030-01-01
I101188,-867,1.888218727E7,2025-10-30
I101705,437,5.785795556E7,
I104998,399,4347491.65,
I105059,52,6902326.66,
I106649,-726,6.401303266E7,2025-10-06
I123301,692,9.884504987E7,2030-01-01
I126452,2000,2.2787725823E8,2030-01-01
I127038,1027,1.3616554354E8,2030-01-01
I10869,196,6543930.93,2030-01-01
I13319,-1475,9.890225791E7,2025-10-20
I18972,1599,1.6146951946E8,2030-01-01
I10666,882,0.0,
,282,6454958.13,2025-09-26
I12924,1582,2.1031440855E8,
I25630,991,1.354488468E8,2030-01-01
I27459,-1997,2.0727467121E8,2025-09-02
I34435,363,2037418.0,2030-01-01
I37383,1652,2.2678233028E8,2030-01-01
I39003,1192,7.92765992E7,
I46034,1924,1.6050038493E8,2030-01-01
I46152,-1005,9.773530692E7,2025-10-10
I47397,725,6.226196916E7,2030-01-01
I54745,-355,2.354914752E7,2025-09-07
I63456,-1181,1.1637762412E8,2025-09-17
I64206,1352,1.860525899E8,2030-01-01
I64611,-205,3158313.41,2025-10-19
I66616,-1229,2905369.71,2025-10-03
I68053,911,5.917188826E7,
I68749,939,1.3072116986E8,
I70834,900,7.558173809E7,
I72411,150,6007516.32,2030-01-01
I78953,495,1.331156918E7,
I79046,1478,1.1426211079E8,
I80075,1347,1.3187144161E8,2030-01-01
I81291,-1957,2.9186947207E8,2025-10-02
I83598,-828,6.78892183E7,2025-10-02
I85438,1497,1.7641703462E8,2030-01-01
I86151,-1832,1.773499126E8,2025-10-24
I86257,-661,3.161760959E7,2025-09-14
I91312,932,9.529742439E7,2030-01-01
I98921,-185,2.389226694E7,2025-09-27
I101265,1789,2.4359145755E8,2030-01-01
I105579,360,3.025539882E7,2030-01-01
I108056,461,4.582748024E7,2030-01-01
I109049,112,3695988.73,2030-01-01
I109469,-94,5527449.03,2025-10-04
I113377,815,3.783287899E7,2030-01-01
I125085,683,1.902779197E7,2030-01-01
I128155,404,4.648512849E7,2030-01-01
I15085,-1807,2.3132817528E8,2025-09-07
I17324,-303,3.742773496E7,2025-10-27
I17516,344,8702385.67,2030-01-01
I13657,1987,0.0,
I20557,1640,2.3999871003E8,
I22330,1608,0.0,
I28558,-1174,8291019.82,2025-10-30
I29623,1427,6.888758919E7,2030-01-01
I33376,1676,1.6399033146E8,2030-01-01
I38518,1651,4.380200964E7,
I43389,1659,1.1107100793E8,
I48065,741,9.889773628E7,2030-01-01
I59337,-479,1.58151271E7,2025-10-05
I62649,1511,9.040952482E7,
I63134,-696,1.795913622E7,2025-09-25
I71553,304,8272068.44,
I72104,441,3.186139728E7,
I80136,712,4.86704277E7,
I84047,431,3.375805479E7,
I92655,1149,1.5695448778E8,2030-01-01
I93605,-1268,3.407264757E7,2025-09-20
I95114,921,1.3802951578E8,
I96084,-998,1.2915499272E8,2025-09-03
I98159,-866,9.029835197E7,2025-10-10
I100449,1368,0.0,
I111072,-720,6.312242997E7,2025-10-11
I115231,-1524,8.263248951E7,2025-10-02
I123596,782,4.812515705E7,2030-01-01
I126186,1297,1.7788967556E8,2030-01-01
I131058,-1107,4.084644447E7,2025-10-08
I137783,692,9.337800779E7,2030-01-01
I138791,711,4.096330195E7,2030-01-01
I140603,1827,3.372859627E7,2030-01-01
I128950,601,4.878406896E7,
I137837,442,5.229294425E7,
I140604,1604,5.902604459E7,
I145793,837,0.0,
I149242,596,1.014071319E7,
I150816,1270,4.594293615E7,
I161179,-216,5294017.51,2025-09-12
I166363,744,2.652293612E7,
I168369,629,547003.11,
I169830,-163,2344015.79,2025-09-02
I170919,-729,9.170736942E7,2025-09-28
I181021,1407,8.602368654E7,2030-01-01
I181711,478,5.899177131E7,
I183856,68,7032913.68,
I192698,475,4.867120911E7,2030-01-01
I194430,781,0.0,2030-01-01
I194963,148,1.629332364E7,
I202180,-1979,1.1514371799E8,2025-10-08
I206024,725,9.224844638E7,2030-01-01
I208144,926,1.0754110722E8,
I213577,1233,4089486.37,
I216836,-1230,1.1798428256E8,2025-10-24
I219896,-1570,6.470231833E7,2025-10-23
I223944,1704,8.769805772E7,
I224194,458,6.026587586E7,
I224463,1642,2.0013176495E8,2030-01-01
I226736,760,1.974582298E7,
I237020,511,1.900396654E7,2030-01-01
I238494,423,1.937446266E7,2030-01-01
I244000,1259,1.8603220766E8,2030-01-01
I130110,1195,3.549596183E7,2030-01-01
I140375,-318,1.092325186E7,2025-10-15
I130129,747,1.531890979E7,
I140727,-942,1.0449186802E8,2025-09-16
I140747,1542,7.804430802E7,2030-01-01
I142171,-1783,4626851.68,2025-10-08
I146267,1997,1.8156604537E8,2030-01-01
I147105,-1018,1.4363584866E8,2025-10-14
I151689,1243,3.711391576E7,
I152278,-80,2292774.74,2025-10-13
I154227,-1967,1.562445692E8,2025-10-15
I154319,-1771,2.4841416885E8,2025-09-20
I165011,55,7512943.39,2030-01-01
I166261,880,2.259789344E7,2030-01-01
I166737,947,6.165743972E7,
I168422,-1166,5.555396512E7,2025-09-11
I169333,969,5.393006711E7,
I170948,-432,2.468266477E7,2025-10-19
I171331,-377,1.304919171E7,2025-09-23
I172504,1395,1.3757056352E8,
I175101,264,7094836.62,2030-01-01
I176219,583,7.694307751E7,2030-01-01
I184811,-219,6797188.61,2025-10-03
I188288,-470,4.297827927E7,2025-10-23
I189817,1683,1.1509072767E8,
I192652,707,7.308562686E7,2030-01-01
I194790,1520,1.1742267978E8,2030-01-01
I203673,1521,1.9855380857E8,2030-01-01
I211760,348,5754280.35,2030-01-01
I212491,1235,5816556.49,2030-01-01
I214421,155,2.090243816E7,
I217280,123,1.092040107E7,2030-01-01
I218783,669,0.0,
I220247,363,2212257.49,2030-01-01
I222663,-863,6.510907429E7,2030-01-01
I234822,288,1514329.36,
I237847,292,4191207.74,
I134835,-1044,7.023224767E7,2025-10-22
I135059,1657,2.4012085847E8,2030-01-01
I138924,1800,1092103.63,2030-01-01
I136585,558,6.58916582E7,
I142365,1114,1.5518582488E8,2030-01-01
I142813,1472,6.461589479E7,
I145443,1772,6.920141491E7,2030-01-01
I149832,1100,5001152.49,
I155590,1200,3.222106373E7,2030-01-01
I159918,-867,5.882192866E7,2025-09-09
I163915,281,5081407.07,
I170282,-1107,9064428.48,2025-09-21
I171428,1432,4.488497411E7,2030-01-01
I178115,1963,2.63460582E7,
I182191,519,3.624362303E7,
I185176,-1678,9.467481182E7,2025-09-29
I185909,1121,1.338698039E7,
I190058,558,1.524251987E7,2030-01-01
I203092,1046,4327394.66,
I204099,190,0.0,2030-01-01
I208079,1399,1.7856507493E8,2030-01-01
I209462,1412,1.5195534922E8,
I214460,412,1.195641462E7,
I214565,1873,1.1998535658E8,
I216544,1376,6800688.33,
I219404,896,1.897905281E7,
I230854,252,4044057.72,
I234391,1036,3.01707933E7,
I236002,1194,1.7271156518E8,
I236536,1581,1.458743518E8,2030-01-01
I132989,507,2.425281803E7,2030-01-01
I137057,-1087,4.553554799E7,2025-09-14
I138638,275,3.45083942E7,2030-01-01
I134670,1795,1.2037416709E8,
I141609,-297,2.465115125E7,2025-09-29
I142648,1678,7.803892421E7,2030-01-01
I143689,1043,6.122726778E7,
I145803,578,2.93497115E7,
I146457,-512,9763117.13,2025-09-24
I150154,-933,6.094038031E7,2025-09-21
I151883,763,3.377814005E7,2030-01-01
I160757,-1504,2.23772565E8,2025-10-28
I164522,1789,1.9148318008E8,2030-01-01
I174440,-1930,1.9991009645E8,2025-10-29
I178801,-1733,9.00165928E7,2025-10-30
I178845,1421,1.2760097302E8,2030-01-01
I180125,-1377,8.77628357E7,2025-09-03
I184300,-815,2.92646524E7,2025-09-14
I189727,-428,5.584587918E7,2025-10-04
I191373,1072,1.0048325882E8,
I211200,206,1.858291069E7,
I213100,-1084,6.359677648E7,2025-10-24
I214024,1604,1.52656845E8,
I216789,-452,4.740668713E7,2025-10-10
I221529,700,4.336384322E7,2030-01-01
I222731,-1723,3.257097412E7,2025-10-01
I223302,148,6578730.22,2030-01-01
I223883,-438,5.885002298E7,2025-10-18
I225531,377,2.977409917E7,
I230551,254,1.679881073E7,
I233381,-1223,1.7929228422E8,2025-10-08
I235077,1273,4.321758625E7,
I235503,1322,7.741231437E7,2030-01-01
I239745,-1345,1.6647722765E8,2025-10-26
I240010,-51,335382.15,2025-09-28
I241766,304,1.425394951E7,
I242236,101,1.162109655E7,
I134690,646,2.50594847E7,2030-01-01
I136418,-356,4.905770513E7,2025-10-10
I139709,-807,9.000185654E7,2025-09-09
I136128,1454,1.6068309651E8,
I157222,882,3.532159584E7,2030-01-01
I158655,1613,9822896.72,2030-01-01
I162704,-1115,2.025256694E7,2025-09-21
I164525,1993,1.779902992E7,2030-01-01
I164890,540,2.267154939E7,2030-01-01
I166481,72,5133444.63,2030-01-01
I166780,-1447,2.0218196989E8,2025-10-03
I168699,-1855,9.390105823E7,2025-09-08
I173519,-1428,9.706404684E7,2025-09-09
I177356,1591,1.7987012838E8,2030-01-01
I181831,1954,1.2437242414E8,
I186153,1734,1.2676566039E8,
I188371,1312,3.452233374E7,2030-01-01
I192100,-465,2.101103984E7,2025-10-31
I192112,466,1.647399506E7,
I193502,-1307,6.195023729E7,2025-10-05
I194817,667,4.43752151E7,2030-01-01
I200825,1019,9.940079184E7,2030-01-01
I201378,-1090,1.032083239E8,2025-10-08
I204010,1277,7.282474943E7,2030-01-01
I212600,1660,6.966191983E7,2030-01-01
I228978,536,7.070143513E7,
I230063,621,3975393.64,
I230067,798,7.753514416E7,
I231080,690,6.682852531E7,
I232742,-1637,1188060.09,2025-09-27
I234024,1947,1.607868685E7,
I241836,-1801,1.6179446299E8,2025-09-15
I243616,1227,8.226307934E7,
I136326,-832,1.1590281971E8,2025-10-10
I139664,1488,9.667930193E7,2030-01-01
I140036,927,7.158667005E7,2030-01-01
I140116,1139,8.814777056E7,2030-01-01
I143344,1253,5.464463333E7,2030-01-01
I148935,-281,3.513293918E7,2025-09-27
I150840,480,4.455258757E7,2030-01-01
I153170,1771,4.088680713E7,2030-01-01
I153349,755,1.1101422181E8,
I156277,1595,7.94692987E7,2030-01-01
I156666,-774,1.754008468E7,2025-10-24
I156766,428,1.344074056E7,2030-01-01
I158931,915,5.962436234E7,2030-01-01
I159256,1638,2.115254541E7,2030-01-01
I174166,-1556,2.246132931E7,2025-10-27
I174717,-302,1.295235731E7,2025-10-29
I177945,-543,1.434337693E7,2025-09-14
I179122,1332,4.331415133E7,2030-01-01
I180620,787,5.673651092E7,
I180744,1575,5538810.87,2030-01-01
I181985,1640,4.53155364E7,2030-01-01
I182861,769,7.419920262E7,2030-01-01
I186635,60,8632143.6,
I191952,-1988,2.4325510733E8,2025-10-12
I194751,-573,5.10722246E7,2025-10-03
I200366,782,2.143765647E7,
I205552,-546,6.010543406E7,2025-10-26
I209075,-1562,1.2250611608E8,2025-10-27
I210793,-550,7.21287082E7,2025-09-19
I226974,-1365,1.1938223862E8,2025-10-02
I230136,-540,1.981046218E7,2025-10-26
I231991,-457,2.695101693E7,2025-09-11
I232094,1939,1.167886816E7,2030-01-01
I232506,324,4.091330201E7,2030-01-01
I234196,-550,4.272409042E7,2025-10-04
I235399,558,3.052408578E7,
I243909,-676,1.194427663E7,2025-10-01
I131120,1808,1.8970514794E8,2030-01-01
I139289,-372,3.998311611E7,2025-09-05
I141083,1785,3.871730358E7,2030-01-01
I147422,1466,1.808614639E7,2030-01-01
I149405,-240,5837546.84,2025-09-17
I153192,618,5.651843673E7,2030-01-01
I157411,1901,2.379860148E7,2030-01-01
I158599,1023,853842.42,2030-01-01
I160325,-183,2.666456786E7,2025-09-22
I160895,1693,1.434276951E7,
I162332,1575,2.1663997362E8,
I167048,1850,0.0,
I171946,-1433,2.1161638697E8,2025-09-07
I188630,818,7.124770738E7,
I188839,755,7.464456625E7,2030-01-01
I192057,1845,1.6214475106E8,2030-01-01
I198513,363,2.926553985E7,
I202850,1820,5.376382701E7,
I203403,-1754,2.4618665602E8,2025-10-30
I206429,776,9.085620486E7,2030-01-01
I208689,1847,2.3972492261E8,2030-01-01
I211670,257,1.308367134E7,
I212149,-1125,1.79806958E7,2025-09-17
I223205,1438,3626747.38,2030-01-01
I223227,1540,1.7099697794E8,2030-01-01
I225264,-122,1.036239067E7,2025-10-11
I225805,-543,2.353244471E7,2025-09-05
I226848,1987,2.7730058909E8,
I235844,476,5.144619194E7,2030-01-01
I238639,205,2.665805124E7,
I239893,1048,8.194907715E7,2030-01-01
I240773,-1383,1.668719257E8,2025-09-20
I241349,-1169,8.743786185E7,2025-09-08
I242438,362,1.616974656E7,
I132071,1029,3.909327729E7,2030-01-01
I134934,361,4.143647999E7,2030-01-01
I143981,-1527,5.858270576E7,2025-09-25
I149568,1057,7.309075281E7,
I152834,-1463,2.0592740408E8,2025-09-16
I162418,245,7080424.96,
I166216,751,7.080450718E7,
I170513,1122,1.1893349974E8,2030-01-01
I171313,-628,8.631941154E7,2025-10-03
I171750,1325,1.9541249943E8,
I174608,-389,1.248809827E7,2025-10-23
I180721,921,2.219972494E7,2030-01-01
I190500,1138,1.2709397875E8,2030-01-01
I198830,1464,1.0800976261E8,2030-01-01
I204035,-1552,1.1017431576E8,2025-10-21
I212251,1414,1.708438767E7,
I213864,1038,2.424586838E7,
I214463,1708,1.606798154E8,2030-01-01
I222334,-1077,4.114814084E7,2025-09-20
I222461,219,1.963761101E7,2030-01-01
I234974,1466,1.1306304078E8,
I236570,-234,1.878324939E7,2025-10-09
I238246,1695,2.131699441E7,
I239514,1116,1.1146734383E8,2030-01-01
I242640,1160,9.380623875E7,2030-01-01
I136579,-1719,1.4536966166E8,2030-01-01
I138752,-1377,1.0795168363E8,2025-10-23
I140340,121,1.439988358E7,
I141835,-1863,1.5666680986E8,2025-09-23
I146168,-1629,0.0,2025-09-23
I153133,1115,1.322314706E8,
I157711,894,8.520195074E7,2030-01-01
I160148,1379,9603676.94,2030-01-01
I175035,-1619,2.699609734E7,2025-10-01
I176951,1779,0.0,
I180265,1826,9.64557919E7,2030-01-01
I184566,1218,7.225828942E7,
I187306,191,2.104063568E7,
I191441,1913,1.5978729843E8,2030-01-01
I192106,671,7.804831127E7,
I192288,1349,6481569.93,2030-01-01
I193902,-439,4.877846404E7,2025-10-24
I196767,1710,8.205698514E7,
I202359,-1447,1.939613623E8,2025-10-25
I203155,1185,4.311107135E7,
I204150,-363,1094102.76,2025-10-04
I206725,911,2905568.38,
I209105,1690,1.5737330161E8,
I210650,1770,3.058134237E7,
I213453,-1705,1.7817156603E8,2025-09-15
I222304,-610,3.041331299E7,2025-09-28
I223538,1467,8.603065769E7,
I224593,1201,9.230912999E7,
I226479,712,5.466226495E7,
I232699,1961,2.3190542272E8,
I236227,626,4.586481777E7,2030-01-01
I238961,-1390,3.321735683E7,2025-10-16
I239411,-1058,9.57303039E7,2025-10-11
I243565,1921,1.906971978E7,
I128347,1702,5.20120673E7,2030-01-01
I129299,1649,1.889533555E7,2030-01-01
I137307,651,6.947289183E7,
I140851,435,5.346566899E7,2030-01-01
I143047,-1226,1.8299679188E8,2025-10-10
I147081,1133,1.364633422E8,
I147250,1808,7.625649058E7,
I152288,-702,9.823701475E7,2025-09-08
I153124,1048,1.440324171E7,2030-01-01
I158475,130,1.835788106E7,2030-01-01
I158917,-1193,5.715202401E7,2025-09-12
I160707,1484,0.0,2030-01-01
I162303,-1215,2.608985971E7,2025-10-03
I162990,636,7.890346638E7,
I164330,1425,7.395949507E7,
I165391,158,6273043.94,2030-01-01
I174229,-1123,1.6316033763E8,2025-09-27
I174569,-1794,2.5433382192E8,2025-10-12
I177540,-744,5.773204215E7,2025-10-19
I177927,981,6.594521454E7,
I180733,583,8.230090184E7,2030-01-01
I181828,1321,1.5231473707E8,2030-01-01
I184986,1301,1.6081837825E8,
I191921,-229,1.044090691E7,2025-10-21
I192027,-1854,5.237070825E7,2025-09-18
I195349,-377,5.543281532E7,2025-10-07
I197976,899,6.089728471E7,2030-01-01
I199057,1967,2.0448597866E8,
I200035,507,6.274598967E7,2030-01-01
I203938,935,1.3189356363E8,2030-01-01
I206037,-714,8.349678714E7,2025-09-24
I207567,998,1.123955023E7,2030-01-01
I208307,190,9238449.26,
I211134,1955,5.998041817E7,2030-01-01
I212403,368,3.954151279E7,2030-01-01
I216572,1984,7.705506164E7,
I217247,1224,9.17434584E7,
I217581,264,2.134808015E7,
I221583,337,4.432545925E7,
I230970,-1555,6.982378969E7,2025-09-17
I131129,-82,738944.16,2025-09-23
I132017,-1509,9.093738369E7,2025-09-06
I150439,-1541,1.0347459757E8,2025-09-13
I153448,491,1.890502983E7,2030-01-01
I154311,570,2.015400172E7,
I156647,-232,2.953352987E7,2025-10-13
I158755,-1410,4.637896998E7,2025-10-11
I159290,1849,1.375564144E8,
I162999,1921,1.3046073194E8,
I165965,1656,2.3113290959E8,
I171163,1877,2.901158963E7,
I172508,1269,1.7046408008E8,
I173215,1844,2.2763243848E8,2030-01-01
I181313,-695,7.281777341E7,2025-10-24
I186672,816,8.489987872E7,2030-01-01
I187545,120,1.680256331E7,2030-01-01
I190001,664,4.811495583E7,
I191995,-1689,2.2095285698E8,2025-09-08
I192783,403,4.459059115E7,2030-01-01
I196102,1668,7.939861933E7,2030-01-01
I200944,1411,1.227435898E8,
I203058,281,0.0,2030-01-01
I206828,1606,4.340782362E7,
I213311,276,2.921299792E7,
I221244,-1029,7.891368299E7,2025-10-24
I221368,359,4.313999842E7,2030-01-01
I221894,709,7681034.25,2030-01-01
I222535,1116,3.540571874E7,
I223673,-1710,2.1069902698E8,2025-09-05
I227052,535,2.412665577E7,2030-01-01
I230687,1557,1.9191961312E8,2030-01-01
I232208,898,9.193738289E7,
I233218,-1867,3.60550511E7,2025-09-08
I238687,904,9.670210393E7,2030-01-01
I240398,-800,1.785846336E7,2030-01-01
I242427,1339,4.787821669E7,2030-01-01
I135489,-1412,1.3957676179E8,2025-10-28
I137671,793,1.0476900853E8,2030-01-01
I132185,-894,7.980387227E7,
I132372,1625,2.4187486313E8,
I144631,823,5.234952156E7,2030-01-01
I146396,1911,2.1932510445E8,
I150018,-1255,1.7854263823E8,2025-10-11
I150528,1013,1.468332086E8,2030-01-01
I154130,208,1.570784109E7,
I154749,733,3.087311183E7,
I154801,1475,2.801685963E7,2030-01-01
I157168,743,1.287645295E7,2030-01-01
I160369,1314,4.877013565E7,2030-01-01
I160779,108,2034666.92,
I165913,-968,7.594236999E7,2025-10-09
I175957,1918,0.0,2030-01-01
I184294,1988,2.4486344966E8,2030-01-01
I189592,60,7533688.91,2030-01-01
I189708,1787,6.876109008E7,2030-01-01
I198527,-509,4.791188808E7,2025-10-11
I201778,614,1.09452649E7,
I209956,673,9.339784346E7,2030-01-01
I215046,1758,1.1373084611E8,2030-01-01
I221765,-461,3090856.06,2025-10-25
I227068,1792,1.68623907E7,
I227749,-896,1.2955404136E8,2025-10-13
I227808,-1401,1.2369755456E8,2025-10-23
I229199,-922,5.125850442E7,2025-10-24
I230682,1292,3418505.52,2030-01-01
I233099,1265,8.801826588E7,
I233175,1835,6.389970933E7,
I234052,481,0.0,
I237251,409,7792046.63,
I237540,-1367,5.871338887E7,2025-09-12
I240633,541,4.911683517E7,2030-01-01
I240757,-751,6.507482459E7,
I244281,-1124,5.229708712E7,2025-09-03
I248752,-479,5.99295148E7,2025-10-16
I249043,1740,0.0,2030-01-01
I244507,1919,2.743212674E8,
I249952,186,1.052398671E7,
I257402,1983,1.7666464573E8,2030-01-01
I261867,893,7.234883094E7,2030-01-01
I265314,1436,7.99626693E7,
I265900,-1858,5.876511715E7,2025-09-12
I274041,191,5736768.2,
I279108,815,6.687347586E7,2030-01-01
I280963,490,4.10728088E7,2030-01-01
I293571,-1700,2.84917415E7,2025-09-08
I301041,1061,0.0,
I301722,620,3.563357089E7,2030-01-01
I303002,-783,6.784184854E7,2025-09-03
I308210,1672,5.802203435E7,2030-01-01
I308564,1775,1.5191240885E8,
I311136,293,3.92361729E7,
I312078,-1491,1.1497914459E8,2025-09-03
I315201,1242,2.210108761E7,2030-01-01
I316858,1894,3.588853604E7,
I326802,-795,5.366259093E7,2025-10-26
I327860,395,353169.1,2030-01-01
I331067,586,5.272581607E7,2030-01-01
I332946,-805,1.011257364E8,2025-10-16
I348211,1288,2.243168118E7,2030-01-01
I245691,-1666,2.1697759572E8,2025-09-11
I247389,-290,1.573006642E7,2025-09-22
I247584,1784,1.9700968968E8,2030-01-01
I248182,-1788,2.5353515556E8,2025-10-14
I250613,1077,4.681388837E7,2030-01-01
I252775,-1400,5.732046183E7,2025-09-30
I253174,435,5.439390457E7,2030-01-01
I255921,1945,1.8633025945E8,2030-01-01
I244873,1236,1.1566323494E8,
I253730,1307,1.086822303E8,
I258558,1614,6.941740082E7,2030-01-01
I264741,-557,8542772.5,2025-09-13
I269515,686,7.767816677E7,2030-01-01
I272138,-1112,1.4875528811E8,2025-09-01
I272557,953,1.1921287624E8,
I274031,-629,8.897439292E7,2025-10-07
I275730,397,3.735739325E7,2030-01-01
I276008,305,8631972.58,
I280379,108,1.108703006E7,
I285005,-534,6.484920732E7,2025-10-08
I285327,432,5.204252069E7,
I287522,-718,6.601990757E7,2025-09-17
I289203,319,3.244612798E7,
I298421,1041,4515931.5,
I298548,446,4.962352187E7,
I298555,-1201,1.737498897E7,2025-09-07
I299084,-81,357636.07,2030-01-01
I304760,640,1.459678278E7,2030-01-01
I310987,1304,1.7027915896E8,
I315043,-380,4768048.91,2025-10-18
I317397,-1685,9.643945751E7,2025-10-21
I319993,1094,6.389891115E7,2030-01-01
I320578,400,3.199634353E7,2030-01-01
I321543,1765,2.6135650769E8,2030-01-01
I322660,1183,2.858757959E7,2030-01-01
I326693,1692,2.2440764868E8,2030-01-01
I327626,-1625,1.1731231284E8,2025-09-24
I327996,838,3.709813962E7,
I336820,69,1765339.68,
I338343,1595,1.2978620711E8,2030-01-01
I343994,1345,1.257763863E7,
I344620,1253,4.955444541E7,2030-01-01
I347576,1146,1.7094978278E8,
I348156,644,6363480.37,
I350592,1367,9.54796813E7,2030-01-01
I244320,150,903754.14,2030-01-01
I251690,1115,1.5025918485E8,2030-01-01
I245468,1151,1.6409130369E8,
I251572,1008,3.842311728E7,
I252061,1982,5.585027966E7,
I258651,1850,9.798154587E7,
I259329,-1766,1.7095999685E8,2025-09-25
I263225,471,7304277.57,
I266562,-1402,1.9675374914E8,2025-09-05
I268971,-1196,0.0,2025-09-02
I269404,991,2.319176748E7,2030-01-01
I270861,-1528,1.7506727534E8,2025-10-31
I276720,1172,1.4615605097E8,
I280040,132,1.564762253E7,2030-01-01
I284439,-58,4956029.03,2025-10-15
I286932,693,9.789988083E7,2030-01-01
I287546,1844,6.424150789E7,2030-01-01
I289533,852,8.073176463E7,
I292763,215,2.610175982E7,2030-01-01
I300708,947,5.557328911E7,
I304107,-1043,8.616007275E7,2025-09-17
I315648,1274,1.725670717E8,2030-01-01
I318935,-1057,3.325649822E7,2025-09-01
I319799,557,6.903509905E7,2030-01-01
I321188,-162,5629375.41,2025-09-27
I322561,118,6702812.19,
I326502,-482,4.092051172E7,2025-09-29
I334977,904,7.091074499E7,
I338326,-1478,4.29122701E7,2025-10-28
I341213,536,1.226217843E7,2030-01-01
I341358,-496,3338052.43,2025-09-06
I341812,1359,2.651492033E7,
I343025,-773,3865514.75,2025-09-09
I343379,1976,1.4132438401E8,
I343773,1652,2810219.28,2030-01-01
I346723,-1361,7.888814546E7,2025-10-11
I354035,-298,2.558783386E7,2025-10-21
I249788,408,5203389.5,2030-01-01
I250375,-1186,7.125483777E7,2025-09-07
I251795,518,3.399432388E7,2030-01-01
I255377,-1183,9.622120534E7,2025-10-01
I259589,-1633,2.868243248E7,2025-09-19
I260373,1860,9.490874599E7,
I260852,-367,3.149990742E7,2025-09-08
I262144,858,1.36771975E7,2030-01-01
I262894,1611,6377152.17,
I270565,1280,7.590242488E7,2030-01-01
I272918,554,1.630922328E7,
I276565,1414,8.232941663E7,
I292148,557,3.286916351E7,2030-01-01
I296098,-817,2.201904366E7,2025-10-13
I298182,-874,2.324499125E7,2025-10-11
I300644,441,6.284629223E7,2030-01-01
I304497,141,1.087771542E7,2030-01-01
I307783,188,1.411347991E7,2030-01-01
I307928,539,1.931266448E7,2030-01-01
I308514,1235,2.207609777E7,
I309067,-566,4.298080739E7,2025-09-24
I312525,1902,4.320108668E7,2030-01-01
I317034,-1814,2.2555252598E8,2025-09-16
I327741,1789,2.385815934E8,
I328243,367,3.138099211E7,2030-01-01
I331880,627,8.366910552E7,
I334334,-753,7.427903507E7,2025-09-26
I336156,461,3.973017285E7,
I341078,847,6.404694386E7,2030-01-01
I341745,-1064,1.0765011672E8,2025-09-26
I345326,1520,1.9205549125E8,2030-01-01
I348845,1815,1149380.93,
I350954,-1934,0.0,2025-10-27
I357011,583,3.758396981E7,2030-01-01
I359515,418,3.658737648E7,2030-01-01
I246056,1712,1.5152192486E8,
I250663,1054,9.382102E7,
I252835,2000,1.22653471E7,
I257166,-1426,1.8261276641E8,2025-09-09
I259835,1683,5.030760106E7,2030-01-01
I263461,-1061,1.2108825181E8,2025-10-12
I266261,-61,7634055.35,2025-10-14
I269240,770,4.655144112E7,
I269263,-670,6.806448403E7,2025-09-19
I280674,1432,2.632064893E7,
I280776,873,1.2076090963E8,2030-01-01
I282979,-501,2.542610733E7,2025-09-03
I286871,319,4.601192641E7,
I292639,933,6921371.81,2030-01-01
I296622,1417,1.4859886579E8,
I296730,-1162,2.800705884E7,2025-10-16
I296872,-1438,1.1484670117E8,2025-10-01
I299323,1482,1.5641860226E8,
I311762,1153,1.1041398208E8,2030-01-01
I320748,-1873,1.9818896954E8,2025-09-21
I325678,-1885,2.6536246631E8,2025-09-21
I326929,572,2.148160339E7,
I330102,1634,2.444863031E7,2030-01-01
I332687,1434,7.861951247E7,
I337478,1432,3.359757278E7,
I338433,1089,1.1474120765E8,
I351700,1060,1.206089684E7,2030-01-01
I352771,873,8.95548846E7,
I355384,662,7.063546431E7,
I356838,108,6402007.95,
I356852,219,1.326863001E7,
I358376,136,1.044616558E7,
I358897,-107,66719.65,2025-10-02
I359224,1181,5.331446363E7,
I359797,207,8255909.3,
I244933,293,2.834338739E7,2030-01-01
I251808,1234,1.0799192005E8,2030-01-01
I254301,-1039,2.944912946E7,2025-10-22
I256126,1639,2.2026305598E8,2030-01-01
I247554,489,4.550714848E7,
I249219,1506,1.2631630643E8,
I254062,1253,1.2050825695E8,
I263815,1236,3.699349922E7,2030-01-01
I264698,-467,2.899544441E7,2025-09-10
I266583,524,4.496610109E7,2030-01-01
I270700,414,1.371521091E7,
I271838,1485,2.1012918109E8,
I286818,676,8.625100893E7,
I287012,-1786,1.2180098074E8,2025-09-17
I287531,917,5.470242376E7,2030-01-01
I291998,50,712317.25,2030-01-01
I293458,458,2.331092847E7,
I296388,65,3247254.75,
I306165,-832,9.095007041E7,2025-10-07
I308686,-1846,1.3448684309E8,2025-09-02
I309262,99,3231705.9,
I314028,-414,4.48981194E7,2025-09-25
I319512,557,5.980385925E7,
I320551,1626,8.520048998E7,2030-01-01
I322296,378,5.098804394E7,
I322363,544,4837788.19,2030-01-01
I324547,-635,5.431987379E7,2025-10-26
I326698,-336,3.164541812E7,2025-10-10
I332942,1839,1.6127354552E8,2030-01-01
I333325,1613,1.7781052576E8,2030-01-01
I347290,266,4850655.18,
I352415,-837,7.984784416E7,2025-09-09
I357242,-1118,1.0555574389E8,2025-10-11
I250266,-1454,1.3592326639E8,2025-09-20
I255603,1214,6.197423903E7,2030-01-01
I245493,495,0.0,
I253332,1566,2.633166207E7,
I260328,399,2005235.66,2030-01-01
I263850,498,6.679146733E7,2030-01-01
I265542,913,1.1362011154E8,
I270799,-1271,8.206265332E7,2025-09-06
I274449,1080,6.732948874E7,
I275671,1276,1.290234881E8,2030-01-01
I280836,-650,7.243741046E7,2025-10-10
I281230,-1801,2.0332520639E8,2025-10-21
I286369,1167,3.831436237E7,
I296878,-431,5.610356622E7,2025-09-27
I297088,1593,2.2386473844E8,2030-01-01
I297488,1133,1.0274326831E8,
I302250,326,8667920.92,2030-01-01
I307307,-626,3.493721497E7,2025-09-24
I311030,1963,1.8460030723E8,
I323775,1117,3.163658263E7,
I323861,-678,4.388458916E7,2025-10-24
I327197,1778,1.2347723648E8,2030-01-01
I334501,-122,2832381.03,2025-10-16
I335384,829,5.073326147E7,
I339608,1032,5.896196321E7,2030-01-01
I341290,168,1.485771896E7,2030-01-01
I343713,-584,4.328322936E7,2025-10-04
I346877,1474,2.775490071E7,2030-01-01
I351548,686,8.196996561E7,2030-01-01
I351642,281,2.665657756E7,2030-01-01
I356677,353,2.939484821E7,
I359306,69,2402327.99,2030-01-01
I359338,-1542,9.000984497E7,2025-10-19
I249923,-1670,1.8325116389E8,2025-09-22
I250552,1105,1.1666155904E8,2030-01-01
I250937,-871,5.200911672E7,2025-10-15
I250397,1033,1.5342851404E8,
I259181,1268,1.0667676355E8,
I259918,1187,1.5144074615E8,2030-01-01
I262650,1261,1.8747071605E8,
I267210,1176,8.166219479E7,2030-01-01
I282693,684,8.755851056E7,2030-01-01
I283521,1379,1.3052595619E8,2030-01-01
I284245,1694,1.9444030761E8,2030-01-01
I290259,-177,2.521082393E7,2025-09-30
I291162,827,1.667524128E7,2030-01-01
I291557,465,3.76180945E7,2030-01-01
I296651,1813,2.1332060738E8,2030-01-01
I300961,-458,788070.73,2025-10-13
I310032,1910,1.2339416678E8,
I310275,-1935,1.6656654899E8,2025-10-05
I313374,-1946,2.1380624278E8,2025-09-14
I314037,1249,1.3934391204E8,
I316166,1851,9.535291566E7,2030-01-01
I316750,544,7.606983226E7,2030-01-01
I326777,1247,1.2699198285E8,
I331902,460,2.076477158E7,2030-01-01
I340103,436,4.535806047E7,2030-01-01
I341696,1946,1.4846107519E8,
I347708,614,3.621868285E7,2030-01-01
I349637,722,5.110136918E7,2030-01-01
I245592,-1810,4.276071849E7,2025-10-11
I250992,-72,4941736.7,2025-09-25
I252253,253,1.395492083E7,2030-01-01
I255960,1840,2.2420594441E8,2030-01-01
I250747,1106,2.398258333E7,
I257846,1978,2.1313702365E8,
I261036,1524,4910890.2,
I261504,1661,1.5138577546E8,2030-01-01
I267286,850,3.268638785E7,
I272520,1023,6.179834643E7,
I272779,-1281,1.3888475922E8,2025-09-27
I274582,724,2.627711544E7,2030-01-01
I275510,763,1.20087323E7,2030-01-01
I277080,1605,2.2956450972E8,2030-01-01
I279970,1138,9.743887924E7,
I283334,1435,2.0065587743E8,
I285021,-1541,1.208577573E8,2025-09-19
I286252,-700,9.821280641E7,2030-01-01
I294648,377,1.677939542E7,2030-01-01
I296102,-1172,1.5897696559E8,2025-09-02
I297231,-469,4.126682123E7,2025-09-30
I310124,-544,1.519672874E7,
I311089,-295,1.481377901E7,2025-10-29
I313049,1582,1.6724373567E8,
I319522,1198,1.0654759296E8,
I319670,-342,4.159997384E7,2030-01-01
I320028,893,8.745314684E7,
I321207,189,1.84252123E7,2030-01-01
I322448,-1248,6.921472922E7,2025-09-26
I326362,-1416,9.428824613E7,2025-09-06
I328069,941,2.222530837E7,2030-01-01
I328888,-1706,5.017336057E7,2025-09-19
I329825,130,5366239.77,2030-01-01
I332776,1792,2.49470606E7,
I341855,1448,1.9092478413E8,
I345131,76,8339670.01,2030-01-01
I348988,-922,1.999300368E7,2025-10-08
I351082,662,7.127726112E7,
I353784,1630,1.837762339E8,
I357511,70,2955797.65,
I248609,-760,1.0877750483E8,2025-09-22
I248829,896,7.515240803E7,2030-01-01
I249105,521,2.96194687E7,2030-01-01
I256696,1709,1.206814166E8,
I259317,-1397,5.455941144E7,2025-09-14
I261099,448,6.718623187E7,
I262751,409,1.185037468E7,
I266858,647,1.916975378E7,
I271447,1884,1.2124115186E8,2030-01-01
I278131,1571,1.4826895843E8,
I291104,452,5.564170271E7,2030-01-01
I295686,597,1.415027595E7,
I297885,786,3074442.49,2030-01-01
I302833,-832,1.0024705379E8,2025-09-08
I303728,53,2517561.53,2030-01-01
I306785,1227,1.7060600383E8,
I308917,1784,9.508842656E7,2030-01-01
I309422,1442,2.0569500723E8,
I310224,883,1.0486816372E8,
I314778,-1961,2.2746917896E8,2025-09-14
I317309,251,4318666.4,2030-01-01
I327070,-1971,1.2731721994E8,2025-09-25
I329480,447,3.595481548E7,2030-01-01
I329483,-439,3.453212815E7,2025-10-01
I329550,1952,1.5041051016E8,
I333828,1630,8.461542258E7,2030-01-01
I337479,-1648,5.533706338E7,2025-09-20
I340208,401,3.313327025E7,
I340410,1122,5.159663546E7,
I340518,203,4925550.95,2030-01-01
I341334,1450,1.95044715E7,
I342988,-1562,2.1919709935E8,2025-09-28
I344261,-698,4.666223493E7,2025-09-13
I348276,-627,6.031684316E7,2025-10-24
I349918,-599,2.804164093E7,2025-10-25
I351317,-1732,3.356717531E7,2025-09-15
I353671,1397,1.0591751345E8,
I355541,-1019,6.971666452E7,2025-09-21
I355839,-594,7.526406757E7,2025-10-14
I248858,-701,4912381.41,2030-01-01
I256942,688,1.459148919E7,2030-01-01
I261474,1361,8.026914603E7,2030-01-01
I269831,1346,1.1516644164E8,2030-01-01
I270696,1019,7.645177146E7,2030-01-01
I272334,1672,1.4475582595E8,2030-01-01
I280432,-1042,6.729117866E7,2025-09-08
I285142,1509,1.9282939709E8,2030-01-01
I285627,-1003,8.874084429E7,2025-10-18
I288081,199,2.07302988E7,
I288264,-171,253824.17,2025-10-02
I288274,1046,1.1801510838E8,
I291673,1549,8.941784785E7,
I294399,-439,4.818275258E7,2025-10-11
I295654,-1698,1.7880721838E8,2025-09-30
I295760,-1325,6.352113239E7,2025-10-22
I295842,743,1.0537270938E8,
I298036,1468,1.146299192E7,
I299797,1340,1.7639763258E8,
I307545,-922,1.3562558234E8,2025-10-17
I310282,-1678,2.680436477E7,2025-09-22
I317629,913,4.433612841E7,
I318276,1321,1.4118014584E8,2030-01-01
I319912,575,1.006886903E7,2030-01-01
I335282,-1845,1.7529319134E8,2025-09-10
I340155,832,5.242162405E7,
I342815,1444,6.96349566E7,2030-01-01
I344365,1442,1.859543811E7,2030-01-01
I346875,-528,6.206547369E7,2025-10-20
I349201,1481,1.3569425429E8,2030-01-01
I355327,-1175,1.1622685474E8,2025-10-18
I358151,1626,2.3663309822E8,
I359603,-1222,1.6047732566E8,2025-10-05
I250545,799,9.188948587E7,
I257050,1023,9.525312062E7,2030-01-01
I257304,1426,1.008935793E7,2030-01-01
I263970,360,1.622141298E7,2030-01-01
I267047,-1906,3.581308513E7,2025-10-29
I271902,1421,1.9651158191E8,2030-01-01
I277227,1422,2.0015476172E8,
I277334,770,5.172137706E7,
I280398,1948,6.605936848E7,
I282024,862,7.655436387E7,2030-01-01
I288466,1114,3.992347188E7,
I289683,-1941,3.831775622E7,2025-10-16
I289996,890,1.1715609305E8,
I291720,577,6.561612197E7,
I297492,356,4.867191967E7,2030-01-01
I301160,1710,1.2421447749E8,2030-01-01
I301892,-1523,1.5419235268E8,2025-09-27
I302094,70,6889999.21,
I303434,981,1.733359173E7,2030-01-01
I313402,-353,3.900318143E7,2025-09-23
I317331,-94,8538135.57,
I322432,-1316,1.5778130055E8,2025-09-19
I324937,-1061,1.4954312685E8,2025-10-09
I330443,335,3.163554626E7,
I339837,1181,1.19283541E7,2030-01-01
I345056,312,4.320535342E7,2030-01-01
I345939,-1510,6574790.84,2025-09-14
I346052,-400,1.750443725E7,2025-09-12
I348242,-1519,2.1775127692E8,2025-09-02
I349279,307,4.471310419E7,
I356495,-471,5.822797626E7,2025-09-22
I356989,513,1.200591927E7,
I369567,1937,2.3964872533E8,2030-01-01
I365090,138,5216191.86,
I381647,502,5942781.94,
I386114,1637,8.097367591E7,2030-01-01
I395282,-360,3.754737267E7,2025-09-30
I395691,816,975677.64,2030-01-01
I404850,1238,1.6783161353E8,
I412046,-98,8737036.76,2025-10-30
I414543,723,5.03780357E7,
I426377,-1958,2.2414777849E8,2025-10-23
I427491,459,6.375326017E7,
I435195,1495,9.095383473E7,
I435196,-841,6977980.4,2025-10-28
I441065,1402,1.6742698804E8,2030-01-01
I441568,-126,4237204.69,2025-09-13
I451283,-924,5.049648715E7,2025-09-14
I453746,-620,8.728699276E7,2025-09-25
I456897,-346,4186328.26,2025-09-24
I459205,290,2.07139354E7,
I461128,-644,6445323.69,2025-10-19
I462867,1008,1.2065095895E8,2030-01-01
I464159,794,5.108709539E7,2030-01-01
I466435,1464,3.809763933E7,2030-01-01
I471763,1630,2.1214458937E8,2030-01-01
I363359,-72,1027610.95,2025-09-27
I365551,1479,1.799859926E7,2030-01-01
I362745,413,3.331960629E7,
I367680,1645,1.5197192233E8,
I380237,64,8444623.06,
I380606,1822,1.7047121203E8,2030-01-01
I386941,823,5.961325334E7,2030-01-01
I390493,1133,1.4663146055E8,
I402594,1595,2.0424348201E8,
I408117,-652,1.204121057E7,
I413425,1697,1.9681537923E8,
I414968,476,1.152229988E7,
I417967,1665,1.0795208459E8,
I418108,827,8983931.31,2030-01-01
I420987,-1276,1.535337024E7,2025-10-20
I423326,1306,9.826961639E7,2030-01-01
I426620,754,9.51954507E7,2030-01-01
I427635,1852,1.3517708592E8,2030-01-01
I430786,1153,1.921257332E7,
I432972,1891,2.7888482469E8,2030-01-01
I434463,-941,1.3947091872E8,2025-10-23
I434772,1082,3554755.03,
I434851,1870,3.862488812E7,2030-01-01
I435461,1202,7.429638751E7,2030-01-01
I437563,696,2633771.12,
I437675,717,1.796962875E7,
I447546,686,1.952331293E7,2030-01-01
I453072,-1502,3.9588017E7,2025-10-28
I453405,312,1.766570354E7,
I459356,-296,6243969.7,2025-09-10
I463271,725,9749921.27,
I469357,503,4251646.52,
I472122,204,6844033.53,2030-01-01
I473278,1251,1.6141767425E8,2030-01-01
I474941,-1675,1.5568821021E8,2025-10-21
I371789,997,1.2726122574E8,2030-01-01
I374883,-1631,2.0863156704E8,2025-09-14
I379729,-837,6.60052521E7,2025-09-18
I389115,1554,5.653588194E7,2030-01-01
I389923,1668,1.6602104309E8,2030-01-01
I391175,253,4600498.16,2030-01-01
I391188,59,1376855.98,
I391575,720,1484331.7,
I392053,628,1.259490653E7,2030-01-01
I396128,1860,1.412252525E7,
I396347,-1746,2.388607834E7,2025-10-03
I397713,338,1.845747372E7,2030-01-01
I398931,1389,2.21298187E7,
I400754,395,3.86944099E7,2030-01-01
I400759,-197,1.196235527E7,2025-10-15
I410760,1351,1.487405372E8,
I412547,448,6538448.93,2030-01-01
I423794,812,1.0218147741E8,2030-01-01
I428014,-590,1.1502696E7,2025-10-02
I428484,-744,1.0756960884E8,2025-10-30
I430298,-721,3.790885751E7,2025-09-28
I430358,1070,1.4932812802E8,2030-01-01
I431274,-81,7490634.64,2025-09-01
I435142,85,6065276.8,
I439130,1015,2.74405647E7,2030-01-01
I441999,864,1.202836324E7,2030-01-01
I454884,-1691,1.9233109401E8,2030-01-01
I455816,761,1.700059448E7,2030-01-01
I456715,50,6650639.21,
I456873,820,5.481077726E7,2030-01-01
I462170,-1058,2.255559009E7,2025-09-19
I465807,-137,7288483.46,2025-10-01
I465834,1116,4.254566862E7,
I472312,201,2.434640227E7,2030-01-01
I367616,259,1596038.61,2030-01-01
I368089,-1549,4.513238582E7,2025-09-19
I380475,1583,1.0300314406E8,2030-01-01
I381117,-888,6.420335215E7,2025-10-22
I381719,612,2.920698509E7,
I388530,1358,1.6311189764E8,
I390375,-1798,2.13855933E7,2025-10-20
I391835,247,1.142440432E7,
I392004,228,2.492337883E7,
I392615,-1520,3.563789296E7,2025-09-06
I393832,-240,2.271378826E7,2025-09-03
I400290,-660,6.831549809E7,2025-10-03
I411448,925,7.102629748E7,
I414966,1373,1.8681708277E8,
I421626,953,1.3467669576E8,2030-01-01
I422823,986,7.605949928E7,2030-01-01
I425913,808,8.380831154E7,
I434393,1394,7.301074124E7,2030-01-01
I436663,580,4.331992519E7,2030-01-01
I437245,-1734,2.126233275E8,2025-10-26
I440355,-1276,1.4773020585E8,2025-10-03
I440725,-1279,5081139.14,2025-09-02
I458890,1898,1.1086315386E8,2030-01-01
I463419,1506,1.55294724E8,
I470908,-1889,1.6792171954E8,2025-09-11
I360734,-688,7.089436268E7,2025-10-20
I366576,-1065,2.733637501E7,2025-10-07
I368979,-863,1.2038516093E8,2030-01-01
I371490,1660,3.112879519E7,2030-01-01
I368811,1941,2.1659325785E8,
I375807,733,7.004624775E7,
I377493,310,2.628784186E7,2030-01-01
I377521,1529,1.8973684616E8,2030-01-01
I387587,-1266,1.359541834E7,
I391351,1888,1.6761530894E8,
I391379,1462,6.174217516E7,
I391941,-1092,1.0940434547E8,2025-09-01
I394113,860,8.316054134E7,
I394937,-594,1.006964767E7,2025-10-09
I395088,1274,1.3886981605E8,
I398423,585,3.699697697E7,2030-01-01
I402182,1624,2.236196571E7,
I405431,1360,1.4917881043E8,2030-01-01
I406674,1356,1.3925282773E8,
I409372,1024,1.1640986384E8,
I415334,1056,7.337675381E7,
I420690,428,0.0,2030-01-01
I422663,165,708940.11,
I423893,900,9.236529548E7,
I438303,55,1996769.59,
I441643,1151,1.3976424623E8,
I445917,534,2767586.77,2030-01-01
I448649,1144,1.2068458946E8,2030-01-01
I450428,-162,1349282.73,2025-09-05
I451003,154,1.177238554E7,
I459740,785,1.718902036E7,
I460783,402,2.341755803E7,
I470517,-1780,1.261911096E8,2025-10-14
I472166,-206,2.084438284E7,2025-10-16
I473483,708,4.112665788E7,2030-01-01
I365636,-1702,9.391795275E7,2025-10-31
I368863,-795,0.0,2025-10-26
I362092,1601,8.310715678E7,
I362157,1741,6.22746439E7,
I375368,830,1.1030301399E8,2030-01-01
I382976,1992,6.372209662E7,
I387016,1309,1.5167554985E8,2030-01-01
I387313,-613,3.416695941E7,2025-09-05
I399122,-881,1.2324879604E8,2025-10-12
I412165,1283,2.192778017E7,2030-01-01
I414678,1257,1.7140045688E8,
I427561,913,1.3503761051E8,
I427740,223,2.515231165E7,2030-01-01
I430019,-1785,1.8794283463E8,2025-10-13
I433428,-1694,0.0,2025-10-20
I438006,1954,2.590022113E8,2030-01-01
I438841,-1969,2.2061173884E8,2025-09-08
I440851,-406,1.461997977E7,2025-09-17
I451039,1594,6.067077768E7,
I451476,417,3.119650635E7,2030-01-01
I452450,724,0.0,
I467366,108,9082576.82,
I470948,947,3.546473708E7,2030-01-01
I473775,450,3.665646918E7,
I370876,-725,7.620189932E7,2025-09-08
I391082,-332,3.840807826E7,2025-10-29
I396053,342,1.684808173E7,
I397746,347,5857476.76,
I398767,-299,1.563216546E7,2025-10-14
I399729,-1523,1.1589450912E8,2025-09-03
I399805,1722,1.0276968706E8,2030-01-01
I415869,1195,1.310841346E7,
I423954,-617,7.527964244E7,2025-09-01
I426740,807,2.117239839E7,
I432590,1559,5.960964783E7,
I434475,-1005,1.1773847808E8,
I439193,-571,3.456141749E7,2025-09-28
I445384,471,7.027354774E7,2030-01-01
I446295,224,8398227.74,
I451232,1465,1.195086566E7,2030-01-01
I452231,1427,1.4746560977E8,
I452499,-566,7.127315604E7,2025-10-03
I453814,751,6.709548342E7,2030-01-01
I454332,745,2.525501504E7,2030-01-01
I455602,131,1.015065487E7,2030-01-01
I456914,1504,6.089878803E7,2030-01-01
I457060,-1160,1.27624341E7,2025-09-15
I458614,76,6937079.66,2030-01-01
I463383,102,2442831.9,2030-01-01
I463745,1703,9.531242901E7,2030-01-01
I472909,594,2.206160586E7,
I473103,-1250,3.774843679E7,2025-10-26
I363015,968,8.195239747E7,2030-01-01
I362665,59,3890046.94,
I365322,119,2608212.23,
I370310,1517,2.1192734128E8,
I373265,-1968,2.2395689573E8,2025-09-20
I390960,1080,4.631871714E7,
I392195,-940,1.1394961177E8,2025-10-12
I393342,1422,1.4179121017E8,
I405733,755,3.37969782E7,2030-01-01
I406925,829,1.007787503E7,2030-01-01
I409163,1119,4.456598848E7,2030-01-01
I410403,132,2844535.96,
I411000,1334,2.863237444E7,2030-01-01
I417466,745,7.349954612E7,2030-01-01
I424746,428,2.74543786E7,
I425953,1485,6.255266347E7,
I428096,1710,5.10558674E7,2030-01-01
I428400,-681,5.366166797E7,2025-10-09
I431210,-1579,1.058238671E7,2025-10-11
I432893,1733,1.5781333914E8,
I433317,851,8.506955261E7,
I434746,-212,3.147752614E7,2025-10-27
I434790,-1651,2.1133098568E8,2025-10-12
I437668,95,2392302.21,
I440933,707,2032337.53,
I446996,-617,9.212390535E7,2025-10-19
I447084,112,1.496489988E7,2030-01-01
I456553,-791,3.821083271E7,2025-10-28
I457916,794,8.011902945E7,
I458009,150,9510008.0,
I460477,-1389,1.0277610246E8,2025-09-16
I466395,-230,4830101.22,2025-10-02
I473310,1785,2.6631334303E8,2030-01-01
I473526,-128,9269593.26,2025-10-30
I474368,938,8.038906649E7,
I475109,-668,6.128945415E7,
I368137,853,1.1161480598E8,2030-01-01
I371919,-1159,1.3075148711E8,2025-10-16
I367834,1074,5387628.13,
I377622,-122,7662252.03,2025-09-01
I383920,119,1.782317648E7,2030-01-01
I388261,1175,7.559646129E7,
I390855,-641,8.118145241E7,2025-09-14
I391401,1795,1.9032231907E8,
I402315,1825,2.1484454008E8,2030-01-01
I402384,1816,2.1569269418E8,
I406860,-323,4.784813486E7,2025-09-18
I407222,53,734424.47,
I408113,166,1.417861514E7,
I408824,1533,1.886681319E8,2030-01-01
I412361,1345,4.33825799E7,
I412384,-1413,7.46126567E7,2025-10-17
I413644,561,5.42792725E7,
I416438,582,2.821555616E7,2030-01-01
I423665,109,1.079777393E7,
I424552,382,2.551501118E7,
I427315,1464,6.119106656E7,
I433296,-1022,7.558374004E7,2025-09-14
I438982,-1239,2.51618862E7,2025-10-02
I439296,-270,7766536.15,2025-09-02
I442632,800,8.13181706E7,2030-01-01
I442773,-1339,1.1594639171E8,2025-10-20
I448100,1209,7.963048953E7,2030-01-01
I448548,1314,1.2395536084E8,2030-01-01
I456660,1619,4.226319709E7,
I457679,153,1.993559209E7,2030-01-01
I461023,1354,1.7313664556E8,
I468570,-752,1.0935304542E8,2025-09-16
I469935,1996,1.6625524314E8,
I364484,407,4.314648552E7,2030-01-01
I367918,672,6.73145695E7,2030-01-01
I370370,1394,1.8964819791E8,
I370719,493,5.934929298E7,
I374226,1209,1.7087135164E8,
I375663,79,9724562.69,
I375818,173,1.686641561E7,2030-01-01
I379067,-593,2.018690162E7,2025-09-27
I380426,73,918279.53,2030-01-01
I386507,399,4.97665231E7,2030-01-01
I388421,961,4.985277276E7,
I388631,1667,1.1915914344E8,
I389191,-1732,1.06183827E8,2025-09-06
I398237,1958,3386873.1,2030-01-01
I398728,344,1.566233433E7,2030-01-01
I399775,-1978,1.0950256852E8,2025-09-19
I404124,1493,2.1277313504E8,
I408625,-567,5472564.28,2025-09-28
I412089,368,2.669415667E7,
I413808,-1546,6.007390987E7,2025-10-01
I415440,1354,8.3936975E7,2030-01-01
I430567,-1276,1.785084876E7,2025-10-23
I437203,1479,9.492973553E7,2030-01-01
I437215,540,3.090833428E7,2030-01-01
I442340,144,1.273863417E7,2030-01-01
I447530,-726,7.611579489E7,2025-10-06
I451148,646,7.67412276E7,
I457027,471,4.526700375E7,
I459560,679,1.81055476E7,2030-01-01
I460715,787,3.601269099E7,2030-01-01
I463117,1307,1.6401485265E8,
I473076,1086,1.3992799252E8,2030-01-01
I366245,-1642,1.967564682E7,2025-09-25
I360702,298,2.939349164E7,
I370418,1734,8.453060199E7,
I376340,-542,6.307788692E7,2025-09-19
I376732,521,2.815885479E7,
I377969,-545,5.685960256E7,2025-09-29
I379159,698,6.242260103E7,2030-01-01
I387654,224,2.084793099E7,
I393677,-1182,8.542792439E7,2025-10-25
I394916,-133,1.972944738E7,2025-10-06
I395840,330,0.0,
I397589,1734,7.796582157E7,2030-01-01
I400234,1252,1.5882725053E8,2030-01-01
I403111,571,2.080247638E7,2030-01-01
I405557,1883,2.2834889439E8,
I408295,1937,1.574615037E8,2030-01-01
I419448,1390,1.5461443397E8,
I423604,188,4815377.96,2030-01-01
I425813,-763,0.0,2025-09-07
I437909,-794,1.1253894906E8,2025-10-07
I438831,1612,1.5255852904E8,2030-01-01
I443235,498,2417089.67,2030-01-01
I443735,1859,1.9065600061E8,2030-01-01
I444247,-462,5.053403483E7,2025-09-27
I454744,-1396,4.770033761E7,2025-10-05
I459177,653,2.231232152E7,2030-01-01
I460101,1911,1.8153047847E8,2030-01-01
I465062,278,2.782938968E7,2030-01-01
I468973,1880,8.883596679E7,
I473189,-1056,3.300639506E7,2025-09-25
I363506,-1610,5.542439361E7,2025-10-29
I368364,925,1.0043417891E8,2030-01-01
I370615,-1358,1.505870931E8,2025-10-12
I374935,-1815,1.515128406E7,2025-10-21
I375178,-1325,1.2161101267E8,2025-09-27
I376868,336,4689907.74,
I377187,691,8.848041127E7,
I377237,1837,1.022749963E7,
I377953,-111,7222547.14,2025-10-09
I387092,263,3634814.95,
I388299,-947,9.851663371E7,2025-09-25
I390525,472,1.971825109E7,2030-01-01
I391410,190,1.639619972E7,
I397311,-825,3.317785183E7,2025-09-28
I397606,1916,9.39810596E7,
I398152,-1948,2.885931929E7,2025-10-28
I399935,105,1.235233543E7,
I400538,-1822,2.3951360282E8,2025-09-24
I403145,1728,1.9820785811E8,
I408035,-1098,1.2044171263E8,2025-09-20
I408255,1644,1.404095309E8,
I408342,-1870,1.011958603E8,2025-09-29
I408449,1266,1.3843904468E8,2030-01-01
I409507,962,1.1505866106E8,2030-01-01
I410230,1451,3.055621642E7,
I411579,-935,8.947438963E7,2025-10-17
I418294,-843,8.933467462E7,2025-09-12
I418837,-1168,8.421756611E7,2025-10-19
I431767,-1693,2.5132781917E8,2025-10-21
I432260,-1319,2.401234779E7,2025-10-11
I452380,1445,1.1825043261E8,2030-01-01
I455000,586,3.99674512E7,
I455691,-1965,2.6290411268E8,2025-10-11
I460586,520,1.35778679E7,2030-01-01
I460810,1389,8.528968884E7,2030-01-01
I461244,-480,1.978072597E7,2025-09-20
I462706,-1182,1.5445761014E8,2025-10-19
I463928,1916,1.9247319521E8,2030-01-01
I465912,1745,2.5182575369E8,
I472463,1592,2.893064676E7,
I477346,1280,2.829781682E7,2030-01-01
I478210,1924,1.012903132E8,2030-01-01
I479000,-745,1.623786729E7,2025-09-10
I482137,233,1.546150928E7,2030-01-01
I483030,-1096,5.290651683E7,2025-10-05
I488045,-1165,1.2650831859E8,2025-09-18
I491177,-182,279842.63,2025-09-22
I497540,-1569,1.3777516723E8,2025-10-08
I503292,317,4258207.07,2030-01-01
I504586,-559,3.566512192E7,2025-10-07
I506556,294,1.745185846E7,
I506771,270,1.065565814E7,2030-01-01
I511769,-1265,7.927401391E7,2025-09-18
I517231,-1140,1.5317934781E8,2025-09-08
I518012,-702,7421469.39,2025-09-24
I522553,-861,2.09187227E7,2025-09-20
I524638,1176,9540842.8,
I527577,-1971,1.714686834E7,2025-09-18
I530999,87,9790279.04,2030-01-01
I532426,352,4.04525542E7,
I538656,1236,8.18006575E7,2030-01-01
I539494,-1312,1.143659658E7,2025-09-23
I542546,526,8872377.03,
I545063,1501,6.33543162E7,
I546006,928,1.0338511656E8,2030-01-01
I549544,-1419,1.695091005E7,2025-09-15
I550111,-1416,5.354276812E7,2025-09-06
I550229,1095,1.3832439302E8,2030-01-01
I550641,-1217,1.4347584517E8,2025-09-21
I557642,109,9813484.52,2030-01-01
I562271,1274,1.7809232964E8,
I568885,-1268,1.5137505515E8,2025-10-26
I571602,1791,3.479472716E7,
I572284,1354,1.630164072E8,2030-01-01
I572654,1232,1.7298775799E8,
I574061,1252,8.431607912E7,2030-01-01
I577025,-1510,1.0948718197E8,2025-09-14
I579326,1864,3.304281435E7,2030-01-01
I579555,383,1.895369808E7,
I583727,168,6811306.89,
I584453,147,960383.24,2030-01-01
I590288,-913,3.335420514E7,2025-10-22
I591345,-923,6.797305929E7,2025-10-04
I484149,-1495,4.32844162E7,2025-09-24
I484439,764,6.425811467E7,2030-01-01
I490619,-1826,5.873191503E7,2025-10-10
I492419,796,4.180892693E7,2030-01-01
I497179,1019,0.0,2030-01-01
I499007,1521,1.1739691488E8,2030-01-01
I501313,658,3.525400416E7,
I503854,1554,1.1781317928E8,2030-01-01
I504728,-1650,2.2419531662E8,2025-10-17
I507208,1256,4134757.84,
I508157,1281,1.5361598773E8,2030-01-01
I511145,891,6.010761413E7,
I515142,1261,9.003767729E7,
I529443,-1271,1.8023397314E8,2025-10-11
I530308,1471,1.9349030396E8,2030-01-01
I531496,1095,1.2356936967E8,2030-01-01
I537592,-429,4.314041436E7,2025-09-11
I537958,1567,2.2870779494E8,
I542150,1090,7.236983201E7,
I544021,-1986,2.3578462429E8,2025-09-15
I546913,-1036,2.470927619E7,2025-09-15
I547660,169,1.643765625E7,
I548539,-505,2.638859777E7,2025-10-19
I553657,466,5.299780912E7,2030-01-01
I555088,251,2.344793423E7,2030-01-01
I558438,209,222732.99,2030-01-01
I559533,1493,1.9396132664E8,
I562349,344,3.832142792E7,2030-01-01
I562893,1780,2.3599606285E8,2030-01-01
I574105,-1030,1.140873462E8,2025-10-14
I582347,446,1.300270291E7,2030-01-01
I586961,1082,8.122514574E7,2030-01-01
I475816,-1205,6.632555428E7,2025-10-13
I479259,1200,7.484876775E7,2030-01-01
I483872,1657,1.7022594865E8,2030-01-01
I487894,866,1.1503462797E8,
I492457,-364,4.22972174E7,2025-09-20
I493010,1643,1.663747738E8,
I496751,-965,8469456.52,2025-10-28
I501558,300,4.353614448E7,
I511115,50,4459055.26,
I513393,-885,4.785092212E7,2025-09-22
I517139,1797,5.368322014E7,2030-01-01
I517282,873,5.623995165E7,2030-01-01
I517610,-421,7886412.53,2025-10-20
I519907,1446,1.5877022191E8,2030-01-01
I523855,1345,2.447583854E7,2030-01-01
I525419,-874,3729974.11,2025-09-30
I527233,1422,7.39403103E7,2030-01-01
I530271,-858,0.0,2025-10-23
I532029,1570,1.1533211618E8,
I534488,498,7.104479303E7,2030-01-01
I536577,-1669,2.592493405E7,2025-09-05
I537291,-500,7.173051405E7,2025-09-23
I540742,1656,2.108381E8,2030-01-01
I548548,1905,2.5730989059E8,
I550170,1808,1.7774590271E8,2030-01-01
I557868,682,5.604212765E7,
I559561,686,6.172532314E7,2030-01-01
I560063,-1412,2.0856472332E8,2025-09-21
I569237,422,9626339.98,2030-01-01
I573728,-961,4.559954423E7,2025-09-04
I573977,1331,1.4876913659E8,
I579074,1878,2.7128469064E8,
I582230,-314,4.134509028E7,2025-09-30
I582705,967,7.886855002E7,2030-01-01
I486079,1722,1.3933974795E8,2030-01-01
I480051,406,5.817437533E7,
I489205,-287,6767608.16,2025-10-25
I492842,-1535,8.427273609E7,2025-10-29
I498788,1314,1.1781019741E8,
I503740,974,1.250857079E8,2030-01-01
I505753,1570,1.9071156625E8,2030-01-01
I515112,903,1.1383730704E8,2030-01-01
I515916,397,4.686681325E7,2030-01-01
I516254,1799,1.8287404542E8,
I517398,837,1.2456086904E8,2030-01-01
I525342,698,3.12388629E7,2030-01-01
I528200,1473,5.724589034E7,
I531864,1366,5.427102606E7,
I532369,1104,1.037902976E7,
I544823,1837,2.1903350143E8,2030-01-01
I545789,148,604984.99,2030-01-01
I550475,994,3225943.72,2030-01-01
I552501,1413,2.318781894E7,2030-01-01
I556563,961,9.349386685E7,
I556633,1288,1.7095067196E8,
I557325,837,1.726623127E7,
I562719,936,8.632355718E7,
I566914,-1920,1.479842132E8,2025-09-27
I569053,1392,1.0385815092E8,2030-01-01
I569597,1552,2.2326537463E8,2030-01-01
I570679,1210,1.7454378716E8,2030-01-01
I571189,76,5188502.07,2030-01-01
I577641,127,5111998.11,
I584392,-306,2241723.04,2025-10-03
I589653,-894,1.557948536E7,2025-09-02
I590975,946,9.97223056E7,2030-01-01
I591068,-532,4.298944888E7,2025-10-28
I591137,-1753,1.5989527271E8,2025-09-05
I477111,1457,1.6400090664E8,2030-01-01
I481446,-307,1.55263006E7,2025-09-23
I482923,-1735,9.348877069E7,2025-09-22
I483192,225,2.390170994E7,
I489391,295,2687081.37,
I495508,1314,1.9259747255E8,
I500281,167,1.705599453E7,2030-01-01
I504397,-754,7.05565579E7,2030-01-01
I505567,-904,9.324458578E7,2025-09-29
I508709,-518,5.601483409E7,2025-10-13
I514647,1062,9.321994933E7,
I514678,1822,1.2030512067E8,
I515912,-1779,1.4625383522E8,2025-09-11
I518769,-963,1.3163947722E8,2025-10-23
I519473,463,3.405307374E7,2030-01-01
I524556,-1299,3.534183192E7,2030-01-01
I524557,705,1.731498199E7,2030-01-01
I531280,812,8.882720537E7,2030-01-01
I536661,-1275,9.058841888E7,2025-09-10
I537161,849,4.587166284E7,2030-01-01
I537266,284,4.071905631E7,2030-01-01
I539053,478,5.460188672E7,
I541629,515,1.45312471E7,
I544307,993,7.158466004E7,2030-01-01
I545571,-941,2.27002399E7,2025-09-22
I552746,-1458,8.121572249E7,2025-09-14
I553205,-1918,9.845534363E7,2025-10-09
I555008,1272,1.5904154298E8,2030-01-01
I557866,1831,1.2926437121E8,
I559281,1247,2.530616703E7,
I560199,1292,4.42022457E7,
I560315,-763,1.0186214781E8,2025-10-26
I561978,1594,1.8530295366E8,2030-01-01
I563515,-1997,9.788664093E7,2025-10-03
I563668,-535,5.847099158E7,2025-10-02
I564610,398,1.832810515E7,2030-01-01
I573418,-954,4.639102152E7,2025-09-04
I577707,-1214,1.4698280223E8,2025-09-24
I581694,-1946,5.719453727E7,2025-09-03
I584995,-1791,3.000093392E7,2025-09-28
I586829,688,1.513274075E7,
I588915,1617,8.362981287E7,
I590883,-898,6805384.94,2025-10-23
I483695,331,3.22285835E7,2030-01-01
I485544,-1206,4308888.83,2025-09-06
I476237,830,6.24137603E7,
I486591,781,1.0112524433E8,
I493033,1093,1.3569892594E8,
I493216,-780,1.1226216931E8,2025-09-13
I500734,1529,3.904397102E7,
I504202,1651,4.821842824E7,
I504814,920,1.2848434549E8,2030-01-01
I509080,-1934,1.2175668364E8,2025-09-22
I511595,1052,7619767.35,
I512433,1432,7.644995855E7,
I512782,-715,0.0,2025-10-08
I515936,1116,4.017740861E7,
I517283,1793,4.144468332E7,2030-01-01
I525676,1380,1.7818814508E8,2030-01-01
I533934,464,6.258402679E7,2030-01-01
I539742,1340,9542002.51,
I539747,-1499,8.2270112E7,2025-09-21
I551207,-1251,5.827865589E7,2025-10-22
I552291,-1583,6.895637734E7,2025-09-09
I553107,-1765,2.5787458735E8,2025-09-20
I557352,-353,4.842409601E7,2025-09-08
I560808,628,2.079232893E7,
I561794,1043,9.378190519E7,
I562599,1124,6.43378101E7,2030-01-01
I563453,524,4.956295627E7,2030-01-01
I564371,1136,1.4827464076E8,
I564431,1762,2.5798625005E8,
I572894,1536,7.097240819E7,
I573865,-1730,1.9228085745E8,2030-01-01
I574865,372,4.722472496E7,2030-01-01
I575008,1567,1.2796345514E8,2030-01-01
I581255,681,1.0043387851E8,
I582008,-654,4.165213204E7,2025-10-21
I582053,1908,6.773028785E7,2030-01-01
I583520,574,2.907324705E7,
I586716,839,9.693716371E7,
I586975,388,4.01797471E7,2030-01-01
I485330,807,3.769001541E7,2030-01-01
I484799,439,4593626.9,
I491025,-1918,2.174520852E8,2025-10-01
I491438,-428,4.411516686E7,2025-09-29
I495904,-108,9124206.5,2025-09-29
I497403,1752,1.5767803204E8,
I499457,1208,1.219450476E8,2030-01-01
I503580,-104,2579815.21,2025-09-08
I504275,-330,3.5185932E7,2025-09-06
I505307,1655,0.0,2030-01-01
I511340,-601,6.474739522E7,
I518973,1405,5.873786559E7,2030-01-01
I521301,426,2.665928738E7,
I524992,-1402,1.4832918869E8,2025-10-04
I545746,1423,9.740637402E7,2030-01-01
I549658,-1889,2.3783973799E8,2025-10-15
I551377,-855,3.892927977E7,2025-09-04
I555255,-1077,7.440867434E7,2025-09-17
I555287,-608,2.252133657E7,2025-09-21
I556126,99,1.264807605E7,2030-01-01
I560194,564,3.881037773E7,2030-01-01
I562981,-703,1.015888524E7,2025-10-06
I567174,1209,9.573087479E7,
I567481,1461,1.549315235E8,2030-01-01
I568008,-441,3.90281848E7,2025-10-16
I571975,-322,3.898387309E7,2025-10-31
I574502,-1269,9.696889055E7,2025-09-22
I574888,1253,1.890899796E7,2030-01-01
I580520,-589,5.007370646E7,2025-09-20
I581781,-745,2.87194893E7,2025-10-14
I584669,299,1.925826279E7,
I587685,837,2.273208391E7,
I481759,218,1.92256687E7,2030-01-01
I484982,1909,5.766000838E7,2030-01-01
I477156,1801,5.100867835E7,
I477282,256,1991899.44,
I489182,1716,1.3277909856E8,
I489941,1734,5751856.12,
I493599,759,6.010936054E7,2030-01-01
I497224,338,2.091842699E7,2030-01-01
I505254,-667,5.045871141E7,2025-09-09
I508093,1753,1.7527166906E8,
I512022,1303,1.7499454157E8,
I513843,-815,9.951599944E7,2030-01-01
I518004,-1276,4954984.68,2025-10-26
I527624,634,1.303566095E7,2030-01-01
I531400,-1238,1.69368053E8,2025-09-07
I532995,799,8.426234912E7,
I545676,747,4.706358712E7,
I548488,1418,5.4301703E7,2030-01-01
I554761,-1373,1.1880833933E8,2025-10-20
I557647,348,2.211886731E7,
I560433,-921,5.124318533E7,2025-09-01
I561053,1127,5.859977631E7,
I567253,1007,7.366439824E7,2030-01-01
I572848,-244,155369.69,2025-10-03
I574137,-561,5.057843866E7,2025-09-30
I575474,820,2.0565948E7,2030-01-01
I583708,686,6.807053818E7,2030-01-01
I584230,1993,2.5839992327E8,
I586931,-1424,1.1602188289E8,2025-09-10
I478951,-1575,1.7531595572E8,2025-10-04
I479852,-1690,2.4785879214E8,2025-10-15
I481436,-479,6.614942807E7,2025-09-10
I483500,-1606,1.5948326398E8,2025-10-13
I476362,1862,8.489138821E7,
I479921,608,1.540817139E7,
I489584,1242,1.8276338198E8,
I493636,1339,1.3161187343E8,2030-01-01
I496123,1273,5.214629915E7,2030-01-01
I498485,879,1.046393382E7,2030-01-01
I499744,686,9.038651073E7,
I500164,385,2985864.96,
I505209,-1083,1.24895205E7,
I506039,-1415,7.300845943E7,2025-09-21
I510201,-1615,1.736146783E8,2025-09-16
I510344,1934,1.5696615745E8,2030-01-01
I513383,-401,2.464000961E7,2025-09-18
I516502,-235,1.432042674E7,2025-09-27
I524901,1037,1.1411824512E8,2030-01-01
I526311,469,1.784496965E7,2030-01-01
I531168,1339,2.436290551E7,
I533674,-671,9.652860526E7,2025-09-17
I534324,393,1.75259262E7,
I539133,-1493,9.819046978E7,2025-09-16
I539515,916,4.835305015E7,2030-01-01
I545467,1077,0.0,
I548762,468,2.594129091E7,2030-01-01
I554946,709,9.92731137E7,
I565408,1963,1.5795756453E8,
I568386,-866,9.455119754E7,2025-10-03
I580143,1351,4.968734395E7,
I586862,1575,2.1338589376E8,2030-01-01
I480349,944,8.566907408E7,2030-01-01
I483328,-1302,1.6365162184E8,
I484267,692,9.584540488E7,
I490758,1746,1.3790682418E8,
I495412,-902,4.235460201E7,2025-09-11
I496946,-1702,1.9216234632E8,2025-10-16
I501437,-664,7.717315093E7,2025-09-24
I501729,1513,3.114985458E7,2030-01-01
I503167,-918,4431984.4,2025-09-03
I508804,903,3.886052896E7,2030-01-01
I510965,1015,7.728747482E7,
I512834,1151,1.4811120981E8,2030-01-01
I518039,1245,1.0829325668E8,2030-01-01
I520134,1200,3.777377084E7,
I521934,-1581,1.48948277E7,2025-09-24
I523339,-1306,1.9201566986E8,2025-10-30
I524988,496,7.046946725E7,2030-01-01
I526879,-959,7.128539055E7,2025-09-11
I527676,620,6.938348715E7,
I533290,224,1.985085281E7,2030-01-01
I536610,152,6579465.61,2030-01-01
I537261,1283,1.6568096374E8,
I539562,943,8.021116821E7,
I548000,294,3.78491062E7,
I550081,-1330,1.3806383735E8,2025-09-19
I550977,1126,4.776960003E7,
I554556,562,2.954307415E7,
I556336,-899,5.009107239E7,2025-10-28
I559866,770,1.446378253E7,
I561687,497,1.90516238E7,
I561831,1624,1.8240149306E8,
I562937,702,7.52201666E7,2030-01-01
I567680,905,1.0872039975E8,2030-01-01
I571515,254,2.197871935E7,2030-01-01
I572451,1500,1.7345394831E8,2030-01-01
I573854,-205,5924498.99,2025-10-17
I574617,585,7.989628877E7,2030-01-01
I579178,-1021,5.455645745E7,2025-10-12
I579622,1260,4.424199577E7,2030-01-01
I582739,438,9809078.22,
I481590,496,3.655214277E7,2030-01-01
I484141,637,1.238636346E7,2030-01-01
I486743,1455,1.8071429995E8,
I487989,1167,1.0338702162E8,
I494901,1987,1.0232841296E8,2030-01-01
I495742,604,3.525356417E7,2030-01-01
I497149,-278,3355145.84,2025-10-02
I500103,1651,1.324288193E7,
I509613,-1581,1.2753185684E8,2025-10-22
I511501,1014,9.969948839E7,2030-01-01
I512127,1056,8.153645289E7,
I515989,1344,1.9193798499E8,2030-01-01
I516537,247,3.00360093E7,2030-01-01
I519633,-491,5.733616584E7,2025-10-17
I521609,1261,7.404475456E7,2030-01-01
I522882,1732,6.799806337E7,
I524910,1701,1.0945920322E8,
I526454,807,3.64519549E7,2030-01-01
I527796,-592,4.657201981E7,2025-09-08
I531963,1399,1.2341940341E8,2030-01-01
I540425,1535,8.167120509E7,2030-01-01
I540720,-1193,1.7888567493E8,2025-09-22
I556814,1065,5.737182686E7,2030-01-01
I558000,1387,1.1450160512E8,2030-01-01
I564185,-1468,2.0948369288E8,2025-10-02
I575670,195,2498618.59,2030-01-01
I578667,-292,7874599.85,2025-10-20
I585313,-944,7.204578392E7,2025-09-11
I589082,863,9.197306159E7,2030-01-01
I591133,-1110,2.882537468E7,2025-09-21
I478262,-1162,1.05736461E7,2025-09-20
I485404,561,8.227418636E7,2030-01-01
I476862,483,3.95998363E7,
I485836,758,3.546837068E7,
I495068,1618,1.6864043831E8,
I495676,-1631,8.568497492E7,2025-09-27
I496685,995,1.3390625254E8,
I499638,1683,1.4227226472E8,2030-01-01
I499754,-1397,7.714629197E7,2025-10-20
I500816,987,1.2547877023E8,2030-01-01
I503803,1026,2.968971255E7,
I505229,-1125,1.5904137063E8,2025-10-13
I506667,1794,1.7529596469E8,2030-01-01
I507271,-1552,0.0,2025-10-10
I507857,-1999,2.5325877084E8,2025-09-24
I511666,1784,7.754224012E7,2030-01-01
I517384,1561,1.7999124214E8,2030-01-01
I521871,-192,1.937258607E7,2025-10-20
I522898,-1525,4.692031984E7,2025-09-20
I527853,270,8998063.67,
I538310,-424,0.0,2025-10-23
I539436,-1462,1.5720384548E8,2025-10-25
I542405,-1985,1.7984969117E8,2025-09-05
I544588,-1379,1.0239021365E8,2025-09-27
I551799,134,7868586.04,
I561453,444,5.922781685E7,2030-01-01
I566136,-1602,2.3776226765E8,2025-09-05
I569898,-1634,0.0,2025-10-14
I572344,318,2.863227544E7,2030-01-01
I574862,-1245,5.200810379E7,2025-10-25
I577239,1785,1.669841047E7,
I577819,430,1.041115879E7,2030-01-01
I579438,-1805,5.04952027E7,2025-10-04
I582030,1027,1.3558489784E8,2030-01-01
I585500,-1987,1.6143742156E8,2025-09-17
I586364,1270,1.4537749415E8,2030-01-01
I589322,390,1.817927497E7,2030-01-01
I591039,-1117,6.604794413E7,2025-09-18
I593095,-89,9593272.42,2025-10-10
I593918,484,4.980218234E7,2030-01-01
I601080,-72,1764371.76,2025-09-18
I609300,1641,1.768593383E8,
I609688,-1339,1.1625926125E8,2025-10-06
I614090,666,7.393892001E7,2030-01-01
I614917,639,7.912562068E7,2030-01-01
I620611,-470,5395088.12,2025-09-13
I629366,549,2.246354047E7,2030-01-01
I634712,1435,1.225202393E7,
I635200,264,2.928259925E7,
I638494,138,3867881.17,2030-01-01
I640866,1672,1.6352230264E8,
I641130,-1289,1.9149503146E8,2025-10-01
I645400,-1394,2.392848145E7,2025-10-17
I646338,530,3.290979707E7,
I654014,-1539,9.593504244E7,2025-09-10
I663007,-776,3.09813492E7,2025-09-06
I668005,-151,1.344760092E7,2025-10-06
I670494,812,1.1771045346E8,2030-01-01
I679548,1587,1.4803551367E8,2030-01-01
I681751,-1108,1.157202647E8,2025-09-25
I682106,1705,4.86287192E7,
I688601,-224,2894677.64,2025-09-23
I689308,1580,1.9511253626E8,
I689509,933,3.113467957E7,2030-01-01
I690344,114,1.521625236E7,2030-01-01
I693811,-398,2.407993505E7,2025-09-18
I694104,1308,1.2301221739E8,
I697536,1106,1.1345830266E8,
I697812,-299,2.225659488E7,2025-09-01
I701135,-325,3.291310586E7,2025-09-27
I703636,985,9.120836441E7,
I704265,-898,1.1003590201E8,2025-10-22
I707066,1720,1.4032214838E8,2030-01-01
I603316,1185,3.697039765E7,2030-01-01
I604040,-1789,2.6008726347E8,2025-09-12
I607836,1477,6.581737296E7,
I611636,-1535,8.230471408E7,2025-10-06
I615607,1847,2.5421163464E8,2030-01-01
I616763,1133,4.102964128E7,2030-01-01
I617264,1092,1.857555752E7,
I625185,1804,1.5535689643E8,2030-01-01
I627331,1608,1.5185265568E8,
I630343,-1384,7.089521369E7,2025-10-23
I632525,865,1.0947664177E8,2030-01-01
I634788,1433,2.112326809E7,2030-01-01
I645435,1595,1.4004244112E8,
I646003,1276,1.0070736027E8,2030-01-01
I647222,694,7.670179677E7,2030-01-01
I647815,695,1.817631274E7,2030-01-01
I650836,924,4.8089483E7,2030-01-01
I653322,588,7.091113356E7,
I655924,220,1.11550024E7,
I667819,1622,1.7430963525E8,
I673807,699,0.0,
I678444,-343,2.04456429E7,2025-09-05
I685077,634,8.167840755E7,2030-01-01
I685780,573,6.360285979E7,
I686724,247,6799392.8,
I690926,-78,5480189.33,2025-09-11
I694192,287,3652576.38,
I699189,-293,3.186499144E7,2025-09-10
I700291,-192,1.192045631E7,2025-09-12
I702151,-603,5861279.32,2025-10-06
I592407,1634,2.4394972881E8,
I605933,-580,0.0,2025-10-09
I605949,1547,5.655372536E7,2030-01-01
I606403,705,5.520058628E7,2030-01-01
I606800,1235,3.728439555E7,
I610551,-780,1.1211546628E8,2025-09-22
I616276,810,9.72760504E7,2030-01-01
I623831,1068,1.5400618568E8,2030-01-01
I633470,-1703,1.1328262681E8,2025-09-21
I639229,-829,6.438441067E7,2025-09-17
I644419,-1625,1.5490805033E8,2025-10-29
I647501,70,1.028760018E7,2030-01-01
I647701,-997,3.235588999E7,2025-09-07
I648641,1757,1.7339763084E8,
I652316,1374,0.0,
I652442,90,5124621.54,2030-01-01
I652464,1690,6.914912204E7,
I652671,1188,1.7792748295E8,
I653071,-1817,4.234489539E7,2025-09-01
I656234,-740,1.0031811613E8,2025-10-08
I667126,1482,1.2061064154E8,2030-01-01
I671963,-239,2020874.05,2025-09-13
I673389,130,7591707.81,2030-01-01
I679179,636,1.624333479E7,
I680676,-1259,1.0531506342E8,2025-10-09
I696924,-1741,2.3293058715E8,2025-09-04
I697584,916,1.292430773E7,2030-01-01
I698841,305,2972569.67,2030-01-01
I699500,-1194,3.185546851E7,2025-09-19
I702442,-1488,1.4608800548E8,2025-09-28
I702812,672,8.761292486E7,2030-01-01
I704330,1023,7.86159943E7,
I591725,-840,5.950939939E7,2025-10-21
I600636,897,7.952585795E7,2030-01-01
I593304,651,0.0,
I593764,1868,1.2488201057E8,
I595037,343,1.876826319E7,
I600333,1988,2.2775345712E8,
I605104,1048,1.2447727859E8,
I610838,1205,1.0121880229E8,2030-01-01
I612090,-483,2.129176586E7,2025-09-10
I613560,-1481,3.563071807E7,2025-10-10
I614531,1321,6.315891893E7,
I617488,-232,3.332603209E7,2025-09-06
I618383,182,2.370992882E7,2030-01-01
I618608,-809,9.260146313E7,2025-10-11
I625009,1742,1.8828092265E8,
I626703,163,1.725400285E7,
I628464,1400,1.0620734185E8,
I629618,543,1.86064474E7,2030-01-01
I635067,1211,1.4540569296E8,2030-01-01
I636645,1220,3597977.37,
I653514,664,6694415.67,2030-01-01
I680803,-735,7.867172294E7,2025-09-01
I681271,1882,1.2950426106E8,2030-01-01
I685320,1734,1.3229391847E8,2030-01-01
I685488,-115,2388547.45,2025-10-18
I688433,269,1.568261472E7,2030-01-01
I690046,1233,5.469850449E7,
I690445,1088,1.0588184093E8,
I693331,-992,7.639650679E7,2025-09-06
I695302,-101,9843113.74,2025-10-03
I702418,-1970,1.2307195422E8,2025-10-23
I595361,1370,1.068123955E7,2030-01-01
I598454,972,5.542871013E7,2030-01-01
I600856,1757,2.5188936958E8,2030-01-01
I603370,1313,1.4455362586E8,
I605085,1948,2.2018556977E8,2030-01-01
I605959,823,7.616479373E7,2030-01-01
I606627,-888,8.55093816E7,2025-10-25
I606831,-1682,1.3670857046E8,2025-09-03
I608946,1626,2.0240425022E8,
I618560,1518,9.098174764E7,2030-01-01
I627294,1125,1.6028106098E8,2030-01-01
I627990,1152,1.0884795202E8,
I631298,-354,4.256538165E7,2025-09-08
I632898,-662,8.234667769E7,2025-09-11
I633221,417,2.467453375E7,
I633443,233,1.191192318E7,
I636864,-872,5.495925236E7,2025-10-06
I638243,-1657,5.358762571E7,2025-10-27
I638927,-1049,9.868321605E7,2025-10-23
I644345,-1889,1.7617737817E8,2025-09-29
I651476,-1133,5392558.49,2025-10-15
I655020,915,1.2921520629E8,
I664801,1558,3.98624223E7,
I670629,156,5513677.44,2030-01-01
I670788,228,1.336457266E7,
I675610,1165,8.343522294E7,
I681421,747,8.351307319E7,2030-01-01
I684177,1178,1.248153918E7,
I685431,1899,6.135081818E7,
I688483,415,4.398880828E7,
I700325,-515,9674296.88,2025-09-26
I701439,1793,3.656053423E7,2030-01-01
I592731,-1131,5.423709337E7,2025-09-23
I593433,-1418,1.652011116E8,2025-10-26
I600157,1905,5.722425497E7,2030-01-01
I602545,-633,5.713038411E7,2025-10-17
I606157,-1997,2.2676425895E8,2025-09-01
I606614,1209,7.801055492E7,
I606922,199,1.535467086E7,
I609694,302,3.793629857E7,
I618949,259,2.907917374E7,
I619526,1978,2.4235668462E8,
I621553,186,1402122.32,2030-01-01
I621896,700,7.253069164E7,2030-01-01
I622909,168,5530500.26,
I623663,-382,1683676.95,2025-10-14
I642730,1573,1.202791479E8,2030-01-01
I642929,1584,4.898441237E7,2030-01-01
I644387,-78,3314817.86,2025-10-11
I645626,-468,2.625397551E7,2025-09-28
I650252,593,1.748782316E7,
I656848,-1315,1.8726999568E8,2025-09-15
I659219,-1441,1.9332457452E8,2025-09-22
I660164,1631,5.784753296E7,
I662246,791,1.0217261626E8,2030-01-01
I664947,-1751,5.251646226E7,2025-10-14
I665966,1126,9.304480917E7,
I666745,-210,3.044555843E7,2025-10-09
I667059,1179,5.977053565E7,
I667994,88,8793891.19,
I672739,1147,2.123267574E7,
I673400,1362,7.600763475E7,
I675059,1978,1.9735056535E8,
I677379,731,1.465818974E7,
I681022,-1697,1.2884209018E8,2025-10-17
I681463,-1787,2.3997731333E8,2025-10-21
I681883,721,9.97064512E7,2030-01-01
I695314,1940,2.7215113562E8,
I695347,-1085,1.4394572491E8,2025-09-01
I696049,175,1.308615041E7,
I697807,898,9.73347149E7,2030-01-01
I699278,1977,1.2777987835E8,
I704602,-597,3.932155075E7,2025-09-25
I704798,718,8.731280679E7,
I594670,1262,1.3943000346E8,2030-01-01
I595973,460,5.624250304E7,2030-01-01
I596851,-317,1.965552104E7,2025-10-20
I600593,1128,1.6912363099E8,2030-01-01
I601896,-311,3.304526844E7,2025-09-13
I595485,378,2.341645243E7,
I601950,1746,7.636939739E7,
I607128,-1963,1.5833778539E8,2025-09-03
I607257,127,1.871817957E7,2030-01-01
I609185,1798,2.445938042E8,
I620120,543,6.511985043E7,
I636619,1459,5.971865642E7,2030-01-01
I639311,-1939,2823323.75,2025-09-03
I640380,-196,1.146481596E7,2025-09-03
I651527,-681,3.295909236E7,2025-09-28
I653694,1541,1.953588176E7,2030-01-01
I657478,-165,0.0,2025-10-27
I665895,1371,1.769256823E7,
I666374,1170,1.1874587537E8,2030-01-01
I675077,675,2.013304822E7,
I677663,1500,2.0463573246E8,2030-01-01
I678748,692,5.5238382E7,2030-01-01
I680843,547,1.178526177E7,2030-01-01
I684383,-1809,5.481123832E7,2025-10-28
I686665,-732,1.646856217E7,2025-10-29
I691168,-1274,2.450546877E7,2025-09-28
I693177,1689,8.621857606E7,
I695855,-1409,1.0190763455E8,2025-10-01
I697907,1264,1.054323386E7,
I698514,838,9.477493701E7,
I701467,645,2468222.52,
I701622,-353,1.576455473E7,2025-09-16
I703881,1676,5.694830896E7,
I600097,1356,1.986467082E7,2030-01-01
I600724,-898,2.224571158E7,2025-09-11
I597148,851,7.981702658E7,
I609925,-193,1.593489349E7,2025-09-17
I621009,904,3.939219878E7,
I629251,1637,1.5656540252E8,
I629424,-1545,2.2578212857E8,2025-09-21
I632137,-1067,1.968478639E7,2025-10-09
I632928,1787,2.0398415937E8,2030-01-01
I635107,1152,1.0141238887E8,
I645168,-1895,1.0635916538E8,2025-09-10
I649789,-1578,1.8228473218E8,2025-09-02
I650731,-746,1.127206327E7,2025-10-11
I651869,1903,2.7970106914E8,2030-01-01
I655692,-104,6578568.09,2025-10-04
I661232,1759,2.2004862624E8,2030-01-01
I665494,-227,3555240.52,2025-10-06
I689049,1397,7.1546746E7,2030-01-01
I689104,763,5.836866257E7,
I690146,-1878,2.5981116853E8,2030-01-01
I690158,1944,5893013.33,2030-01-01
I691739,-1988,1.775168011E7,2025-10-03
I692400,-833,5692305.34,2025-10-31
I695578,1462,1.1312110974E8,
I696176,1989,2.6180385505E8,2030-01-01
I700689,-1561,8.513274545E7,2025-09-04
I593331,-1066,6.355434704E7,2025-10-10
I595967,303,4263977.65,2030-01-01
I602195,-1690,2.0688073129E8,2025-09-16
I599838,662,9.789140827E7,
I601621,886,2536023.77,
I602182,1465,8.31456386E7,
I607365,497,4.539965957E7,
I607820,1803,4.826255959E7,
I609698,-573,2.736708743E7,2025-10-30
I613604,1960,9.761533148E7,
I613843,-1134,1.4908248419E8,2025-10-13
I613954,1210,9.861597668E7,2030-01-01
I614355,1472,1.7291297267E8,2030-01-01
I623227,1273,4.001982839E7,
I629483,1797,6.291678722E7,2030-01-01
I631213,-411,5.141423989E7,2025-10-20
I631581,800,5.344894781E7,
I632494,1151,5.515662636E7,
I636978,603,6212187.25,2030-01-01
I637173,783,2.558705515E7,
I637923,1381,1.7733801109E8,
I639554,-771,2.670813955E7,2025-09-16
I640212,443,5.837209175E7,2030-01-01
I644217,-1510,4.698005278E7,2025-09-05
I646237,1146,3968116.65,2030-01-01
I646502,-1417,9.234234172E7,2025-09-05
I647652,-1584,1.469163117E7,
I653085,-565,7.485805807E7,2025-09-26
I660826,-1207,1.7725496456E8,2025-09-10
I664077,-1162,1.168327716E7,2025-09-25
I665690,1508,1.418671708E8,2030-01-01
I670514,-754,5.547874809E7,2025-09-08
I682809,1537,1.8899462989E8,2030-01-01
I685709,183,2.091994882E7,2030-01-01
I689018,429,3.754021408E7,2030-01-01
I694993,826,0.0,2030-01-01
I702104,1522,1.3924984421E8,2030-01-01
I702963,890,7.726703955E7,
I704809,-1448,1.7116622584E8,2025-10-01
I595868,274,3.757282262E7,2030-01-01
I599230,-1135,1.1086373765E8,2025-10-07
I600036,-1612,7.699512305E7,2025-10-14
I593199,814,9.43553706E7,
I598431,648,551722.66,
I603233,1748,1.9456710543E8,
I609106,445,1.268604406E7,2030-01-01
I611145,1474,1.3828532422E8,2030-01-01
I613218,1353,1.2783283203E8,
I613784,1843,0.0,2030-01-01
I618172,933,9.678114568E7,2030-01-01
I624751,1980,6.108459064E7,2030-01-01
I626016,109,4821380.71,
I627741,1668,4.667551665E7,
I630474,1456,3.875987144E7,2030-01-01
I630652,1700,5.024022958E7,
I638332,1112,2.284709657E7,
I642228,1829,1.0165919754E8,
I642749,87,523784.11,2030-01-01
I644985,-862,9.577162332E7,2025-10-03
I646687,-404,3.091000789E7,2025-10-26
I649279,977,1.114926453E8,2030-01-01
I650527,-1967,1.3740131539E8,2025-09-24
I659154,1982,1.3287256743E8,
I660253,1661,8.405433354E7,2030-01-01
I660367,1225,8.529570755E7,
I663511,302,2.660363722E7,
I665881,807,9.943856778E7,
I679651,346,1.994493492E7,
I681096,770,2.538619502E7,2030-01-01
I682081,-961,1768461.12,2025-09-12
I685053,953,5.497511762E7,
I685776,1726,2896186.16,2030-01-01
I689003,1726,2.2152477235E8,2030-01-01
I699665,-1296,6.144583379E7,2025-09-14
I700462,-1017,8.597881587E7,2030-01-01
I701738,257,6593486.0,
I702440,1508,1.7801035807E8,
I706681,1190,3.082101408E7,2030-01-01
I593844,-220,1.833599795E7,2025-10-01
I596079,392,4.3328239E7,2030-01-01
I595594,1550,1004360.58,
I597435,1374,1.7035547415E8,
I598914,1855,2.5056674114E8,
I606026,-871,5.767232963E7,2025-10-30
I607894,1090,7.259913957E7,
I608001,1711,2.104375407E7,
I611267,1508,2.1280264247E8,
I611459,1332,1.306142813E7,2030-01-01
I612178,1615,1.418575665E8,2030-01-01
I616804,1611,1.3992217377E8,2030-01-01
I617462,1454,1.952908017E8,
I617567,-1734,2.2782135602E8,2025-09-09
I624432,-645,3.824912939E7,2025-10-02
I626024,-1468,2.0566267503E8,2025-09-01
I626948,-1172,8.132379978E7,2025-10-20
I628727,60,3655842.76,
I634248,453,1.831357211E7,
I634707,-1033,0.0,2025-09-04
I638513,745,1.033649313E8,
I640177,-1797,9.715896357E7,2025-10-07
I640204,331,3.247312144E7,2030-01-01
I643596,-276,3.583413048E7,2025-10-01
I644704,1843,1.2582287414E8,2030-01-01
I648932,1551,2.248905709E8,
I651296,373,4.754888684E7,2030-01-01
I652827,-743,5.502841297E7,2025-10-09
I655826,93,4717290.92,2030-01-01
I658120,160,1.336281778E7,2030-01-01
I658446,-1655,4729163.71,2025-10-16
I659173,696,3.555644899E7,
I660610,810,7.969930613E7,2030-01-01
I664122,-1451,6.168189453E7,2025-09-16
I665261,-272,3.378619915E7,2025-09-16
I669473,1579,2.3072920741E8,2030-01-01
I678302,-1154,1.1157984509E8,2025-09-28
I688220,1882,1.4812322953E8,2030-01-01
I695568,1621,3.655094531E7,2030-01-01
I697628,-1940,1.1959629688E8,2025-09-28
I699142,-804,2.555666917E7,2025-09-15
I705601,1584,1.4702974038E8,2030-01-01
I602906,1048,5.11895686E7,2030-01-01
I607986,1110,1.4079908917E8,2030-01-01
I610129,183,1.883452499E7,2030-01-01
I611455,1432,1.035741139E8,2030-01-01
I612017,1072,1.4773705645E8,
I622654,-1414,6666994.09,2025-09-08
I628080,1583,1.9655629007E8,
I634435,818,8.552248831E7,
I634893,83,433087.82,2030-01-01
I634936,1144,9.435143958E7,
I638198,1049,9.604018179E7,
I646683,255,3.087560978E7,
I647057,-326,3.398694461E7,2025-09-05
I656757,-242,2.668883477E7,2025-10-31
I658075,-1961,2.6207596227E8,2025-09-28
I662938,270,7494828.77,2030-01-01
I666129,-1957,0.0,2025-10-17
I676803,143,1.601718744E7,2030-01-01
I678164,-818,9.157403805E7,2025-09-13
I678511,-180,1.522261656E7,2025-10-31
I678716,1926,2.7631816502E8,2030-01-01
I691568,742,4.845669562E7,2030-01-01
I696208,-1383,1.7180683805E8,2025-10-19
I697189,80,1.112110633E7,2030-01-01
I698811,576,5.748716189E7,
I699501,1212,1.4261083576E8,
I700093,-1391,1.1874332525E8,2025-10-01
I700621,1842,2.6874278006E8,2030-01-01
I701078,684,5.452326215E7,2030-01-01
I705394,-55,590015.72,2025-10-15
I714186,-491,5.224613704E7,2025-09-12
I723552,1647,1.7183923773E8,2030-01-01
I731471,1683,1.9812441269E8,
I741712,629,6.658274497E7,2030-01-01
I743593,248,2.242382819E7,2030-01-01
I744056,1928,7.945974057E7,2030-01-01
I744105,-1886,1.4246362503E8,2025-09-13
I748422,1781,2.3752283948E8,2030-01-01
I751713,1042,5.988745626E7,2030-01-01
I751965,-1336,1.4710481991E8,2025-09-03
I758283,-1678,1.0709694446E8,2025-10-20
I758558,845,1.428011657E7,2030-01-01
I770520,543,2.387097884E7,2030-01-01
I770874,1875,1.8929674233E8,2030-01-01
I773489,-365,5.336449143E7,2025-10-17
I777806,1587,2.2805462593E8,
I782089,-1205,6.546400962E7,2025-10-24
I785902,1394,1.4987265379E8,2030-01-01
I791655,1369,1.7453019781E8,
I792528,1413,6.687097193E7,
I795558,405,3834009.9,2030-01-01
I795719,-669,2.226816161E7,2025-10-04
I798445,590,8.145183999E7,2030-01-01
I798464,1054,4.18383931E7,2030-01-01
I801945,-886,1.0519524699E8,2025-10-27
I807170,-75,4837524.4,2030-01-01
I809249,1874,1.3122415856E8,
I817947,715,9484589.5,
I714011,-292,2.767931458E7,2025-09-09
I718967,660,1.625240244E7,2030-01-01
I717044,1343,7.802373111E7,
I717640,1380,1.8253032848E8,
I719664,-1510,6.729634456E7,2025-09-26
I722280,-1166,1.0911637409E8,2025-09-17
I727929,1078,1.0039118544E8,
I732874,216,2.075590865E7,
I738001,1817,2.0163001725E8,2030-01-01
I738201,1971,2.2687343364E8,2030-01-01
I741747,1294,6.921099576E7,
I742920,1950,0.0,
I743934,-651,4.105917133E7,2025-10-21
I746284,-1804,1.1514544802E8,2025-10-07
I757939,1664,2.459614893E7,
I762364,1036,9.098164839E7,2030-01-01
I765768,176,2.095434261E7,2030-01-01
I769176,1378,0.0,2030-01-01
I771051,1613,2618554.38,2030-01-01
I773579,565,7.709705358E7,2030-01-01
I780185,1398,1.663346966E7,
I781192,-921,1.31381542E7,2025-10-12
I787330,244,6812994.16,2030-01-01
I796264,1990,1.3094543731E8,
I811156,1291,1.7214593443E8,2030-01-01
I819771,366,2.489688769E7,
I821171,1423,0.0,2030-01-01
I821500,-1378,9.486668541E7,2025-09-23
I822756,1835,7.569877852E7,2030-01-01
I822768,1680,2.4890233071E8,2030-01-01
I715626,1635,2.0425374551E8,2030-01-01
I708342,1312,1.5880137014E8,
I710250,1923,1.1169779931E8,
I710962,200,1.870133762E7,
I711299,657,5.886607835E7,
I720184,671,9.186149938E7,
I724086,588,7.279162697E7,
I727541,-569,4.619228517E7,2025-10-10
I733567,1249,1.0824974196E8,
I734030,1349,1.3520577824E8,2030-01-01
I739573,313,4.477186004E7,2030-01-01
I740204,523,7.526138272E7,2030-01-01
I742022,1864,6.236107819E7,
I745785,1104,1.1447508045E8,2030-01-01
I754591,704,2.468004294E7,
I761584,1007,9.003305048E7,
I765786,854,5.769187865E7,
I772501,-1093,1.5589203835E8,2025-09-21
I775823,-1712,1.2746288033E8,2025-10-16
I778930,-1891,2.096036893E8,2025-10-16
I784650,-156,3578759.35,2025-10-06
I790437,679,5.821609396E7,
I795729,1624,1.3405900419E8,2030-01-01
I796201,-537,6.126109468E7,2025-10-28
I796726,610,8.143001453E7,2030-01-01
I798145,-1746,2.2116568537E8,2025-09-18
I803406,1983,2.864378033E7,2030-01-01
I803657,-1661,1.942924002E8,2025-09-21
I804126,1335,1.1510787522E8,2030-01-01
I804476,-1219,7.309994105E7,2025-10-02
I806035,343,3.267105297E7,2030-01-01
I816892,-1909,9.991039652E7,2025-09-11
I817129,1714,2.5273933835E8,
I817173,-494,5066219.4,2025-10-01
I708963,-526,3.354883648E7,2030-01-01
I712663,166,5551352.54,2030-01-01
I715037,1912,2.1825486241E8,
I724334,1615,4.316514892E7,2030-01-01
I737095,-715,3.114352651E7,2025-09-20
I741687,133,9849820.67,
I743521,-1801,1.0779395656E8,2025-10-23
I744138,222,1.477402203E7,
I745235,554,8.035344772E7,
I750078,1879,2.12382291E7,2030-01-01
I751388,121,0.0,2030-01-01
I752699,-104,1.493508383E7,2025-09-05
I752827,-56,1380194.26,2025-09-27
I753155,-1710,2.2254254713E8,2025-09-29
I764277,399,8139199.57,
I765807,-540,4.89911439E7,2025-09-20
I765916,901,1.2286935872E8,2030-01-01
I769770,64,2373373.37,
I772458,395,3.997599778E7,2030-01-01
I774947,528,6.092212446E7,2030-01-01
I775888,670,7.0769915E7,
I776107,1853,1.2774330124E8,
I777505,152,2.075148911E7,
I780618,1514,7.614370544E7,2030-01-01
I787694,1220,1.2741086078E8,2030-01-01
I791055,389,1.481637409E7,2030-01-01
I792377,202,607546.35,
I796800,212,1.839582318E7,2030-01-01
I798083,288,3555425.46,
I805935,487,6.446740246E7,2030-01-01
I819288,1865,1.793702092E8,2030-01-01
I713129,-499,6.834145583E7,2030-01-01
I713720,-1237,3.489346797E7,2025-10-30
I715342,-1294,8.162033158E7,2025-10-23
I725288,902,4.538843556E7,
I729157,-215,2.969070177E7,2025-10-14
I731654,1579,8.030953589E7,
I739356,1310,8.064842231E7,
I740420,1107,3.935894644E7,2030-01-01
I748893,-1979,1.859569098E8,2025-10-24
I753163,-593,3.393292522E7,2025-10-14
I755222,646,2.686006778E7,2030-01-01
I756400,1536,1.7797421181E8,2030-01-01
I767481,1978,1.2890342515E8,
I770033,-1818,4.938246427E7,2025-09-22
I777340,1634,8.846920933E7,2030-01-01
I782592,432,4.769168143E7,
I786998,323,2.254297785E7,
I793714,599,3.499210413E7,2030-01-01
I794766,-197,8185518.25,2025-09-28
I799551,-1215,7699313.66,2025-09-07
I813057,1127,9.998723406E7,2030-01-01
I816247,1054,1.1574306804E8,
I711773,304,7753790.09,2030-01-01
I715511,-562,4.934364343E7,2025-09-14
I719619,524,5.147378649E7,2030-01-01
I720073,-1527,2.431795927E7,2025-09-16
I736785,313,1.856535613E7,2030-01-01
I743792,-1738,2.0360962844E8,2025-10-16
I744000,-1416,1.3711599579E8,2025-10-08
I744882,702,2.698441312E7,
I744959,1135,6749003.67,2030-01-01
I749439,1612,3.320009396E7,2030-01-01
I756244,340,2.146467189E7,
I756377,1884,6.184039302E7,2030-01-01
I763760,622,2.705821702E7,
I765985,971,1.3351284853E8,2030-01-01
I770451,1410,1.7341296556E8,2030-01-01
I770838,-1825,8.606243487E7,2025-09-13
I772320,640,8.56004738E7,2030-01-01
I772356,519,6.997233086E7,
I773111,1669,7.523258114E7,
I776980,1593,1.9953596961E8,2030-01-01
I778494,-1521,3.860522783E7,2025-10-10
I785073,-845,8.115645974E7,2025-10-27
I786196,372,1613406.55,2030-01-01
I792503,1737,2.2298984257E8,2030-01-01
I793261,-970,3.536642482E7,2030-01-01
I798265,-1017,8.194801159E7,2025-10-17
I805487,201,9987324.29,
I809169,-936,1.3579431613E8,2025-09-19
I813870,1655,2.0274477262E8,2030-01-01
I813927,1605,6.242878472E7,
I815559,1905,2.7501869021E8,2030-01-01
I816699,1220,1.0029023079E8,2030-01-01
I820164,1380,1.6452230961E8,
I707882,-320,1.898067745E7,2025-09-01
I715559,-926,2.279268609E7,2025-10-16
I716131,-613,2.545317107E7,2030-01-01
I709207,-515,5.063417775E7,
I720155,1360,3.672095307E7,
I722261,355,4.759502243E7,2030-01-01
I722837,629,2.993992243E7,2030-01-01
I725494,1219,1.1521602095E8,2030-01-01
I729468,949,7.768440601E7,2030-01-01
I730316,779,2.334446138E7,2030-01-01
I732572,96,2026644.14,
I736662,-763,7.946517802E7,2025-10-19
I745901,-1793,8.03897177E7,2025-10-25
I748183,389,5188492.73,
I750851,1703,4.721909866E7,2030-01-01
I750884,1611,4.782722572E7,2030-01-01
I753366,1064,1.981498058E7,
I754984,314,1780927.67,
I767608,469,2.611986546E7,
I768649,255,2.431794922E7,
I771740,1545,2.0997541034E8,2030-01-01
I774859,1947,1.6322768205E8,
I779465,73,6524552.79,2030-01-01
I779849,541,3.094717437E7,
I788278,-955,2.458752151E7,2025-09-29
I789661,323,6701777.11,2030-01-01
I793293,742,4.080916374E7,2030-01-01
I798661,1378,5252543.55,2030-01-01
I800756,1253,1.5138947607E8,
I802037,1029,1.1679919726E8,2030-01-01
I804539,499,6.18951838E7,2030-01-01
I805381,1649,8.738713567E7,
I808621,-1027,5.005993324E7,2025-10-15
I813680,367,9028381.24,
I818206,465,1.843287145E7,
I820483,1266,1.4321260862E8,2030-01-01
I821668,-177,1.001494428E7,2025-09-26
I822802,-1809,6.417836127E7,2025-10-24
I713753,1537,3.95836405E7,2030-01-01
I717116,-647,9.013724419E7,2025-09-02
I716513,178,1.885474705E7,
I717531,1101,4.80256878E7,
I720692,1363,9.389764422E7,
I722228,408,2.143480897E7,
I727529,-607,363590.66,2025-09-10
I729555,-301,3.958467362E7,2025-10-21
I736511,1230,6.582469657E7,
I738637,-1323,1.7448259725E8,2025-10-11
I747130,1733,1.9470799103E8,2030-01-01
I747497,622,9039566.14,2030-01-01
I747944,1717,2.497485635E8,
I748864,707,2264689.31,
I749020,176,6237431.45,2030-01-01
I753987,1529,7.210247974E7,2030-01-01
I754837,832,4.291158697E7,2030-01-01
I755396,672,6.791522339E7,2030-01-01
I756253,1402,1.0592804462E8,
I766666,-573,1.149550305E7,2025-10-19
I786069,1471,1.3600547034E8,
I788002,766,6.451389796E7,
I799667,1067,6.312892481E7,
I803776,492,3.056910527E7,2030-01-01
I806163,501,4.145605624E7,
I820007,-611,3.567343532E7,2025-10-13
I820470,1618,2.1814967459E8,
I707722,-1393,1.723229261E8,2025-10-27
I711867,-335,3.42544458E7,2025-10-19
I713165,923,1.3134556395E8,2030-01-01
I715521,148,1730350.74,2030-01-01
I711084,1857,1.8365345833E8,
I719264,1803,6.717587814E7,
I732252,451,3.865599735E7,2030-01-01
I738335,591,5.901463101E7,
I738427,-621,8.331730919E7,2025-10-14
I739768,1865,2.1335850002E8,2030-01-01
I739811,-1522,2.1548752911E8,2025-09-20
I743579,-322,3.906211521E7,2025-10-03
I747189,-401,5.645292343E7,2025-10-17
I747664,-1764,1.8485067576E8,2025-09-22
I749776,-1695,2.3355986937E8,2025-10-12
I751284,1827,2.302213352E8,
I751957,1242,8.342555042E7,2030-01-01
I752745,803,1.1882081737E8,2030-01-01
I754747,256,1.410603502E7,2030-01-01
I755373,-1712,3.15554623E7,2025-09-06
I755671,-150,1892658.09,2025-09-10
I757020,1900,1.9047409377E8,2030-01-01
I758437,1254,0.0,
I766755,1595,1.6343346547E8,2030-01-01
I767330,403,2.524703223E7,
I776136,-1889,2.4417905276E8,2025-09-12
I777588,-843,1.2625724605E8,2025-09-26
I781256,1055,1.1209790098E8,2030-01-01
I784004,996,1.4569710152E8,2030-01-01
I784685,1700,2.2684550292E8,
I788155,1642,2.3546254864E8,
I788656,-643,6.599230818E7,2025-10-18
I789845,471,4703561.58,2030-01-01
I789948,811,5.837987647E7,2030-01-01
I792574,-1104,6.09428043E7,2025-09-05
I797051,1395,1.0612459776E8,2030-01-01
I797194,1566,1.3153964209E8,
I798460,-1651,1.9202628116E8,2025-09-24
I799934,-1797,9832912.74,2025-09-10
I802199,1255,4.782589204E7,
I802385,-1782,1.9561601321E8,2025-09-16
I812335,60,6021106.84,
I813964,755,5.291721175E7,2030-01-01
I817443,325,2.358729736E7,
I822571,1337,3.984023582E7,
I708115,-986,9.804690566E7,2025-09-07
I712034,1597,2.0249590412E8,2030-01-01
I709559,878,7802563.39,
I714948,1941,2.3846986429E8,
I715610,928,1.3609080936E8,
I718243,1515,9.056285816E7,
I723046,-996,2.476500451E7,2025-10-13
I725230,1168,6.431272035E7,
I729309,330,4.672011321E7,
I734643,108,1.124870492E7,2030-01-01
I739960,1771,1.581469625E8,2030-01-01
I743536,1039,3.452737223E7,2030-01-01
I748841,738,6.142256733E7,
I751034,352,1.124304879E7,
I755106,995,9.026016167E7,
I757059,1777,3.370344541E7,2030-01-01
I760406,1269,6.754662865E7,
I762928,-198,1.222547834E7,2025-10-05
I763022,-545,2753468.6,2025-10-01
I767075,1205,1.6690292105E8,2030-01-01
I768112,284,3232566.33,2030-01-01
I770024,-1034,6.792681053E7,2025-10-06
I771639,929,6.53931218E7,2030-01-01
I774440,1327,2.559529162E7,2030-01-01
I774484,536,2.347300179E7,
I777983,-1458,1.9869075198E8,2025-09-22
I778896,-1525,5.566549529E7,2025-09-06
I783263,-1976,2.4367010095E8,2025-10-07
I787463,-324,3.747940932E7,2025-09-29
I788441,503,6.09727441E7,2030-01-01
I789704,190,1998960.84,
I790039,1636,1.1385355307E8,
I793105,129,782777.0,
I797779,-1803,1.1303826037E8,2025-09-04
I800538,-1572,2.1580043252E8,2025-10-22
I804692,-1339,7.973624255E7,2025-10-29
I808235,1046,9.748669696E7,2030-01-01
I809869,-840,8.863348782E7,2025-09-02
I819822,1991,1.4835201439E8,2030-01-01
I716298,1868,2.251273039E7,
I716503,541,5.301222131E7,
I718430,1286,1.2488188243E8,
I722303,-747,8.214344275E7,2025-09-14
I726092,1487,5.970398274E7,
I736610,-1454,6797878.97,2025-10-15
I737219,110,1678285.34,
I738823,1144,1.2965047227E8,2030-01-01
I738861,-659,9.353194798E7,2025-09-14
I751695,810,4.103265741E7,
I752855,-1208,7015039.61,2025-10-04
I753443,305,1.670110133E7,2030-01-01
I754103,-844,1.1400317909E8,2025-10-18
I754299,-916,5.033240316E7,2025-09-17
I754447,-1841,6762005.46,2025-09-14
I766656,483,1.82294378E7,2030-01-01
I775838,-1824,9.54771089E7,2025-09-22
I779445,742,1.1089157111E8,
I781354,1380,1.0722224133E8,2030-01-01
I782022,-1299,9.679887017E7,2025-09-13
I785262,-411,2.364337153E7,2025-10-21
I785865,496,7.422645844E7,
I788851,688,7.689563336E7,2030-01-01
I791893,-997,4.779576644E7,2025-09-28
I795528,-288,3.505934313E7,2025-10-13
I796934,1072,4.414033101E7,2030-01-01
I801387,-1192,6893616.25,2025-10-31
I803081,1483,1.7159056045E8,
I806536,167,7398353.27,2030-01-01
I807616,190,8027983.08,2030-01-01
I808538,1070,9.28775459E7,
I808724,-573,8.124203718E7,2025-10-31
I810376,-1137,4.804748389E7,2025-10-28
I812897,986,1.677977138E7,2030-01-01
I815883,507,4.521689692E7,
I817546,-1709,1.2580894685E8,2025-10-28
I822395,-645,5.477973972E7,2030-01-01
I708901,-191,2.696132973E7,2025-10-24
I716106,1260,0.0,2030-01-01
I717479,110,4326456.93,2030-01-01
I720767,216,1018734.44,2030-01-01
I721784,-1935,1.0718069856E8,2025-09-14
I722685,996,6084343.46,2030-01-01
I730552,964,7.392269542E7,2030-01-01
I737204,-444,2.741871966E7,2025-09-28
I737360,839,7.751484677E7,2030-01-01
I739937,-1869,5.582432038E7,2025-09-28
I741108,-1264,1.3053530323E8,2025-09-30
I745709,-250,2.179050211E7,2025-09-08
I746649,1120,1.4539992964E8,2030-01-01
I754490,730,7565273.29,
I754820,1565,1.0811573058E8,2030-01-01
I755708,1743,2.015008223E7,2030-01-01
I758333,1504,1.1756072122E8,
I761085,68,3141547.12,2030-01-01
I764196,1245,1.6752386373E8,2030-01-01
I765199,-1254,1.3722719415E8,2025-10-02
I765238,-1637,1.274668446E7,2025-09-24
I765404,913,1.3376330752E8,2030-01-01
I768816,1141,7.224069126E7,
I775825,1989,1.1199765012E8,2030-01-01
I779856,1660,2.3234068739E8,
I782434,599,8.09055984E7,
I783644,-660,9.078188075E7,2025-09-25
I785903,293,6181998.07,
I788064,887,1.1305986406E8,
I797295,-588,2.017443982E7,2025-10-28
I798226,-1142,8.244721837E7,2025-09-05
I799989,1226,1.7544919815E8,
I805561,941,1.0691758917E8,2030-01-01
I818696,1436,0.0,2030-01-01
I825733,1991,1.3088246646E8,2030-01-01
I833973,-644,1.706098852E7,2025-10-11
I832971,952,5.276488734E7,
I838625,558,979796.93,
I839500,123,2902251.96,2030-01-01
I840140,1665,2.2450738629E8,2030-01-01
I842751,-541,6.781209687E7,2025-09-20
I843131,1749,1.760821619E7,
I844134,1150,1.4374964048E8,
I847548,74,193078.72,2030-01-01
I849336,-103,1.45146463E7,2025-10-12
I850127,-441,6552142.38,2025-10-25
I854013,-1919,2.8342094401E8,2025-09-22
I870788,-292,703020.8,2025-09-30
I873136,-1139,4.951972339E7,2025-10-06
I876744,-1700,4.797553684E7,2025-09-30
I879900,-1346,1.4890063714E8,2025-09-07
I880119,1464,1.3667809705E8,
I882833,-995,1.3772701291E8,2025-10-19
I884731,1078,1.3963204596E8,
I892320,915,3.639458846E7,2030-01-01
I897935,1912,2.0110740593E8,2030-01-01
I901371,349,1.206205239E7,
I902111,-1016,4.416078412E7,2025-10-21
I902376,1286,1.2863576906E8,
I909255,-1367,1.2633006942E8,2025-09-11
I912121,1955,2.1185595599E8,2030-01-01
I914158,-50,7165624.87,2025-10-04
I914637,1963,1.1487370061E8,
I918913,1804,1.429630343E8,2030-01-01
I920143,864,1.0809319312E8,2030-01-01
I920709,1963,8.472687266E7,2030-01-01
I930219,602,6.472736373E7,
I930885,264,2.228971451E7,
I934984,-1986,1.4486826905E8,2025-10-09
I935209,188,3916479.64,
I935712,1468,7.033203614E7,2030-01-01
I936553,-485,5.176863901E7,
I826151,-1774,2.2688306448E8,2025-09-16
I842975,1898,9.894075428E7,2030-01-01
I849883,-899,8.690217448E7,2025-10-29
I851283,-161,1.539778411E7,2025-10-28
I851569,192,7144761.79,
I852741,412,4.812457163E7,2030-01-01
I855580,689,7333413.58,2030-01-01
I857231,1533,2.2281138466E8,
I859936,127,6297253.78,2030-01-01
I860126,1860,1.0897391523E8,2030-01-01
I860552,1258,1.4285860579E8,
I862355,-1968,1.163572419E7,2025-10-11
I862473,-1541,2.0695882255E8,2025-10-20
I866025,-1995,3.060914357E7,2025-09-28
I866927,-1662,1.411952214E7,2025-09-14
I868547,726,6.821532866E7,
I869081,-1424,2.520188279E7,2025-09-20
I870967,-1465,5.681534817E7,2025-09-11
I875671,909,1.185991675E7,2030-01-01
I876437,500,2.538109101E7,
I880104,200,6804642.12,
I882433,-643,0.0,2025-10-16
I886373,-1228,1.4320887089E8,2025-09-09
I895427,582,4.298236273E7,2030-01-01
I902549,1085,6.633596074E7,2030-01-01
I906660,-1887,1.8724560125E8,2025-10-17
I911261,388,5.389278997E7,2030-01-01
I912069,-1087,1.458800401E8,2025-09-26
I916197,1900,1.7696917259E8,
I917519,-1538,1.7710138242E8,2025-10-18
I924890,-1415,3.040508552E7,2025-10-22
I926197,332,3.475407688E7,
I926291,187,2223034.6,
I927823,1210,1.6365380158E8,
I930974,780,9.128806553E7,
I934135,-95,2376703.18,2025-10-13
I824389,656,5378605.95,2030-01-01
I834709,-1716,8.465243356E7,2025-10-12
I823420,974,6.557834738E7,
I830764,634,3.808303346E7,
I833357,1022,1.2050544052E8,
I838576,-322,5271292.75,2025-10-06
I839548,-550,2.333628953E7,2025-09-11
I852150,1265,1.6108334599E8,2030-01-01
I856456,65,879369.14,
I858900,1041,0.0,2030-01-01
I864647,1766,5.513148847E7,2030-01-01
I864718,1004,2.537934027E7,
I869206,-1352,2.53855887E7,2025-10-15
I873767,-90,4633572.8,2025-10-19
I878736,825,3.164433269E7,2030-01-01
I881831,440,3.991284541E7,2030-01-01
I884319,1214,2.801820093E7,
I889516,677,1.536271332E7,
I894716,1626,1.3505633623E8,
I900403,688,5173216.56,
I908672,-1474,3.708873587E7,2025-10-04
I909033,743,2.498359621E7,
I910804,1859,4.411343491E7,
I911524,177,3985321.69,2030-01-01
I913627,-371,5.183050441E7,2025-10-14
I917150,1112,6.505427385E7,
I917606,1485,7.875652765E7,
I923589,1804,4.570049256E7,
I925780,-418,2.298797338E7,2025-09-02
I932639,1954,1.730168084E8,
I937328,-148,2.018988259E7,2025-09-05
I828031,284,0.0,2030-01-01
I824825,1309,6.355491761E7,
I828475,175,2.288685672E7,
I834448,1159,2.56701401E7,
I834486,696,6.084971766E7,
I835608,861,1.142752861E7,
I835925,1649,7.582700731E7,2030-01-01
I838239,1561,1.2912651774E8,2030-01-01
I844710,-1529,6.316097026E7,2025-10-23
I845052,-1841,2.343467997E7,2025-09-15
I848810,-443,3.907823715E7,2025-09-20
I852456,1794,4.805147366E7,2030-01-01
I853455,-167,3132852.77,2025-09-27
I853899,1049,4.162175102E7,
I855486,-1058,5.890209149E7,
I856999,1233,4783387.15,2030-01-01
I857971,-1712,4.832716219E7,2025-10-14
I860335,-1582,5.824065553E7,2025-09-17
I861186,1322,1.5358209162E8,
I861282,392,5.201212631E7,
I863319,1574,2.2685952726E8,
I864082,363,3.249263608E7,
I866392,-1940,9.800530259E7,2025-09-15
I867071,-389,5.162734104E7,2025-10-17
I868581,-762,1.187753563E7,2025-09-15
I873131,-248,7085994.12,
I873157,1944,2.3180118425E8,2030-01-01
I877622,1484,1.0088978372E8,
I877806,-326,8070033.31,2025-09-22
I879543,1394,1.6195651612E8,
I883439,1550,7.887629154E7,2030-01-01
I883936,1497,1.6264999271E8,2030-01-01
I888387,-1797,1.5233509175E8,
I891665,92,9373862.48,2030-01-01
I892299,-1820,2.3296321035E8,2025-09-09
I895598,-1343,7.244143554E7,2025-09-12
I898494,-1806,1.362366861E7,2025-09-13
I901261,378,3.166352883E7,
I906369,1834,1.2028827297E8,2030-01-01
I910207,-688,8.194568689E7,2025-09-15
I921755,1233,1.8334864968E8,
I922938,1438,1.3630779319E8,
I930438,1993,1.2622628431E8,2030-01-01
I931755,968,2.585660542E7,
I823311,-285,1.453055398E7,2025-10-16
I834616,-211,1.031738262E7,2025-09-18
I839169,1637,1.9354291386E8,2030-01-01
I839233,1084,1.588594544E7,2030-01-01
I849195,114,1.491346068E7,
I849982,-870,1.2438039607E8,2025-09-03
I852334,1297,1.2440684886E8,
I866895,1897,2.2348340113E8,
I872855,1001,2.024424662E7,
I877688,-626,3.409516471E7,2025-09-16
I884032,1664,4.401526286E7,
I885600,-1909,4.919576016E7,2025-10-14
I886381,1707,1.7728596843E8,2030-01-01
I887755,1348,9.604398339E7,2030-01-01
I889550,1405,7.090110983E7,
I890818,1606,8283758.57,2030-01-01
I892751,676,9.917348445E7,2030-01-01
I892858,1636,1.6848235322E8,
I909462,1055,1.0085464865E8,2030-01-01
I910299,748,6.68459677E7,
I919603,460,4.326661266E7,2030-01-01
I923198,1401,2.0718697441E8,
I924144,193,6414997.47,2030-01-01
I928887,-894,2.708485283E7,2025-09-22
I929697,1216,4.583379842E7,2030-01-01
I933231,512,6.919827937E7,
I934503,1035,1.016651353E8,2030-01-01
I934886,1488,2.051731721E8,
I935384,829,1.050349261E7,
I824535,-673,1.882030709E7,2025-10-29
I831056,-663,9.83606703E7,2025-10-26
I831230,1907,2.7960776941E8,2030-01-01
I838673,-76,625113.52,2025-09-14
I840406,711,3360713.47,2030-01-01
I843209,1128,1.973956708E7,
I848211,-1896,2.1197202907E8,2025-10-05
I860142,1635,0.0,2030-01-01
I861337,1353,8.194318476E7,2030-01-01
I864409,-866,2.672560735E7,2025-10-01
I867017,1334,1.1640638362E8,2030-01-01
I870462,439,2.589353348E7,2030-01-01
I870833,828,1.085787383E8,
I876726,534,7.193075991E7,
I878834,-1911,2.2926347334E8,2025-09-26
I879833,-347,1.554100104E7,2025-09-30
I880740,1378,5.452751908E7,
I881017,1810,1.589612995E8,2030-01-01
I885736,1831,1.8054483787E8,
I889123,1776,6.337879446E7,2030-01-01
I891464,-1428,3.890550684E7,2025-09-08
I895079,57,2113878.52,2030-01-01
I898890,-1183,8.193793046E7,2025-09-12
I908735,1107,4.937631953E7,
I911826,-1292,1.3527541534E8,2025-10-27
I926064,-1369,1.0034547603E8,2025-10-25
I932303,1449,1.0973214138E8,
I932834,1891,1.7926822465E8,2030-01-01
I937341,-286,2.605203808E7,2025-10-12
I937786,761,4.411847525E7,
I826501,95,7592405.64,2030-01-01
I829865,-502,6.370761547E7,2025-10-19
I832301,1726,1.595607711E7,2030-01-01
I824188,709,2.994814476E7,
I836355,1418,2.0954572028E8,2030-01-01
I842090,784,3.155890197E7,
I845449,1863,1.3075568768E8,2030-01-01
I852694,-1801,2.4915241564E8,2025-10-18
I852876,-847,7.678365609E7,2025-10-08
I853178,1130,8.421516003E7,
I865690,280,4.113340157E7,2030-01-01
I867235,-1927,7.050732313E7,2025-10-06
I869289,1416,1.9733940444E8,2030-01-01
I870333,-365,1.330075713E7,2025-09-26
I873439,691,1.750873793E7,
I879399,-667,4.356243307E7,
I880501,329,2.355838138E7,2030-01-01
I885926,1370,1.7361040518E8,
I886856,656,8.11028744E7,2030-01-01
I891844,1782,6.797220184E7,
I892653,811,4.28435135E7,2030-01-01
I894443,-1144,1.7137207253E8,2025-10-30
I897135,1243,6.600709446E7,
I901528,301,3.309567445E7,
I906689,1946,2.5655365181E8,2030-01-01
I907821,-1041,1.213544357E8,2025-09-29
I908731,1913,1.0971093386E8,2030-01-01
I909779,-1001,4.930456326E7,2025-10-15
I913911,1030,9.576853417E7,
I914610,1266,1.1633938733E8,
I915785,593,6.130793788E7,
I918835,1190,1.320534932E8,2030-01-01
I922403,293,554516.08,
I929431,-1252,4.541589889E7,2025-10-09
I930027,-1920,1.7202759989E8,2025-10-28
I935261,1575,4439922.44,
I935540,1227,4422128.66,
I937899,1169,1.857233917E7,
I826262,1975,6.594694626E7,2030-01-01
I835298,1229,7.646281938E7,2030-01-01
I838205,1228,3.213389489E7,2030-01-01
I841076,1110,6.584513357E7,
I841882,1793,2.0617569588E8,2030-01-01
I849268,279,5330068.7,2030-01-01
I854627,1252,1.1234659304E8,2030-01-01
I857064,1729,3.070770561E7,
I858995,1852,1.2185313982E8,
I859941,302,2.295724538E7,
I866291,1302,3593862.39,
I869868,898,1.2347432957E8,2030-01-01
I870122,1174,9.965949784E7,2030-01-01
I871061,709,1.29699704E7,
I872536,112,9838545.37,
I879249,274,3.949248526E7,
I885775,263,8358759.26,2030-01-01
I885975,583,8.132566412E7,2030-01-01
I889522,-103,2793424.26,2025-10-30
I900788,353,6936519.06,
I904949,-471,2.525246226E7,2025-10-07
I913881,825,7.423659879E7,
I918402,1451,3.244474615E7,
I923812,1091,3.208083245E7,2030-01-01
I925975,-111,1.251960646E7,2025-10-06
I931230,1749,2.5315593527E8,
I936827,1538,1.6420425243E8,
I828584,-108,1.148868389E7,2025-10-14
I831463,-1606,2.3534827996E8,2025-10-21
I833996,-378,1.371002309E7,2025-10-19
I840923,-1278,2.166177355E7,2025-10-28
I849842,801,5.482172442E7,
I850016,959,4.969952452E7,
I851848,-434,3.574000061E7,2025-10-17
I861201,-588,7.158002178E7,2025-09-19
I864441,617,4.817202377E7,2030-01-01
I874248,1888,2.1525482347E8,2030-01-01
I879289,-1799,5.345636253E7,2025-09-16
I883827,115,1.524522283E7,
I885599,1309,1.3791152448E8,2030-01-01
I888492,-742,1.1108564173E8,2025-10-06
I896198,-202,3301018.9,2025-10-28
I897235,-330,2.647166895E7,2025-09-10
I897968,1164,1.2165029523E8,
I900128,1127,1.4009101885E8,2030-01-01
I904810,937,1.1736455217E8,2030-01-01
I906045,1560,2.339415282E7,2030-01-01
I907750,798,9.396552299E7,
I909353,139,1.010356645E7,
I911303,340,4699596.82,2030-01-01
I913688,382,4.8283948E7,2030-01-01
I916493,1353,6.811029377E7,
I930751,-1989,9.12961316E7,2025-10-01
I931832,-1128,1.2883317607E8,2030-01-01
I823652,-494,1.731677386E7,2030-01-01
I823767,-665,2.707695585E7,2025-09-21
I828950,-988,9.169676139E7,2025-09-21
I831666,-52,5959569.51,2025-10-19
I823701,1866,6.476331259E7,
I829804,1530,1.813050249E7,
I830737,1799,1.2941410323E8,
I836167,-1946,2.1909312101E8,2025-09-18
I836321,1407,1.853572508E8,2030-01-01
I842616,174,3488905.69,2030-01-01
I844410,886,6.590379514E7,
I850761,-942,8.754365952E7,2025-10-08
I850955,1429,4.063967023E7,2030-01-01
I851050,616,3.055151282E7,
I853377,-362,2.958258802E7,2025-10-21
I857700,206,1.936614307E7,2030-01-01
I860275,938,6450039.3,
I862373,1513,1.3430731679E8,2030-01-01
I873781,472,2.44698703E7,
I876278,757,4.144994239E7,2030-01-01
I876897,975,3.414461529E7,
I877363,-85,7285668.86,2025-10-21
I881634,-1122,7.210504438E7,2025-09-26
I884222,248,7420549.97,2030-01-01
I886663,583,4.804187465E7,2030-01-01
I893339,168,1.916998327E7,2030-01-01
I893995,963,1.2621546021E8,2030-01-01
I902522,1380,1.0222863901E8,
I904859,1815,2.3468643977E8,
I905637,-1099,4.653521046E7,2025-09-28
I910441,1580,2.0101582071E8,
I912885,1471,9.256291969E7,2030-01-01
I916914,-1749,1.6714890869E8,2025-10-07
I920532,-1791,1.9543571207E8,2025-10-05
I920899,1196,7.148988773E7,2030-01-01
I921862,-640,7.773075951E7,2025-10-21
I922231,1406,2217177.82,
I930194,-1345,1.0110604191E8,2025-10-23
I930568,-1213,4.660927274E7,2025-10-02
I931196,-225,1.383112047E7,2025-10-07
I931618,1560,7.541060348E7,
I824168,-243,1.422249762E7,2025-10-22
I826570,1157,1.3800401393E8,2030-01-01
I833182,-1964,1.5675060603E8,2025-10-01
I824626,1073,1.062866413E8,
I832816,724,8.647731104E7,
I842075,-980,8.414655907E7,2025-10-08
I843415,-575,5.12953184E7,2025-10-21
I844728,699,7.509713889E7,
I850024,1199,1.6694608325E8,
I854608,1553,1.7573988007E8,
I857432,-1475,1.1767031919E8,2025-10-22
I861121,-355,8071081.12,2025-09-14
I868375,50,5738043.72,
I870550,1154,1.6406575677E8,
I878174,1718,6.401203711E7,2030-01-01
I883568,1150,1.153009837E8,2030-01-01
I884068,1102,1.1406352354E8,2030-01-01
I886015,1825,1.4391175098E8,
I890437,1703,1.9396644013E8,
I892652,1840,1.2027407104E8,2030-01-01
I892938,533,5.745978475E7,2030-01-01
I899272,1114,3.12161376E7,2030-01-01
I901250,-629,8.530791646E7,2025-09-21
I901727,1328,2.29690756E7,
I902387,-1335,8.465740825E7,2025-09-21
I903875,863,3.641326119E7,2030-01-01
I911009,-667,7.404827548E7,2025-09-04
I917503,1970,1.4525941923E8,2030-01-01
I918224,291,2.660919707E7,
I924907,-647,6.318996218E7,2025-09-19
I929874,-1672,1.3565204255E8,
I934797,1113,4.605358101E7,2030-01-01
I937233,531,4.55094545E7,
I825381,780,9.110687628E7,2030-01-01
I828078,-519,1.655453395E7,2025-09-21
I828177,1931,2.2308186811E8,2030-01-01
I829470,-1229,1.4615514471E8,2025-10-19
I832194,-1817,5.387844145E7,2025-10-17
I830349,400,3.678812996E7,2030-01-01
I835651,-1054,0.0,2025-10-19
I836579,-1241,1.2074708786E8,2025-09-12
I838789,-1562,9.715077135E7,2025-10-13
I839454,1839,1.5288679944E8,2030-01-01
I839770,-82,6918177.6,2025-10-10
I843041,660,1.803966664E7,
I846452,764,2.718289009E7,
I846603,1862,0.0,
I848265,813,0.0,2030-01-01
I854651,1271,1.0243306948E8,2030-01-01
I868630,1448,1.4160248024E8,
I868895,-83,2405187.1,2025-09-16
I869646,1329,1.5668248385E8,
I871248,1364,1.2420633668E8,2030-01-01
I874088,1843,2.6045227066E8,2030-01-01
I875282,1542,1.0936115502E8,2030-01-01
I877811,1974,2.3369354001E8,2030-01-01
I883548,1575,1.9600625094E8,
I884435,-1708,2.2016603571E8,2025-09-01
I886993,333,4.699857495E7,2030-01-01
I887182,1839,2.3692429608E8,
I891548,497,2.537785206E7,2030-01-01
I896957,289,1.069300472E7,
I897433,150,1.067392375E7,2030-01-01
I899173,1526,9.199351913E7,2030-01-01
I899608,1126,2.798217304E7,
I906885,-566,4.564713115E7,2025-09-24
I909537,1307,1.7286431007E8,
I920117,673,7.945757617E7,
I921009,1602,1.8814453372E8,2030-01-01
I921157,1164,3.715339404E7,2030-01-01
I928341,776,1.0116967275E8,2030-01-01
I932713,285,3.187513158E7,2030-01-01
I933028,1257,1.3054177414E8,2030-01-01
I935408,1223,1.4205305767E8,
I935464,155,1.79883177E7,
I937514,1734,1.34673281E7,2030-01-01
I945932,-583,7.380278342E7,2025-09-23
I949296,574,3.252551747E7,2030-01-01
I954035,395,4472784.58,
I957934,-752,0.0,2025-09-16
I969101,-1733,1.7951859683E8,2025-09-01
I970510,1243,5.9621029E7,2030-01-01
I970995,1017,9.378947616E7,
I971992,938,6.134881892E7,
I983685,1647,2.0410940186E8,
I987692,-1828,1.5345881444E8,2025-10-22
I989843,-841,9.23886858E7,2025-10-11
I996274,962,2.49247699E7,2030-01-01
I998076,1527,1.333566262E8,
I999469,-855,2.307697531E7,2025-10-30
I1000913,-1232,1.240702131E8,2025-09-29
I1003862,-1824,1.0382113729E8,2025-09-02
I1003882,-1814,2.2782673043E8,2025-09-12
I943811,-1467,1.202384622E8,2025-09-18
I950253,-545,2.010192076E7,2025-10-21
I940209,254,3.624613534E7,
I942804,324,0.0,
I953191,-442,8129043.42,2025-10-11
I953284,465,4.84795176E7,
I954293,164,2.451843708E7,2030-01-01
I958025,1288,2.350880438E7,2030-01-01
I959074,1933,1.7123473285E8,2030-01-01
I960811,-337,2.691513265E7,2025-10-21
I961342,1216,5.374678963E7,2030-01-01
I962197,312,3.208574993E7,
I964446,-1345,1.630987883E8,2025-10-17
I968673,384,1.618746015E7,2030-01-01
I971394,-588,9877019.42,2025-10-18
I972563,662,7.764138329E7,
I974501,1249,1.2386013842E8,
I978820,-1328,5.164736748E7,2025-10-26
I980894,746,7.102998061E7,2030-01-01
I988518,1342,1.8013186809E8,
I989576,1322,1.8789381219E8,
I989648,-485,1.657344417E7,2025-09-05
I993683,180,5515633.94,
I994553,530,5.977334818E7,2030-01-01
I995522,-991,1.0232773583E8,2025-10-03
I996828,-247,3.436528723E7,2025-10-11
I1000693,211,1.423382486E7,
I1001488,855,8.349183809E7,2030-01-01
I1005890,1526,7.389627194E7,
I939298,621,7.053409368E7,2030-01-01
I942237,-912,7.433052846E7,2025-10-04
I946822,714,6.25192604E7,2030-01-01
I947786,1303,8.017707947E7,2030-01-01
I952203,-1273,1.8042272642E8,2025-09-19
I959293,605,7.43269341E7,2030-01-01
I959344,1922,7.476666607E7,
I973339,1470,1.0594023122E8,2030-01-01
I974089,-1233,1.0608937274E8,2025-09-15
I981620,307,1.168002449E7,2030-01-01
I982605,-932,9.469486969E7,2025-10-30
I987627,641,9.096064658E7,2030-01-01
I988069,-1258,1.7083725325E8,2025-09-14
I989092,-656,8.164946889E7,2025-09-24
I992041,889,1.1510160842E8,2030-01-01
I996009,1230,4.190525244E7,2030-01-01
I997419,1997,2.9257660307E8,
I998562,52,7112427.65,
I1000066,669,8.842350161E7,
I1001315,835,8.280885428E7,2030-01-01
I1008277,-1299,1.1481334854E8,2025-10-13
I939809,-1361,2.838146778E7,2025-09-01
I940287,900,1.3198055888E8,2030-01-01
I943923,1049,1.2791592653E8,2030-01-01
I943936,171,2.371217398E7,
I954349,-1603,2.2350949167E8,2025-10-20
I954622,112,1.154847374E7,
I957044,1022,9.864531746E7,2030-01-01
I960214,1250,3.599402036E7,2030-01-01
I970594,518,4.40242042E7,
I972815,-1538,4.964577771E7,2025-09-06
I975816,1598,2.3357020239E8,2030-01-01
I976444,406,1.869455536E7,2030-01-01
I978700,359,1.412176963E7,2030-01-01
I980126,287,7965024.53,
I983235,-1367,7.643660444E7,2025-10-28
I983466,-1330,1.454486353E8,2025-10-10
I983669,-267,1.972599653E7,2025-10-02
I987982,1710,1.6181825025E8,
I990414,-1896,4.486097372E7,
I993599,282,3.767849646E7,
I995218,1441,1.6044757161E8,2030-01-01
I996187,-1268,1.2679875553E8,2025-09-06
I998020,547,5.31254516E7,2030-01-01
I998353,222,1.400156575E7,
I1001016,-1503,1.3143056128E8,2025-10-17
I1001252,-1500,1.7493504912E8,2025-10-24
I1007994,1816,2.6833915883E8,
I1008785,691,6007188.94,
I942426,1118,8.082823845E7,2030-01-01
I942786,1589,1.593713888E7,2030-01-01
I943264,-475,1.631782243E7,2025-09-09
I939201,622,1.745257861E7,
I953085,643,3.089764446E7,2030-01-01
I969183,739,5.233817008E7,2030-01-01
I970913,649,6.693796803E7,2030-01-01
I974881,-1038,6.361758676E7,2025-10-13
I981615,1014,7.431308204E7,2030-01-01
I981830,656,8.354350764E7,2030-01-01
I984913,1857,4.463598893E7,
I984993,1903,1.7231911556E8,
I986238,1791,1.7422042283E8,
I990423,1518,1.1569827972E8,2030-01-01
I995198,606,4.004445716E7,2030-01-01
I1001954,179,499396.76,2030-01-01
I1003956,534,6.054449329E7,2030-01-01
I1006347,1396,1.0836514509E8,2030-01-01
I1008491,383,1.807694028E7,
I1009878,754,7.832339058E7,
I939980,-762,6.958717743E7,2025-09-28
I941276,1046,8246617.54,2030-01-01
I943664,219,2.543947749E7,2030-01-01
I946682,1424,1.6590182475E8,
I947830,1476,1.0825148681E8,
I952303,-1336,1.2277693163E8,2025-10-28
I955522,1356,9.646570236E7,
I966211,1386,1.095458392E8,
I969818,-1974,2.4442201155E8,2025-10-30
I970361,-1099,1.5621837462E8,2025-10-19
I975719,-372,1.437939685E7,2025-10-12
I977093,1764,2.2439867403E8,2030-01-01
I980650,1752,2.1950242107E8,
I981242,436,5.152985044E7,
I985432,288,4.318529975E7,2030-01-01
I986285,1169,8.874164295E7,
I987998,584,0.0,2030-01-01
I991294,1151,1.5923017034E8,
I991299,1030,2.967347685E7,2030-01-01
I1002319,1221,3.27550944E7,
I1003374,-1683,8.00068772E7,2025-10-31
I1005508,1516,1.5116634438E8,2030-01-01
I1005881,1039,8.117144962E7,
I1008258,512,2.231036902E7,2030-01-01
I940577,1627,6.666187012E7,2030-01-01
I943931,-1471,6.059882168E7,2025-09-06
I949248,-661,6.370935913E7,2025-10-21
I947012,364,1.159108487E7,
I953433,708,3.061903324E7,
I954921,-229,1.339595412E7,2025-09-19
I958288,-254,0.0,2025-10-11
I959208,969,7929201.07,2030-01-01
I978111,1363,0.0,2030-01-01
I978374,-934,8.579832753E7,2025-10-21
I983519,-853,6.957034326E7,2025-10-24
I983699,-861,1.1253424713E8,2025-09-11
I992430,690,7.322449468E7,
I997133,1233,7.59157093E7,2030-01-01
I999365,1267,1.1327484826E8,2030-01-01
I1004999,-803,1.0828488225E8,2025-10-08
I1008836,-1978,1.1082623338E8,2025-09-11
I940676,1796,2.104249089E8,2030-01-01
I940909,1545,1.6203077276E8,2030-01-01
I947910,1234,8.847097376E7,2030-01-01
I949773,-187,2.69597607E7,2025-10-05
I945779,170,8466270.49,
I951409,1484,8728300.62,
I951472,799,1.106981928E8,
I957270,-1787,2.1807451345E8,2025-09-28
I968305,227,2.543406652E7,2030-01-01
I968867,-537,6.626951869E7,2025-09-23
I969688,286,3.228882156E7,
I974710,-1455,4.944025487E7,2025-10-31
I975199,-1147,1.2999184732E8,2025-10-18
I976891,-264,180438.63,2025-09-26
I978555,-442,6.29118328E7,2025-10-26
I984856,-1425,1.5008614225E8,2025-10-13
I984969,315,2.676284516E7,2030-01-01
I990784,759,4.039986841E7,
I992841,216,1.712634381E7,2030-01-01
I998608,-1415,1.6773860555E8,2025-10-02
I1000455,59,478075.57,
I1007529,1770,1.3399590634E8,2030-01-01
I1007931,187,1.393926359E7,
I1008612,476,5.357925618E7,
I1009095,-806,7.289646118E7,2025-09-27
I938768,476,2.348572747E7,2030-01-01
I940947,-108,5613435.77,2025-09-11
I940347,953,8.668334476E7,
I945261,1730,5.615714324E7,
I947113,-683,4.575915825E7,
I951689,-941,3.108905913E7,2025-09-24
I952801,-893,8.000232305E7,2025-10-30
I958054,897,6.209211374E7,2030-01-01
I959368,-1818,7705774.06,2025-10-21
I959412,-921,4.145870706E7,2025-10-09
I961401,1059,5.862752684E7,
I963854,1547,1.0471628564E8,2030-01-01
I965569,638,2.824148897E7,2030-01-01
I973558,262,2.993683894E7,
I977889,74,4462396.76,
I979638,1653,1.9912017618E8,2030-01-01
I983013,-936,7.1697453E7,2025-10-05
I987707,663,6.842370504E7,2030-01-01
I998320,428,1.427382711E7,2030-01-01
I1006040,-606,6.194387832E7,2025-10-10
I1008977,999,3931440.46,
I941402,1529,7.687468525E7,
I943260,1252,3.798553928E7,
I944945,1945,1.5749510143E8,
I960307,-1566,1.2864546628E8,2025-10-15
I963228,75,1.09066679E7,
I963719,1270,1.4773573519E8,2030-01-01
I968671,-1631,0.0,2025-09-14
I970993,311,5954937.99,
I981222,1615,2.1994729565E8,2030-01-01
I985043,633,3.467125184E7,2030-01-01
I991257,484,1.038587055E7,2030-01-01
I993674,369,7758205.48,2030-01-01
I999313,-611,4.773741904E7,2025-10-18
I1007155,1591,4744105.91,
I1007489,383,1698120.85,
I1007624,-275,3751991.79,2025-09-20
I1008999,1736,2.3680729573E8,2030-01-01
I947046,-1530,1.5630494072E8,2025-10-15
I941034,1415,1.5168470378E8,
I949124,104,1.475130759E7,
I949908,297,1.575727743E7,
I951967,256,2.831293774E7,
I954747,-1666,2.1134892425E8,2025-10-28
I958295,853,1.1604183768E8,
I963833,1567,1.714396588E8,2030-01-01
I963852,509,1416072.53,2030-01-01
I963937,65,7268453.09,
I963991,213,1.889036068E7,
I966447,1613,7.175769181E7,
I968433,511,8230826.28,
I969299,69,5665665.57,2030-01-01
I969571,-996,8.801789145E7,2025-09-30
I969755,216,2.588962199E7,2030-01-01
I980350,-745,7.169380259E7,2025-09-29
I980693,1448,1.2809099278E8,2030-01-01
I984390,-1150,2.51357397E7,2025-09-07
I986949,1264,7.776476784E7,2030-01-01
I989438,262,1.381018005E7,
I993642,1816,2.1127706435E8,
I994065,-900,5.728460709E7,2025-09-01
I997429,1882,4.281147826E7,2030-01-01
I997667,1223,1.7565074789E8,
I998747,68,449325.27,2030-01-01
I1005007,-1131,1.5875252941E8,
I1005397,118,1.133742208E7,
I944938,-1451,2.194966368E7,2025-10-01
I945272,-1542,3.356261824E7,2025-09-10
I944812,907,6.724305639E7,
I954049,1638,2.3101554279E8,2030-01-01
I964430,-837,5.398536863E7,2025-10-11
I967317,84,9954026.6,
I967418,767,3.128909978E7,
I973370,-1737,3.692038199E7,2025-09-29
I975619,666,7.287714768E7,
I976632,534,5.493653239E7,
I980130,280,2.850269919E7,
I981840,-1215,1.3828756864E8,2025-10-11
I993817,180,4248714.86,2030-01-01
I994207,1897,6.794807413E7,2030-01-01
I995665,-698,7.412401371E7,2025-09-21
I998461,580,4.591238964E7,
I1002220,1021,1.872414261E7,2030-01-01
I1007884,-1392,4.824783076E7,2025-09-19
I1008900,352,5.213805287E7,
