item_id,units_sold,revenue,sale_date
I21002,1504,1.4315178063E8,2030-01-01
I21117,387,5.582577391E7,2030-01-01
I20092,253,3764131.83,
I23949,620,6.433156123E7,2030-01-01
I45836,1908,5.708778055E7,2030-01-01
I60080,-1790,1.0360462524E8,2025-09-11
I60652,-1482,0.0,2025-10-18
I64361,1873,1.6542734174E8,2030-01-01
I67759,248,2.491191206E7,
I68205,1801,2.6425731922E8,2030-01-01
I69657,-240,3.347087886E7,2025-10-02
I75864,595,6.357544745E7,
I76022,-1791,2.3174298953E8,2025-09-25
I81714,1615,5.617717281E7,2030-01-01
I85568,-143,2.108587446E7,2030-01-01
I88811,1196,1.7717784831E8,
I88860,1743,4.671467012E7,2030-01-01
I92160,1891,0.0,2030-01-01
I92564,1016,8.103385748E7,
I95438,-1587,1.4149398424E8,2025-09-03
I101115,917,9.930516676E7,
I105102,504,6.196467053E7,
I112261,1799,1.7757489891E8,2030-01-01
I115150,1362,1.214044749E8,
I115634,852,6620888.98,2030-01-01
I115860,-116,4941618.26,2025-09-02
I119419,-423,5.565964554E7,2025-09-11
I120743,-1084,1.3699514382E8,2025-10-24
I126441,1679,1.4424171462E8,
I22953,-943,2.865450366E7,2025-09-02
I23009,-1903,1.4164304894E8,2025-09-17
I24849,839,7.567034659E7,
I30968,377,2.369803335E7,2030-01-01
I33371,315,1.384971246E7,2030-01-01
I33378,1167,1407278.27,
I33731,-500,6267115.76,2025-09-10
I38310,1086,6.607386496E7,
I39486,-1042,1.0480712652E8,2025-10-16
I40139,653,2.169817896E7,2030-01-01
I42663,-946,7.240259161E7,2025-09-02
I43465,1895,4.202333443E7,2030-01-01
I46766,1727,2.3218494318E8,
I48068,1158,1.1340296689E8,2030-01-01
I48326,-219,4871060.3,2025-10-23
I54889,-105,8534845.06,2025-10-20
I55028,-880,1.1711280915E8,2025-09-06
I58002,1651,3039405.34,2030-01-01
I69340,1658,1.7239665872E8,2030-01-01
I70731,183,1.738940267E7,
I80429,-923,1.0749703566E8,2025-10-18
I92957,-327,1.408405769E7,2025-09-26
I101173,-1652,1.7610454221E8,2025-09-27
I102311,1939,5.743525512E7,
I107318,211,2.602495398E7,
I107661,-550,6.596375417E7,2025-09-15
I116558,-1507,1.09246555E7,2025-09-15
I123984,-1520,1.2733243504E8,2025-09-04
I124068,1999,2.7858921511E8,2030-01-01
I10343,-929,2.404304634E7,2025-10-10
I14421,-1781,1.6994332135E8,2025-10-08
I23950,616,2.791455616E7,2030-01-01
I31818,949,2.435602147E7,2030-01-01
I31887,-1255,6.727048783E7,2030-01-01
I32883,891,9.048679804E7,2030-01-01
I36322,1409,9.443124523E7,2030-01-01
I41954,476,4.081180255E7,
I56650,997,2.990844439E7,
I64481,1388,1.763605639E8,
I68116,797,5.28932563E7,2030-01-01
I72644,771,3.420646425E7,2030-01-01
I73956,921,1.480316228E7,2030-01-01
I77553,-128,1.210259813E7,2030-01-01
I77854,849,3.239528315E7,
I81764,509,1.813691674E7,2030-01-01
I86994,-192,1.643117038E7,2025-10-13
I87601,1659,9.226085745E7,
I88239,-1684,1.6790301631E8,2025-09-27
I90495,1554,1.2101845018E8,
I94642,864,8.181556942E7,
I96485,254,2.410163455E7,2030-01-01
I98152,1113,1.599326006E7,
I98214,-972,2.162753534E7,2025-10-30
I107823,-981,1.365018327E8,2025-10-14
I116710,534,2.442160014E7,2030-01-01
I119811,-1401,1.9379415613E8,2025-10-30
I121863,-391,5.796422959E7,2025-10-02
I123013,558,2.945152938E7,
I126606,1893,1.3344839737E8,2030-01-01
I127945,357,1.241497297E7,
I19584,1409,6.417793294E7,2030-01-01
I20565,422,4.685677696E7,2030-01-01
I20626,397,1398211.54,2030-01-01
,1629,2.440617179E7,2030-01-01
I31799,1152,1.1066692953E8,
I37654,-915,1.041861025E8,2025-10-06
I40898,-176,9676005.09,2025-09-09
I45765,752,8.881812197E7,
I50028,1993,8.077540609E7,
I51227,1481,2.193297335E8,2030-01-01
I52828,435,2.980600088E7,
I53693,974,5.347939137E7,
I59874,685,2.567521552E7,
I62714,902,5.898542556E7,
I68516,1760,2.5393024179E8,2030-01-01
I69820,1717,1.9980019154E8,
I71154,1817,3.117095739E7,2030-01-01
I72154,81,901289.71,2030-01-01
I79382,1107,1.5684400436E8,
I85972,1883,1.1938299516E8,
I87914,1330,1.7614726252E8,2030-01-01
I89435,1056,1.90801839E7,
I90656,-1154,1.6386518006E8,2025-10-05
I91882,1811,6.267817321E7,2030-01-01
I112748,-1439,1.0799248225E8,2025-10-05
I116093,679,6.940462193E7,
I118074,1132,1.4601268924E8,2030-01-01
I124571,312,3.662886813E7,2030-01-01
I13826,-946,1.3660908529E8,2025-09-24
I31407,738,9.219241289E7,
I33759,1065,9.239243042E7,
I34158,1644,1.3404241672E8,2030-01-01
I35060,351,2.064323824E7,2030-01-01
I40645,958,2.408441253E7,
I40989,1075,7.991088014E7,2030-01-01
I42269,672,7.157736343E7,
I42583,244,2.141689238E7,2030-01-01
I47365,658,2.55038966E7,
I48510,134,1996886.38,2030-01-01
I51808,631,6.156564711E7,2030-01-01
I54200,1535,2.1199104006E8,2030-01-01
I58456,1704,2.4029922438E8,
I59589,-1199,0.0,2025-09-24
I60502,489,1.624503743E7,
I66154,-1547,2.0956008286E8,2025-09-15
I66972,-1155,1.0746458357E8,2025-09-29
I70352,711,1.0164228367E8,2030-01-01
I71032,919,6.885801971E7,
I71849,1758,1.8361667955E8,2030-01-01
I74542,384,2.078349627E7,
I77747,279,1.572535703E7,2030-01-01
I83543,1246,1.390443112E8,
I83577,995,1.2284582725E8,2030-01-01
I84547,-1115,9183828.01,2025-09-07
I90602,307,8968538.13,
I91070,-1608,1.739757266E8,2025-09-13
I92750,-693,3.719800844E7,2025-10-05
I95161,1121,8.64939095E7,
I101050,953,7060334.83,2030-01-01
I107186,915,1.3273234957E8,2030-01-01
I107821,1394,2.708867591E7,
I108274,1628,1.36616106E8,2030-01-01
I112901,1090,1.5462677054E8,2030-01-01
I116090,1503,1.539899788E7,
I118799,-1402,1.8082588863E8,2025-09-17
I120673,664,9.728818123E7,2030-01-01
I123921,295,1.330599158E7,2030-01-01
I124607,-1716,0.0,2025-10-17
I126267,842,4.499493275E7,
I10604,1567,2.3284295527E8,2030-01-01
I12409,69,3762651.63,2030-01-01
I16180,1252,9.480975866E7,2030-01-01
I17881,1656,2.1901545883E8,2030-01-01
I20330,1755,7.798390001E7,2030-01-01
I20818,1133,9.79999645E7,2030-01-01
I18808,134,1.723947445E7,
I20786,140,1.907333083E7,
I20812,570,3869853.83,
I26585,1458,1.248469354E7,2030-01-01
I31057,-165,3015018.88,2025-10-25
I36766,1641,2.3948528438E8,
I40404,1228,0.0,2030-01-01
I40867,1473,2.1651641556E8,2030-01-01
I53872,-533,5502170.0,2025-09-02
I59262,-250,2.187634536E7,2025-10-15
I60891,-949,1.1212392938E8,2025-10-20
I62683,612,6.795755921E7,2030-01-01
I62819,142,2304054.37,
I67662,-1220,5.996356378E7,2025-09-25
I68498,-1592,1.8018212112E8,2025-10-24
I69484,675,8701526.01,
I71297,-1839,4.161670883E7,2025-09-24
I71793,1301,1.5607805692E8,
I73770,-857,1.1875390834E8,2025-09-15
I76752,1854,1.668255694E7,2030-01-01
I77465,-1147,1.4751568886E8,2025-10-13
I79385,1195,2.029609942E7,2030-01-01
I81651,-179,2.046502068E7,2025-09-15
I81984,686,5.611532892E7,2030-01-01
I82251,-788,9.918789817E7,2025-09-16
I84567,-1078,2.046226322E7,2025-10-15
I86188,403,2.225880984E7,2030-01-01
I86566,1610,3.87304468E7,
I86567,-1342,1.5562009714E8,2025-10-19
I91866,-1742,2.0346963668E8,2025-10-03
I94569,643,3.784058734E7,2030-01-01
I98834,1969,1.7811860699E8,
I112164,1551,2.11507672E7,2030-01-01
I112442,-936,2934313.83,2025-09-16
I115813,-1597,2.3650929697E8,2025-10-07
I120962,268,7692721.36,
I126756,874,9.534238053E7,2030-01-01
I12362,-1842,2.3381537942E8,2025-10-11
I13555,-698,9463624.85,2025-09-16
,853,5.939172245E7,2025-10-17
,771,1.510873373E7,2025-10-20
,1549,1.1872803793E8,2025-09-04
I32359,1414,3.673573146E7,2030-01-01
I34517,857,8.637525643E7,
I35347,1284,1.7635238085E8,
I45462,-61,1253441.79,2030-01-01
I53402,133,936396.38,
I57903,61,3388692.07,
I58045,847,1.0231710476E8,2030-01-01
I76904,-125,1.312120727E7,2025-09-30
I81696,1383,1.7995786364E8,2030-01-01
I93149,-486,9660750.29,2025-09-14
I93507,1054,6.892015237E7,2030-01-01
I103430,1964,2.095469765E7,
I104827,1556,1.9078629349E8,
I107416,-1189,5.97313887E7,2025-10-19
I108893,1712,2.5473329227E8,2030-01-01
I114591,-441,4.126359682E7,2025-09-17
I114964,72,9823990.18,2030-01-01
I117733,367,9438472.78,
I119742,1938,1.4579129025E8,2030-01-01
I120539,375,1.553927824E7,2030-01-01
I120954,466,6.949597093E7,2030-01-01
I122547,1145,1.6828075783E8,
I123077,1649,3.145967375E7,2030-01-01
I124505,-1353,4.76011742E7,2025-10-07
I125515,-1883,1.9451136594E8,2025-09-16
I11338,1718,9.258048448E7,2030-01-01
I14565,-1755,1.765163172E8,2025-09-03
I11041,55,721914.63,
I21205,709,0.0,
I21582,407,5.748171856E7,
I30001,483,9816620.41,
I37197,1650,5.905178739E7,
I41469,1631,1.0561690479E8,2030-01-01
I42525,1619,2.1796655801E8,2030-01-01
I45497,1114,5.429241036E7,
I48160,875,6.164848248E7,2030-01-01
I49917,1516,6.910922858E7,2030-01-01
I56989,1483,1.4784177979E8,
I58539,685,4.123750938E7,2030-01-01
I70138,1015,1.477907278E8,2030-01-01
I71510,611,2.238291847E7,2030-01-01
I73617,-1799,3.442221664E7,2025-10-17
I80824,1743,1.7358208495E8,2030-01-01
I82858,900,7.217580369E7,2030-01-01
I83296,1270,3.953731791E7,
I85388,700,1.987811096E7,
I87150,-784,2.018368711E7,2025-10-22
I87458,910,4.34277394E7,
I93297,-1184,7.63070297E7,2025-10-02
I95789,-1068,1.1582186844E8,2025-10-14
I98110,728,8.403710126E7,
I114759,1601,3.821042509E7,
I119580,-241,2.836023461E7,2025-10-04
I119769,643,4.40371241E7,
I126885,822,8.132037952E7,
I13065,809,9.150284284E7,2030-01-01
I14003,-212,1.669735869E7,2025-09-07
I19978,1749,1.9255835228E8,2030-01-01
,1590,8.357250267E7,2025-09-10
I26442,1064,1.5085320761E8,2030-01-01
I27759,1706,2.3664763152E8,
I30773,582,6.46875279E7,
I31029,-199,2.658860204E7,2025-09-23
I38455,-244,2.247173066E7,2025-09-15
I48200,92,7708327.6,2030-01-01
I52809,1283,3.196459719E7,2030-01-01
I54009,-1838,2.5226030246E8,2025-09-09
I59657,472,5.273442089E7,2030-01-01
I61094,1077,1.2669408524E8,2030-01-01
I64693,940,7.997193822E7,
I66380,1686,2.0632331596E8,
I69177,539,4.904618854E7,
I73183,1809,8.498837634E7,2030-01-01
I80929,-1832,2.6018839694E8,2025-09-03
I82733,130,6948315.81,
I83118,-1138,1.4388968076E8,2025-10-25
I83226,479,3.162344357E7,2030-01-01
I87246,-1655,1.438762438E8,2025-09-09
I88904,-957,4.40692272E7,2025-09-09
I102831,125,7440507.24,2030-01-01
I106159,1558,1.4381600386E8,2030-01-01
I107431,849,4.04978837E7,
I110146,-1615,1.1787963217E8,2025-09-16
I119611,473,4.797053597E7,2030-01-01
I19997,-350,1.853476043E7,2025-10-07
I21108,1259,1.403232871E8,2030-01-01
I14245,376,4.209192354E7,
I14549,1421,0.0,
I22541,938,1.0962091518E8,
I24294,416,4.973016385E7,2030-01-01
I25146,-572,8.134990737E7,2025-10-07
I27423,926,1.1962196257E8,2030-01-01
I27476,1891,1.5339181283E8,
I34171,1729,3.612856013E7,
I39703,-143,1.137516763E7,2025-09-22
I44311,-1634,8.737751596E7,2025-10-29
I47072,-744,4945683.29,2025-09-28
I53129,-450,8998750.68,2025-10-16
I53636,1212,1.2008661789E8,2030-01-01
I53848,222,1.613512015E7,2030-01-01
I54472,1351,1.758933538E8,2030-01-01
I57813,552,5.603154497E7,2030-01-01
I57873,579,5.998362088E7,
I59097,-547,6.852925905E7,2025-10-27
I62146,1863,1.4831680084E8,2030-01-01
I63255,53,4673026.98,2030-01-01
I64655,917,1.3448377262E8,
I77573,-1253,1.3254910121E8,2025-09-25
I79479,-909,1.476492757E7,2025-10-06
I79535,399,0.0,
I80177,120,5325758.48,2030-01-01
I84476,-1965,1.8910171599E8,2025-09-26
I87854,-1664,2645920.12,2025-09-10
I91424,395,3.536327859E7,
I91948,806,9496266.87,2030-01-01
I96862,-1784,2.0709904505E8,2025-10-25
I100740,1398,1.6735892796E8,
I100993,1421,1.7920626869E8,
I102869,1274,1.807802583E7,
I107010,-649,9.341558623E7,2025-10-26
I107505,-1171,4.799877557E7,2025-10-14
I111236,899,2.469326105E7,
I111749,-1237,1.8148039806E8,2025-10-27
I112977,-1457,7.204840933E7,2025-09-16
I115701,1512,4.547133049E7,2030-01-01
I116773,58,3133706.72,2030-01-01
I118266,-1914,1.007038382E7,2025-09-04
I121694,-496,0.0,2025-09-20
I126497,928,1.0113727354E8,2030-01-01
I127499,569,0.0,2030-01-01
I21893,1870,1.579474324E7,2030-01-01
I19162,341,5958412.88,
I24135,1514,7.704760537E7,
I25135,-703,9.959022712E7,2025-09-09
I27091,1795,9.617333397E7,
I30092,-1979,2.8577089994E8,2025-09-04
I31989,-1588,1.6327289798E8,2025-09-03
I33056,1416,2.189211723E7,2030-01-01
I33850,763,0.0,
I34037,-1023,1.1279855108E8,2025-10-13
I40613,-1308,6.320402928E7,2025-09-21
I48011,916,9.245774026E7,
I48783,1245,3.023292892E7,2030-01-01
I49046,183,2.289316865E7,
I55792,-1157,1.5977965964E8,2025-09-13
I60349,300,1.72915534E7,
I76633,1335,6.453289492E7,
I83756,1715,4.430058456E7,
I89970,1111,4.881285617E7,
I91957,1395,1.9054885039E8,
I96093,863,2.259849506E7,2030-01-01
I97287,861,1.0573495706E8,
I100889,544,6.475371798E7,2030-01-01
I102113,750,1.874626827E7,2030-01-01
I104605,-1257,1.0337727329E8,2025-10-07
I106248,488,2.578756694E7,2030-01-01
I106823,-1564,1.8895715592E8,2025-09-20
I107382,-663,8.604684775E7,2025-09-22
I112804,1696,1.1777486494E8,
I115109,1202,9.053429631E7,
I119567,-1281,1.8355644791E8,2025-10-13
I124621,1629,1.971657224E8,
I14460,-636,5.997834692E7,2025-09-28
I19037,191,2.775767183E7,2030-01-01
I21220,1245,8.945488713E7,2030-01-01
I21781,-1890,2.7038202532E8,2025-09-12
I21692,1082,3.277809914E7,
I22597,1265,1.0595322566E8,2030-01-01
I25288,570,5.236778624E7,
I25980,-1095,3.250182363E7,2025-09-03
I27380,257,2.615163806E7,2030-01-01
I27562,852,7.978122976E7,
I28878,-1770,1.0044688097E8,2025-10-11
I35325,1571,7.324495109E7,
I37258,459,6.60809561E7,
I46744,1430,8.409443973E7,
I49286,812,8.606866554E7,2030-01-01
I51114,1100,1.1785036541E8,
I52509,-408,2.627215152E7,2025-10-19
I54929,1838,2.7192599653E8,
I58519,-383,3.9870387E7,2025-09-13
I60414,486,3.330919571E7,2030-01-01
I67241,-1602,1.9827169127E8,2025-10-06
I67674,1277,1.8167715483E8,
I69554,-1017,2.445332965E7,2025-09-02
I74816,1833,0.0,2030-01-01
I77355,673,8.066601878E7,
I79924,-749,2.510148383E7,2025-09-05
I83890,922,2.012426614E7,2030-01-01
I84426,-1079,2.398912727E7,2025-09-14
I86200,310,3.453454189E7,2030-01-01
I92509,1315,1.805323977E8,2030-01-01
I94249,-416,1.313225143E7,
I94451,687,9.991382728E7,2030-01-01
I95589,1012,8.175999107E7,2030-01-01
I103828,-1957,1934662.22,2025-10-20
I104072,1281,1.7695386057E8,
I106145,-674,3.515419956E7,2025-09-05
I109913,1550,2.971813396E7,
I111952,1491,0.0,2030-01-01
I125248,169,6991006.8,2030-01-01
I127126,782,2.242233922E7,
I131950,115,952978.28,
I141137,1515,1.535054139E7,
I148058,329,2.584463714E7,2030-01-01
I150272,-1229,3.593512618E7,2025-10-23
I151184,-177,2.448956188E7,2025-09-18
I152024,498,2.771333112E7,2030-01-01
I156509,968,1.2511634211E8,2030-01-01
I157798,362,2.47125106E7,
I164523,621,6.282504344E7,2030-01-01
I165148,1420,1.8306615867E8,
I169121,-1239,1.008573365E7,2025-09-12
I173249,622,6.342688002E7,
I174013,-1826,1.9980062491E8,2025-10-20
I174942,379,3.408085396E7,2030-01-01
I175859,913,1.0456340834E8,
I181354,482,5.284023718E7,
I183347,1277,1.1289518517E8,2030-01-01
I189773,1094,0.0,
I191584,280,1.283063718E7,2030-01-01
I195019,1240,1.7359450702E8,
I200353,1810,1.7042945125E8,
I202922,-187,2.45413492E7,
I203412,-1256,6.770524968E7,2025-10-28
I204797,1904,1.6203154988E8,2030-01-01
I204838,-1403,1.0912431611E8,2025-09-23
I215080,1565,1.7588692024E8,2030-01-01
I216422,-1233,1.3064267805E8,2025-10-29
I219391,1800,3.873219773E7,2030-01-01
I219683,1158,5.095863541E7,2030-01-01
I220854,407,1.998516522E7,
I225749,564,3.886164064E7,
I228053,393,4.284549573E7,2030-01-01
I237265,257,2.925447595E7,
I238285,-1032,5.300277086E7,2025-09-13
I128280,-1382,2.386929274E7,2025-09-06
I135154,1614,2.0085668648E8,2030-01-01
I137034,808,0.0,2030-01-01
I142031,1815,7.240106395E7,2030-01-01
I142134,-1891,1.8572143075E8,2025-10-13
I145314,-1485,4.598379364E7,2025-10-02
I146569,-631,7.738673649E7,2025-10-10
I147853,1239,1.0098651648E8,2030-01-01
I151634,-1257,1.386158311E8,2025-09-19
I159758,-229,2.721496526E7,2025-10-06
I161534,1995,2.8018821554E8,2030-01-01
I165765,-957,6.778268625E7,2025-09-07
I166386,1186,1.3646899168E8,2030-01-01
I169665,1656,2.0530138612E8,
I173554,1184,6.05010628E7,2030-01-01
I181003,740,9.397561438E7,
I181187,1217,1.2712661254E8,
I186572,1110,1.1566495092E8,2030-01-01
I186609,-424,1.696091307E7,2025-09-21
I202209,172,8282382.23,
I205710,711,5.913224781E7,2030-01-01
I211345,764,9.932003882E7,2030-01-01
I213553,1701,1.9907866608E8,2030-01-01
I215811,96,1.398832922E7,2030-01-01
I216421,-1176,1.5077259792E8,2025-09-11
I217214,-1314,1.9235562984E8,2025-09-28
I217421,412,4.639380792E7,2030-01-01
I221467,-101,1.180137316E7,2025-09-02
I231983,702,0.0,
I237722,-99,1.106640952E7,2025-10-28
I241881,1084,4.221891295E7,
I243457,-1542,3.979155828E7,2025-10-15
I130726,-1108,1.016798579E7,2025-10-17
I131873,258,8444344.33,2030-01-01
I133834,1431,1.1054316739E8,2030-01-01
I138542,1153,9.207050163E7,2030-01-01
I137280,1087,1.4829874175E8,
I144629,-1827,9.681629956E7,2025-09-10
I148327,-147,1.771426075E7,2025-10-29
I148689,-703,2.129201352E7,2025-10-15
I149141,-1683,1.5572571946E8,2025-10-26
I151894,1808,1.0048218916E8,
I152483,1397,1.9312086531E8,2030-01-01
I152927,1756,2.452741664E7,2030-01-01
I156238,-1262,2.377226986E7,2025-09-17
I157418,266,2.322196091E7,
I157935,-228,2.128952572E7,2025-09-24
I162268,435,6.418212052E7,2030-01-01
I168035,157,1.704798876E7,
I169457,-402,3.036222136E7,2025-10-22
I171382,-474,4.462111431E7,2025-09-22
I172006,637,6.285742475E7,
I172644,-1869,1.771607488E8,2025-09-21
I173632,1536,2.2271348299E8,2030-01-01
I174138,-360,2.394132114E7,2025-09-05
I175955,1461,3432669.33,
I176101,-662,8445351.32,2025-10-21
I176807,733,3.325310811E7,2030-01-01
I180719,609,2.147544282E7,
I182034,1755,1.9636308329E8,2030-01-01
I182358,522,3.39902164E7,
I183651,1395,1.1553854483E8,2030-01-01
I186806,1015,1.1995955815E8,
I188755,1006,5.369267927E7,2030-01-01
I191100,917,4.70890869E7,
I209411,526,7478391.03,
I212261,322,3.846593076E7,
I213497,1460,1.5798283367E8,
I216539,577,7.983018449E7,2030-01-01
I217384,1343,3.089529984E7,
I218450,304,9238373.13,2030-01-01
I233575,712,1.311783361E7,2030-01-01
I236953,1498,1.5047048738E8,2030-01-01
I238932,957,6.155900474E7,2030-01-01
I242421,-998,4.377031587E7,2025-10-28
I242572,1724,1.934060926E7,2030-01-01
I243101,-436,3.758484993E7,2025-09-24
I243258,273,3.125995851E7,2030-01-01
I131434,97,5682695.76,2030-01-01
I131812,1558,8.512234733E7,
I136790,1505,2.0485110668E8,
I146436,-822,1.0216090314E8,2025-09-29
I147910,608,5271320.51,2030-01-01
I154825,936,9903420.05,2030-01-01
I156514,-1025,7.767135075E7,2025-09-17
I161694,1574,1.436800895E8,
I166465,-1382,1.5775574901E8,2025-09-15
I168942,515,5.246931054E7,2030-01-01
I175762,-1272,1.4765638744E8,2025-09-02
I182280,808,3.940117167E7,2030-01-01
I183065,673,8.789729504E7,2030-01-01
I183450,197,2.077163905E7,
I189043,-614,2.899174971E7,2025-09-21
I191548,1429,1.3348785756E8,
I192452,1418,2.1146518135E8,2030-01-01
I193478,-1641,8.127940916E7,2025-09-28
I198597,249,1.847033507E7,2030-01-01
I208120,252,1.151301163E7,2030-01-01
I209783,1009,2.968815033E7,2030-01-01
I210460,1358,1.5413438503E8,2030-01-01
I218124,777,4.834865227E7,
I219621,-988,7.532359878E7,2025-09-12
I228584,1211,5873220.66,2030-01-01
I228736,-142,2778083.86,2025-09-21
I229318,1265,1.8140406406E8,2030-01-01
I230639,229,6233834.43,
I231684,1454,2.60167658E7,2030-01-01
I237372,734,0.0,
I239865,1287,2246866.74,
I242499,-966,6.626780551E7,2025-10-20
I132689,-248,2.068780202E7,2025-10-30
I136576,323,4.718297194E7,2030-01-01
I134957,1131,4.371277068E7,
I135353,1656,1.8384879718E8,
I148400,1681,2.3718872304E8,2030-01-01
I150761,-1849,2.1029973215E8,2025-09-18
I161064,1051,1.3231262664E8,2030-01-01
I162514,152,1.789467485E7,2030-01-01
I164913,1492,4.802851711E7,
I167438,193,8600077.85,
I174491,-646,5.837593466E7,2025-09-22
I176591,-822,7697756.79,2025-10-07
I182542,-1207,1.4868290492E8,2025-09-30
I185711,1460,1.69023E8,
I188435,-462,5.579698872E7,2025-09-06
I188637,-1497,1.2297110266E8,2025-10-27
I188766,1853,0.0,
I192794,921,2.881852779E7,
I195213,537,2.654952731E7,
I197501,1072,1.5000864845E8,
I198656,-135,1.279987221E7,
I211968,-1314,1.5905532777E8,2025-09-25
I217399,1357,2.796414345E7,
I222807,1254,9.691235824E7,2030-01-01
I226380,445,2.73643514E7,2030-01-01
I232999,-69,1420082.54,2025-09-01
I237077,1083,1.2802338416E8,2030-01-01
I237713,902,2.212365217E7,2030-01-01
I238802,1939,2.4048026216E8,
I240457,1930,1.4768402041E8,2030-01-01
I240947,-623,5.485357955E7,2025-09-17
I242507,867,3.342491664E7,2030-01-01
I131665,1469,1.3856567269E8,2030-01-01
I132536,476,6.845800419E7,2030-01-01
I135597,-268,3.194145109E7,2025-10-01
I141237,541,5.357819071E7,2030-01-01
I142153,932,4.431512234E7,
I142167,-1358,9.406091073E7,2025-10-25
I148592,809,4.762512871E7,
I150699,-1409,1.0186332704E8,2025-10-28
I154256,747,1.0564752054E8,2030-01-01
I155336,375,9744446.54,2030-01-01
I155337,935,6.25823155E7,
I156422,-720,5.675254053E7,2025-10-26
I156752,-131,1.817515631E7,2025-10-22
I157446,834,3.456381433E7,2030-01-01
I161570,-1860,2.5199916379E8,2025-09-02
I164082,1942,2.541503537E8,
I165132,1638,2.076492384E7,2030-01-01
I165816,440,5.116152445E7,2030-01-01
I166717,190,1.516781684E7,2030-01-01
I170836,-946,9.012235079E7,2025-09-24
I177032,1188,1.3610440924E8,
I177750,1649,8.737088354E7,2030-01-01
I180977,1916,9.805190798E7,
I185703,270,2.875641561E7,2030-01-01
I202130,1088,8.345274042E7,
I202186,957,9.626349172E7,
I202330,-806,1.1927028501E8,2025-10-01
I211813,-1502,8138859.53,2025-09-20
I219119,-1260,1.6748688844E8,2025-09-24
I221309,1269,1.2405981495E8,
I225790,1324,5.345141517E7,2030-01-01
I228674,1742,1.8549389518E8,
I230381,1978,2.520913453E7,
I235902,1493,1.2216632471E8,2030-01-01
I238829,1828,5.694626953E7,
I130497,1569,7.773924592E7,
I134092,627,9030389.31,
I138555,1919,2.1723061024E8,
I139609,1012,3.647645604E7,
I142296,679,9.071692511E7,
I142469,1692,1.9669600327E8,2030-01-01
I144110,-1645,1.2615712854E8,2025-09-02
I155919,-441,4.344947721E7,2025-10-06
I156229,383,3.638025519E7,2030-01-01
I162691,1175,3.087786504E7,
I167031,1959,1.3505096084E8,2030-01-01
I168034,1007,2724745.36,
I178118,1445,2.130830176E7,
I179456,-1757,1.2419111354E8,2025-10-17
I183768,1609,2.0674606718E8,
I188555,-1200,7.26329201E7,2025-10-15
I190255,-1644,1.9275823967E8,2025-10-26
I190557,-524,5.172985353E7,2025-10-03
I191290,1854,1.1946256035E8,
I193557,-1711,1.946218127E7,2025-09-01
I208167,-964,7.635302305E7,2025-10-05
I208946,-1891,2.3047156018E8,2025-09-13
I215857,1724,2.3872351293E8,2030-01-01
I222210,-1965,1.0936776251E8,2025-10-02
I228741,388,5.498874798E7,
I236988,1906,2.2776264693E8,
I239598,1173,5.375442416E7,2030-01-01
I128451,683,0.0,2030-01-01
I130258,1797,1.63058068E7,2030-01-01
I131605,263,1375873.07,2030-01-01
I128814,278,2.2970801E7,
I129236,1328,8917169.38,
I136415,1890,6021720.9,
I144479,1681,4.477681935E7,
I145858,1321,9.368412738E7,
I146186,982,2.073092933E7,
I150833,479,5.845649419E7,
I156274,-1013,2.838477976E7,2025-10-18
I166630,632,5.842322178E7,2030-01-01
I168400,1018,8.952899952E7,
I175840,1305,8.222901813E7,2030-01-01
I177386,1893,2.2967807169E8,2030-01-01
I180915,1221,2.624268473E7,2030-01-01
I184684,1321,1.3700144764E8,
I185557,-1055,1.208480584E7,2025-09-04
I190007,-1239,7.501830536E7,2025-10-06
I193541,1763,4.854297696E7,
I195413,1128,8.305401869E7,2030-01-01
I195875,1641,1.504974205E7,
I196856,-865,3.116810144E7,
I200842,1272,1.8633444661E8,2030-01-01
I206803,1816,1.664760036E7,2030-01-01
I207280,993,6.218742398E7,
I207334,-1690,1.7213319884E8,
I207857,287,2.43692655E7,2030-01-01
I211737,-1937,2.8305193763E8,2025-09-06
I217663,-1566,8.396450907E7,2025-09-12
I218017,1614,7.846370471E7,
I223017,1652,4.302912039E7,2030-01-01
I224541,1291,4328360.41,2030-01-01
I225250,1284,5.579702037E7,
I233589,-1632,1.0724455768E8,2025-09-11
I234303,1393,5.28257205E7,
I235510,79,9698100.85,
I239421,1438,8.133834602E7,
I242879,1755,4.702884358E7,2030-01-01
I129457,604,8.768617824E7,2030-01-01
I129980,980,4.706989295E7,2030-01-01
I134445,-178,1.3652477E7,2025-10-19
I139446,761,7.24150518E7,2030-01-01
I130201,1564,4.592036428E7,
I147052,1631,1.3422969363E8,2030-01-01
I147672,-973,8.918735929E7,2025-09-15
I149909,1758,1.7932944329E8,2030-01-01
I156673,347,2.978969297E7,2030-01-01
I156795,-608,7.334823076E7,2025-09-18
I158149,1850,7.437217754E7,
I170349,125,6181529.36,
I173160,961,1.1879133914E8,2030-01-01
I174745,1525,8.222450457E7,2030-01-01
I177223,1288,1.6751613072E8,
I184544,1575,1.0028273158E8,
I187957,1576,1.50933952E7,
I191621,946,7647208.22,2030-01-01
I191992,-1109,1.3051450946E8,2025-10-03
I192702,1614,4.696946804E7,
I202750,1613,3.37004713E7,2030-01-01
I209091,-1236,1.3329667869E8,2025-10-16
I214938,579,2.824186628E7,
I217727,1899,6.155381466E7,
I219403,-111,1926105.95,2025-09-07
I229849,1702,0.0,2030-01-01
I230694,-1469,1.2818140526E8,2025-10-14
I231042,1529,4.263802392E7,2030-01-01
I232215,1154,1.501299581E8,2030-01-01
I234585,217,899381.05,
I234691,1308,1.5945213976E8,2030-01-01
I235049,483,6.786237818E7,
I235245,-1723,2.3874682834E8,2025-10-06
I236349,440,1.640862299E7,
I238578,61,6994435.0,
I242613,-802,6.857611848E7,2025-10-21
I128607,-1113,1.5438785435E8,2025-09-27
I129673,-1038,1.1864091917E8,2025-10-25
I133297,986,3.764493114E7,2030-01-01
I134190,-711,9.977412756E7,2025-09-07
I134797,1404,2.689088063E7,2030-01-01
I135384,1100,1.3011236236E8,2030-01-01
I146022,1060,1.4937057344E8,2030-01-01
I152168,452,1.463491302E7,
I153909,-1625,2.1087639061E8,2025-09-28
I154219,895,3.461569128E7,2030-01-01
I154469,1744,1.19082246E7,
I160942,1236,7.315398308E7,2030-01-01
I162051,-684,2878315.52,2025-09-18
I169262,547,2216976.3,2030-01-01
I172680,495,6.248099174E7,2030-01-01
I176218,-874,9.133808071E7,2025-10-04
I177782,978,6.158361845E7,
I183635,129,1.886118417E7,2030-01-01
I187537,-557,4.278270676E7,2025-10-06
I189833,-1932,7.172354064E7,2025-10-12
I192687,-1973,5.180399744E7,2025-10-19
I196636,1663,2.1482939887E8,2030-01-01
I196822,-870,9.059311652E7,2025-09-03
I201649,633,5.284121656E7,2030-01-01
I202211,-770,3.405531206E7,2025-09-06
I203902,1059,7.064119859E7,2030-01-01
I213325,1228,1.042665465E7,2030-01-01
I215142,-1036,9.785031675E7,2025-09-15
I224213,1094,1.354618967E8,2030-01-01
I226426,1086,1.3567962153E8,2030-01-01
I230043,-937,1.0188757102E8,2025-09-29
I230572,360,2.601909504E7,
I232776,405,4.618407654E7,
I235543,-1161,1.1215629835E8,
I240233,1784,2.3028961E7,2030-01-01
I242807,-746,9.295765898E7,2025-09-10
I134159,-1806,1.686178037E7,2025-09-11
I140403,-356,9029217.07,2025-10-28
I140450,-221,1.884591688E7,2025-09-28
I129561,582,0.0,
I130559,1241,2.054008788E7,
I155440,-897,2.550784315E7,2025-09-18
I157902,1217,1.6670050267E8,2030-01-01
I162219,-294,4.163727864E7,2025-09-19
I166343,1839,1.4723132165E8,
I168851,1724,2.5505073179E8,2030-01-01
I169255,-1611,1.1041455973E8,2025-10-20
I169452,1584,2.1193348664E8,2030-01-01
I172287,635,3.883783042E7,
I182418,866,7.684210541E7,
I184874,1862,5.204210216E7,2030-01-01
I185781,-1113,4.158322688E7,2025-10-15
I186229,-1540,8.432899712E7,2025-09-14
I189714,331,3.184930892E7,2030-01-01
I193088,1213,1.567664325E8,
I193129,523,6.629313626E7,
I200689,384,1.72236082E7,
I201582,992,1.0953161938E8,
I208951,300,4.074377554E7,2030-01-01
I209106,-494,3.105764482E7,
I209714,1407,1.855969276E7,
I221557,1016,3.924605272E7,2030-01-01
I221924,565,4.309456274E7,
I223063,1649,1.9696776898E8,
I223185,803,9.883111481E7,
I228236,201,298638.17,
I230939,997,9.594383244E7,2030-01-01
I238215,1791,1383723.4,2030-01-01
I241127,1641,1.7639993059E8,
I129075,798,8.436755371E7,2030-01-01
I131099,-1633,6.065226243E7,2025-10-04
I132936,-1237,3.630319427E7,2025-09-18
I133302,-1451,8.953674139E7,2025-09-09
I133594,184,1.425565314E7,2030-01-01
I134106,173,2.230498913E7,2030-01-01
I135290,-1335,4.705517347E7,2025-09-24
I138122,-784,1.467290448E7,2025-09-13
I138879,-1081,1.1609481953E8,2025-10-28
I132876,1048,1.2425196552E8,
I133210,922,1.0455921695E8,
I144491,-1543,0.0,2025-10-06
I145687,-349,5.170451777E7,2025-09-04
I154163,1276,1.2766478117E8,
I154257,634,5.683917105E7,
I159896,-1954,2.7343756667E8,2025-09-21
I161214,-1657,1.9128040789E8,2025-10-08
I161485,-1893,1.153734862E8,2025-10-01
I178915,-1179,1.2845867088E8,2025-09-19
I183243,296,1.185127433E7,2030-01-01
I185417,-1134,4.408155796E7,2025-10-27
I186851,1705,1247580.06,
I187655,-810,7.115799289E7,2025-10-09
I187725,1519,1.4326882297E8,
I189384,1538,4.409465053E7,2030-01-01
I189949,-1158,1.4882344287E8,2025-09-27
I189961,1611,5.403999371E7,
I191199,540,2.279570742E7,2030-01-01
I193850,-290,4.055420222E7,2025-10-09
I198294,1881,1.8444343813E8,
I204698,470,5.92781131E7,2030-01-01
I208293,897,8.745776719E7,2030-01-01
I211378,1708,2.4091633285E8,
I216887,975,1.164113211E8,2030-01-01
I219137,547,5.780092747E7,
I219979,1535,1.6882134635E8,2030-01-01
I221610,-529,3.034233745E7,2025-09-01
I221860,-80,3984033.28,2025-09-11
I224661,1770,1.2627638436E8,
I225429,-1494,1.5923058919E8,2025-09-08
I225885,74,8739539.58,
I227360,-991,3543245.71,2025-10-04
I227410,693,3.130628233E7,
I228681,1841,5.650803821E7,
I229480,1190,3073283.05,
I236293,-223,2.102236453E7,2025-10-25
I254424,-1345,3.239980475E7,2025-09-30
I256489,894,1.183753243E8,2030-01-01
I253725,872,3.712379614E7,
I259066,350,6079933.63,2030-01-01
I265668,-1820,1.7304146425E8,2025-09-20
I267080,-903,7.969930579E7,2025-09-23
I274952,421,5.370525882E7,2030-01-01
I275389,1589,1.2000410214E8,2030-01-01
I280308,-436,3698965.81,2025-09-02
I281860,760,1.115342094E7,
I288238,1927,2.447287349E8,
I295610,-951,1.296496236E8,2025-09-18
I297547,392,5.682580845E7,
I309193,1134,2.239975574E7,
I315402,271,4631701.39,2030-01-01
I326244,585,3.054104579E7,2030-01-01
I332822,856,1.2778958456E8,2030-01-01
I336614,971,1.0282774182E8,
I345787,1905,1.6877528423E8,2030-01-01
I348401,-892,1.910402964E7,2025-09-08
I349910,-52,3045089.05,2025-09-19
I353904,1234,1.3090120695E8,2030-01-01
I354361,1342,7.428159851E7,
I356044,1384,1.3814442415E8,
I356541,-1910,2.2802996469E8,2025-10-26
I359580,1983,1.2226273719E8,2030-01-01
I247808,562,2231538.27,2030-01-01
I248119,-362,4.480064935E7,2025-10-03
I253681,418,4.288556739E7,2030-01-01
I244645,953,1.3717826934E8,
I247345,1835,1.1206835882E8,
I247421,1039,1.5322356123E8,
I258086,729,9.458323725E7,2030-01-01
I261277,-179,1.665065013E7,2025-10-21
I270915,604,5.97518724E7,2030-01-01
I272094,1078,2.308903877E7,2030-01-01
I275954,1907,1.5998736574E8,2030-01-01
I277767,438,2.116751504E7,2030-01-01
I281052,841,9441967.12,
I282382,225,3.090199791E7,
I285104,-531,6.854588785E7,2025-10-20
I287415,1551,2.170378939E8,
I290180,1325,0.0,2030-01-01
I291911,1983,1.0572619254E8,2030-01-01
I295751,373,1.776158084E7,2030-01-01
I300750,-1993,6.320035169E7,
I304460,1677,5.466244738E7,2030-01-01
I308983,-1337,1.8646112362E8,2025-10-26
I309529,-1052,6.62359692E7,2025-09-28
I309883,791,8410430.71,2030-01-01
I317486,1423,2.1029350821E8,
I323397,1416,6.15950736E7,
I328781,1244,9.004434439E7,
I331635,338,9537107.46,2030-01-01
I337470,1041,1.4131383031E8,
I341403,-954,1.1333530824E8,2025-09-10
I344823,955,5.487079481E7,
I346350,577,2.42452727E7,
I346617,-723,1.292760176E7,2025-10-29
I350935,-1298,7.099117881E7,2025-10-30
I355092,-599,8.472835271E7,2025-10-12
I246164,-895,5.155491991E7,2025-09-11
I246891,928,1.271671611E8,2030-01-01
I248346,-876,1.47252824E7,2025-09-16
I247695,478,2.801020551E7,
I252520,1440,3.947495789E7,
I256832,1997,2.6195932648E8,
I266254,1509,2.0078620949E8,
I268811,814,9.779749266E7,2030-01-01
I270426,177,9864403.4,2030-01-01
I271266,-1224,3.301817645E7,2025-09-07
I275649,732,8.843143292E7,
I283492,446,1500725.04,
I284546,304,3.066622163E7,
I284921,-668,8.073796528E7,2025-10-05
I285140,1899,0.0,
I297391,452,5.249493577E7,
I298032,1843,2.4666520932E8,2030-01-01
I299572,871,2.630637033E7,2030-01-01
I299988,1387,1.1755268899E8,2030-01-01
I301351,59,3294012.07,2030-01-01
I301748,90,1.32720363E7,2030-01-01
I303972,149,1.528704449E7,2030-01-01
I304282,-338,1.077038079E7,2025-10-12
I304552,376,2.109085093E7,2030-01-01
I313746,174,1.526398988E7,2030-01-01
I317297,1735,2.2528583297E8,2030-01-01
I319807,322,2.667998199E7,2030-01-01
I321366,-151,6583552.9,2025-09-10
I323077,1635,8.15281438E7,
I323269,175,3638256.1,2030-01-01
I327638,-435,5.196466756E7,2025-09-06
I329059,318,8669792.68,2030-01-01
I334018,1699,1.881841882E8,
I350720,184,1.386462611E7,2030-01-01
I352045,1310,1.8096645822E8,
I353586,61,2357034.81,2030-01-01
I354765,-173,1.340914354E7,2025-09-09
I357635,1675,2.3902425284E8,
I244481,-1683,2.981545066E7,2025-10-18
I248825,1676,1.075157218E7,
I252543,1658,1.9674358533E8,
I263577,816,1.398507393E7,2030-01-01
I264903,787,9.4285877E7,2030-01-01
I266909,-1830,2.2616316086E8,2025-09-20
I267908,809,0.0,2030-01-01
I275749,1195,1.3362422803E8,
I278238,1821,2.5086945413E8,
I285515,1980,3.405207767E7,2030-01-01
I287182,344,5.118144993E7,
I291004,408,2.190257812E7,
I293917,-1311,1.154865542E7,2025-10-13
I297083,1192,7.081811013E7,
I304921,-237,3.040045756E7,2025-10-10
I311728,1001,1.3782243261E8,2030-01-01
I315573,165,2847950.23,
I319824,1989,2.2477814743E8,2030-01-01
I322794,737,0.0,
I327780,1660,8.95938196E7,
I331026,931,1.3427662843E8,2030-01-01
I335958,-104,0.0,2025-09-01
I345525,419,4457513.25,
I347670,1321,1.027574894E7,
I355136,1559,2.1474104714E8,2030-01-01
I356735,1128,1.1304970688E8,2030-01-01
I359326,1059,1.3647054994E8,2030-01-01
I247535,1576,1.8933614014E8,2030-01-01
I248321,-1192,6593154.92,2025-09-23
I254343,1625,1.1959650527E8,2030-01-01
I256511,-938,1.324299095E8,
I261390,683,6.341473437E7,
I264382,1355,1.5233467809E8,2030-01-01
I267749,-298,1.369623518E7,2025-09-16
I269077,-316,2422169.03,2025-09-04
I275436,1884,2.61682934E7,2030-01-01
I275549,823,1.912660041E7,
I278177,-1816,1.7029170645E8,2025-09-04
I278222,966,5.188197963E7,
I281188,902,3.33262399E7,
I287532,914,2.757260821E7,2030-01-01
I301401,1620,8.448467436E7,
I301584,511,7.351431228E7,2030-01-01
I302862,-1829,2.2813053481E8,2025-09-20
I304294,-112,1.200864444E7,2025-09-02
I311158,1012,1.361767205E7,
I322519,1287,7.945854317E7,
I325634,638,1.574942646E7,
I329305,1956,1.3133057305E8,
I330386,620,6.896500116E7,
I331309,-508,5.904212395E7,2025-10-24
I335275,-352,3.396604504E7,2025-09-27
I338896,568,4.01736545E7,2030-01-01
I339959,1570,1.1509250913E8,2030-01-01
I351682,1415,2.0068788253E8,
I247569,-1317,1.881344691E7,2025-09-04
I252548,-1148,7344317.94,2025-09-21
I254070,-239,1.227221528E7,2025-10-18
I255678,624,5.569122474E7,2030-01-01
I250878,1091,1.0793632887E8,
I261147,-593,2.388686152E7,2025-10-14
I261437,1296,1.5644844428E8,2030-01-01
I263568,384,2.850309983E7,2030-01-01
I269168,243,3.57054095E7,
I272096,-1060,1.1233189618E8,2025-10-27
I275592,1745,1.0856411138E8,
I276741,1270,1.2817480656E8,
I278835,1515,1.6759612785E8,2030-01-01
I279343,1346,1.483732864E8,
I281776,1348,1.0105187939E8,2030-01-01
I287184,-1180,9.370217084E7,2025-10-28
I294166,241,2.948306409E7,2030-01-01
I294241,-1864,2.4031337004E8,2025-09-22
I299086,1667,1.3129717513E8,
I310506,66,3159290.55,
I317287,1830,2.677593871E7,2030-01-01
I327622,1832,1.7929842181E8,
I329674,1843,4.049798352E7,2030-01-01
I332463,1889,2.0437671765E8,2030-01-01
I333718,1275,9.669884312E7,
I337036,1660,1.2786104583E8,
I337662,295,2.431237889E7,
I340031,-1949,7.348081748E7,2025-10-16
I340628,-1196,1.2668734456E8,2025-09-05
I344552,1852,1.230256643E8,
I347381,-1797,1.7207406261E8,2025-10-19
I351759,1132,3.160007585E7,2030-01-01
I355999,-1194,1.3790158319E8,2025-09-23
I356404,-1771,6.4682986E7,2025-10-13
I247193,1289,1.515662001E8,2030-01-01
I252832,-1436,5.115397691E7,2025-10-17
I254350,553,1.68734147E7,2030-01-01
I256021,-1810,6.654777711E7,2025-10-10
I248310,720,9.796140256E7,
I253708,1810,1.6411002445E8,
I254727,1846,2.173024017E7,
I259826,1994,1.2439442468E8,
I261663,-1229,1.7830810408E8,2025-09-29
I261751,-1050,1.4666491297E8,2030-01-01
I264585,1601,1.945408533E8,
I266110,1915,1.1198779495E8,2030-01-01
I267543,-1986,3.428503205E7,2025-09-21
I273003,384,3.608461427E7,2030-01-01
I273547,1683,2.0702848839E8,2030-01-01
I275044,91,1.096693919E7,
I275435,1012,1.0493848974E8,
I275477,548,3.282060176E7,2030-01-01
I279394,-183,2.032354851E7,2025-10-26
I279865,624,3.266428571E7,
I280059,279,3.027918097E7,2030-01-01
I283209,-869,3.953349673E7,2025-10-04
I292623,276,3.668033949E7,2030-01-01
I293419,968,5.523218686E7,
I294099,-1705,6.71163302E7,2025-10-21
I294271,672,8.288375268E7,
I294512,1515,1.2612395325E8,2030-01-01
I300469,-496,4.299685692E7,2025-09-03
I303437,1809,3.32399031E7,2030-01-01
I306066,448,2.45015757E7,
I316228,656,2.205409797E7,
I318512,1272,4.956913132E7,2030-01-01
I320193,1302,7.280479262E7,
I322383,-486,2.357100469E7,2025-10-03
I326350,899,4.097383893E7,
I328343,1533,0.0,2030-01-01
I334129,1260,1.503070372E8,2030-01-01
I336307,-208,9925960.15,2025-10-05
I342868,443,5.691018463E7,2030-01-01
I351562,1823,1.6751200462E8,2030-01-01
I352345,1078,2.663644483E7,
I356201,-1749,1.7862640844E8,2025-10-13
I358395,873,1.780270207E7,2030-01-01
I359044,1212,7.214414742E7,
I246009,-576,4.926863383E7,2025-10-03
I245421,891,6.569782825E7,
I245441,399,2824733.32,
I247896,605,1726220.05,
I253367,60,2410154.63,
I254317,1915,1.3262176858E8,
I260587,667,6.722535857E7,2030-01-01
I263263,1246,1.4717655336E8,
I267875,1157,1.7314885647E8,
I269520,-639,5.921812402E7,2025-09-15
I273237,-1567,1.8877660366E8,2025-09-20
I274563,798,5.314762128E7,
I279995,-1966,1.980708086E8,2025-09-21
I283596,-1823,8599106.94,2025-09-29
I289248,671,1.809767703E7,
I289877,-458,2.307276535E7,2025-10-05
I291431,971,1.4243723617E8,
I294183,135,3248432.56,2030-01-01
I300581,1107,7.942723358E7,2030-01-01
I307757,1558,5.740099905E7,2030-01-01
I308228,697,5.453181516E7,2030-01-01
I313857,-1104,2352378.89,2025-09-21
I321670,290,1.61339209E7,
I322465,1929,2.5684711426E8,2030-01-01
I332468,-406,8180915.96,2025-09-14
I340684,-522,7903767.17,2025-09-01
I347838,1681,2.4919561011E8,
I349983,276,3.365448851E7,2030-01-01
I352295,712,8.110049355E7,
I355918,497,3.576933614E7,
I355945,-652,7.244761275E7,2025-09-26
I356772,-1548,6849922.64,2025-10-02
I357250,1807,2.968487521E7,
I245882,252,301081.29,2030-01-01
I246030,766,1.092214065E7,2030-01-01
I247058,1174,2.297131524E7,2030-01-01
I254049,771,9.996894104E7,2030-01-01
I254945,-1628,8.415961415E7,2025-09-18
I253227,1841,1.4480997174E8,
I253633,432,8512495.07,
I258040,401,9545432.59,
I259555,1805,1.9113081564E8,2030-01-01
I259898,1447,7.347802418E7,2030-01-01
I260188,1471,5.160953497E7,
I260591,51,611743.14,
I260629,-1513,8.743242317E7,2025-09-19
I262831,1602,1.9104858194E8,2030-01-01
I264679,-492,2.210180532E7,2025-09-19
I268564,815,1.192553215E8,2030-01-01
I272614,-1760,4.384897894E7,2025-10-12
I273248,1617,9752109.34,
I276685,1330,2.303540645E7,2030-01-01
I277172,1910,1.4733836765E8,2030-01-01
I280592,1375,2.802345025E7,
I281881,999,9.514677612E7,
I283752,877,1.1848491372E8,
I286181,756,6.232637202E7,2030-01-01
I287594,473,9790019.68,
I288366,917,2.266466424E7,2030-01-01
I290437,296,2.869458932E7,
I293844,-1949,0.0,2025-10-09
I296086,420,4.606334622E7,2030-01-01
I305415,807,3.77260344E7,2030-01-01
I307458,-1450,1.2961926514E8,2025-10-29
I307880,1080,3.490533208E7,
I309367,623,2.177742777E7,2030-01-01
I310007,938,1.2591248711E8,
I318142,-741,2.672397238E7,2025-10-17
I318252,-579,8.599477046E7,2025-10-15
I331600,1741,7.409377864E7,
I339703,867,1.0043841997E8,
I340420,521,3.027742464E7,2030-01-01
I343736,1401,7.732165152E7,2030-01-01
I344393,-1840,1.7296432212E8,2025-09-18
I345870,1845,2.035612542E7,
I348054,1968,1.6778704505E8,2030-01-01
I351353,1126,1.0570735745E8,
I355674,-1045,4.827128479E7,2025-09-07
I359121,-943,5.962652237E7,2025-10-30
I246660,1910,1.9084855303E8,2030-01-01
I249169,161,2360827.26,2030-01-01
I254841,-894,5.446827202E7,2025-10-11
I254843,955,3.789123079E7,2030-01-01
I253690,1831,3.713798027E7,
I259878,578,1.891845155E7,2030-01-01
I262542,1830,1.7938016242E8,
I267789,-141,1.861600846E7,2025-10-12
I270574,310,3.818391122E7,
I271535,1051,8.539046365E7,
I273475,177,1.337157363E7,
I273566,-122,1036606.97,2025-10-08
I273728,275,3.27366867E7,
I281373,911,1.0149654509E8,
I281709,-1389,1.0282760486E8,2025-10-06
I282034,-739,3994105.89,2025-09-08
I287443,-53,510079.59,2025-10-29
I294779,1121,8.506098127E7,
I301830,829,7.24813972E7,2030-01-01
I303752,295,2.954742339E7,
I306778,1478,1.0643448615E8,2030-01-01
I309605,-1315,0.0,2025-10-29
I310345,-1788,1.109386022E8,2025-10-05
I311093,629,2455737.8,
I317579,781,9.649255848E7,2030-01-01
I319187,-1734,1.4422581815E8,2025-10-08
I323084,726,8.712036661E7,2030-01-01
I324845,-554,1.275994812E7,2025-09-23
I327918,432,3.215473007E7,2030-01-01
I329574,360,2.492362243E7,2030-01-01
I333394,1953,5.189659188E7,2030-01-01
I338564,1570,1.7646281412E8,
I340563,1923,2.6995886497E8,2030-01-01
I353777,306,2.338083798E7,
I356239,-1409,1.4168991363E8,2025-09-01
I244091,-1394,1.852995975E7,2025-10-30
I252578,104,2801784.47,
I253096,109,5786319.59,
I254378,116,4285942.31,
I256763,360,2.531383373E7,2030-01-01
I267735,295,3.52637515E7,
I269295,1289,1.8676341992E8,
I270457,1262,2.371632797E7,
I274082,-957,1.652665475E7,2025-09-10
I276882,155,0.0,
I280760,-1773,1.851118804E7,2025-10-28
I280812,-1678,1.1758929074E8,2025-10-07
I281264,-136,4682689.19,2025-10-30
I281702,737,5.312815349E7,2030-01-01
I283062,-1970,3.630802648E7,2025-09-04
I283871,-901,9.456397834E7,2025-10-01
I283938,291,3.175271032E7,
I286726,331,7768214.1,2030-01-01
I289574,429,1.753038814E7,2030-01-01
I297527,328,0.0,2030-01-01
I302998,-792,6.792700081E7,2025-10-26
I303845,-956,6.336821789E7,2025-09-17
I304858,1395,1.5921441351E8,2030-01-01
I311259,1005,9.602826437E7,2030-01-01
I312781,999,3.14649172E7,
I313528,1266,1.315155525E8,
I316676,1456,1.1938681719E8,
I317280,-1442,1.7920003819E8,2025-09-05
I318306,-1553,1.2033321801E8,2025-10-18
I319740,-1528,1.6153226016E8,2025-09-09
I321504,-598,1.762253699E7,2025-10-03
I327615,955,3680079.23,
I328810,297,3.143687886E7,
I337472,505,4.35740321E7,2030-01-01
I338477,-507,5.388324037E7,2025-10-05
I339854,1944,2.0982867671E8,
I341049,619,6.811218339E7,2030-01-01
I341101,1006,1.1200999117E8,
I346165,403,5.862134247E7,2030-01-01
I348158,103,163973.71,
I350075,-1441,1.2293839521E8,2025-10-16
I353334,1771,1.49410587E8,2030-01-01
I356898,825,2.987234541E7,2030-01-01
I358027,1691,1.7035334132E8,2030-01-01
I244954,1112,1.4661476E7,2030-01-01
I246163,1344,1.111176867E8,2030-01-01
I253877,1386,2.561804116E7,2030-01-01
I254535,-473,2.577619869E7,2025-10-24
I255302,1750,2.132536473E8,
I259407,-486,1.009095375E7,2025-10-26
I260165,1922,1.2865136508E8,
I265007,337,1.636412622E7,2030-01-01
I266227,1297,3.134369704E7,2030-01-01
I272620,1345,1.5372111234E8,
I274149,-1450,2.0345232827E8,2025-09-11
I278892,732,5473810.45,
I284948,-406,5979715.94,2025-10-19
I287938,228,2.304127696E7,2030-01-01
I289347,-483,3.840916815E7,2025-09-11
I289423,-1773,2.5615275349E8,2025-09-07
I290304,1454,1.6254132778E8,2030-01-01
I293158,-127,8735613.12,2025-09-06
I296252,1099,4.482615096E7,2030-01-01
I297868,1248,8.619338141E7,
I303596,1078,1.4645518017E8,
I305114,-1188,1.4428328366E8,2025-09-19
I306609,-612,1.295772114E7,2025-10-13
I313088,-787,2.337199868E7,2025-09-21
I321636,1921,1.3046719891E8,
I323797,185,8388789.44,
I336413,1486,1.608217657E8,2030-01-01
I340758,-1262,1.5807811601E8,2025-09-14
I341068,-1459,6.595649392E7,2025-09-28
I342333,-1946,1.8758502013E8,2025-10-07
I343118,-224,3.357561955E7,2025-10-24
I347201,494,4.962051933E7,2030-01-01
I347365,1057,1.913632194E7,
I352339,1895,2.746768682E7,
I355550,-480,7292053.82,2025-10-18
I356200,1037,7.389836428E7,
I362852,165,1.761671641E7,2030-01-01
I365343,-157,0.0,2025-10-27
I368453,-390,5.317563283E7,2025-10-03
I372102,-636,7.948734431E7,2025-09-24
I377772,1060,3.268539652E7,2030-01-01
I379451,571,4.794421063E7,2030-01-01
I380630,-1717,1.8412102861E8,2025-10-03
I381853,1635,2.1343055493E8,
I385802,-1027,1.314069519E7,2025-09-06
I385976,227,1.018428633E7,
I389196,-1386,5.247190047E7,2025-09-29
I391150,-888,9.876126125E7,
I407146,620,4038733.49,2030-01-01
I410343,531,4.772160442E7,
I411126,776,4.098231922E7,
I420796,311,3.802100452E7,2030-01-01
I426746,1186,8.952616722E7,2030-01-01
I427164,594,2.202678781E7,
I428305,959,1.4360620858E8,2030-01-01
I429376,1140,9.666760198E7,2030-01-01
I430770,1953,1.5150721653E8,
I433860,-1656,2.0426407426E8,2025-09-27
I437531,344,7134034.74,
I440284,1243,7.892144436E7,2030-01-01
I441157,1337,2.836694837E7,2030-01-01
I443064,-989,3.074321209E7,2025-10-15
I445102,1027,5.023060804E7,
I449459,-1542,7.050655887E7,2025-10-16
I450468,1827,1.285980694E8,
I453509,1284,1.3916391453E8,
I460957,-1050,1.4243779673E8,2025-10-14
I464111,96,104969.57,
I464464,737,5.12502976E7,2030-01-01
I464806,1767,1.5843181921E8,2030-01-01
I467507,546,7.637743368E7,2030-01-01
I469082,1635,8.506017517E7,
I362036,-1281,8.441409983E7,2025-09-22
I366449,1621,1.5871341967E8,2030-01-01
I367640,-69,3038175.06,2025-09-20
I371267,1890,2.961740567E7,2030-01-01
I371436,1686,1.395003319E8,2030-01-01
I360106,1259,8799196.0,
I366269,367,4.074191123E7,
I369210,394,5.866691977E7,
I377609,599,5.338473397E7,2030-01-01
I387979,-811,9.211636839E7,2025-10-29
I392850,-151,0.0,2025-10-27
I394465,110,0.0,
I399895,607,4.703105121E7,
I409916,695,9.481751848E7,2030-01-01
I417411,-427,1.266237378E7,2025-10-24
I423094,1341,1.0369761593E8,
I427364,-566,2.821248501E7,2025-09-04
I436806,1870,2.6520040976E8,2030-01-01
I443334,1198,7.416353279E7,
I447503,758,8.334112933E7,2030-01-01
I448367,-1633,1.7839277386E8,2025-09-11
I450383,1331,7.184009452E7,
I450857,1285,5.752558566E7,2030-01-01
I459447,-1604,1.0537833676E8,2025-10-10
I459698,-134,1743406.82,2025-09-27
I460203,-1687,9.280802168E7,2025-09-30
I462292,527,7.113070036E7,
I468564,645,4.579754439E7,
I472324,1756,1.6989231459E8,
I361376,702,7.310353457E7,2030-01-01
I362310,562,5.101566259E7,2030-01-01
I371791,1043,1.5567537217E8,2030-01-01
I367026,1693,2.4437039312E8,
I373765,-162,2.337481295E7,2025-09-15
I379662,-681,2.907212233E7,2025-10-24
I381685,1254,6.625813327E7,2030-01-01
I384155,1662,7.128677378E7,
I384404,1841,2.1083996644E8,2030-01-01
I384966,545,6537761.09,
I384995,-1058,1.2468270209E8,2025-10-27
I390117,588,7871201.94,2030-01-01
I391279,147,6822708.61,
I394918,319,2.318418736E7,2030-01-01
I406246,897,5634185.26,2030-01-01
I410911,376,2.758769287E7,
I411413,-615,4.619982101E7,2025-10-26
I415378,-1386,1.6417682869E8,2025-09-03
I416483,1017,5.07842451E7,
I417739,954,1.0573755616E8,2030-01-01
I421217,763,1.1048858481E8,2030-01-01
I422033,-812,5.671985997E7,2025-10-17
I425687,-1256,5.591102241E7,
I428507,-447,2.291351909E7,2025-10-30
I428986,-1145,1.4404285688E8,2025-10-07
I432353,116,1.266679991E7,2030-01-01
I432431,1098,1.4450986283E8,2030-01-01
I434469,1669,5.451212173E7,2030-01-01
I439562,70,4720526.56,
I440408,1795,7.768355618E7,2030-01-01
I448091,-1263,1.2375294814E8,2025-10-24
I450023,917,1.3088427962E8,2030-01-01
I456502,1073,4.68735071E7,
I456754,-1019,8.289736491E7,2025-10-20
I469309,862,3.536549541E7,
I469577,1387,1.9902052894E8,2030-01-01
I473077,584,6.198903692E7,2030-01-01
I360778,1264,1.7658236424E8,2030-01-01
I360966,1088,1.5129062428E8,
I364634,1207,1.090559763E8,
I365468,361,231214.52,
I366504,820,2790654.5,
I371726,1508,2.485538553E7,
I377206,666,9.850427537E7,2030-01-01
I380276,522,4.697287572E7,2030-01-01
I381508,1924,9.786668964E7,
I395408,1874,1.5963250653E8,
I401344,-1017,6.658474142E7,2025-09-04
I410560,1339,3.477023485E7,2030-01-01
I410609,654,3.262226855E7,
I412506,-135,1479270.51,2025-09-30
I414689,118,1.595899371E7,
I417524,-609,1.573387309E7,2025-10-24
I426547,450,2.10272141E7,2030-01-01
I440962,1158,1.330435979E7,2030-01-01
I452492,593,1.900806968E7,
I455087,-160,5208796.42,2025-09-15
I455345,1946,2.5948718031E8,2030-01-01
I456327,285,280614.77,2030-01-01
I460245,-1539,2.699083543E7,
I464217,60,2359085.98,
I467007,1106,8.937445254E7,
I474683,344,1.838812532E7,
I377300,1328,7.835061832E7,2030-01-01
I377568,-1654,2.0665616876E8,2025-10-23
I387420,327,3923743.32,
I388504,-1304,9.692964283E7,2025-10-11
I389359,-144,3389949.9,2025-09-25
I400683,1109,2.474889555E7,
I400864,-1119,1.4684983595E8,2025-10-28
I401602,1357,1.5177059177E8,2030-01-01
I403505,1792,2.5068529343E8,2030-01-01
I403564,520,1.954264889E7,2030-01-01
I405989,-834,1.1212731927E8,2025-09-27
I409192,-156,1.162402545E7,2025-09-23
I409235,69,2997193.05,2030-01-01
I416003,1705,1.826726148E8,2030-01-01
I417942,1216,1.247536843E8,
I421441,1214,1.5804156943E8,
I432349,1963,2.3382014096E8,
I432817,337,3.939024949E7,2030-01-01
I433374,1146,6.098241573E7,
I434947,547,8.040451917E7,
I436580,628,3.886196785E7,2030-01-01
I439539,-1466,7.132202697E7,2025-10-31
I441778,-668,0.0,2025-09-22
I443032,860,1.2157057222E8,
I446342,1584,9.178291122E7,
I447809,-1683,1.6711662544E8,2025-09-26
I453569,-804,3.291452756E7,2025-09-04
I458630,-1450,1.58250241E8,2025-09-21
I462187,1369,2.32864865E7,
I464157,1993,2.237641849E7,
I465763,-1323,1.5057109969E8,2025-09-21
I466248,1677,8.802107204E7,2030-01-01
I468536,-1300,9.154267201E7,2025-09-18
I469517,433,1.26366858E7,
I472551,-388,2.425714566E7,2025-09-01
I371858,1986,5621956.85,
I373997,-952,1.2823406073E8,2025-09-03
I374507,345,768969.67,
I379397,-1229,4.619460005E7,2025-09-12
I380967,-1791,2.0552804468E8,2025-10-22
I381369,1265,3.820458388E7,2030-01-01
I384698,-174,1.608302295E7,2025-10-13
I388146,332,3.95024989E7,
I389109,212,4566061.2,
I392799,391,4.207851295E7,
I395859,-1096,9.694479495E7,2025-09-22
I397761,-789,4.067376675E7,
I399007,979,1.1255012101E8,
I399189,-560,4.263479566E7,2025-09-06
I400137,293,2.674381255E7,
I400202,-1051,1.4122610487E8,2025-09-30
I409058,594,3.555935845E7,
I411123,1562,1.5713651735E8,2030-01-01
I411366,764,1349080.9,2030-01-01
I412502,1634,1.9030775115E8,
I414023,376,3.564706385E7,
I415936,-118,6111727.2,2025-10-19
I416474,651,5644207.65,
I418767,-1347,5.64581712E7,2025-10-03
I422885,-1420,1.9705310626E8,2025-09-08
I429454,1124,1.041983121E8,
I433775,-1687,2.0640143054E8,2025-09-27
I434519,-613,6.774924523E7,2025-09-27
I436923,356,7628160.39,
I437798,759,8.64525602E7,2030-01-01
I441203,1701,2.2649173257E8,2030-01-01
I444281,1340,1.3247427743E8,
I446767,-1741,6.286354858E7,2025-09-02
I448697,927,1.2575415888E8,2030-01-01
I453573,1204,4.347661899E7,
I460753,1722,2.3662877115E8,2030-01-01
I369753,1525,1.6706752402E8,2030-01-01
I370203,-865,1.0929976734E8,2025-09-08
I370880,838,4.136988185E7,2030-01-01
I364595,984,0.0,
I375662,512,5.815510591E7,2030-01-01
I380298,-755,3.551186867E7,2025-09-10
I385808,125,1.320793712E7,2030-01-01
I391973,376,4688661.29,2030-01-01
I398387,1485,1.4277013969E8,
I398695,-277,1.771350019E7,2025-10-05
I400797,889,6.342987144E7,
I401035,-1539,1.2538361789E8,2025-09-18
I406308,-215,481283.82,2025-10-11
I408371,-253,2.669755226E7,2025-09-18
I409485,1019,5.729500822E7,
I409504,772,3.552264261E7,2030-01-01
I411128,1227,755297.65,2030-01-01
I415484,1915,1.1458017794E8,2030-01-01
I416255,-1241,1.6061647088E8,2025-10-24
I420509,798,2.376959834E7,
I429737,-937,1.168292646E7,2025-10-31
I430558,701,5.289080582E7,2030-01-01
I434498,1730,4.840540185E7,
I435128,-1644,1.4336934431E8,2030-01-01
I436126,714,1.966851701E7,2030-01-01
I442917,1395,1.654468985E7,2030-01-01
I451659,1134,1.6067992942E8,
I452167,1439,1.9664443428E8,
I452701,-1434,1.3711515235E8,2025-09-05
I456587,1972,7545511.49,
I463983,1165,5.400644146E7,2030-01-01
I464800,-1144,4.413743415E7,2025-10-04
I473865,315,2.037961802E7,2030-01-01
I369520,-856,1.854437353E7,2025-10-11
I369705,1445,9.156812409E7,
I372391,514,0.0,
I373021,241,1.752037334E7,
I373317,400,3.31252636E7,2030-01-01
I375179,-430,5.262806561E7,2025-10-13
I377263,-1905,2.0724064074E8,2025-10-13
I379282,1120,5.605865791E7,
I384040,1076,1.3362509965E8,
I391880,1252,1.59647319E7,
I393126,-1482,2.524308563E7,2025-09-11
I393682,1213,6.650282557E7,
I393853,400,4.949173313E7,
I395510,1721,1.8377556966E8,
I413048,1817,2.2236131719E8,
I414950,-591,7.665972136E7,2025-10-29
I415967,-368,4.941703538E7,
I421501,1317,9.592681265E7,
I421620,689,7.728679701E7,2030-01-01
I422169,1416,1.2612827476E8,2030-01-01
I427264,-565,3.111510628E7,2025-10-09
I429113,1937,1.7425918549E8,2030-01-01
I430948,848,5.287385181E7,
I433431,-987,1.3057628624E8,2025-09-10
I439334,952,1.422690548E8,2030-01-01
I440425,1044,1.1932267077E8,
I440825,-1136,4883023.87,2025-10-02
I441066,-438,3.958510436E7,2025-09-11
I442193,-565,1.756500165E7,2025-09-10
I444086,318,1.204909256E7,2030-01-01
I445029,-1003,7599626.88,2025-10-21
I447758,1160,1.5553861257E8,
I450607,-875,0.0,2025-10-17
I452472,1812,2.4409859765E8,
I452528,1123,1.4865341805E8,
I459060,1076,7.878967077E7,
I460612,783,4225849.24,2030-01-01
I462199,695,5.356844582E7,2030-01-01
I463350,894,1.846880353E7,2030-01-01
I465421,1603,2.3228935738E8,
I470211,-1555,0.0,2025-10-06
I471622,208,2.681899779E7,
I361916,1859,1.196177495E7,
I362550,837,1.887358814E7,
I384409,-264,3.118375855E7,2025-09-20
I386502,700,9.657334089E7,2030-01-01
I390387,-925,1.228141689E7,2025-09-08
I391348,-574,2368941.43,2025-10-03
I393898,65,5041905.51,
I396090,1690,1.4854228309E8,
I404700,1707,2.042101913E7,
I407604,1655,1.278329456E8,
I408504,1471,1.9518334405E8,2030-01-01
I413241,1453,0.0,2030-01-01
I415553,-1423,2.241658124E7,2025-10-19
I418275,942,7.990993826E7,
I425663,1312,1.7396253492E8,
I425836,1204,3.859960633E7,
I426581,1048,4.152797784E7,2030-01-01
I427054,-898,2.68695188E7,2025-09-04
I427459,944,3.608445941E7,
I432658,1212,3.209293736E7,
I435116,300,3.413414003E7,
I436646,1056,1.3054224507E8,2030-01-01
I437979,240,1.230974179E7,2030-01-01
I448097,-892,1.1235493505E8,2025-09-19
I454167,353,2.78611843E7,2030-01-01
I459073,-407,1.101511079E7,2025-09-11
I459858,-1955,7.990091762E7,2025-10-10
I462603,1379,1.8135130688E8,
I463926,1268,3.174468446E7,
I468215,1037,0.0,2030-01-01
I474654,265,5393787.75,
I364302,1427,2.0068721848E8,2030-01-01
I366975,-524,5.983680442E7,2025-10-16
I369948,-1512,2.0253742607E8,2025-10-26
I370254,1799,8.903818021E7,2030-01-01
I365541,1609,3.988423356E7,
I366543,1026,4.745714996E7,
I372298,1289,6.486879154E7,
I373598,1603,2.746369449E7,
I374089,-518,4951348.02,2025-09-25
I379573,964,1.887532042E7,
I385020,415,4.868487878E7,
I388922,1996,2.236824675E7,2030-01-01
I390239,1516,1.6571278337E8,2030-01-01
I401031,-577,6946584.87,2025-09-12
I408442,1656,9.350448183E7,
I412674,-533,4.737526575E7,2025-10-18
I414727,1482,1.4303772636E8,
I420969,417,1.224867726E7,
I432603,588,9319730.19,2030-01-01
I432952,580,4.513373066E7,2030-01-01
I435217,-1968,1.6077734189E8,2025-10-24
I441908,-381,5318655.33,2030-01-01
I446130,387,4.466172484E7,
I449593,1655,1.6978740038E8,
I453035,-321,1094327.73,2025-09-20
I453830,1124,1.4144890154E8,2030-01-01
I453981,1027,5.186915818E7,2030-01-01
I454967,-896,4.037852171E7,2025-10-10
I457900,1179,6.549769523E7,2030-01-01
I460127,1606,2.1025975819E8,
I464019,998,1.2398126045E8,
I465417,1188,6.09807413E7,
I469578,-1214,1.2933271261E8,2025-09-08
I471229,-1015,1.334385563E8,2025-10-27
I472270,-673,7.664827826E7,2025-10-30
I474585,1629,1.9676918181E8,
I359864,-731,8.029440935E7,2025-10-04
I367366,-1076,1.658500244E7,2025-09-20
I370806,-92,1381981.0,2025-09-14
I371474,1956,4.893131854E7,2030-01-01
I361628,516,6.27099529E7,
I365114,1577,3167890.29,
I370359,583,2.611942401E7,
I375055,-1039,1.2152188957E8,2025-09-08
I375946,1161,1.084500147E8,2030-01-01
I379007,1315,1.2705130419E8,
I381738,-1509,1.993942377E7,2025-09-19
I382311,-669,9.014249711E7,2025-10-29
I382863,-1539,1.376768852E7,2025-10-04
I392135,1147,5.054768958E7,2030-01-01
I396244,535,1417373.15,2030-01-01
I409902,-1400,1.0858353178E8,2025-09-03
I409933,-1425,2.988729755E7,2025-10-15
I411871,1764,1.2251316305E8,2030-01-01
I412680,-1016,5.955664631E7,2025-10-04
I416193,78,8271902.85,
I416516,-1665,1.5985017022E8,2025-10-02
I417047,267,3.103093419E7,
I421794,-471,5.883635877E7,2025-09-09
I424262,-382,1.690319781E7,2025-10-15
I432306,363,3657813.58,
I433009,150,1.095673895E7,2030-01-01
I438562,144,1638759.34,
I440551,263,3.116073369E7,
I441901,830,6.939361895E7,
I442473,1029,8.624458565E7,2030-01-01
I442711,-1679,2.2566948674E8,2025-09-23
I445698,-747,3.83314984E7,2025-10-31
I446623,1908,1.913394088E8,
I448233,402,2.976423706E7,2030-01-01
I450100,690,3.760398161E7,
I456586,1304,1.6403794549E8,2030-01-01
I458718,-781,1.675958986E7,2025-10-27
I461316,-632,5.692348615E7,2025-10-01
I465387,523,1.399832285E7,2030-01-01
I471795,687,7483065.41,
I360616,-342,5.078799174E7,2025-09-06
I364563,755,1839990.81,2030-01-01
I365958,1016,7.855225762E7,2030-01-01
I370599,1132,1.5448462839E8,2030-01-01
I383669,1044,6.129423684E7,
I383952,-130,7600742.98,2025-10-23
I384184,1019,4.575412228E7,2030-01-01
I385678,224,5751037.28,
I386183,-1304,1.229881205E7,2025-10-28
I390799,1298,8.935808461E7,
I396251,1609,7.687750637E7,
I396610,-959,8.483119157E7,2025-09-06
I396700,-1106,7.291039725E7,2025-09-30
I401515,1766,2.1639724062E8,
I402654,-1803,1.1281318795E8,2025-09-06
I406155,965,6.414428369E7,
I414709,1144,1.5597440116E8,
I426050,-1839,2.918286181E7,2025-10-28
I427898,-1186,1.1160723653E8,2025-10-28
I430354,1085,9.267411553E7,2030-01-01
I438379,1674,1.7161693322E8,2030-01-01
I440012,467,0.0,
I441971,1085,9.152835402E7,
I447173,1436,1.8246991568E8,2030-01-01
I452634,1616,8.673870756E7,2030-01-01
I453731,-1974,2.726881511E7,2025-10-11
I458266,1702,2.0480762275E8,
I465225,995,3.645854485E7,
I479423,-1319,9.220883138E7,2025-10-02
I489024,1735,2.4263206565E8,2030-01-01
I491914,573,7.879336236E7,2030-01-01
I505387,1255,5.681237511E7,2030-01-01
I508378,1133,3.284012606E7,2030-01-01
I510265,-411,4.681748459E7,2025-10-13
I514358,1149,1.5756459373E8,2030-01-01
I515457,-1412,1.3977137452E8,2025-10-31
I519688,597,2.965274293E7,
I522216,1210,1.6312734286E8,2030-01-01
I525582,-68,1.010161801E7,2025-09-09
I526017,1742,2.5579443337E8,
I530930,1904,8.969950992E7,
I549010,-1429,1.5122156441E8,2025-09-17
I552553,1388,7.845968733E7,
I553801,772,7360113.83,
I557045,260,1.731544784E7,2030-01-01
I564139,-892,7.927089435E7,2025-10-10
I570201,-525,3.193478197E7,2025-09-10
I577196,380,4.27012132E7,2030-01-01
I580669,1050,1.2933324346E8,2030-01-01
I584600,1947,6.822476941E7,
I587081,-1295,1.757241555E8,2025-10-26
I590725,1838,9453934.59,
I492537,1620,2.302197631E7,2030-01-01
I493147,1312,1.3933369573E8,
I494258,801,4.12259727E7,
I499282,-590,1.529834881E7,2025-10-05
I501621,786,1.0770181383E8,2030-01-01
I506510,839,2.180247331E7,
I508021,-416,2.183376356E7,2025-10-26
I517042,-1438,2.1465947843E8,2025-10-21
I517372,-1238,1.5822740766E8,2025-10-19
I520193,1141,1.6819732255E8,
I526801,-679,5.343022736E7,2025-09-02
I533350,211,5064647.29,2030-01-01
I533628,1361,7.953021065E7,2030-01-01
I541653,880,6.232231557E7,
I543984,512,2.933097637E7,2030-01-01
I546887,1931,2.772650631E8,2030-01-01
I549042,-1929,6.052060838E7,2025-09-16
I553245,1719,2.0475268059E8,2030-01-01
I553547,714,8.597675929E7,
I553988,151,1.018234131E7,
I557015,148,9707438.14,
I562434,1528,1.4376110007E8,
I571885,-1322,1.0577593006E8,2025-09-24
I579741,1484,1.1334020321E8,2030-01-01
I580751,-1112,1.2631653245E8,2025-10-14
I590577,1388,2.585296032E7,2030-01-01
I591015,71,5277886.57,
I591272,-1108,1.4000190389E8,2025-09-11
I476962,-1686,5496817.82,2025-09-28
I481465,-126,4149280.24,2025-09-26
I482093,1642,1.836156234E7,2030-01-01
I482786,-396,4.840243726E7,2025-10-28
I488214,1170,1.5015608672E8,
I488674,1892,1.0558225862E8,
I491556,-1785,0.0,2025-09-23
I496855,1736,6.293685308E7,2030-01-01
I497565,1751,2.3736622586E8,
I498272,1566,3.242557823E7,
I507807,-1041,7.87818782E7,2025-10-15
I516607,591,1.38398474E7,
I518615,261,3009890.71,
I518946,1086,3.267256036E7,2030-01-01
I527436,-952,4.086236235E7,2025-10-21
I531537,50,0.0,
I533439,-358,2.993705895E7,2025-09-09
I538722,1426,1.5599757243E8,2030-01-01
I540595,-545,7.516002232E7,2025-09-06
I542274,-1688,1.0476150365E8,2025-09-25
I546722,-133,5285118.37,2025-09-01
I552372,-1857,5.90860638E7,2025-10-09
I554768,223,1.655772266E7,2030-01-01
I560895,68,3623115.77,2030-01-01
I564902,284,2.050915264E7,2030-01-01
I571242,1544,6.535231255E7,2030-01-01
I572323,-1499,1.0681507708E8,2025-10-08
I573560,1134,6.426111587E7,2030-01-01
I580745,1241,5.317546828E7,2030-01-01
I580797,1677,1.6623982399E8,2030-01-01
I581851,1017,1.4454726955E8,
I590638,686,1.42443832E7,2030-01-01
I478240,-1183,1.4452413452E8,2025-10-28
I479970,1853,8.460504085E7,2030-01-01
I480037,-111,1.017570134E7,2025-09-03
I480397,-1806,2.678245089E7,2025-09-24
I482223,1095,9.30957657E7,
I494779,1451,1.2176604612E8,
I497291,909,8.080585933E7,
I507042,1551,2.2108974042E8,2030-01-01
I512256,216,1.548045495E7,
I516493,-534,4.884735438E7,2025-09-23
I516672,-1496,1.5731021599E8,2025-10-27
I516833,-1068,6.206847919E7,2025-10-26
I519068,-1399,1.8643019671E8,2025-10-04
I525858,1706,5366053.17,2030-01-01
I531748,-1696,2.2213527469E8,2025-10-21
I538159,1872,1.9485973556E8,
I539651,-146,984277.67,2025-10-12
I541983,665,6.427991905E7,2030-01-01
I543349,341,2.844249919E7,2030-01-01
I554289,-778,7.545316565E7,2025-10-13
I559456,-956,7995562.54,2025-10-30
I562620,-156,1.931472621E7,2025-09-18
I564316,1304,6.183367341E7,2030-01-01
I565926,1271,1.268179256E8,
I565948,1514,8.792431567E7,
I567230,-1731,9.790040344E7,2025-10-01
I573901,-1184,1.581021376E7,2025-10-05
I577818,439,1.688609893E7,
I580004,514,4.291279869E7,
I582121,444,1.484755548E7,2030-01-01
I586328,-1802,7.082092517E7,2025-10-08
I479316,128,1.139337843E7,2030-01-01
I479330,-53,5548337.62,2025-09-19
I479405,1080,1.5331195268E8,
I487525,126,1515804.2,
I494753,-807,5.390198902E7,2025-10-29
I494915,1877,1.1968671307E8,2030-01-01
I498277,-139,1.563054974E7,2025-09-30
I498288,777,3.890124852E7,
I503801,-755,7.891845612E7,2025-10-13
I506164,1737,2.2907235926E8,
I512823,-619,5.224405709E7,2025-09-28
I513450,2000,2.5548622472E8,2030-01-01
I524212,1490,8.489716156E7,2030-01-01
I526580,784,6.27208432E7,2030-01-01
I534631,-203,2.736621453E7,2025-09-03
I538897,1185,7.079211981E7,
I554871,1572,1.2870506325E8,
I556155,-1678,2.043847433E7,2030-01-01
I557798,858,9.297805084E7,2030-01-01
I560671,-1620,5.176970002E7,2025-10-01
I564050,687,1.149009365E7,
I564881,-333,3.707655476E7,2025-10-25
I565491,-184,1.039129414E7,2025-09-21
I566216,1926,7.834822968E7,2030-01-01
I569681,722,570143.1,
I575123,1147,3.367185632E7,
I575342,1991,2.521634949E8,2030-01-01
I580848,-1409,1.0064602155E8,2025-09-04
I583209,-1305,1.4750633647E8,2025-09-09
I585156,-1534,1.0811464184E8,2025-10-09
I586760,-1991,2.217602618E8,2025-09-27
I588798,877,3.778941036E7,2030-01-01
I590240,1175,1.5800050289E8,2030-01-01
I476076,1726,0.0,2030-01-01
I481240,1736,2.0845114931E8,
I482084,1782,1755557.16,
I485431,850,4.370076416E7,
I492943,-806,6.003898733E7,2025-10-01
I495515,1320,1.9556666063E8,
I496411,-797,4.674416781E7,2025-09-06
I497602,1188,8.807147765E7,2030-01-01
I497833,-1259,8975171.45,2025-10-07
I501322,-557,1.887032248E7,2025-10-02
I508172,77,6442484.45,2030-01-01
I510753,887,2.571761249E7,
I513283,1865,2.647345153E7,
I517726,1557,1.2975158541E8,
I518500,1653,2.139621556E7,2030-01-01
I521180,1822,6.665489834E7,
I523000,472,3.809277759E7,2030-01-01
I523950,-293,5948419.41,2025-09-08
I527035,1167,3.719310629E7,2030-01-01
I528452,-368,4.27050859E7,2025-10-03
I533872,1475,2.1660074702E8,
I537086,1431,1.1439023532E8,
I541279,-1390,2.17350246E7,2025-09-03
I541422,1957,2.3785469751E8,2030-01-01
I547924,1205,1.5360534117E8,
I550633,1829,2.406027009E7,2030-01-01
I551367,1168,8.028866572E7,2030-01-01
I555658,1844,2.54808402E8,
I558939,-1522,1.8007548854E8,2025-10-08
I562339,260,1.64357178E7,2030-01-01
I563033,-838,9.969401751E7,2025-10-28
I563929,1329,1.143352491E7,2030-01-01
I563977,895,1.1887573748E8,2030-01-01
I565733,1352,8.165919001E7,
I567170,991,5.922970486E7,
I570763,1381,1.4801728554E8,2030-01-01
I573070,1853,7.838831339E7,
I584514,1669,1.7679209391E8,
I585314,1708,9.291328021E7,
I586203,1958,3.535454265E7,
I587217,846,9.753038636E7,2030-01-01
I587884,-1320,2.941936945E7,2025-10-30
I591215,-993,0.0,2025-09-02
I483962,-80,9761149.07,2025-10-28
I486649,1198,3.965341842E7,2030-01-01
I495639,468,5.61480637E7,
I496030,269,3.927711594E7,
I498745,502,5.721336636E7,
I500885,-1405,6.500744046E7,2025-09-26
I503122,-1422,1.1949148781E8,2025-09-18
I508714,572,717464.9,2030-01-01
I509508,-1856,2.2825907056E8,2025-09-18
I512730,-1017,1.3054762187E8,2025-10-13
I516486,411,3249430.14,
I518469,-1528,4.95326267E7,2025-10-06
I521282,1202,7.427463091E7,
I526152,1436,1.138715263E7,2030-01-01
I527892,1633,1.3190877722E8,2030-01-01
I531539,-1746,1.8488427828E8,2025-09-16
I536272,1777,1.9362591281E8,2030-01-01
I543260,1005,1.3954788048E8,2030-01-01
I546784,1020,7.173125155E7,
I547872,-1226,1.7372969252E8,2025-10-04
I551778,339,1.697448457E7,
I567424,-1572,1.7071309046E8,2025-09-17
I573816,1669,1.3385549395E8,
I580008,902,4.353688793E7,
I582126,173,5921516.77,
I582874,-1101,1.6302158696E8,2025-09-26
I584813,1547,2.3156177224E8,
I478355,810,1.0238724297E8,2030-01-01
I479524,-504,7.026207689E7,2025-09-04
I481367,466,5.580359605E7,2030-01-01
I482428,1624,6.02825519E7,2030-01-01
I478802,1377,3.611200065E7,
I482980,1278,0.0,
I489210,-157,1.967186726E7,2025-10-20
I490369,1808,2.1817899102E8,
I491353,701,402543.37,2030-01-01
I493005,129,1.340121927E7,2030-01-01
I499836,974,1.2204982943E8,
I509338,-1774,2.3850937155E8,2025-09-25
I510136,-1816,4.278600161E7,2025-10-22
I515463,-1622,1.2328147035E8,2025-10-13
I523443,786,9.402664323E7,
I523597,1859,0.0,2030-01-01
I528438,1483,1.0221900267E8,
I532398,-438,2.913111155E7,2025-09-09
I542488,984,2.344783445E7,2030-01-01
I543058,1084,1.3319935266E8,2030-01-01
I547086,581,7.72866298E7,2030-01-01
I547134,-855,1.2750864736E8,2025-10-03
I548128,-648,8.822994573E7,2025-10-30
I549126,1618,6.561745802E7,2030-01-01
I551516,1306,6.919834851E7,2030-01-01
I552599,128,1.226289408E7,
I553402,-594,8.766425532E7,2025-09-25
I558026,700,1.048191425E8,2030-01-01
I559944,1816,1.0361506391E8,
I564727,670,4.964301224E7,2030-01-01
I564977,-663,8.061946945E7,2025-09-08
I572730,1334,4.477974355E7,
I573178,98,6669845.23,2030-01-01
I573534,1480,1.8799810718E8,2030-01-01
I578366,875,5.892256021E7,2030-01-01
I583767,1271,9757651.77,
I587795,1159,1.1373900414E8,
I588286,-749,6.526046338E7,2025-09-06
I591297,582,6.961128845E7,
I478681,169,2.264956013E7,2030-01-01
I478959,291,3.184041253E7,2030-01-01
I480773,825,4.232247119E7,2030-01-01
I477384,1454,1.8056106225E8,
I488881,734,8.459658543E7,
I493041,-934,8.878268846E7,2025-09-16
I493217,1504,6.080380219E7,2030-01-01
I498278,131,4742724.27,2030-01-01
I503629,1765,7.92914199E7,
I514708,1009,6.024459773E7,
I520789,510,1.878585499E7,
I523051,1806,2.3984658987E8,
I526524,-830,4.303611082E7,2025-10-09
I530309,1875,1.008641544E8,2030-01-01
I534516,662,9.116895637E7,2030-01-01
I535053,-292,2.328854095E7,2025-10-07
I537416,1303,5.273414182E7,2030-01-01
I541077,463,893112.86,2030-01-01
I543627,302,2.89917659E7,
I544103,1677,8.139579123E7,2030-01-01
I545678,1737,9.588337778E7,
I548141,264,3.914265051E7,2030-01-01
I551309,151,1.948312308E7,
I559510,902,8.076614797E7,2030-01-01
I559636,192,1.087173648E7,2030-01-01
I568387,-1359,4.165265562E7,2025-10-27
I574367,246,1.924283897E7,
I576117,-1817,2.0992585473E8,2025-10-18
I583086,183,2.087737355E7,
I587262,1702,2.937040993E7,2030-01-01
I587550,1903,1.6389938725E8,2030-01-01
I589347,1119,1.1318860044E8,
I481321,671,3.175822858E7,2030-01-01
I484497,-680,2.4646192E7,2025-09-21
I483081,182,1.814826556E7,
I484392,811,4.244190687E7,
I494768,1265,1072220.91,
I495563,1451,1.2939028625E8,2030-01-01
I495775,1626,6.568516236E7,
I497699,108,1.322158521E7,2030-01-01
I500241,741,9.409066415E7,
I502096,-1083,1.2474779062E8,2025-09-20
I505715,407,5.561211247E7,
I512474,-1661,1.9753319824E8,2025-09-01
I513275,1301,1.8692270981E8,
I520207,958,5.676049811E7,2030-01-01
I522340,1441,8605870.29,2030-01-01
I525900,-105,2812983.76,2025-10-21
I529656,-1125,1.1989284274E8,2025-09-06
I530327,408,4654394.1,
I530475,-1064,7.112409663E7,2025-09-04
I532444,-81,9953912.94,2025-10-14
I534976,325,2.941367107E7,
I543532,1101,7.301512205E7,
I546075,828,1.1954151979E8,
I550901,1374,1.2631243547E8,2030-01-01
I554336,1167,1.1240237597E8,
I558523,1750,9.656943533E7,2030-01-01
I559751,1968,1.9002427266E8,2030-01-01
I562069,-1522,1.1091827578E8,2025-10-12
I562647,1079,1.3307133154E8,2030-01-01
I574641,-601,6.381128624E7,2025-10-03
I574932,1114,1.1008133628E8,2030-01-01
I576659,-1674,2.873068758E7,2025-10-06
I576821,887,2.626498461E7,
I577491,-361,271260.37,2025-09-06
I580968,164,1.475350552E7,
I584545,-925,3.894147516E7,2030-01-01
I585412,1705,1.7443335649E8,
I585492,-490,4.340317401E7,2025-09-29
I586437,1679,1.3886321666E8,
I476787,-1281,4.723534061E7,2025-09-23
I479016,1687,8.470241327E7,2030-01-01
I479875,-1327,1.6150611191E8,2025-10-28
I485686,-850,2.164577626E7,2025-10-14
I487392,845,9.691078032E7,2030-01-01
I488276,563,5.99563764E7,
I490042,-1111,0.0,
I490597,-219,1.580720481E7,2025-10-09
I492778,-431,4030004.71,2025-10-07
I493421,164,8510849.57,
I499688,1046,7.809112517E7,2030-01-01
I500414,1757,1.7045654013E8,2030-01-01
I504577,726,6.609165252E7,
I512895,-54,7097158.69,2025-10-05
I516062,1938,7.067770891E7,2030-01-01
I522152,-971,1.4471263681E8,2025-09-09
I535588,-1658,2.4436180584E8,2025-10-20
I538707,1648,9.417329955E7,2030-01-01
I542030,678,3887128.45,2030-01-01
I544282,801,1.0005033605E8,2030-01-01
I546578,449,8392229.41,
I552442,-265,3.669082733E7,2025-09-11
I555744,-1692,1.8683807386E8,2025-09-13
I560161,-1291,1.6843984432E8,2025-10-25
I565213,1521,1.8785205354E8,
I569750,975,9.945822515E7,2030-01-01
I573128,-350,2.094553747E7,2025-10-12
I573954,1950,1.3643516153E8,2030-01-01
I574789,210,2.277720564E7,2030-01-01
I586193,-1098,0.0,2025-09-01
I586613,1834,1.213028974E8,
I476302,881,2.767701928E7,
I484991,368,1.264738608E7,2030-01-01
I490603,-1788,1.8556249109E8,2025-10-01
I492788,1503,7.343642804E7,
I503183,662,9.397432359E7,2030-01-01
I503926,550,6.295472087E7,
I507741,-1658,8.613721794E7,2025-10-04
I508681,1754,8136225.12,2030-01-01
I510496,578,8017292.73,2030-01-01
I513127,699,3164052.62,2030-01-01
I524023,1399,1.343403166E7,
I524737,1320,1.567535915E8,
I525144,997,1.420258293E7,
I526091,361,2.986072494E7,2030-01-01
I538286,-205,1.595038935E7,2025-09-24
I540165,1258,1.5647842405E8,
I542771,1792,2.6367221284E8,2030-01-01
I542947,-750,9.411465045E7,2025-10-06
I545939,1262,8.138129133E7,
I546206,-344,5.031969429E7,2025-10-02
I548324,1982,2.1592890802E8,2030-01-01
I564310,1200,1.6830089812E8,2030-01-01
I565736,-1383,1.7241667212E8,2025-09-22
I569127,1996,1.7774484979E8,2030-01-01
I574790,1656,1.8394699201E8,
I575038,-1189,1.1421175825E8,2025-09-15
I576181,208,4854030.39,
I581638,171,2.227970292E7,2030-01-01
I584306,-821,3.67597791E7,2025-10-29
I596865,417,3.796037203E7,2030-01-01
I598407,-370,2.409465431E7,2025-10-30
I602116,-1645,1.6875594573E8,2025-09-05
I605010,1199,1.1262048696E8,
I606592,599,2.384389685E7,2030-01-01
I609277,1713,3.328302511E7,
I612768,1989,1.032202142E8,2030-01-01
I613445,1982,2.9266390049E8,
I616693,-1476,8.573800968E7,2025-10-07
I620136,1189,6923150.16,2030-01-01
I625743,271,1.222091895E7,2030-01-01
I631324,1000,3.157025903E7,
I641144,745,3.458091891E7,
I641828,-1651,2.4204963477E8,2025-09-08
I644828,1809,7.960580194E7,
I645012,1841,6.439993283E7,2030-01-01
I647433,470,6.118945613E7,
I647538,765,2.822402679E7,2030-01-01
I655561,1284,5.374723883E7,2030-01-01
I670922,692,6.801054399E7,2030-01-01
I671922,180,1.301570998E7,2030-01-01
I680981,952,2.901045769E7,2030-01-01
I682123,1501,1.8901539745E8,
I684049,1724,3.948748808E7,
I697218,1805,1.2774203554E8,
I701403,815,8.949199572E7,
I702167,1301,1.8768555728E8,
I702887,1374,2.0453703074E8,2030-01-01
I703773,1023,7.249961034E7,
I704185,-802,8.544425176E7,2025-10-11
I704586,1775,1.8990158407E8,2030-01-01
I705806,939,9.014544501E7,
I706755,445,4.904127774E7,
I600931,1293,1.5335314266E8,2030-01-01
I610886,1338,8.277776531E7,2030-01-01
I616415,-897,3.69569933E7,2025-10-10
I616765,1513,1.9237328213E8,2030-01-01
I617292,-903,5.209579334E7,2025-10-22
I619643,1134,1.4457762597E8,
I623975,-945,7.518490768E7,2025-09-09
I629426,947,1.0865183609E8,
I630389,-557,5.83657943E7,2025-09-02
I636803,613,4863296.89,2030-01-01
I638049,650,3.243120137E7,
I643955,-809,6.347429878E7,2025-10-15
I649242,1152,1.1620284404E8,2030-01-01
I652632,-291,2209743.46,2025-10-15
I655368,-845,1.2265316871E8,2025-09-10
I662487,1867,1.1887730254E8,2030-01-01
I662817,782,2.583216955E7,
I663859,-526,3.257975491E7,2025-09-03
I665098,880,3.080487848E7,2030-01-01
I669143,164,1212302.04,
I669646,1147,7.283566233E7,2030-01-01
I680812,1709,2.5519545296E8,
I684079,1691,1.7359886997E8,2030-01-01
I686520,1312,1.2604414064E8,2030-01-01
I688900,-699,8.240040309E7,2025-09-30
I695715,421,6290929.62,
I697487,1699,0.0,2030-01-01
I698626,1437,2.0536180526E8,
I699646,982,4.314581082E7,
I706390,1074,1.5556412392E8,2030-01-01
I592911,1150,9.976291867E7,2030-01-01
I599649,1882,1.4036876866E8,2030-01-01
I600117,-342,1.782354118E7,2025-09-26
I603421,617,7156531.55,
I605277,-1961,1.8092204043E8,2025-09-27
I605678,-414,1.629844789E7,2025-10-08
I607015,1467,1.7710687641E8,
I607726,-1065,3.187269918E7,2025-09-30
I618041,1244,1.6131447177E8,2030-01-01
I620606,285,1.997638477E7,2030-01-01
I629332,-384,1278061.26,2025-09-30
I636937,-1377,1.7483973077E8,2025-10-12
I637681,1606,1.5805070975E8,
I650931,-1255,1.4004845446E8,2025-10-29
I657541,675,8.799948226E7,2030-01-01
I658442,753,1.776206719E7,2030-01-01
I659609,-1165,1.6125651402E8,2025-10-04
I659941,1432,1.808044995E8,2030-01-01
I661455,-760,2.168152995E7,2025-10-23
I663459,804,8.503669154E7,
I665455,-1662,1.9394822854E8,2025-09-05
I666096,485,5.792514529E7,2030-01-01
I670912,-1700,1.5963516023E8,2025-10-30
I673041,-1875,1.159234036E7,2025-10-17
I674139,732,7.335161758E7,
I679563,398,5.847569741E7,2030-01-01
I680297,209,1.714289755E7,
I685088,-325,4.799406419E7,2025-10-28
I685377,1544,2.2146903562E8,
I697870,955,3446173.76,2030-01-01
I701369,-1868,0.0,2025-10-10
I703643,-280,9207151.46,2025-10-05
I704393,589,5.016521713E7,2030-01-01
I595842,1686,2.227006966E8,2030-01-01
I601119,75,1804294.86,
I603712,1412,6056730.24,
I611890,-224,2.432425784E7,2025-09-16
I616546,1956,2.1923723764E8,
I617769,-578,1.732833131E7,2025-09-13
I625281,1640,2.171434862E7,2030-01-01
I627926,157,9145026.31,2030-01-01
I632959,1885,1.1914303948E8,2030-01-01
I633353,-1095,1.2589454124E8,2025-09-07
I635348,-524,3.255313332E7,2025-09-29
I636294,-267,2.358060366E7,2025-10-11
I642462,171,1.282083538E7,
I645762,-778,1.851327833E7,2025-10-28
I647912,1213,5145257.71,2030-01-01
I648496,355,4.469172989E7,
I652107,747,4.234924933E7,2030-01-01
I660255,-1942,4.946166993E7,2025-09-11
I661107,612,7763897.88,
I667822,681,1.0009658293E8,
I669140,1879,5.140031612E7,2030-01-01
I673320,622,488518.84,
I673661,1629,2.3723155284E8,
I674311,1595,3.751416733E7,
I678484,504,3.915664987E7,
I682069,-441,4.999183334E7,2025-09-29
I682376,-1164,1.3774831182E8,2025-09-04
I683452,-1617,5.836682618E7,2025-10-10
I684929,-1120,7.372901412E7,
I685558,667,6289506.01,2030-01-01
I688074,493,2.425046498E7,
I696932,1725,2.5737517025E8,
I699350,1533,7.017724333E7,2030-01-01
I701927,-1679,1.7514989414E8,2025-10-05
I704948,1146,7.678975955E7,
I592152,1650,3.144356546E7,2030-01-01
I597312,-522,6.465073491E7,2025-10-13
I605526,1418,1.142581775E8,
I608531,-1430,1.954242657E8,2025-10-29
I613569,-1809,2764793.61,2025-10-28
I617525,217,2436508.28,
I619255,882,3.609427195E7,2030-01-01
I620391,-1432,1.3293605236E8,2025-09-22
I620442,-308,3.07485837E7,2025-10-16
I621234,438,5.843118953E7,
I621783,506,6.584060777E7,
I627150,1387,5.493457399E7,2030-01-01
I633403,1046,6.87234444E7,2030-01-01
I639775,1787,1.3969071449E8,
I641800,-1598,1.941532788E8,2025-10-20
I642931,-593,8.554753176E7,2025-10-02
I642960,1426,1.9295695441E8,2030-01-01
I647028,949,4237080.12,2030-01-01
I651381,-1093,9.651424167E7,2025-10-02
I653182,-1544,8.984952158E7,2025-10-05
I658847,268,2.043672371E7,2030-01-01
I661201,92,4547179.61,2030-01-01
I664091,1495,2.133226402E8,2030-01-01
I664474,-1451,4.960725635E7,2025-09-29
I667504,1425,1.0065037594E8,
I670590,1748,1.658627165E8,
I676785,510,7243517.44,
I678407,-60,2368481.53,2025-10-21
I679054,1522,6.65410602E7,
I680276,1030,9.309573381E7,2030-01-01
I681063,-603,6.65148532E7,2025-10-31
I681256,65,4450648.49,2030-01-01
I688272,1255,5.142913626E7,
I689315,1235,1.3629321012E8,2030-01-01
I691230,971,9.762818168E7,2030-01-01
I695153,-1473,1.4627469343E8,2025-09-12
I695857,1671,1.7800538955E8,2030-01-01
I697621,193,4887583.08,2030-01-01
I698816,-423,7323544.71,2025-10-27
I702056,1284,1.8818008499E8,
I702732,1657,0.0,2030-01-01
I703463,-1888,6.464192162E7,2025-10-10
I591518,-872,1.0804808564E8,2025-09-23
I594711,128,7921949.98,
I602688,685,1.490938337E7,
I604787,113,1.37275574E7,
I607483,752,5624526.68,2030-01-01
I609556,-152,1.83818731E7,2025-09-03
I610950,-551,5.229281119E7,2025-10-12
I614317,262,4016297.28,
I615807,-1031,1.3136169609E8,2025-10-17
I616201,1081,6.946285271E7,2030-01-01
I616950,937,1.212563616E8,
I618540,765,8.02825261E7,
I622559,573,7.558581541E7,
I623183,1237,2.629971364E7,2030-01-01
I629215,408,5139462.2,
I631452,-1098,8.81602252E7,2025-09-07
I631849,775,3.597031993E7,2030-01-01
I645551,829,1.580657106E7,2030-01-01
I645913,573,6.282635954E7,2030-01-01
I648123,453,1.988440159E7,
I652475,-1314,1.2734675936E8,2025-09-11
I654790,1397,1.4738536786E8,
I657587,927,6.441003334E7,
I657709,668,1.288602957E7,2030-01-01
I660248,486,4.825963219E7,
I660320,-1158,4.750791127E7,2025-10-19
I666482,1540,5.350299603E7,2030-01-01
I667001,-1140,1.4771035396E8,2025-10-27
I668597,1152,1.308761773E8,2030-01-01
I670199,1940,1.100404554E8,
I677351,884,6.478545685E7,
I679252,-610,7.8613625E7,2025-10-28
I682280,655,8.609070499E7,2030-01-01
I682379,155,1.399518363E7,2030-01-01
I688673,-1107,7.483596475E7,2025-09-28
I688980,80,5247810.82,
I690712,-1111,1.3412814708E8,
I699849,1411,1.9544728982E8,2030-01-01
I700248,-640,8.293676141E7,2025-10-28
I701111,778,4168135.73,2030-01-01
I702401,-346,4.17350577E7,2025-10-20
I705123,278,1.641052454E7,
I596239,-1579,7.622155101E7,2025-10-18
I601172,-885,5.754010353E7,2025-10-14
I613265,559,7.209039823E7,
I614497,-594,7.210995831E7,2025-10-26
I618478,-580,7.835112759E7,2025-10-30
I619120,1925,9.034171877E7,2030-01-01
I620942,812,1.63580149E7,2030-01-01
I622410,208,3.002533241E7,2030-01-01
I627986,-219,1.091585544E7,2025-09-09
I629052,1898,1.980972511E8,2030-01-01
I629377,-1778,2.4439272761E8,2025-10-10
I632044,1455,5.951419083E7,
I633102,1948,1.6325964422E8,
I639094,593,1.994138051E7,
I648229,100,5928514.84,
I651207,1100,1.169524905E8,
I662680,-1326,1.76794877E8,2025-09-21
I663235,54,2493326.61,
I664267,1570,9.026152845E7,2030-01-01
I664525,863,9.761134921E7,2030-01-01
I665343,816,5.108205691E7,
I665442,1874,2.2132197407E8,2030-01-01
I665525,1771,1.0645217722E8,
I666112,383,5.107863731E7,
I667678,-1510,6.797909191E7,2030-01-01
I670454,629,6984112.25,
I677084,-1477,3.177056886E7,2025-09-21
I678140,608,6.011978114E7,2030-01-01
I680296,721,5.292289732E7,2030-01-01
I681918,-1302,1.9009678958E8,2025-10-14
I682238,1295,8.311765293E7,2030-01-01
I691480,1811,1.4474171254E8,
I691894,498,1.335417585E7,
I696448,-1308,1.079198286E7,2025-09-25
I697983,215,1.365021032E7,
I698548,1188,3.214990628E7,2030-01-01
I702321,-831,3.436108601E7,2025-09-17
I703401,1040,1.448091964E8,2030-01-01
I704165,-1006,1.4041290576E8,2025-10-24
I592287,-949,1.3367913145E8,2025-10-30
I592360,-133,1.546962884E7,2025-09-26
I592763,-807,8.000137586E7,2025-09-23
I596191,435,1.75684675E7,
I597987,971,5.563566643E7,
I601180,530,3.343393831E7,
I605708,1781,5.464932689E7,2030-01-01
I606559,166,1.5238027E7,2030-01-01
I610147,-1567,1.20778308E8,2025-09-02
I616186,1390,2.915954241E7,
I618996,1604,3.310283267E7,2030-01-01
I621613,108,9498629.15,
I622950,1646,1.8410397796E8,2030-01-01
I628105,-1487,1.5571830463E8,2025-10-27
I638839,126,2714597.84,2030-01-01
I644455,290,5827767.27,2030-01-01
I647902,448,5043879.86,
I647976,1002,5.069095019E7,
I649680,626,8.769919761E7,2030-01-01
I659617,1248,2.561563351E7,
I661249,-101,6089092.05,2025-09-18
I662269,-910,1.348276785E7,2025-10-31
I663826,-542,3.755547209E7,2025-10-03
I664302,1813,1.937306147E8,2030-01-01
I667038,822,8.166839246E7,
I671153,1651,1.129969122E7,
I677579,-703,1.434659243E7,2025-10-06
I681782,1965,1.1365137319E8,
I684368,1238,9.803055774E7,
I685826,1085,2.831188346E7,
I686944,1226,1.2820453462E8,
I689671,1202,6.576625756E7,
I689788,1711,2.3519914296E8,
I698058,1440,1.8454014269E8,
I698317,1181,3.051456812E7,2030-01-01
I699860,1971,1.1468401821E8,2030-01-01
I704042,646,7.022348219E7,
I705745,746,5.75621396E7,2030-01-01
I597749,-1690,1.751603974E8,2025-10-02
I603434,-74,2885887.46,2025-09-03
I598529,1148,1.0089593007E8,
I606047,1654,1.8498497685E8,2030-01-01
I608860,1411,5.652402895E7,
I611203,1218,8.506600649E7,2030-01-01
I612821,357,3.848413167E7,2030-01-01
I616793,-1672,2.2694018237E8,2025-09-03
I619629,-1202,5.745109671E7,2025-09-02
I632843,1933,2.3165553352E8,2030-01-01
I633878,-1979,1.3325876176E8,2025-09-12
I636491,393,2.630732158E7,2030-01-01
I639526,801,8307388.82,
I639714,-728,5.498825801E7,2025-09-10
I645510,864,0.0,2030-01-01
I645935,1536,7.438936606E7,2030-01-01
I653793,365,2.902413224E7,2030-01-01
I665205,1441,7.004659265E7,
I668582,1469,1.1081236206E8,
I668916,894,1.0747600833E8,2030-01-01
I675260,608,2.513765324E7,
I675358,910,3.63016545E7,2030-01-01
I675399,675,6.133485242E7,
I679863,1940,0.0,
I688296,1288,1.6052028125E8,
I697320,818,1.0437955526E8,
I703417,-1254,1.1542870818E8,2025-10-19
I705411,600,3.28591808E7,
I594803,1059,6.16354611E7,2030-01-01
I600103,-663,9.503984936E7,2025-09-21
I592211,816,8.388269417E7,
I600776,1806,9.360146078E7,
I602344,544,1.041982563E7,
I605605,1099,1.1220632751E8,
I606542,347,3.966236955E7,
I607713,-1373,1.5897790463E8,2025-09-15
I609655,69,1319372.22,2030-01-01
I615163,1514,4.070001089E7,
I620617,1486,2.492031504E7,
I629456,-1411,9.847957642E7,2025-10-21
I634477,110,1.190180719E7,
I635781,120,7534901.35,2030-01-01
I637190,1160,1.245136334E7,2030-01-01
I640215,-1060,4.300404158E7,2025-10-25
I647565,151,3326155.25,2030-01-01
I648740,1979,8.533992774E7,2030-01-01
I651979,-540,2.078768813E7,2025-09-12
I659990,1775,1.7243151864E8,2030-01-01
I660795,-1692,1.954091218E7,2025-10-26
I662831,594,7.357525339E7,2030-01-01
I663369,1495,1.7647256805E8,
I664026,51,3361499.2,
I664651,1600,5.21054315E7,
I668769,-553,6.178517183E7,2025-09-23
I674512,1472,1.7032043447E8,
I684059,1477,1.5895325622E8,2030-01-01
I688215,-1671,1.689444727E8,2025-10-17
I689318,546,3.122418354E7,
I690633,-1350,3.656365072E7,2025-09-13
I692353,1272,1.3582347175E8,
I693309,259,2.893010774E7,
I694149,638,2.900172825E7,2030-01-01
I694902,956,1.1748372762E8,
I706994,1484,1.8855141961E8,2030-01-01
I591640,-1983,1.0203910587E8,2025-09-14
I591747,1712,4.495477439E7,2030-01-01
I593885,294,1.882354163E7,2030-01-01
I596465,452,5.575950216E7,2030-01-01
I600528,183,2.658539793E7,2030-01-01
I605566,1387,2.0345995594E8,2030-01-01
I614236,777,7932492.87,
I616780,980,1.669035415E7,2030-01-01
I631722,-1933,5.889373064E7,2025-09-14
I638490,-238,3357459.8,2025-09-14
I650743,-456,5958721.34,2025-10-07
I659363,1598,2.3518346934E8,
I661456,507,4.262575117E7,2030-01-01
I663824,1523,7.642790415E7,
I664786,694,7.292697071E7,
I664838,624,2.922779252E7,2030-01-01
I666441,252,1.392148667E7,
I668017,1967,1.7406007416E8,
I673187,1807,2.7084405578E8,
I681679,475,3.269578922E7,2030-01-01
I683341,1915,2.1323668777E8,2030-01-01
I687185,856,4.650708998E7,
I692183,457,2.386909586E7,
I696033,522,3.546387804E7,2030-01-01
I700171,-863,3.926185233E7,2025-10-15
I701503,-273,2.079558698E7,2025-10-08
I704705,-1208,8.126660648E7,2025-09-30
I705664,1866,1.9569374989E8,
I608342,-834,8.819384521E7,2025-10-19
I609862,365,3.16796684E7,2030-01-01
I609907,1719,1.9974161877E8,2030-01-01
I613943,149,9117260.47,2030-01-01
I614470,592,1.390564334E7,
I614513,922,6244752.84,
I630432,1902,1.7661042216E8,2030-01-01
I630681,364,3.30412482E7,2030-01-01
I632086,1178,1.6798544803E8,
I632151,1148,1.405972081E8,
I642284,884,1.0223288379E8,2030-01-01
I654093,1564,8.371667838E7,2030-01-01
I658218,1281,4.563924716E7,2030-01-01
I661180,1918,5.463357478E7,
I679607,1804,6.219569294E7,2030-01-01
I691937,1350,1.6279039688E8,2030-01-01
I695556,957,9.668915372E7,2030-01-01
I698061,-1941,0.0,2025-10-25
I710291,764,1.0888412492E8,2030-01-01
I708476,1261,1.8414951048E8,
I727079,832,1.163139257E8,
I728492,801,6.732038865E7,
I730918,-1658,1.8041450003E8,2025-09-10
I735104,264,2.896115373E7,
I735452,745,4.295591894E7,2030-01-01
I737496,1202,1.910657578E7,
I742242,-528,4529827.69,2025-10-08
I742730,-1579,1.6673505824E8,2025-10-02
I750462,843,6.238243369E7,
I750634,1358,8.774295287E7,2030-01-01
I751490,1311,1.8396856333E8,
I753432,-270,2.084428992E7,2025-09-30
I753860,-341,1998580.23,2025-09-25
I757509,282,3.045075223E7,2030-01-01
I758628,-131,1.011427871E7,2025-10-12
I764233,1331,2.558978329E7,
I773605,1454,5.248899894E7,
I777676,72,1408502.58,2030-01-01
I785132,-1663,6.417241338E7,2025-09-03
I788058,1286,2.462052454E7,
I790121,726,4.932221734E7,2030-01-01
I792589,1041,1.4937232659E8,
I812445,245,3.634340458E7,2030-01-01
I817860,-177,1.875696861E7,2030-01-01
I819359,-351,2.278291201E7,2025-10-01
I819462,55,5467971.34,2030-01-01
I820400,1343,5.228335519E7,
I821358,1913,2.53393574E8,
I822614,1087,3.235946737E7,
I707264,-775,9.72743906E7,2025-09-29
I709168,1165,0.0,2030-01-01
I709815,-1513,1.539314444E7,2025-09-26
I712022,1085,1.4113580621E8,2030-01-01
I720674,-1656,2.0832865859E8,2025-09-10
I723439,323,4.531984168E7,2030-01-01
I723565,-257,3.642770482E7,2025-09-10
I729128,1466,7.668804863E7,2030-01-01
I732600,1329,1.4953655379E8,
I733632,464,1.854491668E7,2030-01-01
I741148,481,3.858801983E7,
I741481,1025,6.084829116E7,
I741839,172,2127436.79,
I743954,842,1.464928387E7,
I756019,1898,2.3033281489E8,2030-01-01
I763745,390,5.576650767E7,2030-01-01
I774563,-1965,6.659385477E7,2025-10-31
I775717,82,0.0,2030-01-01
I779217,-1760,5.39961939E7,2025-10-07
I789552,695,1.512611496E7,2030-01-01
I789730,-1233,8.019100063E7,2025-10-08
I790707,1259,4.383717699E7,
I800027,1045,1.202480764E7,2030-01-01
I800445,1577,7.206991503E7,2030-01-01
I802311,1176,1.131845369E8,2030-01-01
I806177,-533,1674068.62,2025-10-03
I806404,-1857,5.417792673E7,2025-09-29
I807467,-887,2.524207947E7,2025-09-09
I810068,673,3.440308364E7,2030-01-01
I815195,-283,2.932827953E7,2025-10-15
I816422,-65,2957758.55,2025-10-17
I817005,1731,1.7287282179E8,
I820422,1115,3.499921311E7,2030-01-01
I707466,1954,4.040448344E7,2030-01-01
I709662,875,1.192022792E8,2030-01-01
I711139,1840,2.4816874901E8,2030-01-01
I711200,-577,4.036493204E7,2025-10-13
I711866,564,4.265136967E7,2030-01-01
I718720,1822,8.828766144E7,2030-01-01
I719505,-463,3.410885098E7,2025-09-11
I719837,97,6788402.34,
I726179,-310,2.738330221E7,2025-10-09
I727966,-1864,0.0,2025-10-06
I730093,955,1.423276261E8,
I730719,1134,1.0411707662E8,2030-01-01
I731297,-1899,1.0015760768E8,2025-10-31
I735311,439,2.946648123E7,2030-01-01
I736008,207,5798882.79,2030-01-01
I739298,1685,5001519.6,
I739740,1500,1.0631072705E8,2030-01-01
I743662,1693,5.471832199E7,2030-01-01
I744140,1306,0.0,2030-01-01
I745560,1360,1.310563517E7,
I754675,532,7.204523225E7,2030-01-01
I754987,325,1.651386084E7,
I760126,-1399,1.3323022234E8,2025-10-16
I766939,1087,1.4016943327E8,
I767726,-1574,6.58992486E7,2025-10-15
I770285,1005,3.945748521E7,2030-01-01
I770586,1775,2.01755562E7,
I770965,-1356,1483928.62,2025-10-29
I770974,721,4.564957985E7,
I773399,303,2.24451506E7,2030-01-01
I773732,-1965,2.3860096047E8,2025-10-13
I777148,519,7969266.86,2030-01-01
I790574,383,3.664399051E7,2030-01-01
I790869,57,3946392.45,
I799010,109,1915119.81,2030-01-01
I800743,-1927,2.4935684435E8,2025-10-18
I802546,-1724,0.0,2025-09-24
I804241,1228,1.4824024111E8,2030-01-01
I805791,472,3.036158863E7,2030-01-01
I808760,453,4.683699489E7,2030-01-01
I808789,215,1.515379453E7,
I810489,1417,1.7857618783E8,2030-01-01
I815653,1746,1.149384502E8,
I713246,-1752,8668694.44,2025-10-03
I713444,584,6.144848622E7,2030-01-01
I717798,-797,3.397331632E7,2025-10-16
I718403,1265,1.4414975734E8,2030-01-01
I711454,329,2.012588832E7,
I721075,1427,5.182460484E7,
I722219,-1617,1.0495726713E8,2025-09-06
I724940,677,6.229215192E7,2030-01-01
I724941,573,833953.12,2030-01-01
I730564,1587,6161495.78,2030-01-01
I733554,219,4623048.7,
I739608,-1291,3.859726534E7,
I740714,1237,5.727361045E7,2030-01-01
I741022,1032,3.207931618E7,
I742821,-1957,0.0,2025-10-02
I745283,1622,5.526086063E7,
I755048,1180,1.4825893989E8,2030-01-01
I757207,-452,5.649245743E7,2025-10-08
I757214,-1251,1.5694681529E8,2025-10-21
I764409,-1054,7.375158232E7,2025-09-21
I778326,-757,1.0679287197E8,2025-09-30
I779074,1406,2.673994188E7,
I780283,1032,1.0046966692E8,
I781650,1005,6.124606847E7,
I782755,924,3.057469484E7,
I782915,-918,1.2003789878E8,2025-09-26
I786191,500,6.100830388E7,
I791118,1743,1.297472321E8,
I791926,-462,6.3141683E7,2025-10-04
I792604,-1867,6.967973333E7,2025-10-12
I793621,1603,1.3033281173E8,2030-01-01
I804274,513,3.59055057E7,
I809130,-763,2.697608627E7,
I811349,-77,8102577.3,2025-09-20
I814629,1661,1.8245993453E8,2030-01-01
I822131,-1646,1.5882485162E8,2025-09-05
I709199,346,2.940096177E7,
I732257,-1803,1.2570062609E8,
I735840,633,5.60931061E7,
I741675,-1331,8.083240132E7,2025-10-07
I743507,-1861,1.7153579475E8,2025-09-20
I750055,-203,1.33566738E7,2025-09-12
I754597,557,3.876069773E7,2030-01-01
I755917,103,1727587.57,2030-01-01
I759511,1026,7.937224259E7,2030-01-01
I767709,1015,8.896291867E7,
I769517,1244,8898320.46,
I770166,88,112004.48,2030-01-01
I773843,-1715,8.811081606E7,2025-10-15
I775934,1431,7.354443792E7,2030-01-01
I778758,1384,1.0222338614E8,
I780183,538,4.746569153E7,
I786876,1356,9.990991597E7,
I788017,1767,1.4738120276E8,2030-01-01
I788786,1422,2.0260348991E8,2030-01-01
I797727,408,2.986877849E7,
I813587,348,4.825855603E7,2030-01-01
I816435,1942,0.0,
I818312,1475,1.3496932183E8,
I822880,-268,2.29577305E7,2025-10-04
I719735,351,2072756.79,2030-01-01
I720031,883,1.1584045067E8,2030-01-01
I722476,1696,1.2680704238E8,2030-01-01
I724661,-1286,3.994544487E7,2025-09-18
I725804,-1647,5.852283106E7,2025-09-28
I726690,-1524,1.3035470585E8,2025-10-19
I727004,1822,2.2910005011E8,2030-01-01
I728146,520,5.349276813E7,
I735916,-1409,9.011526374E7,2025-09-26
I737464,1912,2.3168800091E8,
I739311,1169,1.190732625E7,2030-01-01
I741268,1416,1838343.22,2030-01-01
I742562,-1286,1.8963551642E8,2025-10-08
I745771,-1160,6.905654932E7,2025-09-26
I746734,1419,1.8304421026E8,2030-01-01
I747909,969,2.619991942E7,2030-01-01
I753633,-1668,1.6178412178E8,2025-10-14
I758444,170,2.027293145E7,
I759009,1604,6.360820835E7,2030-01-01
I767796,263,2.604525851E7,2030-01-01
I769508,853,2.750378344E7,
I769992,-480,9691546.04,2025-09-25
I772967,1367,4.176537137E7,
I781162,264,1.964841051E7,2030-01-01
I783400,1570,1.445481014E8,
I789522,-479,5.529899161E7,2025-10-21
I795389,1872,2.0818658271E8,2030-01-01
I797853,1223,1.7088241616E8,2030-01-01
I798957,994,1.2461604301E8,2030-01-01
I803904,350,3.276345004E7,
I805324,222,2.896686518E7,2030-01-01
I806415,548,7.557888441E7,
I806879,1428,7244441.75,2030-01-01
I813746,1466,7.66702166E7,
I815795,-597,7.325663698E7,2025-10-16
I817195,706,2.424083321E7,2030-01-01
I709129,269,1.71769923E7,2030-01-01
I713464,-152,1.628534585E7,2025-10-15
I713634,-1694,1.4543718845E8,2025-10-02
I715161,1079,8.791672207E7,2030-01-01
I716923,370,3.529824253E7,2030-01-01
I717088,255,1.074734409E7,2030-01-01
I707758,1339,1.5883971854E8,
I722360,1469,6.236464623E7,2030-01-01
I726849,-1268,1.6396035296E8,2025-10-05
I727876,-136,1570494.62,2025-09-09
I729447,-1585,1.9551114069E8,2025-10-12
I734478,-1808,2.3788066282E8,2025-10-01
I735052,999,1390827.88,2030-01-01
I750941,1701,6.423833745E7,
I752355,-512,3.807037129E7,2025-10-09
I754831,566,7.188851129E7,2030-01-01
I763165,-1988,8.71838904E7,2025-09-12
I763179,1260,5.252404609E7,
I772004,745,4.675024526E7,
I777285,-1800,1.4696518314E8,2025-09-15
I777447,1203,1.5943465817E8,2030-01-01
I778090,336,2.026096924E7,2030-01-01
I780216,1340,1.9678229154E8,
I783350,1429,1.8117675568E8,
I783364,645,2.64288581E7,
I784661,-1315,9.133762261E7,2025-09-10
I786800,1451,1.1136859653E8,
I788419,456,5.881150235E7,2030-01-01
I791038,1597,0.0,2030-01-01
I794535,1990,3.508499758E7,
I796251,295,1.545118863E7,
I801971,1102,1.2649833733E8,2030-01-01
I802389,1792,6.568532299E7,
I803340,-518,4.468056413E7,2025-10-19
I804362,-599,5.192824049E7,2025-09-23
I808172,-1314,3.488060943E7,2025-09-08
I814090,1493,8.013099873E7,2030-01-01
I820809,681,9.412956898E7,
I708935,999,7.760705182E7,2030-01-01
I715039,1805,3990120.32,2030-01-01
I711091,1104,1.2440273388E8,
I711403,1407,1.820977575E8,
I720956,122,1.265081808E7,
I723306,232,2.226928599E7,2030-01-01
I728111,1640,2.635740597E7,2030-01-01
I729411,1986,5.389929238E7,2030-01-01
I730449,1571,1.301409049E7,2030-01-01
I731377,1840,1.36623181E8,
I735969,1572,1.6755074928E8,
I736824,865,3.023768644E7,2030-01-01
I741043,379,4.82603869E7,
I746234,505,5.171534235E7,
I747040,-602,3.759579048E7,2025-09-23
I750147,-895,1.133441333E8,2025-09-06
I750278,-69,7926553.48,2025-09-17
I753895,518,5.080770337E7,
I755827,1996,2.6271991647E8,2030-01-01
I756691,-62,1198614.58,2025-10-02
I757140,1986,2.558936817E8,
I758467,1926,7.696966417E7,2030-01-01
I758834,1270,1.690161325E7,2030-01-01
I759744,151,4060808.49,2030-01-01
I762755,-1043,1.2174842292E8,2025-09-01
I766303,397,2.181046532E7,2030-01-01
I772381,-1400,1.328683739E8,2025-10-27
I777997,-1983,1.86962825E7,2025-09-18
I784795,457,0.0,
I785353,143,1.000987168E7,2030-01-01
I789849,-405,1.200578963E7,2025-10-25
I793252,117,2411350.26,
I798667,362,7799759.52,
I799274,1001,1.09821875E8,2030-01-01
I800199,1600,2.0433064671E8,2030-01-01
I801433,1960,9.21482806E7,2030-01-01
I801801,-1980,0.0,2025-10-06
I805804,-995,2.313960993E7,2025-10-28
I808800,250,1.438499502E7,2030-01-01
I811761,1242,1.1734021158E8,
I816519,-152,8084223.4,2025-10-05
I819145,1577,1.6598663309E8,2030-01-01
I820859,1904,2.13336375E7,
I821605,-319,1.075141406E7,2025-10-18
I822502,944,1.1338361123E8,2030-01-01
I708808,1930,7.394515697E7,2030-01-01
I714841,-1172,1.6841374948E8,2025-09-12
I712248,110,519411.85,
I720834,1758,1.7615890083E8,2030-01-01
I722460,-355,3.857525711E7,2025-09-19
I723442,-1104,8.288623275E7,2025-09-19
I724730,-222,2.566392037E7,2025-10-28
I726549,1798,1.1475289613E8,
I738312,1364,6.196495754E7,
I740112,1119,4.859150351E7,
I741023,1116,4.913662885E7,2030-01-01
I747301,1418,7.182580492E7,
I747402,1265,6.202422281E7,2030-01-01
I747614,1636,1.8625311645E8,2030-01-01
I750719,-1268,1.5397246299E8,2025-09-05
I751699,1132,3.102494763E7,
I755752,1947,4.229299528E7,
I760957,-1022,1.18704647E7,2025-09-02
I762559,88,5511954.05,2030-01-01
I763059,152,1.535124242E7,2030-01-01
I763725,99,1.333093062E7,2030-01-01
I764099,1787,5.429778328E7,
I770419,1808,2.097529145E8,2030-01-01
I774635,-862,1.755655292E7,2025-09-21
I775034,824,5.009168589E7,2030-01-01
I780705,1261,4.781897367E7,2030-01-01
I782064,-1293,2.700456617E7,2025-09-17
I785663,-1823,1.746836513E8,2025-09-01
I787564,-539,6.057543687E7,2025-09-08
I788596,87,1.302033985E7,2030-01-01
I789171,778,6.600298277E7,
I789368,-550,4.294130361E7,2025-09-16
I789955,982,1.0898639001E8,
I799850,450,4.367439032E7,2030-01-01
I802565,573,7.748801902E7,2030-01-01
I802958,-1774,9.039149807E7,2025-09-14
I806816,-1149,3.643243136E7,2025-10-29
I809827,1327,1.3058199682E8,
I812289,-664,1.707948193E7,2025-09-04
I813514,-167,1.072621295E7,2025-10-04
I814371,1902,1.913649264E7,2030-01-01
I815948,1451,1.6743224387E8,
I821341,-695,6.924258438E7,2025-10-25
I709986,1774,1.0145007241E8,2030-01-01
I716398,-659,7.835145406E7,2025-10-12
I721247,-208,9064797.63,2025-09-16
I722411,609,5.192349025E7,
I723854,-1733,2.1263554403E8,2025-10-23
I724587,1629,3.467033568E7,
I728295,1510,6.517463328E7,
I728858,1642,4.655504802E7,2030-01-01
I730483,-1590,2.038171684E8,2025-10-30
I737333,-1839,1.185096023E7,2025-10-01
I739049,1322,1.434842204E8,2030-01-01
I739804,701,1.382036656E7,2030-01-01
I742749,-922,7.242213936E7,2025-10-07
I745628,-1677,3.929188826E7,2025-10-16
I748544,-1670,1.018563483E8,2025-10-10
I757011,706,6.328169903E7,2030-01-01
I764282,-1184,1.3391432883E8,2025-10-12
I766114,664,6.753004695E7,2030-01-01
I766326,1622,4.441985276E7,
I782714,-311,4.590379221E7,2025-09-24
I785484,1641,2.557746278E7,2030-01-01
I785679,1661,1.3550320979E8,2030-01-01
I786316,897,5.897137042E7,2030-01-01
I788340,1366,1.5703881503E8,
I788453,-1646,2.4181349065E8,2025-09-02
I792352,342,5.025812141E7,
I801857,164,2.379298914E7,2030-01-01
I804816,1264,1.8910652589E8,
I818825,-678,5.45952955E7,2025-09-30
I819778,-500,4789504.26,2025-10-24
I820769,-935,2.21272345E7,2025-10-04
I718481,762,3.838261933E7,2030-01-01
I721596,1592,1.2377318923E8,
I723951,277,1.045323009E7,2030-01-01
I729693,127,1.557403656E7,2030-01-01
I730774,962,1.814163671E7,2030-01-01
I739335,-1455,2.446599313E7,2025-09-03
I739557,785,4.050198861E7,
I742140,990,1.1080980037E8,2030-01-01
I742432,961,1.2233525838E8,2030-01-01
I747686,823,5.515904021E7,
I751718,508,6.71813357E7,2030-01-01
I759257,-1844,1.7253365203E8,2025-09-29
I767243,331,4.424501088E7,2030-01-01
I774906,-1109,1.3836564446E8,2025-10-13
I774997,243,3.637802522E7,2030-01-01
I775368,349,2.158863497E7,
I779242,1717,1.9220544658E8,2030-01-01
I781259,1841,1.9098887266E8,
I782092,-1430,1.5484735729E8,2025-09-07
I785815,656,5.554003117E7,2030-01-01
I791709,1299,9.825280493E7,2030-01-01
I806082,-58,820245.38,2025-09-18
I809853,1591,1.3922089819E8,
I812191,-1419,1.353907504E7,
I815426,1606,1.0482916057E8,2030-01-01
I816376,1277,9536095.57,
I819527,-1818,9.616492975E7,2025-09-25
I820697,625,1620259.51,2030-01-01
I709012,184,1.201464578E7,2030-01-01
I720405,-1473,1.6643913795E8,2025-10-03
I721256,632,8.201993369E7,
I722448,59,8093575.63,
I722613,-308,1.989878558E7,2025-10-20
I727303,-872,4.92360835E7,2025-10-16
I730230,1960,2.3793385641E8,
I732314,1502,3556519.97,2030-01-01
I732362,1986,2.9685848495E8,2030-01-01
I733199,-1650,1.4259114736E8,2025-09-18
I736207,1403,1.4267536964E8,2030-01-01
I737492,550,6.901958637E7,2030-01-01
I738560,987,1.0031392915E8,2030-01-01
I738629,1441,1.2847139162E8,
I741339,-1854,2.3319293533E8,2025-09-02
I746075,-265,2.415254911E7,2025-10-04
I747787,-396,5.295176124E7,2025-09-06
I748845,1855,1.1808304761E8,
I750063,109,9271194.81,
I751375,-1101,4.006774009E7,2025-10-03
I752715,-1970,1.5308494353E8,
I754907,742,7.597267093E7,
I760528,-1704,8.378896377E7,2025-10-03
I760582,714,9.014180987E7,
I769853,1281,3.840981849E7,2030-01-01
I769952,1258,8.139178368E7,2030-01-01
I774871,-661,9.564772776E7,2025-10-11
I777288,-719,1117583.62,2025-10-12
I778088,1610,5.374062158E7,2030-01-01
I782787,-1206,2.057487007E7,2025-10-27
I793681,-1456,1.2275762054E8,2025-10-27
I801134,-1528,2.053871907E7,2025-09-29
I807553,1252,8.831606063E7,2030-01-01
I813168,1817,2.6927806535E8,2030-01-01
I816479,-868,1.2490162237E8,2025-09-14
I816831,1929,3.667985217E7,2030-01-01
I817881,1888,2.7326124803E8,2030-01-01
I819624,-663,9.155278304E7,2025-10-23
I823562,-1893,4.497737152E7,2025-10-20
I829099,-1969,1.1828977508E8,2025-09-13
I830817,498,2234829.61,2030-01-01
I836769,485,7526912.76,2030-01-01
I837271,-850,9.350407225E7,2025-09-19
I845134,-1909,2.6525268744E8,2025-10-22
I846450,-503,4.428271263E7,2025-09-11
I847516,1190,3.195398778E7,
I850565,1585,1.8270397652E8,
I850881,-231,6505492.82,2025-10-22
I856550,885,1.3043384261E8,2030-01-01
I862484,1009,6.227062361E7,2030-01-01
I868330,-1249,7.560538181E7,2025-09-26
I872018,752,1.260646731E7,
I874824,657,9005396.84,2030-01-01
I879599,1189,1.4941355252E8,2030-01-01
I886306,229,1.828484948E7,2030-01-01
I889955,-1976,2.8493083615E8,2025-09-19
I892470,1418,7.285831241E7,
I895586,-1506,6.178029573E7,2025-10-11
I903859,1254,1.6794952067E8,2030-01-01
I909503,-1226,9.221082168E7,2025-09-19
I914598,-1303,1.4598691061E8,2025-09-07
I920152,-886,1.851042611E7,2025-09-02
I921254,84,1.198979372E7,2030-01-01
I922246,-502,6085519.42,2025-09-02
I922536,1755,2.5081967444E8,2030-01-01
I924763,1865,2.0979311177E8,
I928703,1292,1.8027574362E8,
I930285,-1618,2.4259985066E8,2025-09-14
I935888,907,2.294691531E7,
I936454,63,5565832.6,
I825659,395,4.768454268E7,
I835829,98,8385708.37,2030-01-01
I838706,1388,1.6046444738E8,2030-01-01
I844078,1375,7.344709508E7,
I847175,-1124,1.367787965E7,2025-09-08
I850430,-896,4.246904326E7,2025-09-27
I850947,1078,1.0898765289E8,2030-01-01
I852701,-1760,2.3593431403E8,2025-10-23
I862002,1950,1.2509349459E8,2030-01-01
I863763,152,4770187.96,
I869113,1112,1.5657686365E8,
I869922,1941,2.064381646E7,
I875129,-421,3.275803906E7,2025-10-03
I890631,471,1.998499526E7,
I892375,1631,1.998126332E7,2030-01-01
I894012,-1122,1.0620147401E8,2025-10-05
I901755,1906,2.318563238E7,2030-01-01
I906448,1615,2.915645115E7,
I916651,-1711,2.956988631E7,2025-10-19
I919463,129,1.832979788E7,
I919869,1936,1.6791815251E8,2030-01-01
I922531,1581,2.1053296626E8,
I933829,1931,4.808380107E7,
I937155,1296,5111960.76,
I824994,-1830,9.228921851E7,2025-10-30
I825710,-215,1.698986302E7,2025-09-05
I847511,1297,1.8334195244E8,
I848327,-1132,7.101797148E7,2025-10-26
I859381,-791,1.0691629874E8,2025-10-31
I860832,178,4696237.67,
I865244,-1793,9.426138011E7,2025-10-29
I871190,-183,1736519.19,2025-10-16
I879792,-1208,7.501853449E7,2025-10-23
I880532,-1660,2.1900760516E8,2025-09-13
I883541,672,6.922545158E7,2030-01-01
I888558,1397,1.7918333617E8,
I890931,797,5.181970792E7,2030-01-01
I891480,662,5.922769665E7,2030-01-01
I893882,593,3.647638902E7,
I895604,1540,7.219813366E7,
I901517,-700,6598470.78,2025-10-23
I903059,-1487,7.960290568E7,2025-10-09
I903349,779,6725015.24,2030-01-01
I904157,1011,5.754007644E7,2030-01-01
I908274,1025,1.0471386537E8,2030-01-01
I909563,590,2.997421325E7,2030-01-01
I914499,1217,1.5194635336E8,2030-01-01
I914826,-1538,1.060168739E8,2025-09-10
I917217,-281,3.684354338E7,2025-09-09
I918251,620,3.592219388E7,
I919515,-1406,1.3886207409E8,2025-09-02
I922940,1330,1.483774108E8,
I923757,413,3.232728299E7,2030-01-01
I927706,-83,9922151.7,2025-09-19
I928603,1960,1.3592081521E8,
I929520,1902,2.4652171986E8,
I931079,-582,1.285804329E7,2025-10-26
I932843,922,7.086039083E7,
I934321,233,5877816.44,2030-01-01
I936054,98,3411248.75,2030-01-01
I936066,663,8308395.94,
I937479,1098,1.5377961134E8,
I824678,1470,7514148.39,2030-01-01
I829166,-348,1.331026231E7,2025-09-16
I830762,196,1.996479923E7,
I832328,1247,1410552.94,
I837134,-227,2.964949345E7,2025-10-31
I843262,781,8.290570848E7,
I849250,1261,1.556184791E8,2030-01-01
I850973,1904,1.2020124453E8,2030-01-01
I857157,658,2.841807643E7,2030-01-01
I861756,-1364,5.961965971E7,2025-09-25
I862524,1539,1.1024378879E8,2030-01-01
I863780,951,6.129870258E7,
I866339,897,6.488157387E7,2030-01-01
I869657,-206,1871426.41,2025-09-25
I875648,-1684,3.390476175E7,2025-10-21
I882309,1518,5765629.64,2030-01-01
I884588,1406,1.400694938E8,
I886211,884,9.601733502E7,
I888126,1302,1.3914517217E8,
I888502,532,1.290690685E7,2030-01-01
I904632,1570,1.0100136349E8,2030-01-01
I910722,-1432,1.0209177122E8,2025-09-13
I915173,890,6.440205086E7,
I919182,1392,0.0,2030-01-01
I919256,1655,1.0307448091E8,2030-01-01
I919379,462,6.101516722E7,
I922341,1069,4.426795173E7,2030-01-01
I924383,531,4.294644048E7,
I926868,840,1.2580920972E8,
I931815,-998,1.0917489119E8,2025-09-12
I932214,212,7839696.55,
I934035,1513,1.3871944463E8,2030-01-01
I837071,96,1.30437086E7,
I847517,1816,6.279998463E7,
I847641,491,9182709.67,2030-01-01
I847727,1898,1.7230898364E8,2030-01-01
I848685,-1055,1.4772342114E8,2025-10-25
I852598,1638,8.266139345E7,
I857703,-592,2.826308723E7,2025-09-23
I869506,-1020,2.613897204E7,2030-01-01
I875798,-70,4294054.37,2025-10-07
I877083,-412,5.567910892E7,2025-09-23
I877190,-562,2.696201993E7,2025-10-25
I877737,1887,0.0,
I879502,-58,5510341.86,2025-09-05
I882509,1750,0.0,2030-01-01
I882646,-632,3.121911787E7,2025-10-14
I883099,1538,1234238.64,
I888142,-80,2877954.48,2025-10-22
I892538,-1574,1.132905209E7,2025-10-02
I899605,764,5.609954696E7,
I904166,1507,1.4785965436E8,
I908981,1041,0.0,2030-01-01
I920189,1674,0.0,
I923395,1139,5.834099144E7,2030-01-01
I927069,1964,2.9299804117E8,2030-01-01
I929644,-631,6.449430924E7,2025-10-07
I930181,285,2.159367889E7,
I938157,96,1.057954875E7,
I834077,690,6.743077753E7,2030-01-01
I829180,1252,3.417725334E7,
I836301,372,2.020423348E7,2030-01-01
I836337,1232,9865120.22,
I840666,-1515,2.1786760967E8,2025-09-17
I841091,1915,1.315365798E8,2030-01-01
I846751,1126,1.5816839992E8,2030-01-01
I849926,242,3.369485655E7,2030-01-01
I850722,-1086,7.602417293E7,2025-09-04
I857939,-1199,1.2187745849E8,2025-09-12
I858959,-1274,1.2970732037E8,2025-10-12
I859657,-285,2.484119454E7,2025-09-12
I864644,139,1.285339679E7,
I866276,1936,9.587811901E7,2030-01-01
I866945,377,3.05089051E7,
I874859,1994,1.3564854564E8,
I877507,352,5267323.23,
I879700,-964,5116869.34,2025-09-22
I883567,-324,1.402407065E7,
I888083,-1387,6545618.52,2025-10-14
I891191,1999,2.4983995987E8,2030-01-01
I891450,-743,3.238772632E7,2025-09-29
I897581,887,1.2112059861E8,2030-01-01
I899981,-958,1.2945352519E8,2025-09-04
I903558,-796,8.308684006E7,2025-09-07
I904626,-362,5.109105042E7,2025-10-13
I905692,-1766,1.7055912613E8,2025-10-17
I913706,1711,9.80895045E7,2030-01-01
I915178,1341,5.218813484E7,
I918307,-523,6.275585335E7,2025-09-09
I918414,636,7.014448256E7,2030-01-01
I924489,-1492,2.1853453089E8,2025-10-18
I929906,-720,5.957648919E7,2025-10-08
I933165,1784,2.4378754839E8,
I934131,-1464,1.187081313E7,2025-09-22
I832736,127,1.021041679E7,2030-01-01
I841560,454,6.728119979E7,2030-01-01
I841939,-1782,3.511823447E7,
I844882,-419,3.861892441E7,2025-10-08
I847296,1915,4.96721676E7,2030-01-01
I848073,62,6175876.11,2030-01-01
I851433,392,7355148.82,
I851453,1637,1057284.4,
I852144,-1871,1.4228822372E8,
I853639,648,3.931437371E7,2030-01-01
I860146,1359,4.780918531E7,
I868675,929,3.499000048E7,
I871171,-1293,1.5543924149E8,2025-10-24
I872086,1589,2.3246701705E8,
I874339,116,1641033.56,2030-01-01
I878643,151,1.56088588E7,2030-01-01
I880099,416,2.046854717E7,2030-01-01
I881347,981,1.4544326339E8,2030-01-01
I883005,1599,2.388430767E7,2030-01-01
I887393,1743,1.6004516262E8,2030-01-01
I888487,-1388,6.785010814E7,2025-09-28
I889368,1469,1.5958977535E8,
I890414,562,2453864.92,2030-01-01
I891745,1648,1.4417335113E8,2030-01-01
I893588,1366,1.1045636241E8,
I894793,522,3.842081074E7,
I904504,845,4.898085244E7,
I908832,-709,5.14966871E7,2025-10-02
I909635,1056,7.972592362E7,2030-01-01
I909920,179,2.640720488E7,2030-01-01
I911882,1940,5.851171779E7,
I912913,870,1.790743652E7,
I915453,-931,1.014511106E7,2025-09-20
I915495,-1009,1.3384947888E8,2025-10-07
I917631,-1489,5.934564442E7,2025-09-10
I920112,1409,2.533748529E7,
I920145,1281,3.267821351E7,2030-01-01
I923304,-1610,4.013237244E7,2025-10-07
I928447,-1993,2.6267208177E8,2025-09-30
I935724,1837,1.88759932E8,2030-01-01
I936702,1211,1.603408996E8,2030-01-01
I937431,-1342,1.745323656E8,2025-10-27
I937556,-1723,1.316721404E7,2025-09-07
I938687,-86,7559921.18,2025-10-28
I823960,-786,6.658857739E7,2025-10-10
I828941,501,3.887262984E7,2030-01-01
I832227,-1244,1.4980407218E8,2025-10-19
I828186,573,6.90322539E7,
I834523,1941,6.082291966E7,
I840071,299,2.396671109E7,2030-01-01
I842369,-696,6.047622107E7,2025-09-08
I843416,687,7.596635942E7,
I845072,402,1.686688628E7,
I846727,-403,7726047.97,2025-09-26
I847469,1824,3.280950611E7,
I851947,-1000,4.092453155E7,2025-10-10
I855785,-1119,9.468067933E7,2025-09-10
I859673,446,3.51469239E7,
I869993,1485,1.1223594303E8,2030-01-01
I870096,661,4.413937587E7,
I870723,-790,1.1113244064E8,2025-09-06
I873755,52,2433047.1,2030-01-01
I875328,-569,2.076307707E7,2025-09-14
I876019,-1026,7017367.46,2025-09-10
I878447,-1789,1.9998629582E8,2025-09-30
I881084,-775,5.237750822E7,2025-10-14
I883283,-1288,1.28565105E7,2025-09-01
I889228,-823,2.052163002E7,2025-09-18
I889796,70,8152861.33,2030-01-01
I891705,-140,1.925720606E7,2025-10-25
I898049,1154,1.3108230161E8,2030-01-01
I904526,1387,1.9127173131E8,
I909967,339,3955457.15,
I910548,1399,1.1053321325E8,2030-01-01
I912646,-579,7.648347786E7,2025-09-14
I913182,-758,9.055678493E7,2025-10-20
I914208,1564,2.1454459125E8,
I827180,-111,4671950.44,2025-10-06
I827562,1494,1.3230179994E8,2030-01-01
I829037,-1901,2.0974597818E8,2025-10-31
I831816,1781,1.5839432056E8,2030-01-01
I833035,95,1.18369911E7,2030-01-01
I834844,830,7156010.37,
I836725,-1975,4878723.6,2025-09-18
I839847,1215,3.690586522E7,2030-01-01
I843396,71,6242056.63,
I845400,-397,1.933854145E7,2025-10-31
I854025,382,3.516415944E7,2030-01-01
I857205,-1336,6.660901889E7,2025-10-06
I867154,755,7.244439738E7,2030-01-01
I873639,-834,1.482955545E7,2025-09-24
I874121,1354,1.7106932737E8,2030-01-01
I874317,241,1.272313012E7,2030-01-01
I875362,1032,9.736679567E7,
I875706,1058,9.536699877E7,2030-01-01
I878421,572,7.973975517E7,
I878988,1513,5.797527867E7,2030-01-01
I881144,-331,4.438065027E7,2025-10-31
I886829,895,7.751917978E7,2030-01-01
I887511,1934,0.0,2030-01-01
I891284,-696,7.567980669E7,2025-09-13
I895790,-1520,1.7267261849E8,2025-09-25
I897672,1292,4.975038871E7,
I901320,308,0.0,
I908369,448,6.263000315E7,2030-01-01
I919816,-428,3.063543473E7,2025-09-24
I926227,955,8.90196621E7,2030-01-01
I931185,167,1.562207267E7,2030-01-01
I931199,1995,5.960573194E7,2030-01-01
I933542,1044,1.4851920462E8,
I936250,1349,1.3802997123E8,2030-01-01
I936352,-349,2.936143352E7,2025-09-20
I938526,1612,1.9305229208E8,
I825709,-637,2.023815047E7,2025-10-26
I831136,420,4.623286478E7,2030-01-01
I831573,1825,2.1601036539E8,
I842477,142,1.633915961E7,2030-01-01
I843014,-1880,1.2948394659E8,2025-09-13
I844303,74,3337954.19,2030-01-01
I845652,104,1.498469994E7,2030-01-01
I850471,-788,8471647.09,2025-09-20
I850495,1030,3.564572124E7,
I851202,260,1.353621402E7,2030-01-01
I856351,114,1131017.52,2030-01-01
I858998,232,2.07557214E7,
I859341,388,5.758764031E7,2030-01-01
I861919,1901,1.2900135238E8,2030-01-01
I864436,795,2.234943773E7,
I865862,-1066,7.069885962E7,2025-10-17
I867232,-197,1.756631243E7,2025-10-18
I867519,-1412,4.871673856E7,2025-10-18
I868673,-1046,1.0510872751E8,2025-10-05
I869788,-1998,2.739532429E7,2025-09-20
I877215,303,158408.44,
I886569,724,6.626799914E7,
I892068,1629,2.043155703E7,2030-01-01
I894579,1524,1.2199280244E8,
I895198,1908,2.2927778039E8,
I897507,1004,1.2607473815E8,
I910809,1914,4.930560207E7,
I914564,-74,5616437.09,2025-09-19
I916965,938,1.0146344031E8,2030-01-01
I918878,1412,1.511357344E8,2030-01-01
I922913,586,2.396678394E7,
I924666,-1144,8.951728543E7,2025-10-20
I926215,-307,2.051197223E7,2025-09-24
I927398,551,6.351738442E7,2030-01-01
I932589,-440,3.878817171E7,2030-01-01
I934239,1661,1.299553084E7,
I936532,1907,0.0,
I827409,-1609,2.3233131174E8,2025-09-21
I828680,593,3.441639824E7,2030-01-01
I834381,249,3.054667832E7,2030-01-01
I824985,1509,1.2366712039E8,
I838667,387,1.814170233E7,
I839805,950,3.684326584E7,
I841859,-1186,4.220055513E7,2025-10-07
I843337,1732,2.4900166203E8,2030-01-01
I844148,1077,9.338318312E7,
I844605,1695,4.463381926E7,2030-01-01
I845920,-605,4.36439509E7,2025-09-18
I846675,516,1015056.77,
I853491,-1056,3.66295939E7,2025-09-21
I855830,-259,2.020710189E7,2025-09-16
I863520,207,596476.07,
I864344,228,2.844515984E7,
I867541,-1833,5.585893205E7,2025-10-20
I873753,-1431,3.779882523E7,2025-09-02
I883025,1583,2.3209374368E8,
I885300,-1573,2.2638539823E8,2025-09-22
I887160,356,1.060198266E7,
I887188,885,8.530666246E7,
I891599,-761,9.381492402E7,2025-10-15
I892934,-850,6.375704104E7,2025-09-18
I895825,-419,6437448.29,2025-10-22
I896170,196,2.600780613E7,2030-01-01
I898322,208,0.0,2030-01-01
I906704,822,1.1901701425E8,2030-01-01
I910306,-820,9.210183907E7,2025-09-18
I911138,-705,8.103388973E7,2025-10-29
I911285,1473,2.524834493E7,
I913197,693,6.44336252E7,
I913502,-493,3.294432099E7,2025-10-16
I916549,630,8.962754615E7,2030-01-01
I917042,-1656,1.3825784565E8,2025-09-06
I919193,1746,2.247944001E7,
I919695,1124,6.544747612E7,2030-01-01
I926153,161,6885194.12,
I927592,713,3.913225131E7,2030-01-01
I830606,-1126,5.502004254E7,2025-10-19
I830642,434,4.086315549E7,2030-01-01
I833133,256,0.0,2030-01-01
I833902,-1406,1.6681776282E8,2025-10-01
I832440,642,7.385221181E7,
I834535,1419,4.253260709E7,
I834818,408,863440.61,
I837358,-697,6.828920643E7,2025-10-28
I843047,-625,7.376652724E7,2025-10-27
I854788,1546,2.1843211391E8,
I858312,616,2.646310796E7,
I859960,1365,1.1798350143E8,2030-01-01
I868088,241,1.38410794E7,
I873147,1885,2.628192316E7,
I875480,1358,7.257526878E7,2030-01-01
I880306,1473,5.985673996E7,2030-01-01
I887241,-1931,8.863782791E7,2025-10-08
I891050,756,7.571004783E7,2030-01-01
I897938,-851,7.241621506E7,2025-10-02
I900161,336,0.0,2030-01-01
I905343,283,4.050929987E7,2030-01-01
I914823,63,4413863.63,2030-01-01
I922832,-1226,8140745.4,2025-09-21
I928869,1091,1.0102384699E8,2030-01-01
I932010,1256,8.052322236E7,2030-01-01
I937311,1483,2.885379903E7,2030-01-01
I937860,465,5.645402395E7,
I945789,1814,4.956804347E7,2030-01-01
I947377,1894,1.7496291816E8,2030-01-01
I952914,335,3.886290184E7,
I954356,236,2.49418342E7,2030-01-01
I955996,-240,9435662.01,2025-10-10
I959978,-935,1.230134635E7,2025-10-05
I983968,-1525,1.615957598E7,2025-09-20
I984703,1696,1.0306457887E8,2030-01-01
I986357,1921,5.099308868E7,2030-01-01
I986718,569,5.932524026E7,
I995533,-196,1449556.19,2025-10-19
I996905,402,3.344431617E7,2030-01-01
I1000892,-256,4084459.46,2025-09-11
I1001965,230,1.351492718E7,
I1004645,1670,1.3429972598E8,2030-01-01
I1009057,-85,5647397.55,
I939562,1994,1.0249989739E8,
I942521,1235,7.491548107E7,
I951798,1994,1.6350242627E8,
I952128,1247,8.880973958E7,2030-01-01
I955740,-1336,1.3767574259E8,2025-09-28
I958585,1460,1.060973993E8,2030-01-01
I961171,-332,1.586876701E7,2025-10-20
I962715,784,4.798402076E7,
I963806,993,1.4011613344E8,
I964872,870,1.2526471589E8,2030-01-01
I966022,595,6206578.53,
I982948,1048,1.4373830547E8,2030-01-01
I984867,1788,1.3150623032E8,2030-01-01
I985479,-95,4178916.92,2025-10-28
I986171,-532,7.295890041E7,2025-09-15
I989480,72,2732378.11,2030-01-01
I991072,1154,6.330193165E7,
I992000,626,3.83376261E7,2030-01-01
I992142,1517,1.7753413495E8,
I1002589,583,8.427904514E7,2030-01-01
I1008533,297,3.486009242E7,2030-01-01
I949057,1538,1.5090416981E8,2030-01-01
I950601,-1811,2.1640762479E8,2025-09-19
I950145,994,1.3303771969E8,
I951106,1777,2.6146094297E8,
I953296,-1928,8.877949452E7,2025-10-06
I962711,456,5140016.66,
I976124,718,3.917683411E7,
I979295,655,4343996.84,2030-01-01
I987053,-1959,1.0022644888E8,2025-09-22
I987162,-1651,9.571360634E7,2025-10-09
I988602,1089,3.977187627E7,
I994536,938,4.057884887E7,2030-01-01
I1001198,1132,1332691.99,
I1004302,744,1.527235183E7,
I1005668,338,1.092141832E7,2030-01-01
I943800,1986,2.823851265E8,2030-01-01
I944655,-550,4.372340141E7,2025-10-02
I949364,-1688,2.0606790581E8,2025-09-04
I956872,1167,5.68187115E7,
I957585,-262,2.565262965E7,2025-09-10
I963816,-1672,2.2959884851E8,2025-10-27
I963880,712,4.851583277E7,2030-01-01
I967160,1241,1.7777936483E8,
I969213,1572,8.271861314E7,2030-01-01
I970549,480,6.565218122E7,
I974972,1179,8291726.82,2030-01-01
I979082,314,4.587718063E7,
I984096,767,9.111103647E7,2030-01-01
I986445,-854,6.551007443E7,2025-10-30
I992734,-101,4158713.05,2025-09-09
I993727,926,1.399336364E7,2030-01-01
I1001881,-119,1.421470362E7,2025-10-31
I1004658,-1245,3.75897231E7,2025-09-14
I1006641,320,9764432.79,2030-01-01
I940337,839,9.848171298E7,2030-01-01
I948496,-1616,1.2149825421E8,
I949164,572,1.921954047E7,
I955024,1305,5.413652445E7,
I958608,1443,1.0242192191E8,
I959615,-624,8.907900528E7,2025-09-27
I961529,762,4.248190942E7,
I963308,-1966,1.0722804346E8,2025-09-07
I965579,1393,1.5179404666E8,
I968474,693,5.923547354E7,
I968861,1701,8.997989288E7,2030-01-01
I970920,-1622,2.240578854E7,2025-10-26
I971988,327,2.0599673E7,
I972376,140,1.720968164E7,
I975942,-346,4.712598765E7,2025-10-18
I977791,-1863,6.142506196E7,2025-09-12
I978364,504,4.60435075E7,2030-01-01
I980328,972,6.416031355E7,2030-01-01
I983716,-1745,1.541133656E8,2025-09-27
I987423,-1060,1.1037663086E8,2025-10-23
I992744,-1902,1.0128689498E8,2025-09-04
I993997,1995,3500896.75,2030-01-01
I939470,-748,1.0399433755E8,2025-10-20
I945545,-1574,2.2942581022E8,2025-10-20
I954486,940,2.946163724E7,
I967335,-812,6.810779935E7,2025-10-18
I975110,-771,7854763.37,2025-09-01
I977072,1282,2.453791114E7,
I989442,371,2.380808441E7,2030-01-01
I994268,-431,2.786594445E7,2025-10-21
I1000515,-1313,1.3639195059E8,2025-09-23
I1007960,-880,8.642709085E7,2025-10-25
I1008013,-1338,1.0235556591E8,2025-09-20
I938897,1005,2.795461607E7,2030-01-01
I940797,1875,1.1365993258E8,2030-01-01
I941949,-447,5.608349193E7,2025-10-12
I944766,1625,1.1747058938E8,2030-01-01
I946002,1060,2.905141827E7,2030-01-01
I947797,-320,5330163.13,2025-10-05
I941231,1657,1.6014988394E8,
I953342,891,1.0232462983E8,2030-01-01
I957632,-1139,1.0792800749E8,2025-09-12
I966660,-1359,5.296520189E7,2025-09-08
I969160,208,1.883163435E7,2030-01-01
I970454,1486,1.2853247281E8,2030-01-01
I970853,1667,5.671921146E7,2030-01-01
I976503,1612,2.0541781434E8,
I980880,1072,1.3983953233E8,
I986281,964,2.933413673E7,
I992835,-657,3.466730218E7,2025-10-24
I997450,1336,8.539071884E7,2030-01-01
I1002210,-266,8172178.76,2025-10-03
I1002560,748,3.15316904E7,2030-01-01
I939699,-1933,5.28608787E7,2025-09-22
I943751,-1919,1.6708202398E8,2025-09-26
I946519,-1894,8.791950569E7,2025-09-06
I946740,129,1.895721811E7,
I954420,-399,5.401932982E7,2025-10-11
I956258,1091,2920478.13,2030-01-01
I956533,-1807,7551581.88,2025-09-23
I956825,1578,3.984966136E7,
I958336,-1838,1.4180136033E8,2025-10-21
I971226,976,1.666968473E7,
I972297,1028,1.0888615916E8,
I973112,1911,9.270617261E7,2030-01-01
I975504,1815,1.7210982952E8,
I977602,1088,9.278814994E7,2030-01-01
I978635,1040,3.43485218E7,2030-01-01
I979154,651,7.848232769E7,2030-01-01
I979215,-192,2.386022418E7,2025-09-26
I991667,-814,1.032978162E7,2025-10-04
I998556,-1387,1.7394217583E8,2025-09-10
I999640,1788,2.0555400785E8,2030-01-01
I1001359,110,682554.33,2030-01-01
I940333,904,4.043083356E7,2030-01-01
I959434,1010,1.4038190087E8,2030-01-01
I965066,1815,1.7617080784E8,2030-01-01
I968002,1338,8.689843111E7,
I972388,-1833,1.720899655E7,2025-09-09
I973694,451,2132965.36,
I974419,-1094,1.0867623419E8,2025-09-21
I979592,-129,9165997.87,2025-09-20
I980140,1778,1.9928682427E8,2030-01-01
I996649,1008,9.985204532E7,
I996800,226,2.667461745E7,2030-01-01
I998751,-1853,4008210.54,2025-10-06
I999973,-1362,1.9948960945E8,2025-09-29
I1000661,338,1.827674077E7,
I1003914,1253,1.3534020587E8,2030-01-01
I1006341,-1012,9.628713587E7,2025-10-23
I1008948,1313,1.0657493318E8,2030-01-01
I944442,-691,4.838446451E7,2025-09-08
I939168,759,5109919.49,
I955381,-1018,1.981427948E7,2025-09-23
I960194,1462,1.416395913E7,2030-01-01
I963794,-1975,6.079235185E7,2025-10-16
I964504,239,1.554169206E7,2030-01-01
I964969,235,1.06429275E7,
I965020,1783,2.4066902646E8,2030-01-01
I965149,108,1.192547242E7,2030-01-01
I967426,895,4.133326172E7,2030-01-01
I970932,1728,2.5624206524E8,
I971018,-1029,4.714996457E7,2025-10-05
I975651,-1876,2.0989714445E8,2025-10-18
I986997,1537,0.0,2030-01-01
I987211,-1288,4023443.11,2025-10-12
I990065,-1378,1.8280537618E8,2025-10-27
I1000758,904,4.751057946E7,
I1001554,-1874,4.460145592E7,2025-09-10
I1006811,714,2.910512924E7,
I1008471,-964,1.3072709428E8,2025-09-10
I938860,-1344,1.7349836588E8,2025-10-23
I940478,-329,2.992495849E7,2025-09-30
I944110,1277,1.2869207004E8,2030-01-01
I950414,1245,2.254031406E7,2030-01-01
I946275,1840,1.1060624103E8,
I948854,497,6.062099461E7,
I953659,853,3.676423252E7,2030-01-01
I959689,-1058,1.2618062756E8,2025-09-16
I966231,985,7.697190434E7,2030-01-01
I968048,1758,7.386561803E7,2030-01-01
I970407,1366,9.552585391E7,2030-01-01
I970762,-321,1.73349397E7,2025-10-25
I978879,861,9.439851614E7,2030-01-01
I981992,234,4674407.79,2030-01-01
I982771,-1134,4.579274291E7,2025-09-16
I982829,-1440,3.058379218E7,2025-10-14
I990006,895,1839560.03,
I999086,1858,1.7062386078E8,
I999687,190,2.554082295E7,2030-01-01
I1007208,1524,0.0,2030-01-01
I1008951,1050,1.4469402506E8,2030-01-01
I947804,206,2.64627167E7,2030-01-01
I947883,-1934,3.576024998E7,2025-10-20
I952709,-1838,1.7200802829E8,2025-10-05
I952905,1917,1.9447259413E8,2030-01-01
I959316,317,7970412.83,
I963906,530,2.572304513E7,
I971807,975,8.689931407E7,
I978583,459,5201874.13,
I985609,1844,1.9965967517E8,2030-01-01
I987773,-904,2.312776745E7,2025-10-14
I988936,1482,1.7733698689E8,2030-01-01
I990237,1096,8.329593577E7,2030-01-01
I1002195,440,8593546.89,2030-01-01
I1007505,1543,1.4459349821E8,
