item_id,units_sold,revenue,sale_date
I12836,-84,6341456.62,2025-09-14
I13197,-1068,6.675446317E7,2025-10-16
I19168,1532,6.88766178E7,2030-01-01
I13974,832,3.702738881E7,
I14602,718,8.256091537E7,
I22156,875,6.175313904E7,
I23499,-885,9.806550448E7,2025-09-13
I24268,1313,9.442100643E7,2030-01-01
I35821,1016,1.0393438671E8,
I39851,1845,2.1840529065E8,2030-01-01
I47314,1152,2.953515131E7,2030-01-01
I47873,-1983,9.150600059E7,2025-10-26
I49039,500,2.330305751E7,
I50772,269,1.171198304E7,2030-01-01
I60462,1178,1.5458474352E8,
I61621,-662,6.389450099E7,2025-09-04
I68014,1360,9.539668858E7,2030-01-01
I69730,445,2678878.88,2030-01-01
I76175,1998,3.452105328E7,2030-01-01
I79643,-320,2.824349011E7,2025-10-16
I81867,1038,6.155226672E7,2030-01-01
I82865,462,5552957.65,
I98147,1887,1.9314366192E8,
I99147,284,753525.18,
I100085,-1187,1.1671271087E8,2025-10-31
I101829,338,1.048106573E7,2030-01-01
I103420,1272,8.138794005E7,2030-01-01
I103548,1476,2.620676726E7,
I107938,1392,5.119931373E7,2030-01-01
I111711,1596,5.765082767E7,
I115067,1728,8.376215762E7,
I116941,1437,1.3544841476E8,
I118138,146,1.549758831E7,2030-01-01
I118562,1665,2.4550536063E8,
I120740,1574,1.3190788403E8,
I121450,1857,2.4784850251E8,2030-01-01
I123720,-382,3.641391498E7,2025-09-30
I125523,-1609,7.683835911E7,2025-09-21
I11936,-689,946419.14,2025-10-03
I20368,1841,3.904756405E7,2030-01-01
I18672,-951,5.149847987E7,
I21210,-1554,2.302932766E8,
I21807,52,1651083.82,
I22668,-958,1.0511964798E8,2025-09-03
I22713,-1107,7399763.72,2025-10-14
I25659,377,1.437115915E7,
I28825,1657,2.177395039E8,
I30982,1680,1.1812102021E8,2030-01-01
I34878,407,5.093917337E7,
I42185,-1274,1.03779368E7,2025-10-18
I42997,213,1282577.31,
I51275,681,1.815646681E7,2030-01-01
I51514,1519,1.0026195792E8,
I57445,-350,5.198245347E7,2025-09-19
I66334,734,6.512453582E7,2030-01-01
I68154,517,4.435149288E7,2030-01-01
I69363,1600,3.412698088E7,
I75117,1396,1.6280266284E8,2030-01-01
I75643,-697,3.204811939E7,2025-10-30
I87544,1287,2.578504224E7,
I91765,684,5.391231964E7,
I97803,-591,6.587663736E7,2025-10-26
I99878,123,0.0,
I104557,1294,9.756414259E7,
I107366,2000,1.6342668905E8,
I111697,906,3.584677434E7,
I116549,-1647,1.6723359165E8,2025-10-08
I122616,362,1.093063936E7,2030-01-01
I19366,-143,1.638083281E7,2025-10-28
I25616,1465,1.3791094411E8,2030-01-01
I29126,-289,2.854393615E7,2025-09-05
I29681,375,3.159415714E7,2030-01-01
I30118,336,8549999.0,2030-01-01
I30480,1537,2.158007542E7,
I36272,1629,5.409258703E7,
I36955,946,4.727844345E7,
I37870,1603,1.0641776913E8,2030-01-01
I41077,933,9.926478145E7,2030-01-01
I48590,343,1.060504955E7,2030-01-01
I55639,417,5.384615779E7,
I60787,-221,9593684.89,2025-09-30
I61121,-614,3562647.28,2025-10-28
I65118,1584,1.7039406181E8,2030-01-01
I67956,330,2.784886558E7,
I70383,920,4.81828009E7,
I78329,1579,5.914297728E7,2030-01-01
I81200,68,5129315.58,
I82197,135,1.55302091E7,
I82360,787,9.197083304E7,
I90371,-764,5.216917389E7,2025-09-30
I98426,220,391710.84,2030-01-01
I105594,-817,8.110707544E7,2025-09-23
I111018,-1758,5.793498108E7,2025-09-14
I112092,482,3.349528996E7,2030-01-01
I113331,387,1394615.8,
I119699,548,4.422484348E7,
I121092,96,6202567.59,
I121344,1584,8.510160263E7,2030-01-01
I124106,568,5034155.97,
I11413,154,9969455.74,2030-01-01
I12967,507,4.105955822E7,2030-01-01
I20516,-342,2.630887752E7,2025-10-19
I20517,491,6.453506679E7,2030-01-01
I13684,1133,0.0,
I24292,1503,1.7761310987E8,
I29273,1448,6.552450158E7,2030-01-01
I37636,1256,9.494793865E7,2030-01-01
I43782,1176,1.2086133508E8,
I44852,622,5.768803763E7,2030-01-01
I46434,239,2.113186177E7,2030-01-01
I46756,1954,2.2270555344E8,
I52618,-1288,1.5572339485E8,2025-09-25
I62463,-666,2.809152768E7,2025-10-14
I68736,-558,0.0,2025-10-28
I69239,1857,2.2390181504E8,2030-01-01
I74882,-396,1697498.16,2025-09-07
I75282,444,2.609235678E7,
I82684,1627,1.2663857145E8,2030-01-01
I87450,1115,8.605147414E7,2030-01-01
I87636,294,3.132826822E7,
I91571,-782,9.089825235E7,2025-10-03
I92073,-1765,4.665940704E7,2025-10-26
I92924,1279,9.343850527E7,2030-01-01
I95999,1686,5.790394014E7,
I97225,852,8.093595138E7,2030-01-01
I104477,-427,0.0,2025-10-05
I106161,-175,2.168124266E7,2025-09-17
I107320,612,3.882375837E7,
I107923,1130,4.955401738E7,
I109340,1915,1.8425407934E8,
I119710,146,746026.05,
I122305,466,5219932.74,
I123546,-1704,5.693582826E7,2025-09-09
I124825,772,7.146667039E7,
I125229,-521,4.956809317E7,2025-10-22
I127674,-1226,1.6762779906E8,2025-09-14
I11367,-181,1.26357439E7,2025-09-01
I17022,887,1.273226602E8,2030-01-01
I13774,699,1.454356242E7,
I15658,226,1.986921448E7,
I26660,-683,5.371425705E7,2025-09-18
I28947,-1676,9.490110814E7,2025-10-14
I37370,1204,9.905799256E7,2030-01-01
I42296,1005,9.055632719E7,
I42424,-1602,2.1216277969E8,2025-10-28
I54533,1046,7.448433412E7,
I54978,-233,6888208.91,2025-10-06
I58368,-372,3.915470294E7,2025-10-24
I59009,972,5.202562932E7,
I60673,956,6.893266444E7,2030-01-01
I65772,-460,4.743973566E7,2025-09-17
I66759,414,1.550145442E7,2030-01-01
I71972,1363,1.6482913863E8,
I73413,-1656,1.8396653097E8,2025-10-20
I77513,155,3376667.38,2030-01-01
I82208,-663,7.375652948E7,2025-09-28
I82382,-1743,5.202534213E7,2025-10-19
I83700,1609,1.8269599061E8,2030-01-01
I85323,632,5.531617657E7,2030-01-01
I95358,292,1.926481235E7,
I96456,82,1.007565779E7,2030-01-01
I96975,614,7276369.61,2030-01-01
I107199,768,1.0136406786E8,2030-01-01
I110361,-474,4.328738822E7,2025-09-29
I116910,428,1.549982438E7,
I117931,-1390,1.4784276638E8,2030-01-01
I124849,555,8.30833152E7,
I126654,1258,1.8309708067E8,2030-01-01
I19911,941,7.026549402E7,2030-01-01
I21447,1421,1.343442169E8,2030-01-01
,1386,8.599576637E7,2025-10-13
I12509,639,3.307883029E7,
I19801,1030,7.326815865E7,
I25351,251,445091.06,
I33857,1949,2.6000072194E8,2030-01-01
I37723,1676,2.3486506235E8,
I38332,1360,1.9614315988E8,2030-01-01
I40114,-648,7.212547791E7,2025-10-09
I45680,1862,1.1884810278E8,2030-01-01
I45911,810,4.385846502E7,2030-01-01
I55124,-1970,2.5377672267E8,2025-09-19
I55229,268,3.234357135E7,
I56020,-343,541314.3,2025-09-27
I60843,-778,8.96481804E7,2025-10-17
I60981,1520,5.659953852E7,
I64093,1331,1923989.84,2030-01-01
I65063,64,8520454.88,
I65175,900,1.0532032151E8,2030-01-01
I65558,1711,7463647.87,2030-01-01
I70752,943,1.699952899E7,2030-01-01
I70977,868,6.373415933E7,
I75942,289,2.320829254E7,
I78742,-794,3.612581941E7,2030-01-01
I79330,1369,1.0760932127E8,2030-01-01
I83139,-1659,1.4136898486E8,2025-10-14
I83361,1265,1.4144898325E8,2030-01-01
I85833,1821,2.456817727E8,2030-01-01
I86647,681,2.602848026E7,
I87041,-439,3085492.94,2025-09-18
I95545,1948,2.2616975731E8,2030-01-01
I104798,285,3.818661291E7,2030-01-01
I105855,1269,5.755961372E7,2030-01-01
I106026,-1444,1.2499054908E8,2025-10-16
I110833,1170,2.145930129E7,
I111537,198,2.74046757E7,2030-01-01
I113279,1558,6.760208165E7,2030-01-01
I113341,-1310,8.949271354E7,2025-09-16
I119571,-1071,1.1215714911E8,2025-10-25
I127696,1172,0.0,2030-01-01
I11479,-1451,0.0,2025-10-27
I21203,1481,9.924156261E7,2030-01-01
I10021,1580,3.179121905E7,
I11751,1874,1.9913038081E8,
I14539,1744,6.162904818E7,
I17187,1291,3.54635004E7,
I28220,-815,9.980816394E7,2025-09-26
I28340,456,3.970587339E7,2030-01-01
I29726,-1376,3.4523648E7,2025-09-17
I30828,436,2.592055574E7,
I39366,643,9.550322304E7,2030-01-01
I44463,-1312,1.9311111588E8,2025-10-14
I49507,1015,4.399880846E7,2030-01-01
I52504,475,4.891871912E7,2030-01-01
I54958,1071,6390009.12,
I60147,-1819,2.0340290803E8,2025-09-10
I61170,-860,6.175774591E7,2025-09-24
I71590,1654,6.097787768E7,2030-01-01
I72305,-664,9383086.34,2025-10-03
I73676,-181,1.812773038E7,2025-09-21
I77738,-1617,2.2400151641E8,2025-10-20
I77812,-89,6139913.84,2025-10-30
I79518,616,1698821.57,2030-01-01
I89935,1025,1.1881147251E8,
I93084,-1518,1.2457469782E8,2025-10-25
I106594,-1878,2.2441482392E8,2025-10-09
I107645,73,69980.12,2030-01-01
I112936,1860,1.3970145686E8,2030-01-01
I115291,1617,0.0,
I118869,-879,9107554.9,2025-10-15
I120554,-954,1.0728570747E8,2025-10-05
I121157,-876,5.029095695E7,2025-10-17
I121646,1300,1.8103285522E8,
I126523,1765,7.011716522E7,2030-01-01
I19308,1558,1.0025150611E8,
I21863,473,6.794770427E7,
I22517,-1844,2.4919336478E8,2025-09-22
I24830,1479,3.595357517E7,2030-01-01
I25153,-764,1.0799463809E8,2025-09-25
I46309,720,9.181029416E7,
I48838,1057,9.154710473E7,
I50770,1191,1.1466596212E8,2030-01-01
I56456,-901,1.1908575968E8,2025-10-06
I57018,-1272,1.0415877564E8,2025-09-10
I58798,1753,8.593074845E7,2030-01-01
I61010,614,5.572662328E7,
I63527,722,6.093097109E7,2030-01-01
I71015,-1549,2.0605410673E8,2025-09-08
I75006,606,5.922145283E7,
I95285,800,5.122761442E7,
I95655,1879,1.7438001346E8,2030-01-01
I99143,1614,7.443004802E7,
I101124,1454,1.1586888837E8,
I102423,-1737,4.059990077E7,2025-09-24
I106565,-417,2.977105817E7,2025-09-09
I122478,715,5.885305286E7,2030-01-01
I122958,1889,2.4833198989E8,2030-01-01
I125729,439,1.851466178E7,2030-01-01
I127060,1689,7.619866336E7,2030-01-01
I14739,180,2.602215066E7,
I35905,950,1.3230811034E8,
I36527,1824,4.567435967E7,2030-01-01
I42924,1424,1.9190967839E8,2030-01-01
I43103,677,9.262832181E7,2030-01-01
I45315,1772,2.2437111424E8,2030-01-01
I51115,227,0.0,
I53141,1529,2.0658778704E8,
I56760,-558,3.719231836E7,2025-09-03
I59483,1974,2.1848297984E8,2030-01-01
I65529,145,5536014.04,2030-01-01
I66484,1122,1.2457345578E8,
I69032,581,7.070604292E7,
I69281,1891,1.5115345283E8,
I80053,1677,2.0246268833E8,2030-01-01
I82148,-354,2.375093908E7,2025-09-28
I85597,1389,1.6565031515E8,
I86761,1057,9.66556609E7,
I89892,1382,1.647550507E7,
I108622,387,1.286716901E7,2030-01-01
I109584,-1339,2035315.14,2025-09-27
I111806,222,2633521.66,
I119781,-961,5.196978143E7,2025-09-12
I122951,722,8.003015856E7,
I123767,1189,8.553705593E7,2030-01-01
I11866,1984,1.4456880169E8,2030-01-01
I13706,350,4.271306409E7,2030-01-01
I16376,528,5.911437828E7,2030-01-01
,583,7.097198715E7,2025-09-27
I22925,814,1.0875065186E8,2030-01-01
I33994,1603,9525670.24,
I38304,-590,5.918583027E7,2025-09-12
I52041,1293,1.5521098167E8,
I54096,1881,0.0,
I57212,-580,3.704924875E7,2025-09-11
I62213,1362,7.833325136E7,2030-01-01
I66049,-1912,2.3249888219E8,2025-09-19
I68186,-1775,1.8314527047E8,2025-10-25
I77844,-1093,1.5411590805E8,2025-09-15
I86936,951,1.3617416794E8,2030-01-01
I90223,1833,9.388645764E7,
I95055,1683,1.2838848823E8,
I101580,-1523,2.1202995533E8,2025-09-19
I108355,1382,3.757435455E7,2030-01-01
I110884,-1595,2.0160050667E8,2025-09-12
I113718,816,1.0354919804E8,2030-01-01
I113789,1035,9.732645309E7,
I114718,219,1.117184103E7,2030-01-01
I115336,735,7.358302784E7,
I126058,1346,6.154284115E7,2030-01-01
I10296,829,5.805908332E7,2030-01-01
I11417,-843,1.19551922E7,2025-10-02
I10572,55,1125246.5,
I20520,1423,6.812841282E7,
I24715,770,1.79888204E7,
I36253,1715,1.2007842111E8,2030-01-01
I38917,1086,1.5457978488E8,
I39702,835,3.049644685E7,2030-01-01
I46928,-134,1.18186458E7,2025-09-20
I47282,-362,3.102596866E7,2025-10-03
I53220,-1943,2.6652112055E8,2025-09-02
I57402,-986,8.619249786E7,2025-10-31
I63166,1018,1.2500304975E8,
I68237,1333,1.5824313946E8,2030-01-01
I72982,1054,5.795054598E7,2030-01-01
I73830,924,7202864.81,
I83051,-1274,1.4254986565E8,2025-09-14
I90367,-1678,1.9868057035E8,2025-09-04
I90737,1674,8.651288002E7,
I93955,1619,1.465438376E8,
I100251,1848,2.3795266835E8,2030-01-01
I101013,573,5.586425285E7,2030-01-01
I110817,-589,1402701.55,2025-09-26
I111291,1625,9.227394085E7,
I113186,-1305,9.317834166E7,2025-09-27
I114435,1005,6.380273799E7,2030-01-01
I114815,-1017,1.2730520526E8,2025-09-03
I126981,-205,2.8965974E7,2025-09-02
I14430,1877,1.8435571483E8,2030-01-01
I16659,-1009,1.464569087E7,2025-10-21
I11772,898,9.36499099E7,
,541,6.620564453E7,2025-10-04
I17985,1039,3.202473725E7,
I19715,926,1.654409113E7,
I29002,1216,1.3356306396E8,2030-01-01
I29502,698,5.763307268E7,
I30351,-347,3.158751352E7,2025-09-02
I31679,-1668,2.1423364987E8,2025-09-30
I35639,1716,2.0070063943E8,2030-01-01
I41139,-940,5.270342987E7,2025-10-26
I43085,-334,4.199505939E7,2025-10-09
I47649,1915,1.2792616753E8,2030-01-01
I47971,766,3.426674155E7,
I49506,1983,1.0616405173E8,
I56044,612,8.729564793E7,2030-01-01
I63720,504,5.210817811E7,2030-01-01
I64925,629,1.119286368E7,
I66121,-1118,5.13440813E7,2025-09-29
I69611,468,3.294448154E7,
I75582,1161,1.2852553783E8,
I75787,-1872,2.2527778744E8,
I79005,-1737,4.990548207E7,2025-10-06
I80363,-288,7530468.26,2025-09-01
I81209,747,9.208008835E7,
I82955,1532,1.667152762E8,2030-01-01
I84779,1474,2.1747023185E8,2030-01-01
I85383,1497,1.3599338087E8,2030-01-01
I89896,433,6032827.45,
I90504,-1630,1.0697601961E8,2025-09-13
I99894,-68,7681580.04,2025-09-10
I101520,1424,6.221682316E7,
I102467,-1890,2.7118422898E8,2025-09-24
I102948,1356,3.190951778E7,
I103723,-1203,1.3290382897E8,2025-09-30
I104942,-1587,8.854205722E7,2025-09-20
I105869,-1171,1.0315134238E8,2025-09-29
I107175,935,7.333134921E7,2030-01-01
I107776,382,3.874732655E7,
I132010,598,7.495647724E7,2030-01-01
I135735,-1768,7.564254625E7,2025-09-10
I140422,1955,3.242143675E7,
I142363,-1291,8670786.99,2025-10-20
I147276,1151,7424976.68,2030-01-01
I149740,-1713,8.696473387E7,2025-10-07
I151499,1498,1.4826982391E8,
I154364,-1734,2.5835172287E8,2025-09-26
I155056,478,2.663009489E7,2030-01-01
I155418,-1725,0.0,2025-09-23
I162834,202,2.829472349E7,
I163929,-1669,8592506.42,2025-10-07
I166783,-280,1.855133488E7,2025-10-23
I170095,1387,1.4876388327E8,
I173128,-846,6.387026941E7,2025-09-07
I177818,-1235,7.692441709E7,2025-09-25
I179792,1247,9.390932937E7,
I186474,1875,1.1076263239E8,
I189978,-1655,2.4823004923E8,2025-10-29
I190763,1578,4.47708545E7,
I191334,1985,1.8360806138E8,2030-01-01
I199696,-342,3.058724457E7,2025-09-12
I201364,-1398,3.421480869E7,2025-09-09
I204182,841,3.16533959E7,
I205489,191,2.677055796E7,2030-01-01
I207825,-1011,1.1672953065E8,2025-10-28
I208395,1873,8.008176591E7,2030-01-01
I210523,-995,1.4569690299E8,2025-10-16
I212151,-1610,1.8027846003E8,2025-10-05
I218494,1476,2.0771368981E8,2030-01-01
I219665,-1712,1.841909415E8,2025-10-20
I221506,743,3.2919829E7,
I223441,1255,7.134988358E7,2030-01-01
I230696,1383,1.5361772142E8,
I239400,-377,562069.51,2025-09-24
I134604,303,3.856769922E7,2030-01-01
I140162,1851,6.188487384E7,
I143003,-1828,2.6044671186E8,2025-09-25
I144976,-188,9010064.53,2025-10-02
I146209,1436,1.8598075929E8,
I154632,-673,4.798791791E7,2025-09-08
I164132,-1851,1.500163448E7,2025-10-25
I166702,1200,1.2777729349E8,2030-01-01
I170894,-1426,1.5370202365E8,2025-09-17
I175364,-1980,1.785131616E8,2025-10-08
I183149,1187,1.2715507351E8,
I184698,-1678,2.239168624E7,2025-10-11
I189367,-835,9.533264193E7,2025-10-06
I196135,315,4305495.23,
I196482,1543,4.752938202E7,
I200570,-951,3.448738054E7,2025-09-20
I204904,1002,8.405097931E7,
I208384,1215,8.422998122E7,2030-01-01
I217998,-1565,1.4587448961E8,2025-10-03
I220362,-94,7644766.54,2025-09-04
I221457,198,2.30521797E7,
I222803,1030,1.2824994108E8,2030-01-01
I224342,-1781,2.3826365831E8,2025-09-14
I224439,409,5.419635354E7,2030-01-01
I234448,1000,1.474303607E8,
I234722,1219,1.0893761293E8,2030-01-01
I235378,901,9.508486471E7,
I130333,-1299,8.576444164E7,2025-10-02
I135717,193,2.562216426E7,2030-01-01
I140372,965,1.1920124226E8,2030-01-01
I140788,644,0.0,2030-01-01
I143080,1568,2.1166942154E8,2030-01-01
I143220,85,1446669.34,2030-01-01
I143228,1408,1.1921531101E8,
I143933,-1415,7.843361043E7,2025-09-22
I144766,705,4.172452564E7,
I145270,887,8.14682823E7,
I151029,1557,1.1002909446E8,
I151218,649,1.922610253E7,2030-01-01
I153914,-249,2.476526271E7,2025-09-11
I159363,-1569,1.3798863463E8,2025-10-19
I160786,1924,2.5764351421E8,
I161557,975,1.2176918997E8,2030-01-01
I164097,1109,1.5452489053E8,
I167555,1623,1.5615471593E8,2030-01-01
I175293,-494,6.499927611E7,2025-10-28
I181975,1509,1.7898623111E8,
I187278,1434,1.9223976415E8,
I189704,1601,3.480635045E7,
I194015,317,2.976176836E7,2030-01-01
I195862,-1393,1.4707767554E8,2025-10-24
I198174,1414,1.1853783E7,
I198965,846,7.145287101E7,2030-01-01
I199673,-206,2.545889347E7,2025-10-05
I200021,1276,1.7306000423E8,
I200206,-103,3116014.65,2025-09-30
I202115,1247,4.614233397E7,
I206397,-1835,7.769652244E7,2025-10-11
I207317,361,4788354.52,
I208296,-1222,1.0054267114E8,2025-10-02
I213118,-397,258712.86,2025-10-26
I216612,1126,1.1472784491E8,2030-01-01
I217202,1688,1.692653195E8,
I228863,1077,5.364252477E7,
I232396,510,0.0,2030-01-01
I233505,1907,1.1232632571E8,2030-01-01
I235453,1191,5.816276402E7,2030-01-01
I237473,1183,4.132852166E7,
I240125,368,1.393989081E7,2030-01-01
I134611,1588,2.0287822979E8,
I137481,562,7.176906134E7,
I142183,-1706,2.0838570115E8,2025-09-14
I144043,1627,4.617625249E7,2030-01-01
I145083,1504,6.394989815E7,
I147728,-1536,1.2659504082E8,2025-09-03
I147801,1001,6.488488305E7,2030-01-01
I153167,-82,1.12271998E7,2025-10-04
I153432,853,1.1455013432E8,2030-01-01
I156671,82,9540098.41,
I156698,-1919,1.4464707202E8,2025-10-16
I158871,-1089,1.876653272E7,2025-10-03
I164328,-285,2.21791674E7,2025-09-16
I165718,-230,2.239073558E7,2025-10-03
I166213,220,2.060590616E7,2030-01-01
I167771,-1725,2.4611143787E8,2025-10-12
I170624,-119,1.25023451E7,2025-09-18
I171023,758,9.916573521E7,2030-01-01
I171133,-481,1.744168956E7,2025-10-31
I172665,120,1.659194798E7,2030-01-01
I173356,1804,1.7507791656E8,
I176998,835,4964656.99,2030-01-01
I177806,1541,1.1421756448E8,2030-01-01
I178573,608,4.573757353E7,
I182137,1744,1.425523482E8,2030-01-01
I183488,61,1370399.25,2030-01-01
I184800,1053,0.0,2030-01-01
I185569,-1070,1.5274148243E8,2025-10-31
I187377,1942,2.4403746185E8,
I189688,873,1.205844634E7,
I197267,-432,4.967977576E7,2025-10-27
I199694,1209,1.0084820047E8,2030-01-01
I201798,-1802,2.5381086328E8,2025-09-23
I202583,1498,0.0,
I205233,-931,4.181515894E7,2025-10-30
I207511,1877,6.425408726E7,2030-01-01
I211621,1711,1.9889284325E8,
I211980,804,2.354078231E7,2030-01-01
I212349,1083,1.164017622E7,
I213534,-1929,2.6404653145E8,2025-10-17
I218247,1580,9.482622102E7,
I218276,666,2.179215237E7,2030-01-01
I221210,1702,1.9711709822E8,2030-01-01
I225107,-515,2936922.44,2025-09-01
I227533,-1733,4627110.82,2025-10-15
I228358,260,3.854104814E7,2030-01-01
I238270,744,2.076600994E7,
I242416,910,2.246784495E7,
I129252,385,1.427122809E7,2030-01-01
I141265,-1910,7.528031365E7,2025-09-16
I142351,-1961,2.0032321712E8,2025-10-18
I147891,-1823,1.8714554353E8,2025-09-26
I148238,-676,3.682252063E7,2025-10-17
I150723,-1027,6.189460982E7,2025-10-24
I153618,-1836,6.54382131E7,2025-09-23
I155214,-1282,8.553799724E7,2025-10-03
I159106,1296,2967597.56,
I162192,1215,1.710583837E8,
I167758,-1408,1.0948648303E8,2025-09-23
I168948,-1886,3.336030563E7,2025-10-02
I177114,648,3.816140331E7,2030-01-01
I180299,200,2.560138158E7,2030-01-01
I180316,645,7.321762988E7,
I183349,493,5.427623788E7,
I188256,446,6.581522666E7,2030-01-01
I189041,-1734,8.232190823E7,
I192461,272,3.794507096E7,2030-01-01
I195887,1969,1.8528328564E8,
I197829,993,9.695684086E7,2030-01-01
I201791,-1924,2.8426607771E8,2025-10-26
I204503,1372,1.021741622E7,2030-01-01
I210168,1237,1.8080635273E8,
I212529,1468,2.0046435953E8,
I212857,1723,1.1360612003E8,2030-01-01
I220717,822,6880394.59,
I220899,1883,6.339447759E7,
I223186,589,8.438875076E7,2030-01-01
I227952,-1418,8.162004618E7,2025-10-22
I237549,479,6.478212337E7,
I242534,-498,5.54886161E7,2025-10-03
I128614,-974,1.3868037611E8,2025-10-28
I129746,-1343,1.117415824E7,2025-09-20
I137399,1144,5.972117046E7,2030-01-01
I139692,-1543,9.550391185E7,2025-09-29
I135829,1806,2.219559863E8,
I138981,1475,2.2021176117E8,
I144456,207,1.586010054E7,2030-01-01
I146211,88,5914548.57,2030-01-01
I149104,762,9.338474888E7,
I151774,-199,7521535.89,2025-10-24
I158977,1591,2.2941928135E8,2030-01-01
I161119,1659,2.0619880852E8,
I164418,330,1.877306702E7,
I167036,1889,5.609615702E7,
I172795,756,4.383429808E7,
I188873,65,6438019.62,2030-01-01
I198314,-1162,1.6475493092E8,2025-10-04
I203010,-796,5.77864881E7,2025-10-01
I213996,806,8.949704198E7,2030-01-01
I215386,1358,6.14231084E7,2030-01-01
I217496,1395,2.021398553E7,
I225506,-708,5.59209579E7,2025-10-11
I226081,-1400,1.6605779891E8,2025-09-01
I228357,438,5.173915249E7,
I229174,-97,9790329.22,2025-09-06
I231957,1032,1.0882662461E8,
I232434,-1523,2.1950933725E8,2025-09-15
I236477,934,9.697574832E7,
I140004,-1476,8.854248478E7,2025-10-29
I130642,1849,3.424686247E7,
I134124,913,3.979852558E7,
I138046,1936,2.1843215946E8,
I145187,1699,2.2340918762E8,2030-01-01
I151813,1248,7.276345299E7,2030-01-01
I155781,-1125,2.118433791E7,2025-10-30
I158328,1739,1.2921377497E8,
I163706,1891,1.5763363246E8,
I167005,-389,4.215917021E7,2025-10-08
I170658,334,2.21775005E7,2030-01-01
I170802,1291,1.1925838353E8,
I180153,-1887,2.5589565356E8,2025-10-28
I189957,-1621,1.9979491151E8,2025-10-04
I194119,1473,7.97963072E7,
I198360,259,3.57990657E7,
I207495,1783,6.373368033E7,2030-01-01
I213248,-526,1.879390175E7,2025-10-09
I224096,994,1.3664763204E8,2030-01-01
I225529,848,2.662210521E7,2030-01-01
I226533,97,1292247.72,
I226724,706,3.889322381E7,
I226741,1465,5.826904711E7,
I227856,-1519,1.4153868037E8,2025-09-16
I229390,1662,0.0,
I237286,1129,1.1366084911E8,
I135544,-1719,1.4432163661E8,2025-10-11
I133764,1998,1.4932949751E8,
I137859,-577,2.701425156E7,
I145383,773,7.87467928E7,2030-01-01
I146087,-1897,8.359070257E7,2025-09-24
I149353,599,5.783508344E7,
I152943,-1777,3.31248373E7,2025-10-06
I155575,-1475,1.5228299421E8,2025-10-12
I156950,1223,7.95895195E7,2030-01-01
I159625,1422,2.094544327E7,2030-01-01
I165519,81,9291243.35,
I165885,1927,1.8751600031E8,
I165920,-60,1978877.09,2025-09-30
I166000,1368,4.541766174E7,2030-01-01
I168898,1928,1.6958813604E8,
I172187,407,3.143453853E7,
I174741,533,8400198.69,
I182306,1136,2.988382017E7,2030-01-01
I186020,-760,5.449739296E7,2025-10-01
I192673,448,4.825506634E7,
I194473,385,5116447.59,2030-01-01
I205817,-1604,1.5744767406E8,2025-09-04
I207904,1725,5.269396047E7,
I210604,1533,3.903354695E7,
I213347,-929,8317572.14,2025-10-25
I213701,51,414444.45,2030-01-01
I215706,1560,2.380217444E7,2030-01-01
I218463,-1859,1.3884470332E8,2025-09-13
I227674,1426,2.45174682E7,2030-01-01
I234170,-1136,1.3011143358E8,2025-10-22
I234413,741,7.12356701E7,2030-01-01
I240946,1465,7.387193408E7,
I242360,-709,4.756352637E7,2030-01-01
I244039,-1135,1.2257516168E8,2025-10-25
I129657,484,5.276432292E7,2030-01-01
I135989,1388,1.3676714392E8,2030-01-01
I129488,1499,1.770221832E7,
I145492,1270,1.4666477331E8,
I145826,1901,2.6918102908E8,
I146459,1385,6.111400229E7,
I147771,1022,9.133750646E7,
I148555,-307,2.728408707E7,2025-10-14
I155448,-689,4.16288358E7,2025-10-01
I156845,995,1.1740908569E8,2030-01-01
I157860,1805,5.637740235E7,
I165051,-442,6.489309505E7,2025-10-02
I173883,357,1.963414595E7,
I178355,924,3.465770267E7,
I181476,1410,3178804.55,
I182971,575,7.622557979E7,2030-01-01
I183459,1134,1.2976552799E8,2030-01-01
I186190,654,8.035872904E7,
I186574,177,574480.93,
I190458,511,4.914584506E7,2030-01-01
I191925,987,1.0727012447E8,2030-01-01
I192844,1552,1.523281336E7,2030-01-01
I197078,-734,9.544638987E7,2025-10-22
I197368,686,7.203559644E7,2030-01-01
I202212,663,993887.46,
I202236,432,4.125135217E7,
I209423,832,5.448063089E7,
I209595,-62,6369339.13,2025-10-14
I211051,1962,2.3627044788E8,2030-01-01
I211099,571,2.254362342E7,
I211795,-185,1.165972443E7,2025-10-27
I213322,118,4012351.52,
I221096,873,5.92262402E7,2030-01-01
I223054,-401,4.365257841E7,2025-10-04
I224647,-790,5.23482302E7,2025-09-23
I225838,1621,4.70094998E7,2030-01-01
I228258,864,6.779181469E7,
I228323,941,0.0,2030-01-01
I229589,-892,6.581999859E7,2025-09-04
I231386,1703,1.660760097E7,
I232651,-807,6.699422666E7,2025-09-24
I237601,63,1249642.23,
I240668,-1715,6.097756561E7,2025-09-25
I142056,721,2.654708646E7,
I148041,-854,9.018919581E7,2025-10-06
I152756,1929,5.919000907E7,
I155087,594,6.451777971E7,2030-01-01
I155180,-1442,1.8840083063E8,2025-09-13
I156832,-1123,1.2724393485E8,2025-10-21
I164670,615,8.558740507E7,
I165240,-900,1.0003280888E8,2025-09-04
I166276,890,8.588001153E7,2030-01-01
I166569,-1394,1.7522501261E8,2025-09-27
I168427,456,2.622315725E7,2030-01-01
I169815,1140,5.052094416E7,
I172870,1735,3104341.32,2030-01-01
I172956,663,8.351713155E7,2030-01-01
I173048,-1632,9.714326192E7,2025-10-25
I175990,1842,1.5631577768E8,
I189553,124,4898397.81,
I193493,-1149,1.208600455E7,2025-10-02
I202964,995,5.278900405E7,2030-01-01
I209183,-173,1.854200915E7,2025-10-06
I214878,814,5.638059382E7,2030-01-01
I218922,1968,2.3533209903E8,
I220762,1115,4.044254719E7,2030-01-01
I226359,206,1.369610197E7,2030-01-01
I235614,1328,5.3597062E7,2030-01-01
I239521,963,9.32996188E7,
I240717,342,2.24481716E7,2030-01-01
I243351,769,3.158745867E7,
I243618,1895,1.9174384362E8,2030-01-01
I132791,735,3.722622633E7,2030-01-01
I141842,-1250,1.6735347246E8,2025-10-20
I143718,1492,9.37868041E7,
I145631,1484,2.0623566671E8,2030-01-01
I147843,1358,7.363900284E7,
I158234,-857,1.127821637E8,2025-09-04
I158936,-1431,7.811293593E7,2025-10-29
I162088,1759,8.335793116E7,2030-01-01
I167804,104,1.487151355E7,2030-01-01
I168438,1408,1.9670557458E8,
I177725,-817,2476676.41,2025-10-30
I180331,1988,1.6859372828E8,2030-01-01
I181243,1692,1.0357677608E8,2030-01-01
I186831,-726,5.272694757E7,2025-09-23
I187332,599,8.079213601E7,
I189426,1156,1.542229439E8,2030-01-01
I192180,532,2.967838962E7,
I195581,-1700,1.0238507434E8,2025-10-03
I197069,333,4.242525822E7,2030-01-01
I197153,1169,1.0673684121E8,
I205423,230,6947065.2,
I211159,408,2.019219207E7,2030-01-01
I216868,1873,7.700670574E7,2030-01-01
I218906,1081,6129894.78,
I219141,-409,0.0,2025-10-13
I221263,525,3.373890277E7,
I221427,-596,8.707401784E7,2025-09-23
I224478,-990,1.894344221E7,2025-09-01
I231345,1470,5.786123275E7,2030-01-01
I232296,427,3.502540411E7,2030-01-01
I232726,-843,4.724614799E7,2025-09-21
I234329,-168,3620514.04,2025-10-28
I236622,1236,1.8267758785E8,2030-01-01
I237376,-888,1.2937526187E8,2025-09-27
I240867,1505,0.0,
I138999,1220,1.6017757392E8,2030-01-01
I140270,-1885,2.4950371948E8,2025-10-19
I138554,100,1.079204567E7,
I142781,-610,2.491345491E7,2025-09-27
I146560,-1802,4.912589851E7,2025-10-05
I147117,431,2.680952197E7,
I155284,-1727,1.919410297E7,2025-10-22
I162502,1368,5.87147635E7,2030-01-01
I162712,1368,9.579068992E7,
I165810,868,1.0492390969E8,
I174755,1377,1.0315664765E8,2030-01-01
I174806,1341,4.796549066E7,
I189715,723,1.0398301167E8,
I191076,1645,5.817762596E7,
I191746,-298,1.709634985E7,2025-09-18
I201160,1518,1.6049028161E8,2030-01-01
I201555,1450,2.603380914E7,
I204100,1450,1.246403257E7,2030-01-01
I205242,-998,7847598.53,2025-10-28
I208906,-1967,2.664969779E7,2025-10-12
I211701,1201,1.7038228613E8,2030-01-01
I216066,63,6932863.84,
I216264,-551,5.53476838E7,2025-10-09
I216822,-1172,3.987914823E7,2025-10-10
I217084,1113,1.335849982E8,
I218340,1679,1.0321347259E8,2030-01-01
I221241,118,1.443830711E7,2030-01-01
I233448,237,1.447989833E7,
I235493,-742,6.326378364E7,2025-10-10
I237958,1912,4.592396392E7,2030-01-01
I242009,941,1.1267172572E8,2030-01-01
I248873,683,1.077442132E7,2030-01-01
I249057,1030,3.41900497E7,
I251438,1912,1.839993944E7,
I252833,1137,8.688624286E7,
I256754,1136,1.1644787981E8,2030-01-01
I261567,-1660,1.3008299942E8,2025-09-14
I263691,1110,5.981460719E7,2030-01-01
I263958,1365,1.771679166E8,
I268928,493,2.168605677E7,2030-01-01
I269809,755,7.463479381E7,
I270461,835,1.256263726E7,
I272235,-336,4.855021405E7,2025-10-06
I279258,1083,6.775106659E7,
I279606,-1116,1.5693341541E8,2025-10-14
I281038,1199,1.2213808138E8,
I283193,249,1209692.62,
I286063,88,6890244.87,2030-01-01
I289817,-430,1.355145733E7,2025-10-12
I290130,1386,1.8149248043E8,2030-01-01
I290226,1864,4.551360051E7,2030-01-01
I293071,-1017,1.4947294003E8,2025-09-27
I294558,534,3.856526841E7,
I296159,-522,6964984.92,2025-10-26
I296169,1174,7.185187894E7,
I303171,1295,6.902908052E7,
I303456,391,2.921115715E7,2030-01-01
I311652,-764,5.558627882E7,2025-09-25
I314071,-1139,8.030634737E7,2025-10-25
I315222,416,5.160310932E7,
I316582,1715,1.4338918689E8,2030-01-01
I328947,-1068,1.5168609338E8,2025-10-14
I329184,876,6.904783219E7,
I329477,1325,0.0,
I330027,149,1.097104877E7,
I330314,244,1.735646612E7,
I330482,903,8.365923394E7,
I334878,1847,6.697226705E7,
I339592,-58,2421051.43,2025-10-20
I342433,1421,2.19529734E7,2030-01-01
I345001,1960,2.8400723377E8,2030-01-01
I345181,1916,1.4144715322E8,2030-01-01
I353760,1503,1.7799852147E8,
I245951,225,1.466262505E7,2030-01-01
I247458,915,7.537478304E7,2030-01-01
I251522,462,4.874749696E7,2030-01-01
I252225,-693,8.377147267E7,2025-09-04
I254487,1071,4.030299111E7,2030-01-01
I256482,595,6.071602469E7,2030-01-01
I257039,658,9.052827456E7,2030-01-01
I261687,977,7.471632116E7,
I268702,385,3.050335626E7,2030-01-01
I269978,1824,1.5712594814E8,
I272942,286,3.376424348E7,
I273505,1499,1.9967894665E8,2030-01-01
I274935,-1171,1.1908560014E8,2025-09-23
I276797,-1291,4.22047469E7,2025-10-27
I279069,1223,0.0,2030-01-01
I281604,1608,1.0845728148E8,2030-01-01
I289929,938,5.955053854E7,
I290270,1214,1.1021117386E8,2030-01-01
I290827,424,4.966173021E7,
I293786,1809,2.3805230752E8,
I294959,-770,2.803352292E7,2025-10-21
I299920,-846,0.0,2025-10-11
I303472,921,4.52964324E7,
I305529,1916,3.144299653E7,
I310075,523,3.219021673E7,2030-01-01
I313042,871,8.953877887E7,2030-01-01
I315545,-1263,1.51215248E7,2025-09-21
I316210,-298,2.836846025E7,2025-10-01
I316558,-293,2422400.42,2025-09-18
I317199,914,2.253752959E7,
I317618,-1791,9.758190945E7,2025-09-03
I318880,916,1.803419446E7,
I328915,-1843,1.0304897467E8,2025-10-01
I329049,1079,1.509006753E8,2030-01-01
I329630,-521,7.444889156E7,2025-10-05
I339402,460,0.0,
I340619,-1333,2.994307954E7,2025-10-27
I341565,1084,6.032941836E7,
I348556,313,1.413333549E7,2030-01-01
I350788,588,1501482.02,
I351032,1721,4.114154286E7,2030-01-01
I358411,1211,7.432625767E7,
I253021,1289,6245186.09,
I258333,-1839,5.329553672E7,2025-10-07
I259772,1453,0.0,2030-01-01
I261781,-1540,2.2226950371E8,2025-10-30
I262613,-995,1.4707816318E8,2025-10-31
I264537,-1975,1.5414670216E8,2025-10-20
I265293,1673,2.1916137096E8,2030-01-01
I268726,1663,1.0130445216E8,
I275563,366,3.87179357E7,
I279654,1013,9381491.09,2030-01-01
I280672,420,3.683680722E7,2030-01-01
I282414,-1087,1.0134000142E8,2025-10-28
I295898,74,8573165.54,
I299297,-1395,1.7726520469E8,2025-10-25
I302688,1606,4.686991164E7,
I308288,942,1.3136451271E8,2030-01-01
I315710,-606,8.662351108E7,2030-01-01
I317068,1577,2.0248322933E8,2030-01-01
I326938,1806,1.7087044262E8,
I327787,-269,2.831864946E7,2025-09-04
I330060,-616,8.080180057E7,2025-10-14
I332149,372,3.439133447E7,
I335193,163,1.539410906E7,
I335242,952,6.502977709E7,
I339266,290,1.845524114E7,
I341997,-1647,6.693810593E7,2025-09-22
I342178,66,0.0,
I342862,1992,2.5444961793E8,
I344602,77,9868706.92,
I353570,1556,9.172018411E7,2030-01-01
I356337,212,1.515209762E7,2030-01-01
I356973,-942,6.582299925E7,2025-09-03
I256031,-1798,2.6826840017E8,2025-09-20
I251057,1850,1.7297757702E8,
I258484,872,4.515501508E7,
I258744,1544,1.345697868E8,2030-01-01
I270692,597,1.923167111E7,2030-01-01
I271885,1285,2.367623671E7,2030-01-01
I272853,1855,3.822536546E7,2030-01-01
I277482,1990,2.4370201317E8,
I282974,-317,3.301102701E7,2025-10-09
I286760,1264,6.678652446E7,2030-01-01
I289703,659,3.435616584E7,
I289840,1226,4.859891961E7,2030-01-01
I293462,406,3.868026847E7,2030-01-01
I293473,1772,7.372463118E7,
I295121,1934,1.492850198E7,
I299232,1738,7.010536151E7,2030-01-01
I301506,333,4.961547804E7,
I304304,-1520,9.608394328E7,2025-10-28
I304825,-1608,2.1987812698E8,2025-09-22
I314702,1505,1.6994911129E8,2030-01-01
I316804,1880,2.368551416E7,
I319879,-1559,2.2048212888E8,2025-09-09
I321213,1959,2.7355087232E8,
I326765,-462,6.866932346E7,2030-01-01
I331511,1596,2.3714961868E8,
I332175,-1087,3.244015314E7,2025-09-27
I333111,545,7.155691945E7,2030-01-01
I334386,1737,2.3283138737E8,
I336349,1670,5.147218766E7,2030-01-01
I337617,-1472,6.456793022E7,2025-09-03
I340640,80,8553350.52,
I345643,1920,1.9766502006E8,2030-01-01
I346227,1737,2.5527845121E8,
I350239,-561,1.458642692E7,2025-10-15
I350327,1639,1.4253730212E8,2030-01-01
I354135,-1811,6.135716539E7,2025-09-24
I355713,1299,7.394161399E7,2030-01-01
I357858,1577,1.5079447502E8,2030-01-01
I359608,1178,5916093.89,2030-01-01
I246250,-1594,1.6400404661E8,2025-10-07
I246466,-1234,5.282859465E7,2025-09-19
I251053,527,2.312856796E7,2030-01-01
I255102,1882,1.706214218E7,2030-01-01
I259265,1810,1.0260013641E8,
I261384,-554,5.139888004E7,2025-10-20
I262205,-324,1.377470755E7,2025-09-01
I263795,1674,2.0149632806E8,
I264309,-600,4.93139853E7,2025-09-02
I264660,1201,9.1611245E7,
I265612,1629,4394448.39,2030-01-01
I269900,685,8.918936951E7,
I270064,-1652,2.0860977265E8,2025-09-20
I270223,-852,1.2133436082E8,2025-09-20
I272178,-1038,1.4352343873E8,2025-09-29
I272896,616,4.476391011E7,2030-01-01
I273495,1175,1.6075506291E8,2030-01-01
I273715,1055,6.329369061E7,
I274662,1150,0.0,2030-01-01
I278656,-1576,5.524774596E7,2025-10-24
I283050,880,0.0,
I286961,946,4.279891686E7,
I287498,1923,2.671908979E7,
I290341,982,8665214.66,
I291447,-1601,1.4693616905E8,2025-10-20
I297161,1732,1.134491478E8,
I297822,1059,7.592206914E7,
I298982,389,3.817883431E7,2030-01-01
I307156,1730,2.325519232E8,
I315253,-148,1.808616783E7,2025-10-03
I315301,130,1.309254989E7,
I317608,1208,1.3610728402E8,
I318864,1228,4497653.86,2030-01-01
I319182,961,2.330033708E7,2030-01-01
I321312,1585,0.0,
I321421,1850,0.0,2030-01-01
I322672,1135,1.5202356146E8,2030-01-01
I330380,-1744,1.699984926E7,2025-09-23
I333934,1063,7.756703675E7,2030-01-01
I336440,-1367,1.4071681353E8,2025-09-07
I336488,390,3.123158075E7,2030-01-01
I338449,1577,1.9111506666E8,2030-01-01
I343598,1590,4.056285501E7,
I346106,-656,7.974796949E7,2025-10-10
I347373,419,3.651794184E7,
I351347,-1857,8.235353801E7,2025-09-04
I355433,-232,1.161052358E7,2025-10-19
I357549,495,2.847045105E7,
I358162,1092,1.0168820534E8,2030-01-01
I250017,557,4085175.87,2030-01-01
I253476,-706,4.22566263E7,2025-10-05
I253698,-221,1.004669537E7,2025-09-17
I254773,-247,5501335.1,2025-09-06
I251676,513,4.843635934E7,
I253142,440,4.93475647E7,
I258893,-831,8.5500954E7,2025-09-22
I260532,-280,1.084892777E7,2025-10-01
I260845,-1579,2.2433303211E8,2025-09-27
I266081,1883,4418985.77,2030-01-01
I273617,908,9.021033927E7,
I276236,176,1.872358895E7,2030-01-01
I278389,-519,9526482.14,2025-10-26
I281440,433,2.034766181E7,2030-01-01
I282038,1936,1.4662492435E8,
I282791,-1082,9.462610188E7,2025-10-22
I288855,1204,1.1814808643E8,2030-01-01
I294511,-751,444324.4,2025-10-30
I294692,1692,4.505638737E7,
I301241,-1909,1.0271908878E8,2030-01-01
I302565,-1822,1.6799306048E8,2025-09-13
I303024,-1031,9.472952778E7,2025-09-13
I305071,309,1.148717977E7,
I311229,919,1.300599005E7,2030-01-01
I319686,-316,4.162241177E7,2025-09-20
I325938,1601,1.0973089547E8,2030-01-01
I326692,-650,7.812514132E7,2025-09-26
I330153,105,366788.11,2030-01-01
I331736,-1066,4.153486912E7,2025-09-20
I332835,-547,4.871405188E7,2025-10-20
I352160,-1261,7.000402761E7,2025-10-15
I359088,1928,7.33589001E7,
I245223,-849,7.587705134E7,2025-10-22
I245759,1187,3.943082851E7,2030-01-01
I248892,-239,1.821718503E7,2025-09-22
I245042,782,9.37532996E7,
I247417,682,1.0146020653E8,
I252949,453,6.447249542E7,
I256731,1895,2.0662886441E8,2030-01-01
I259776,1620,4.711099293E7,
I261611,1981,2.3218849304E8,
I262828,71,5387771.46,2030-01-01
I263230,-814,3.825933203E7,2025-09-18
I265769,-1683,1.6091249718E8,2025-10-27
I267140,1304,7.772450106E7,
I273723,530,1.996453634E7,
I277864,1912,1.854995075E7,2030-01-01
I279781,-650,9.593898422E7,2025-09-14
I281101,636,6.119874018E7,2030-01-01
I283632,983,3.477639403E7,
I292632,1129,1.2260383485E8,
I297458,114,3455641.45,
I304909,-1586,1.4122976065E8,2025-09-24
I305036,1724,2.27878558E8,2030-01-01
I307876,89,1083360.65,
I308645,741,7.608687672E7,
I313420,-282,1.512817518E7,2025-10-23
I317236,1135,1.6904977006E8,
I320793,-532,7.61094722E7,2025-09-02
I320933,496,6.477423663E7,
I321832,611,3.633236523E7,2030-01-01
I330017,-1621,3.380259466E7,2025-09-18
I330740,-1913,1.873490047E8,2025-09-12
I332862,586,5.283668293E7,2030-01-01
I333527,505,1.98308944E7,
I339032,1762,1.835375271E7,2030-01-01
I339122,-357,1.336268274E7,2025-10-20
I347091,801,1.0882587611E8,2030-01-01
I347866,-177,2.12421173E7,2025-09-09
I348043,1450,1.6223637591E8,2030-01-01
I350118,74,5117972.2,
I350251,-1067,2.521555085E7,2025-10-14
I353000,-1075,4.035265609E7,2025-10-14
I353266,1633,4.508723474E7,
I355558,-1868,1.347986962E8,2025-10-22
I245725,1192,1.4450155079E8,2030-01-01
I247923,-341,0.0,2025-09-15
I254373,-517,5.436449908E7,2025-10-30
I258674,-510,6.099638288E7,2025-09-06
I260369,1701,1.3580632472E8,2030-01-01
I261477,1517,8.010259019E7,
I265257,120,3989470.22,2030-01-01
I265275,1672,1.6544239516E8,
I270116,207,5471851.63,
I274589,879,7.14399207E7,2030-01-01
I278615,770,3.307497164E7,2030-01-01
I280482,-258,3.852075039E7,2025-09-29
I287018,1338,1.6891393153E8,2030-01-01
I298320,1795,1.9177378475E8,
I300337,983,1.3347718921E8,
I301244,-533,5.262155482E7,2025-10-22
I303435,375,1.240392853E7,2030-01-01
I304366,1105,1.2562857745E8,
I305547,635,1.096284594E7,
I316194,770,4.387946188E7,2030-01-01
I316752,1549,3.325327311E7,2030-01-01
I318737,436,1.840251147E7,2030-01-01
I319454,824,3634504.39,
I320931,1237,7.271275369E7,2030-01-01
I323911,312,1.046076811E7,
I328384,869,1.302966112E8,
I328956,1075,1.1792837898E8,2030-01-01
I334814,1480,1.9826217009E8,2030-01-01
I338818,1660,2.1383494481E8,2030-01-01
I342380,356,3794861.68,
I343107,815,8.403761117E7,2030-01-01
I343223,1059,1.0151827779E8,
I352420,1621,1.7219778553E8,
I358465,364,5.265638363E7,2030-01-01
I246401,-1590,1.8932706682E8,2030-01-01
I253978,-537,6.059481183E7,2025-09-23
I255974,740,2.265818689E7,2030-01-01
I258562,1292,5.943891637E7,
I262326,1422,1.2699407989E8,2030-01-01
I267085,640,5865494.86,2030-01-01
I269758,-903,6.728126256E7,2025-10-07
I271207,527,4.311057299E7,
I271887,-854,8.142732247E7,2025-10-30
I273034,-1126,6.423610084E7,2025-09-10
I277896,461,5.458244338E7,2030-01-01
I279450,-133,1.488492058E7,2025-10-03
I284903,327,6319544.85,2030-01-01
I286275,-550,5.811401851E7,2025-10-02
I287357,1111,1.5873745949E8,
I293153,-200,2.776495953E7,2025-09-16
I297265,188,1.58801324E7,2030-01-01
I301334,1435,1.8587969467E8,
I316931,1249,3.019385128E7,2030-01-01
I318879,1466,2.1762860309E8,2030-01-01
I319950,913,6.007693252E7,2030-01-01
I327466,-1477,2.185343001E8,2025-09-04
I328569,1503,1.9130645719E8,
I329822,562,3.821730563E7,2030-01-01
I340455,538,4.158579798E7,
I344664,1465,2.0625151727E8,
I350920,105,7996848.19,2030-01-01
I246886,-94,8014235.62,2025-09-26
I248441,-1456,9.336826601E7,2025-09-10
I255049,-341,4043693.7,2025-10-24
I258798,439,5.042007003E7,2030-01-01
I259184,-1804,6.514371599E7,2025-09-26
I263139,-1862,2.2933661992E8,2025-09-25
I263409,1978,7.403019903E7,2030-01-01
I263536,151,1.503622033E7,2030-01-01
I265814,1498,1.97507313E7,2030-01-01
I269232,-562,6.652901985E7,2025-09-24
I271802,-1785,1.8490641804E8,2025-10-24
I273838,1513,1.1894938441E8,2030-01-01
I274000,262,3.912686785E7,
I276085,344,2.451438001E7,
I276209,1526,1.368529992E8,2030-01-01
I282555,-982,4.07968384E7,2025-09-04
I283235,-1073,5.248447527E7,2025-10-22
I283629,108,4663397.3,2030-01-01
I286149,1966,1.0209271868E8,
I286323,1037,1.391389084E7,2030-01-01
I288078,867,8.085308302E7,2030-01-01
I293051,-186,2194182.58,2025-09-25
I293068,-1746,2.4774788785E8,2025-10-01
I293324,-80,1.086879752E7,2025-09-08
I293517,916,1.3036033737E8,2030-01-01
I293605,-1173,1.6089248265E8,2025-09-17
I297264,-426,9140717.57,2025-09-13
I299126,1493,1.1082956979E8,2030-01-01
I301356,507,5.821192936E7,2030-01-01
I302967,-745,9.007922931E7,2025-10-04
I305140,330,1.812735371E7,
I305615,61,3703151.2,2030-01-01
I310996,1512,1.1893089419E8,
I313878,262,0.0,2030-01-01
I314183,960,1.150510069E7,2030-01-01
I316292,1976,0.0,
I319749,-1405,8.429084867E7,2025-10-01
I320815,-297,1.682906721E7,2025-10-20
I337964,447,3.743483447E7,2030-01-01
I342831,973,1.219099502E8,
I346522,491,1.081812599E7,
I346535,1839,5.982638731E7,2030-01-01
I350853,-1285,5.300600805E7,2025-09-04
I353927,1871,3.963919309E7,2030-01-01
I354918,-1918,2.8626897502E8,2025-10-25
I252126,-1157,1.6055161048E8,2025-09-02
I253700,1144,1.133756388E8,2030-01-01
I244856,845,4.021795228E7,
I246897,150,1.99392528E7,
I256447,637,5938779.96,
I264362,871,5.116323141E7,
I274269,-1653,1.5446922532E8,2025-09-16
I278329,1659,8.122646418E7,2030-01-01
I280082,341,4.354374152E7,2030-01-01
I282351,1762,1.6655892552E8,
I286400,806,5.690272763E7,
I289426,964,0.0,
I297996,1359,4.976235488E7,2030-01-01
I300727,1101,759264.66,
I302290,71,3312508.2,
I302327,1073,6.242119335E7,
I309732,-1825,1186078.89,2025-10-08
I310898,-632,7.701484149E7,2025-09-22
I316842,204,1.416371812E7,2030-01-01
I320513,1012,1.597419162E7,2030-01-01
I325768,1364,1.0842979276E8,
I337986,1401,2.74723674E7,
I339160,-308,578696.65,2025-10-17
I348308,663,4.177350779E7,2030-01-01
I244653,346,1.976688971E7,
I251412,1247,4.199382943E7,
I256672,-929,1.192414523E7,2025-10-09
I261660,896,4.06976551E7,
I266215,-797,8.303573039E7,2025-09-17
I268014,200,1.492768396E7,2030-01-01
I271127,1818,1.1608283249E8,
I273599,-1860,4.05633632E7,2025-09-16
I282518,1982,2.3351154208E8,
I282730,1499,1.9717184918E8,2030-01-01
I284332,716,1.0646945191E8,
I287142,318,1.505369384E7,
I288981,1322,1.6006040714E8,2030-01-01
I293089,548,7.143163139E7,2030-01-01
I293111,1866,2.4119151173E8,2030-01-01
I295633,-331,1.110209023E7,2025-10-06
I295728,-1314,8.757292966E7,2025-10-17
I304225,1222,3.099483792E7,2030-01-01
I311920,863,2.093742622E7,
I315847,-1085,9.468779322E7,2025-10-21
I328789,851,8.019682429E7,
I338089,-1067,1.415189635E7,2025-10-18
I344912,-1016,1.2387487401E8,2025-09-27
I344973,84,2644830.59,
I358707,-570,2.770860069E7,2025-10-10
I370430,664,4.783626716E7,2030-01-01
I363698,1275,1.3670000083E8,
I372420,186,2.053523023E7,2030-01-01
I379603,-1422,1.9801129765E8,2025-10-31
I380177,-1891,9.455255677E7,2025-09-24
I383134,545,6807766.46,2030-01-01
I386273,1349,1.5482768795E8,
I387649,345,4.483695693E7,2030-01-01
I394965,1679,5.843543041E7,
I401230,1345,7.261217962E7,
I410898,1411,1.4242815041E8,
I413579,613,5.684010316E7,2030-01-01
I423080,1299,4.319128762E7,2030-01-01
I423734,1490,1.1547779395E8,
I425090,1257,5.129528651E7,
I425251,-972,1.0995294805E8,2025-09-15
I427201,-56,2066885.68,2025-10-19
I427205,308,4.533786042E7,
I432719,1707,1.8094562504E8,
I433573,-1414,0.0,
I443830,1906,9.326671732E7,2030-01-01
I447633,-907,6.44973661E7,2025-10-04
I450340,329,2.191203615E7,
I456800,582,3.182435866E7,2030-01-01
I456827,463,2.493059637E7,2030-01-01
I467112,1715,2.0273535542E8,2030-01-01
I469033,1108,6.909670076E7,2030-01-01
I469782,1708,8.495779544E7,
I470014,-1617,1.6138233966E8,2025-09-18
I471072,1290,8110669.09,2030-01-01
I471340,-1771,1.7275996612E8,2025-09-08
I363153,-1415,5.175892201E7,2025-09-01
I370212,-1688,4.706896679E7,2025-10-04
I360124,348,1559326.05,
I375715,1288,1.3520863134E8,2030-01-01
I376068,-804,9.991986032E7,2025-09-27
I385906,1093,1.105548732E8,
I386476,1871,1.5021602439E8,2030-01-01
I399324,-734,6.560673111E7,2025-10-14
I399519,-215,2.407572153E7,2025-09-27
I407240,-323,1.340373531E7,2025-09-25
I408016,740,9.800315966E7,2030-01-01
I408376,1984,8.754263941E7,
I408639,603,8.240634476E7,2030-01-01
I424335,1868,1.0933344356E8,
I424841,1712,7.759548465E7,
I425293,-1440,1.7109982533E8,2025-09-08
I437280,1752,9.83178922E7,2030-01-01
I443045,1881,1.2443866462E8,2030-01-01
I443956,-1572,1.7415553478E8,2025-09-19
I444583,-1217,4.671679908E7,2025-09-21
I447383,1589,9.402365111E7,2030-01-01
I455072,-777,6.745028467E7,2025-09-15
I457053,464,1.092904137E7,2030-01-01
I457164,1270,1.3904383335E8,2030-01-01
I469467,-376,5619634.67,
I362360,1651,1.0247410987E8,2030-01-01
I370874,-224,2.46698624E7,2025-09-24
I365046,640,7.846802553E7,
I371539,857,9.582157597E7,
I371649,1260,5.162033076E7,
I375912,1830,2.3313331278E8,
I376568,1522,9.057718222E7,
I377491,362,3911471.16,2030-01-01
I381168,-1678,1.1028222513E8,2025-10-25
I384465,-372,5091509.8,2025-09-15
I384466,-149,7746967.45,2025-10-30
I386699,-1899,1.8157464754E8,2025-09-26
I389447,960,7.994440516E7,
I390376,1686,1.5742914758E8,
I396784,865,1.0444244765E8,
I399157,192,9317757.74,
I399361,1774,2.4319842781E8,2030-01-01
I411465,1847,2.6376065818E8,
I414092,-1864,1.1096227639E8,2025-10-03
I414095,1081,4.168467468E7,
I430826,1615,9.247829362E7,2030-01-01
I431135,-1350,7.239949697E7,2025-09-14
I431789,-1670,1.653101711E7,2025-10-12
I435442,1445,2.0684094761E8,
I437659,790,1.022458606E8,2030-01-01
I441401,-748,1.0428361939E8,2025-10-02
I445783,-1498,1.2307936551E8,2025-09-28
I451184,705,7.619060095E7,2030-01-01
I461302,-1682,7423341.72,2025-10-16
I465296,1627,1.0319111721E8,2030-01-01
I468947,921,1.1980352729E8,
I474280,-1989,2.9214492928E8,2025-10-09
I475276,1108,1.3594352916E8,2030-01-01
I362331,-1645,2.2740427808E8,2025-10-05
I374907,-954,2930160.98,2025-10-13
I375367,666,2.831709522E7,
I378289,1187,1.4146891386E8,2030-01-01
I387688,1779,1.5970291027E8,2030-01-01
I391438,1288,1.0407856802E8,2030-01-01
I396833,-1164,1.0200632849E8,2025-10-09
I398613,1420,1.7648179276E8,2030-01-01
I406587,-1606,1.8954253091E8,2025-10-16
I410935,458,3.315676111E7,
I411318,1587,2.0789377421E8,
I414724,-152,1.823966403E7,
I421709,-891,3.299789379E7,2025-10-17
I422321,332,4.760371832E7,2030-01-01
I422322,1514,1.2620137754E8,2030-01-01
I423043,109,8802537.39,2030-01-01
I425396,1112,1.2964928377E8,2030-01-01
I434816,1274,9.813618095E7,2030-01-01
I440357,725,9.408995124E7,2030-01-01
I444271,1077,4.188331883E7,2030-01-01
I444690,-233,2.431627355E7,2025-09-07
I450977,-1018,9.297801559E7,2025-09-22
I452122,1705,1.8682671583E8,2030-01-01
I454217,-58,5202903.74,2025-09-12
I460230,1688,6.122608503E7,2030-01-01
I470728,-738,9.703705441E7,2025-10-30
I367187,-1849,8.817301243E7,2025-10-02
I369989,292,5891378.18,
I373660,1891,8.072466538E7,
I375361,1370,1.3031129535E8,2030-01-01
I375768,1500,8.532829311E7,2030-01-01
I378856,1836,5.986814051E7,
I379092,1567,5.114916871E7,
I379512,-550,4.672786284E7,2025-10-17
I384633,1652,1.8226430405E8,2030-01-01
I386624,-1935,4.04871181E7,2025-09-24
I387865,592,2.252013399E7,2030-01-01
I388776,1100,1.826072134E7,
I394821,737,4.574953967E7,2030-01-01
I395001,1105,1.3065135242E8,2030-01-01
I397322,1803,9.876411295E7,2030-01-01
I397927,1252,3.363507712E7,
I408123,824,1.1960345153E8,
I410064,-447,232533.47,2025-09-11
I413514,-1281,1.0675272195E8,2025-10-31
I413749,-1994,6902409.79,2025-10-04
I415876,51,1938437.53,
I417886,-1377,3.202479866E7,2025-10-07
I420739,1298,3.809306726E7,
I421655,-407,6183902.15,2025-09-04
I426612,1816,1.2257055847E8,
I428386,1339,1.7023800072E8,
I432807,-1187,3636984.33,2025-10-18
I444012,-1017,3.592167267E7,2025-10-10
I446007,1773,2.2696752002E8,2030-01-01
I453644,-1573,1.5611932972E8,2025-09-09
I455669,-251,1.244866464E7,2025-10-26
I455718,77,1210769.1,2030-01-01
I457136,303,7604384.61,
I458812,142,1.9533602E7,2030-01-01
I462704,-961,1.3730871741E8,2025-10-20
I465025,-242,3.430099441E7,2025-09-15
I470601,1475,1.7544543487E8,
I475480,218,2.072345787E7,
I364788,1103,2.445624168E7,2030-01-01
I369151,1723,2.21004961E7,2030-01-01
I369917,-1903,0.0,2025-10-21
I374436,-1136,5.330457754E7,2025-09-18
I376653,-870,7.127663988E7,2025-09-09
I377817,1107,1.2448121024E8,2030-01-01
I381329,-1312,1.859564898E8,2025-10-08
I393396,947,7.281332767E7,
I394874,919,8.628373262E7,
I398999,1734,1.460112908E8,2030-01-01
I402321,-1582,2.0064408324E8,2025-09-07
I403566,-1366,3.023979162E7,2025-09-20
I404023,-1129,5.803554618E7,2025-09-24
I408070,1866,2.7913534935E8,2030-01-01
I412678,-1320,1.2773673598E8,2025-10-05
I418432,719,1.0274963654E8,
I419346,-1534,1.2851209705E8,2025-10-16
I420752,1444,2.569166251E7,
I422801,797,6.060271236E7,
I435515,106,1.3389139E7,
I435841,1278,1.0727576512E8,
I443944,317,2712880.29,
I445476,701,8.420914697E7,2030-01-01
I450006,739,1.447864831E7,
I454147,-378,3755716.91,2025-09-18
I457572,1558,7.861537296E7,2030-01-01
I471428,-1593,2.3059314848E8,2025-09-09
I474981,397,4.967040785E7,2030-01-01
I360136,-982,9.731248539E7,2025-10-30
I365733,414,5.123255597E7,2030-01-01
I366440,-771,7.135516671E7,2025-09-14
I368701,1321,1.5631023801E8,2030-01-01
I371101,-1912,1.731659256E8,2025-10-19
I369918,1782,2.3691126367E8,
I372346,1105,1.0007697469E8,
I375957,244,9823818.27,2030-01-01
I386315,-313,3.356953452E7,2025-10-09
I392408,-668,2.130627035E7,2025-09-09
I397340,1571,3.593410043E7,2030-01-01
I397849,1267,1.4201386046E8,2030-01-01
I398253,1453,1.1841377557E8,
I410280,554,4.915197773E7,2030-01-01
I412484,1313,1.1701259958E8,2030-01-01
I426728,-1328,1.4954280479E8,2025-09-20
I430557,414,4.036298012E7,
I431396,880,2.364291577E7,
I435072,753,0.0,
I438373,557,8.036146341E7,2030-01-01
I443595,1643,1.5744864092E8,2030-01-01
I459164,-119,2965640.78,2025-09-22
I463841,1001,1.2366906665E8,
I464648,-510,6.331456322E7,2025-09-22
I465356,381,4878083.73,
I469459,-856,1.265152701E7,2025-10-13
I363343,1054,6.631661839E7,2030-01-01
I364460,-1581,9.188144352E7,2025-09-18
I364588,-1209,1.53173657E7,2025-10-22
I365381,533,5.079535214E7,2030-01-01
I367505,196,1.59552375E7,2030-01-01
I368199,955,4.137107754E7,2030-01-01
I361548,210,2.651850522E7,
I372325,574,4.026522431E7,
I375738,-1932,1.2409803681E8,2025-09-27
I376440,-640,7.932955079E7,2025-09-24
I378049,-654,4.908350882E7,2025-10-13
I378304,-1150,1.423075406E7,2025-09-28
I382293,-1452,1.1858191288E8,2025-10-09
I386319,-745,1.0972053603E8,2025-09-06
I386346,878,4.501624484E7,
I387903,-953,1.2293571206E8,
I390083,1079,7.852451067E7,2030-01-01
I390279,-268,3.635523665E7,2025-10-24
I391563,1843,1.9703599965E8,
I397094,1571,1.019743133E8,
I399685,1214,1.306582779E8,2030-01-01
I403304,-1530,3.216994185E7,2025-10-29
I404553,1684,0.0,2030-01-01
I405087,-439,2.891454486E7,2025-09-08
I406735,937,2.574457845E7,
I409806,1957,1.9105769373E8,
I410471,839,8965947.49,2030-01-01
I410944,-315,7090639.28,2025-10-30
I418900,-1231,1.754555542E8,2025-09-14
I420275,1796,2.375678136E7,
I423369,1436,3.561810756E7,
I436121,839,3796564.36,
I437336,234,1.053135793E7,2030-01-01
I441564,-1241,6.91685953E7,
I445396,-1953,2.6567959737E8,2025-10-28
I448715,217,1.115634994E7,2030-01-01
I449366,-546,1.183024887E7,2025-10-18
I452751,-1067,7.168694741E7,2025-09-29
I453767,-1721,7.917587756E7,2025-10-10
I458275,1190,3.154140202E7,
I464119,661,4.384585899E7,
I466293,-549,3.009939617E7,2025-09-09
I466394,1979,1.0207196179E8,
I467456,-1648,2.0025377329E8,2025-09-13
I362097,1038,3.22635496E7,2030-01-01
I362486,575,1.982960947E7,2030-01-01
I367913,1551,1.3107737864E8,2030-01-01
I371454,546,7.761418042E7,
I373956,1705,1.7931892541E8,
I377966,106,1.382253145E7,2030-01-01
I379321,-144,8860317.32,2025-09-17
I398139,-846,1.590502937E7,2030-01-01
I398231,229,2.000652188E7,2030-01-01
I399125,414,4.748536038E7,2030-01-01
I399475,-722,3.825121454E7,2025-10-05
I401354,1261,7.597863838E7,
I402832,-704,1.657918361E7,2025-10-26
I407662,-1404,3206189.85,2025-09-18
I409556,-1205,2.072652734E7,2025-09-01
I414347,976,2.856790021E7,2030-01-01
I416863,-401,5.939524228E7,2025-09-18
I418683,757,8174346.01,
I419776,1914,3.415046146E7,
I419908,-407,4.469073439E7,2025-09-12
I421384,840,3.153079104E7,2030-01-01
I427059,1384,8.247785544E7,2030-01-01
I429615,1897,2.087838518E8,
I432162,94,8331536.71,2030-01-01
I435067,983,5.942348607E7,
I437141,-1241,4.894514826E7,2025-09-06
I439853,-1619,2.1624725571E8,2025-10-28
I440909,1585,6.945792185E7,
I441736,-1535,1.5209062281E8,2025-09-03
I444617,-747,1.0885496933E8,2025-10-23
I445610,421,2.261139687E7,
I447004,-614,7.841788914E7,2025-09-24
I447195,520,8044458.48,
I449471,-1531,1.3356231151E8,2025-09-02
I455445,465,6.030692158E7,
I461298,425,897730.05,
I463929,1857,7221865.19,2030-01-01
I468709,1176,3.302056391E7,2030-01-01
I472584,1008,1.0767139457E8,
I472882,637,9.282555399E7,2030-01-01
I363399,145,1.926360049E7,2030-01-01
I366978,-763,9.292498364E7,2025-09-29
I369127,95,1.349672136E7,2030-01-01
I375732,1892,5.288814914E7,2030-01-01
I384249,176,7380665.33,
I391197,1053,1.1171032764E8,
I393129,656,8.500974432E7,
I394344,839,7.975702914E7,2030-01-01
I401590,-1179,6.078661529E7,2025-10-09
I402060,1638,6.368556806E7,
I409592,549,4.086365093E7,
I413382,579,6.81672655E7,
I413787,88,1.134235764E7,2030-01-01
I414877,626,3883444.13,2030-01-01
I418106,1962,2.0695146358E8,
I418753,-544,3.85181736E7,2025-10-21
I419646,709,5.03367676E7,2030-01-01
I423432,1851,2.256807316E8,
I431303,642,4.249939949E7,
I432490,670,6.947143021E7,
I433170,-944,2.105942369E7,2025-09-21
I435943,1447,1.173743973E8,2030-01-01
I440386,-756,6.627895472E7,2025-10-07
I443619,1872,2.6905455192E8,
I447311,-1223,1.1928022819E8,2025-09-21
I449235,-520,6.784588207E7,2025-10-18
I454926,1305,1.4051539849E8,2030-01-01
I457370,1805,1.1567588194E8,
I460077,796,7.850499004E7,2030-01-01
I464869,1292,9069096.23,
I465659,184,5671463.38,2030-01-01
I466515,619,4.725252396E7,
I467376,149,1.661136459E7,2030-01-01
I369126,1930,2.774245662E8,
I373776,-269,1.683264918E7,2025-09-09
I375127,-1699,1.37229712E7,2025-10-13
I383011,-997,9.639472328E7,2025-09-26
I394393,-116,8640724.56,2025-10-14
I395638,1193,9.754634893E7,2030-01-01
I396298,1205,1.1287234747E8,2030-01-01
I396387,709,9.944623714E7,
I399263,367,1.674151684E7,2030-01-01
I404015,-393,8027878.47,2025-10-05
I405078,126,1.347684842E7,
I409196,-340,2.409024624E7,2025-09-06
I409388,1858,6.066620316E7,2030-01-01
I419501,732,1.0524135274E8,2030-01-01
I420585,446,1.092528676E7,2030-01-01
I420835,-418,2.646927977E7,2025-09-26
I431116,1980,2.313658717E8,
I432666,223,2.930877866E7,2030-01-01
I433132,902,8.109656627E7,
I436069,502,3.499953815E7,2030-01-01
I436804,-178,9171586.08,2025-09-23
I439693,-1465,1.0723260602E8,2025-09-24
I439723,1946,2.6514683787E8,
I441276,343,3.475331224E7,2030-01-01
I449956,-1157,1.954093064E7,2025-10-05
I453910,214,1.687163978E7,
I455932,279,2.462828437E7,2030-01-01
I456459,-870,7.272292536E7,2025-09-24
I462243,1272,9.074051467E7,
I468382,1726,1.9692757872E8,
I473475,1479,2.0724086227E8,2030-01-01
I474269,1795,0.0,
I360389,-385,4.384316321E7,2025-09-09
I362641,572,4.515682134E7,2030-01-01
I365972,1501,1.1321648611E8,2030-01-01
I367078,1422,2.914873134E7,2030-01-01
I369281,-943,1.1498832807E8,2025-09-23
I375512,-1385,9.71769744E7,2025-09-30
I376408,635,6.356122137E7,2030-01-01
I382985,-56,2088884.8,2025-10-03
I390393,210,2.90830109E7,2030-01-01
I393726,107,1.112000755E7,2030-01-01
I395560,666,5.400756924E7,2030-01-01
I401788,-163,2.008373923E7,2025-10-25
I404227,1941,6.891947018E7,2030-01-01
I408366,1496,7.774984326E7,
I413299,1390,1.7168122153E8,
I414728,455,3.411447318E7,2030-01-01
I415049,-240,2.969362624E7,2025-10-01
I416422,-893,5.30356998E7,2025-10-14
I423082,435,2.317692118E7,
I426643,-1300,1.582553792E8,2025-10-18
I431061,795,8.597930453E7,
I431802,929,1.2425977424E8,2030-01-01
I438446,1848,4.151168274E7,2030-01-01
I440692,1701,2.0295322506E8,2030-01-01
I444018,-725,7.397953345E7,2025-09-28
I445647,718,568113.28,2030-01-01
I447748,227,1.329912212E7,2030-01-01
I449107,353,3.399872967E7,
I450289,1167,1.3353671596E8,
I455887,252,1692218.29,2030-01-01
I459836,815,2.907859235E7,2030-01-01
I459841,1982,2.041946538E8,
I465002,707,9.903243501E7,2030-01-01
I468686,1056,1.2109911622E8,
I471052,1055,0.0,
I476676,-1053,7933850.78,2025-10-26
I477796,1705,2.4145974291E8,2030-01-01
I478573,1048,6945647.66,2030-01-01
I480011,974,1.105907754E8,2030-01-01
I483050,-1105,9.169234848E7,2025-09-04
I484256,779,5.789170637E7,2030-01-01
I481912,662,9524680.48,
I482628,1902,1.6097353947E8,
I483223,1347,5.783057841E7,
I489908,836,4.10692833E7,
I492295,1974,2.8820837069E8,2030-01-01
I497967,643,4.070027329E7,2030-01-01
I502198,-1008,7.423758326E7,2025-10-13
I509714,1338,1.8244889878E8,
I511612,494,5.86746846E7,
I519914,1159,1.4576367709E8,
I526705,-1946,2.459574966E8,2025-10-13
I527425,1557,1.114489743E8,
I528902,1806,1.8375697146E8,
I529077,-153,7145307.59,2025-09-01
I533789,-1033,1.0450505239E8,2025-09-19
I537712,561,3.568542056E7,
I541909,-1872,1.3190584405E8,2025-09-08
I544783,712,4.324060747E7,
I545601,948,6.071451828E7,2030-01-01
I547123,845,1.1918059825E8,2030-01-01
I548806,-171,0.0,2025-09-05
I555431,-1641,1.5736968512E8,2025-10-10
I558929,152,1310152.62,2030-01-01
I559199,-548,4.9581458E7,2025-09-20
I562074,1470,1.2954926388E8,2030-01-01
I569602,1654,2.4504242138E8,
I578449,-882,5.267415817E7,2025-10-17
I580616,1315,4.855519678E7,
I590912,-1860,9.361142497E7,2025-09-30
I478174,843,5.919503131E7,2030-01-01
I480408,-381,3.634677475E7,2025-09-11
I480472,674,4.381040826E7,2030-01-01
I484456,-358,4.721698503E7,2025-09-04
I483589,521,6723018.4,
I490102,-1683,2.3611821152E8,2025-09-29
I496800,1998,1.4997020757E8,2030-01-01
I496972,1477,2.582625006E7,2030-01-01
I497434,-571,2.660762638E7,2025-09-21
I497898,1845,2.6463190582E8,
I500338,538,6716377.52,
I508110,1280,1.0776244145E8,
I513424,-635,3.740397119E7,2025-10-26
I514368,1758,2.1770678114E8,
I522499,936,1.1635723153E8,2030-01-01
I523170,-832,3.744489778E7,2025-09-07
I525574,1810,3.894095883E7,2030-01-01
I526390,-1170,9.314897917E7,2025-09-03
I533686,-626,4.363285334E7,2025-09-11
I535528,-820,1.331137157E7,2025-10-16
I535927,-744,5.475034348E7,2025-09-27
I541789,-248,1.048067347E7,2025-09-11
I543232,-1770,1.8743415E7,2025-10-07
I547116,-1334,1.1526293935E8,2025-10-18
I548549,202,6825816.43,
I549713,-951,4.724227221E7,2025-10-04
I550738,-1800,5451601.01,2025-10-12
I550958,-606,1.74825152E7,2025-10-07
I556554,1347,2.080360474E7,2030-01-01
I565636,1957,7.870252346E7,2030-01-01
I569152,-899,1.004105824E8,2025-10-01
I570335,1270,1.2828403533E8,
I571462,826,5.189737285E7,2030-01-01
I572656,1546,1.5164282769E8,2030-01-01
I574663,-1686,9.772355077E7,2025-10-24
I578561,272,2.225766229E7,
I584260,1124,3.405293521E7,
I585305,508,4.533233467E7,
I588813,708,8.860629067E7,2030-01-01
I485745,1157,8237510.7,2030-01-01
I482638,1925,2.7849268833E8,
I490514,1528,2.1414889262E8,2030-01-01
I496888,-793,7.371361405E7,2025-09-21
I497036,676,4.636511024E7,2030-01-01
I497477,-935,9.016159024E7,2025-09-20
I499738,-1006,8.801598563E7,2025-10-15
I504851,424,5.764333679E7,2030-01-01
I506450,-1586,5.095493823E7,2025-09-15
I506924,1949,7.902350902E7,
I514292,575,6651959.27,2030-01-01
I514454,776,1.1007935582E8,2030-01-01
I518516,530,3.144212848E7,
I519775,928,1.145140648E8,2030-01-01
I522395,581,2.79580016E7,
I522511,1008,3.731867542E7,2030-01-01
I522581,929,1.2526752404E8,2030-01-01
I523598,-1228,9.879489395E7,2025-09-25
I527222,1968,2.804109057E8,
I536480,121,1.069484942E7,
I556033,1357,1.113461275E8,2030-01-01
I556517,540,4.275460079E7,2030-01-01
I557396,710,4.664479537E7,
I559419,772,6.994741962E7,2030-01-01
I571791,727,3845929.67,
I571917,-1127,8.512811062E7,2025-09-02
I572005,-536,3.462850338E7,2025-10-05
I575317,1615,2.390016041E8,2030-01-01
I577246,1142,1.6525281613E8,
I585078,198,1.333922461E7,
I589767,-1582,1.1565008633E8,2025-09-16
I478487,396,5.723650286E7,2030-01-01
I482369,-1097,7.906469715E7,2025-09-09
I496797,1786,2.467700709E8,
I501158,-1813,1.1404141453E8,2025-10-31
I501162,802,4.094557271E7,
I507830,557,4.535263484E7,2030-01-01
I518118,1584,1.2251842568E8,2030-01-01
I532280,-376,2.656230339E7,2025-09-09
I534755,260,9516574.5,2030-01-01
I537571,-188,6290395.15,2025-09-10
I538520,1735,1.220820238E8,
I538892,-1735,2.330659988E7,2025-09-21
I545745,1605,2.145043243E8,
I553370,92,1650929.95,
I559113,801,7.137237749E7,
I561025,982,1.4183116219E8,2030-01-01
I562301,1777,2.2642758052E8,
I564398,-361,5.353395004E7,2025-10-19
I568667,-1642,8.9374805E7,2025-10-26
I573598,356,2.172580831E7,2030-01-01
I576047,-1735,3.381458657E7,2025-09-12
I576492,1460,4.062798755E7,
I578876,-397,1.164827169E7,2025-10-31
I579201,1249,6.290100472E7,2030-01-01
I590428,-1682,3.768475143E7,2025-10-04
I479491,613,4.432252019E7,2030-01-01
I479786,-383,2.777669074E7,2025-09-19
I487890,1686,1.0611373371E8,2030-01-01
I477316,406,3.65368862E7,
I487337,241,8857399.56,
I488603,707,4.879603568E7,
I489162,-105,1.116792413E7,2025-10-03
I494473,-1179,7.70512749E7,2025-09-14
I498482,444,1.048265792E7,
I499311,-686,7.530496106E7,2025-09-24
I507103,1172,4.71649486E7,2030-01-01
I509414,-529,5.129306761E7,2025-10-14
I510973,1436,1.5195356654E8,2030-01-01
I517948,956,1.1932298681E8,
I527595,559,6.59898669E7,2030-01-01
I532587,-459,5.428513419E7,2025-10-19
I534862,-104,7675755.99,2025-09-06
I543645,-597,7.067174961E7,2025-10-28
I543755,-1297,8.86376313E7,2025-09-25
I549205,1004,4.669374211E7,2030-01-01
I554862,285,0.0,2030-01-01
I564262,509,4.985658726E7,2030-01-01
I565391,463,3.141873346E7,2030-01-01
I567099,1368,4.789254027E7,2030-01-01
I569334,1994,2.277405043E8,
I570562,762,7.636099116E7,
I572504,732,5.851945851E7,
I575671,-846,4.867267917E7,2025-10-25
I583734,-580,5.464589019E7,2025-10-06
I584442,-1891,0.0,2025-09-23
I587836,792,4.254321492E7,
I587852,636,6.118284663E7,
I590235,1086,1.6096464745E8,
I591196,278,6787386.58,2030-01-01
I485224,-936,1.0722713873E8,2025-09-20
I486469,1877,4.248162743E7,2030-01-01
I483296,690,5.655089105E7,
I484779,1118,6.278242995E7,
I492676,242,2.704608073E7,2030-01-01
I494346,-1560,1.3329946637E8,2025-10-24
I497589,-1194,2.943431034E7,2025-09-02
I502344,1302,6309028.57,
I502641,310,3.689578694E7,2030-01-01
I502761,-570,1.858061781E7,2025-10-29
I505373,-1208,1.44616495E8,2025-10-01
I513269,1347,1.3409572043E8,
I514139,-1209,3202007.05,2025-09-05
I528763,-685,7.903793453E7,2025-09-17
I530180,-840,1.1157981912E8,2025-09-26
I530394,-842,8.824278847E7,2025-09-15
I535523,-1429,1.9193710894E8,2025-10-15
I539727,-1646,1.8834752292E8,2030-01-01
I542800,728,2.927081906E7,
I549895,1436,1.9255340796E8,2030-01-01
I551134,-764,6.667697649E7,2025-10-09
I551577,-388,3.247899426E7,2025-09-19
I566296,293,3.863615475E7,
I567902,648,7.88293732E7,
I569303,1543,1.8037048449E8,
I569401,-1270,7.008669585E7,2025-09-28
I569672,1573,8.062879834E7,2030-01-01
I570366,358,6041863.45,
I573012,1187,1.6962457659E8,2030-01-01
I574299,1610,1.6585847331E8,2030-01-01
I575079,907,4.998948415E7,
I577655,601,7.292639811E7,
I580697,720,1.0371541607E8,
I581262,1924,2.4016804293E8,2030-01-01
I581959,824,4.28381506E7,
I589092,-1905,7.423749692E7,2025-10-12
I590253,-139,1.956190224E7,2025-10-02
I484771,-286,2.965165857E7,2025-10-05
I486444,325,3.276804959E7,
I492119,-833,7.93528074E7,2025-10-27
I498900,-1387,1.6120303643E8,2025-10-11
I500410,1346,5.921582393E7,
I505909,-1689,0.0,2025-10-13
I507035,-725,1.0336524E8,2025-10-25
I516985,-401,4.972319954E7,2025-10-10
I518633,1016,1.2980420219E8,2030-01-01
I520846,1390,6.140069109E7,2030-01-01
I522366,246,1.239096325E7,2030-01-01
I527602,830,3.6448996E7,2030-01-01
I527614,608,6.657888519E7,2030-01-01
I530801,1947,1.6268661487E8,2030-01-01
I532462,882,1.243814866E7,2030-01-01
I534347,-1287,9.531420045E7,2025-09-13
I538679,599,8.255295682E7,
I539789,1091,1.6033600479E8,2030-01-01
I545502,324,2.686473373E7,
I549065,-1154,2.174949891E7,2025-09-13
I551236,483,1.666245316E7,2030-01-01
I559817,436,4.89367918E7,
I570318,-193,1.356024849E7,2025-09-04
I575855,-1940,1.0123392297E8,2025-10-03
I576251,1014,1.175949528E8,
I578724,375,4.831630623E7,2030-01-01
I580534,811,1634492.78,2030-01-01
I583140,298,1961965.88,2030-01-01
I583588,1598,9.387917111E7,
I583941,-1782,8.328153133E7,2025-10-08
I588787,-220,2.127584421E7,2025-10-26
I589325,-418,3.739662288E7,2025-09-03
I589788,197,2.679575314E7,
I480424,677,3562030.42,2030-01-01
I480764,-1295,2575602.92,2025-10-27
I482417,164,1.218627989E7,2030-01-01
I483103,-1760,2.5982178076E8,2025-09-01
I491788,-1970,2.2739929773E8,2025-09-29
I494873,590,6.77560583E7,2030-01-01
I496704,-1057,1.1024861081E8,2025-09-28
I496994,-1609,1.9124631264E8,2025-09-08
I498676,1229,1.7620921312E8,
I505249,-638,2.512356999E7,2025-09-01
I506160,977,1.12555754E7,
I506311,749,3.68595727E7,
I510626,1436,1.1739613894E8,
I512213,1905,2.6090673236E8,2030-01-01
I520768,-186,2.017773295E7,2025-10-25
I521919,1323,1.7799267853E8,2030-01-01
I522908,1235,9.710338311E7,
I524321,-1307,6.391656383E7,2025-10-07
I525514,-1757,8.519572759E7,2025-10-31
I526992,1255,1.8154687323E8,
I527431,-1103,4.244352438E7,2025-10-13
I527654,221,1.310064295E7,
I530350,153,9290541.38,
I532244,1473,2.032470043E8,
I533243,-1855,1.183385914E7,2025-10-11
I534123,517,3.301587714E7,2030-01-01
I535570,264,1.969959198E7,
I542580,-612,4.456183679E7,2025-10-01
I549608,-1031,8314461.21,2025-10-19
I555553,319,3.090558185E7,2030-01-01
I556856,1805,8.149668172E7,2030-01-01
I565938,1111,1.2278968011E8,2030-01-01
I568408,-438,4561635.09,2025-09-24
I568482,952,8.667512928E7,2030-01-01
I580090,672,7.451111963E7,
I580816,541,5.107485081E7,
I581207,1444,1.0382723343E8,2030-01-01
I587524,974,8.930301935E7,2030-01-01
I484745,548,6.327038331E7,
I488862,670,4.554294471E7,2030-01-01
I490575,1211,5.350086139E7,2030-01-01
I490977,1595,2.371114577E8,2030-01-01
I497148,1302,5.108850817E7,2030-01-01
I497821,1254,2.292358963E7,2030-01-01
I497884,1401,8.919753736E7,2030-01-01
I500250,980,9.806661378E7,2030-01-01
I501670,-850,2.938416395E7,2025-10-07
I507047,-524,9358541.64,
I514939,764,4.070939589E7,
I515348,150,2422541.02,
I518447,728,5.678084323E7,
I525109,223,1.572040336E7,2030-01-01
I526102,1237,4.756933284E7,2030-01-01
I528858,-1906,2.4367920842E8,2025-10-16
I531901,1947,2.4158513219E8,
I540438,760,6622590.88,2030-01-01
I540468,1995,1.3380318277E8,2030-01-01
I542921,-1139,1.0000461114E8,2025-10-15
I547446,1531,1.4342253733E8,
I547459,1011,3.101472687E7,
I547529,-50,7082808.35,2025-09-25
I547883,1081,7.877826815E7,2030-01-01
I553031,351,0.0,
I557193,175,1.614939085E7,
I557855,1640,2.0326663118E8,
I571801,1778,1.2645267313E8,
I572073,909,6.129031296E7,2030-01-01
I577708,1372,1.0864278225E8,
I585930,698,7.534331735E7,2030-01-01
I588909,757,8.60378823E7,2030-01-01
I589587,547,4.428536289E7,2030-01-01
I477746,-1223,1.201792877E7,2025-09-25
I480302,-317,1.457664485E7,2025-09-04
I482426,-332,0.0,2025-10-02
I485886,-1039,1920447.84,2025-09-05
I499894,1842,2.4872158151E8,
I503069,409,5.957807385E7,2030-01-01
I504530,1865,7.23950907E7,2030-01-01
I506945,74,3573328.96,
I509580,893,8.168188639E7,2030-01-01
I516995,1383,6.921662737E7,
I527531,607,0.0,2030-01-01
I528214,1702,6.467980083E7,
I528548,1402,1.11568191E7,2030-01-01
I530230,-1045,1.444245787E7,2025-10-24
I530315,-355,2.367391392E7,2025-10-15
I534026,-935,4797410.56,2025-09-02
I534135,1376,4514687.84,2030-01-01
I547157,740,9404700.69,2030-01-01
I548966,857,2.416960529E7,
I549101,545,5.089711668E7,
I549341,1728,1.8188101366E8,
I554995,604,4.452217607E7,2030-01-01
I558030,-373,3.539954039E7,2025-09-12
I558443,-715,6.573157126E7,2025-09-11
I559098,-100,6085724.99,2025-09-04
I570026,-551,5.955766503E7,2025-09-13
I581920,-979,7.157361841E7,2025-09-18
I587877,590,2.162381561E7,
I589580,1652,6.138235114E7,2030-01-01
I589959,-775,1.150777383E7,2025-09-08
I480443,-57,2928245.65,2025-10-24
I481167,1973,2.4288767756E8,2030-01-01
I478848,981,7.611769076E7,
I485190,983,8.028938249E7,
I488662,1667,7.11604447E7,
I488796,86,1426478.69,2030-01-01
I490143,-458,4.513448612E7,2025-10-22
I492856,1856,2.3982369317E8,2030-01-01
I509966,1333,7.412239072E7,2030-01-01
I511737,199,4380623.93,2030-01-01
I513765,445,1.684256134E7,
I515669,-967,4.016098579E7,2025-10-09
I520196,1231,1.7579668272E8,2030-01-01
I534809,1875,1.4710564873E8,
I534943,1090,6.686566798E7,2030-01-01
I544383,1544,1.5654439621E8,2030-01-01
I546704,528,4.075707304E7,2030-01-01
I548601,-886,2.774375763E7,2025-09-07
I554146,-336,1.108919558E7,2025-09-08
I555828,-299,0.0,2025-10-30
I563751,356,0.0,
I564337,-1479,7.494419181E7,2025-09-07
I569799,1970,2.3490528536E8,2030-01-01
I573874,1975,7.064849393E7,
I579077,-1740,8.86217613E7,2025-09-09
I476429,1108,1.6394820539E8,2030-01-01
I487230,-627,1.059932022E7,2025-10-03
I486516,1508,1.2278406883E8,
I488308,876,1.0933087054E8,2030-01-01
I493335,284,5289977.94,2030-01-01
I495380,851,3.130304784E7,
I496942,1871,2.1719283486E8,
I497853,1151,1.520062232E7,
I507234,352,2.306633239E7,2030-01-01
I510167,-617,7.985898865E7,2025-10-10
I512643,-1264,1.8862304171E8,2025-09-30
I513012,1205,1.3595891881E8,
I523776,118,6725876.58,
I524709,824,3.276419276E7,
I526838,-1578,1.4811632074E8,2025-09-29
I527792,168,1.630171452E7,
I529795,509,4.117548621E7,2030-01-01
I530374,114,1.64683141E7,
I531326,1410,6.153118323E7,2030-01-01
I533778,-1075,6.363077742E7,2025-09-08
I535902,1885,1.444866037E8,2030-01-01
I541801,-348,621125.15,2025-10-20
I542407,-1359,1.7182691925E8,2025-10-04
I543109,1950,6.819531127E7,
I547577,1530,1.6099862106E8,2030-01-01
I558127,1450,1.2428778088E8,
I559687,688,7.211142621E7,
I564448,1017,8.124861008E7,2030-01-01
I569031,276,3.528751858E7,
I570943,1861,1.2987905834E8,2030-01-01
I572828,-69,3574039.66,2025-09-21
I575505,862,1.0671260678E8,
I576625,1513,1.2135630375E8,
I584552,-1676,1.3658100018E8,2025-09-02
I588156,1157,7.360005641E7,2030-01-01
I589370,-696,1704018.34,2025-09-15
I589629,219,3.200533298E7,
I592420,1157,9.891348132E7,2030-01-01
I597235,-1192,3.236979152E7,2025-09-20
I598146,-542,3.698352494E7,2025-09-16
I602800,-1644,1.8902919988E8,2025-10-04
I606402,-1675,1.0240660145E8,2025-10-23
I608838,-726,2.872558677E7,2025-10-26
I608868,-1470,7.504286316E7,2025-09-17
I611479,661,1.629233652E7,2030-01-01
I620110,1733,1.8520626789E8,2030-01-01
I621203,1427,1.586345499E7,
I627519,-1042,7.551745718E7,2025-09-13
I636791,1625,1.242689415E7,
I639041,700,1.02573348E8,
I646195,-659,5.086756599E7,2025-09-02
I662763,1558,4.754297702E7,
I667688,1075,6.9668661E7,
I673996,273,1.769927764E7,2030-01-01
I675656,-111,1.65215188E7,2025-09-13
I678947,841,1.1008928703E8,
I683068,1689,4.312324727E7,
I684198,412,2.121900173E7,2030-01-01
I685576,1189,3.690461917E7,2030-01-01
I697523,-1528,1.9062208496E8,2025-10-11
I600023,-929,1.0076039869E8,2025-10-07
I600545,-101,1.130206813E7,2025-10-02
I601162,1892,1.4666689495E8,2030-01-01
I600143,346,7452918.55,
I605730,-947,6.457010732E7,2025-10-04
I624867,1152,5.04709652E7,2030-01-01
I626699,1613,9.12975642E7,2030-01-01
I631557,1858,1.3511422146E8,2030-01-01
I637786,-1360,6.11157685E7,2025-09-14
I651467,-1461,1.9343564789E8,2025-10-13
I653719,1810,1.629359703E7,
I656382,-882,8.978322139E7,2025-09-29
I656838,512,3.117632095E7,2030-01-01
I666903,746,6.309379635E7,2030-01-01
I672831,-1278,5.286227098E7,2025-09-30
I674421,1955,0.0,
I683240,283,2.556035021E7,
I690174,1444,1.8188416833E8,
I695633,1986,6.739037003E7,2030-01-01
I698223,891,6.842877417E7,2030-01-01
I703716,-1359,1.266547183E8,2025-09-10
I706179,398,4.466726747E7,2030-01-01
I706949,-1821,1.3507181157E8,2025-09-26
I592955,-267,1.050561166E7,2025-10-22
I593422,368,1.628319121E7,2030-01-01
I597830,-1080,1.20099213E7,2025-10-22
I601247,433,5.320861498E7,2030-01-01
I601517,-362,2.032287731E7,2025-10-11
I595528,1181,1.6393347138E8,
I596228,512,6.857942601E7,
I607064,-939,1.0282000639E8,2025-09-01
I613129,-1836,2.3064177874E8,2025-09-25
I615155,201,2.893024999E7,2030-01-01
I616750,170,1.544296433E7,
I621817,-1279,1.1387920274E8,2025-09-28
I635118,1673,3233819.88,
I650085,-1854,1.4627603925E8,2025-10-06
I652990,1086,7.568176065E7,2030-01-01
I655762,889,1.300605057E8,2030-01-01
I655988,-518,9694867.61,2025-09-25
I657511,852,1.609658184E7,
I664950,52,4203681.0,
I669476,1511,1.7602909995E8,2030-01-01
I671161,1490,6.282914067E7,
I674229,-72,1134512.3,2025-10-11
I677091,-130,1.475404506E7,
I679754,1331,9.63184229E7,2030-01-01
I681187,1650,5.760810776E7,
I682468,1222,1.7192854394E8,2030-01-01
I683137,284,4.139497184E7,
I688558,-1431,1.7259292978E8,2025-09-04
I700502,-2000,1.7367860834E8,2025-10-01
I700831,-1712,1.8263739947E8,2025-09-12
I702170,62,1999878.43,2030-01-01
I702375,727,6.055437751E7,2030-01-01
I702865,-606,3.533733211E7,2025-10-26
I702895,1254,1.7097289435E8,
I704913,965,1.1170908254E8,2030-01-01
I602459,721,4.598410065E7,2030-01-01
I602977,120,5486619.7,2030-01-01
I603836,804,8.511481093E7,
I609577,1513,5.230765373E7,2030-01-01
I615613,1516,0.0,
I617166,-284,1.124993147E7,2025-10-03
I618491,1744,1.7200011254E8,
I626069,-626,1.940068546E7,2025-09-06
I626921,1732,8.523663917E7,2030-01-01
I627437,638,4.708661565E7,2030-01-01
I627610,-1323,8.785997725E7,2025-10-15
I629385,-411,5.907762316E7,2025-09-29
I630675,579,6.606300656E7,
I633129,738,1.347799169E7,
I637368,1160,4.097223633E7,2030-01-01
I641347,103,1.314277808E7,2030-01-01
I643195,-366,1.452924097E7,2025-09-05
I645446,-1325,4.710243989E7,2025-09-26
I647539,1461,1.9175457568E8,2030-01-01
I647885,-1895,2.6139687956E8,2025-10-18
I648782,541,5.981023429E7,2030-01-01
I648990,-1552,2.386467899E7,2025-09-17
I652625,1376,1.5753436146E8,2030-01-01
I653671,1255,2143645.51,2030-01-01
I655900,231,6859155.49,
I658481,-277,3.501905082E7,2025-09-12
I659398,1043,1.3699277471E8,
I660453,1035,7.550270586E7,
I663749,1356,1.3776622922E8,2030-01-01
I679612,445,6436976.74,2030-01-01
I683352,1488,1.4289393628E8,
I686213,1353,1.0589730857E8,
I687944,-1738,2.5467152129E8,2025-09-08
I690337,-814,1.0011981229E8,2025-09-16
I691250,592,4.224365906E7,
I692152,1031,1.3721375437E8,
I701502,-940,1.2913485343E8,2025-09-11
I706024,226,1.167935616E7,2030-01-01
I593211,1576,1.3061065386E8,2030-01-01
I599416,383,1.218944309E7,2030-01-01
I607431,319,2971865.07,2030-01-01
I607535,528,6.92688256E7,2030-01-01
I613118,441,7748972.49,
I625954,1691,2.4759725735E8,
I627027,367,3313681.2,2030-01-01
I627172,1188,1.7118101461E8,
I629186,491,2.278115822E7,2030-01-01
I631075,1279,9.468025759E7,
I631574,-507,3.621455599E7,2025-10-21
I634092,-1692,1.5181754042E8,2025-10-21
I638653,-1263,8.53198779E7,2025-09-15
I640237,708,4.258893705E7,2030-01-01
I642788,742,2844991.36,2030-01-01
I647829,672,5.354023242E7,2030-01-01
I649677,1098,8.995274034E7,
I653222,-1086,1.4264875426E8,2025-10-09
I654404,115,3051456.55,2030-01-01
I655672,1128,1.1242264077E8,2030-01-01
I657525,471,5.957535423E7,
I662049,132,1.652430615E7,2030-01-01
I666535,-878,6946588.99,2025-10-25
I671624,-65,9614683.81,2025-10-04
I673308,-1494,2.2168467345E8,2025-09-21
I674898,184,1.05203912E7,
I675179,-1458,3813304.14,2025-09-28
I677413,1064,1.1595180838E8,
I680596,327,3.303668902E7,2030-01-01
I682856,1300,1.6891300717E8,
I682937,1204,7.173591398E7,2030-01-01
I688165,-1944,4.001776179E7,2025-10-23
I688691,943,1.107296154E7,
I688765,513,3.09604606E7,
I695886,-1738,1.69823044E8,
I706498,-1789,2.4769835612E8,2025-09-17
I605498,-428,4.447919709E7,2025-10-17
I607327,-1418,1.6322787667E8,2025-09-17
I616477,-1414,1.114089789E7,2025-10-17
I618255,637,1.330969672E7,
I621581,826,9.223237869E7,
I624632,-1803,1.2967325766E8,2030-01-01
I626724,-1829,1.7817902619E8,2025-10-18
I627624,-1865,0.0,2025-09-10
I630371,431,9430631.74,2030-01-01
I632832,-373,4.591540115E7,2025-10-05
I635962,330,3.301432619E7,
I645452,911,5.725924176E7,
I652037,1712,9.705254427E7,
I652087,1452,0.0,
I657436,399,1.540666311E7,2030-01-01
I660153,1844,2.6375416264E8,2030-01-01
I660724,393,4.499020131E7,
I664264,-1850,1.9925571612E8,2025-10-01
I668089,178,1.402811397E7,2030-01-01
I668425,1255,5.025537475E7,
I672838,1447,5.066135583E7,
I678237,225,1.483213608E7,
I696539,1922,5.092928947E7,
I700820,138,9106359.39,2030-01-01
I702720,717,3.924946105E7,
I703222,893,1.012269174E7,2030-01-01
I593318,1986,1.1754816234E8,2030-01-01
I599496,1700,2.2271835718E8,2030-01-01
I592265,231,3.000711764E7,
I593463,137,2.01499565E7,
I600966,505,3.462149089E7,
I602470,157,7075507.14,
I603607,1795,7072437.56,
I605905,1847,1.2658914962E8,2030-01-01
I607401,1040,1.4278187831E8,2030-01-01
I607507,451,8809382.38,2030-01-01
I614323,1210,5.583898498E7,2030-01-01
I618472,1715,1.1619427701E8,
I623806,-314,1.127329698E7,2025-10-17
I627397,-894,1.2959730149E8,2025-10-09
I646813,-1999,3.336578377E7,2025-09-20
I655115,1708,1.07037376E8,2030-01-01
I662927,-1929,7.505536016E7,2025-10-04
I667047,1246,4.607844586E7,
I675005,-91,6969261.91,2025-09-25
I679578,1300,2.993481219E7,
I679689,989,3.002666726E7,
I682343,1140,1.2256478049E8,2030-01-01
I683498,1014,1.2834122495E8,
I684556,1116,4.602724983E7,2030-01-01
I687169,1875,8.560573668E7,2030-01-01
I691281,1891,1.215918533E7,2030-01-01
I692357,1198,1.84325686E7,2030-01-01
I694321,281,4.021772427E7,
I592210,-305,2.572611863E7,2025-09-27
I594008,-209,2.123168359E7,2025-09-12
I595937,462,3.3542072E7,2030-01-01
I600869,526,1.635860707E7,2030-01-01
I604998,1499,1.06603016E8,2030-01-01
I606876,839,8.954060049E7,
I607297,1827,1.762618634E7,
I608986,1578,1.1472902123E8,2030-01-01
I613415,1028,1.516092348E8,2030-01-01
I616105,102,2758983.13,2030-01-01
I630081,1270,1.452990806E8,
I634682,108,7279077.63,2030-01-01
I635128,957,1.2225054717E8,2030-01-01
I636255,-409,4.202522045E7,2025-10-26
I648023,617,4.244075014E7,
I651621,-1923,0.0,2025-10-25
I652627,-739,4.709901868E7,2025-09-10
I654140,363,5.130466972E7,
I655867,787,4227612.03,
I661352,603,4.51429232E7,
I661745,1201,1.2533607792E8,2030-01-01
I664951,1596,1.3610495272E8,
I666094,137,8961656.86,2030-01-01
I667054,-1332,6.235532163E7,2025-10-10
I672007,-393,4.574351266E7,2025-09-04
I682391,-1548,4945543.41,2025-09-10
I683822,846,8611464.8,2030-01-01
I691181,594,9002608.04,2030-01-01
I692432,996,2.086963019E7,2030-01-01
I693680,1871,2.6934234044E8,2030-01-01
I694380,779,2.430773926E7,2030-01-01
I695330,687,2.267570869E7,
I698154,-788,3.721079708E7,2025-10-10
I702334,195,4239029.6,
I705701,130,1.391522981E7,2030-01-01
I592601,282,3.028492421E7,2030-01-01
I594484,-1941,1.3885148678E8,2025-10-30
I595306,-1241,4.343340808E7,2025-09-20
I599141,1883,1.0175942657E8,2030-01-01
I599274,-1010,1.196373388E7,2025-09-18
I595273,963,7784360.46,
I604344,859,8.920056002E7,2030-01-01
I606854,740,8.734959635E7,
I607869,-1921,1.5471855359E8,2025-10-04
I609705,647,8.697328593E7,2030-01-01
I622284,1357,5.109242009E7,2030-01-01
I622682,-179,1.454878324E7,2025-10-10
I627708,-1440,3495195.54,2025-09-04
I629549,-231,2.077740441E7,2025-10-19
I633166,-1898,2.4465616396E8,2025-10-30
I634082,1532,1.5642258654E8,
I634367,1499,1.6993560867E8,
I635805,-1961,1.2175029703E8,2025-09-21
I643616,443,1.348461497E7,
I650121,1972,1.3789297204E8,
I651588,1221,9.85542977E7,
I659806,-1501,1.226609801E7,2025-09-07
I663283,143,8755715.0,2030-01-01
I666684,-171,7808529.25,2025-10-17
I677009,430,5.121770612E7,
I681425,1374,1.6883971384E8,2030-01-01
I697505,423,2.577414073E7,2030-01-01
I698754,1551,8.430757606E7,
I699923,-1640,2.535635537E7,2025-10-17
I701649,1381,9.958997508E7,2030-01-01
I592556,1268,1.0068240081E8,
I600432,234,6949335.36,
I611239,-1657,5.749889078E7,2025-10-21
I625538,338,4.321966948E7,2030-01-01
I631814,-1400,2870059.52,2025-10-05
I634955,-1210,2.579633056E7,2025-10-03
I641399,251,7732709.55,
I656182,-1383,8.844210601E7,2025-10-11
I658369,-1599,5.842047248E7,2025-09-12
I660358,449,3.552282839E7,2030-01-01
I661866,787,4.535805533E7,
I673374,961,5.815765818E7,
I674251,1622,3.949030426E7,
I684548,309,8996454.36,2030-01-01
I686600,-857,1.750336572E7,2025-10-10
I687015,-930,1.2859093085E8,2025-10-26
I689761,-1683,2.2518744385E8,2025-10-22
I690558,-707,7.319754936E7,2025-10-30
I691531,1912,1.6731883069E8,
I693377,1883,2.2492572777E8,
I696039,-745,1.0965874521E8,2025-10-03
I698742,-490,3.248758214E7,2025-09-15
I701873,-424,5.517666596E7,2025-10-27
I596873,-1077,6.298604587E7,2025-10-09
I598495,1919,2.2175689811E8,
I598895,85,1341317.64,
I601150,296,1.184902287E7,
I605575,717,3.966509415E7,2030-01-01
I607940,1994,1.6593743522E8,2030-01-01
I608261,868,4.79870025E7,
I609490,409,1.453214805E7,
I611413,1133,1.116839033E7,2030-01-01
I616639,745,4.055942366E7,
I617901,540,2.993948705E7,
I618342,883,4.301746397E7,
I619912,372,3.814311799E7,2030-01-01
I632610,1201,1.2934740476E8,
I634839,1811,9.953209282E7,
I637040,-749,9.543502388E7,2025-09-14
I641014,-133,6739975.15,2025-09-14
I655849,-574,6.221721906E7,2025-10-11
I659690,308,3.266367253E7,
I664470,-1770,3.431413236E7,2025-10-25
I666767,516,1.280592334E7,2030-01-01
I672041,-524,7452994.3,2025-09-04
I676237,700,2.598268812E7,
I676429,800,9727016.21,2030-01-01
I683143,999,8.719194247E7,2030-01-01
I689560,210,1.929538934E7,
I691180,799,9.689561428E7,2030-01-01
I691603,981,5.98010903E7,
I695043,-487,1.571747672E7,2025-09-26
I698699,-1193,2898676.63,2025-09-13
I705682,-342,1.638010467E7,2025-09-04
I706572,684,5.278359262E7,
I593726,-1912,0.0,2025-09-18
I593831,-713,1.0147404418E8,2025-10-27
I599876,-915,4.187944785E7,2025-09-07
I600633,-296,2.409998174E7,2025-10-14
I604257,-1456,1.2688567823E8,2025-10-27
I605311,888,3.755734965E7,2030-01-01
I607354,1685,3.19307695E7,
I608347,1907,1.6197901632E8,
I623600,124,1.385570465E7,
I628763,813,3.828817526E7,2030-01-01
I631122,1200,8.063855409E7,
I631856,444,3.556024491E7,
I642694,-1680,2.0636644773E8,2025-10-02
I648921,-1908,8.003070323E7,2025-09-10
I660109,1411,1.5769334002E8,2030-01-01
I666464,107,1.526767362E7,
I667316,97,5218490.26,2030-01-01
I668946,284,2.161690988E7,2030-01-01
I675668,64,9474972.53,
I678988,781,1.1347196993E8,2030-01-01
I681786,-1979,2.0795074352E8,2025-10-06
I692007,1907,7.057176365E7,2030-01-01
I692293,-281,2.272676836E7,2025-09-27
I696229,813,1.834066917E7,
I697515,1750,2.2623907347E8,
I704485,462,2.08484484E7,
I710068,662,9.264533855E7,
I715909,1165,2617788.42,
I719547,1252,1.0740688698E8,
I720006,294,2.69539161E7,2030-01-01
I727446,81,1494436.22,
I731155,64,1623244.41,
I734988,1196,4.045324689E7,
I740225,1813,1.1518552434E8,
I742458,-519,4.350224111E7,2025-09-19
I744553,1952,9.133601324E7,
I752261,1702,2.3459635612E8,
I755278,-1203,1.7803873543E8,2025-10-14
I755785,1605,2.0350306438E8,
I756027,-121,7541456.52,2025-10-10
I769643,-424,3.642988275E7,2025-10-25
I773267,1351,1.848386263E8,2030-01-01
I774589,-877,1.0725554175E8,2025-10-12
I781380,-1319,5.722074132E7,2025-09-09
I781542,-893,1.0636906642E8,2025-09-02
I785030,-1146,1.0516487218E8,2025-09-17
I785295,-78,6075041.27,2025-09-08
I790764,1998,4.856407188E7,2030-01-01
I790872,1248,1.1523888124E8,2030-01-01
I791343,-1596,1.366234103E7,
I795378,1853,1.904001857E8,
I796324,1271,5.468676253E7,2030-01-01
I798326,410,2075565.58,2030-01-01
I800166,997,0.0,
I802496,543,8820752.37,
I806527,845,2572559.07,
I812638,1041,4.859279419E7,2030-01-01
I816392,1462,4.368595457E7,2030-01-01
I710735,1314,6.896424755E7,2030-01-01
I713618,-350,4.331023052E7,2025-10-12
I716489,-651,8.217919646E7,2025-10-13
I722893,298,6185779.01,2030-01-01
I724333,-1946,2.739641629E8,2025-10-08
I725474,774,1.0568506541E8,
I727465,576,5.645754549E7,2030-01-01
I731909,-552,2.165607812E7,2025-09-03
I732809,-210,1.382458137E7,2025-10-10
I736181,-1627,1.368273469E8,2025-09-03
I739723,270,4743778.13,2030-01-01
I740568,656,5.848936469E7,2030-01-01
I740870,-356,4.915367569E7,2025-10-19
I745897,-1925,1.4800792036E8,2025-09-26
I751480,661,2.868163548E7,2030-01-01
I756883,-1834,2.198308401E8,2025-09-06
I760375,1009,7.936901942E7,
I760493,-340,3.736205584E7,2025-09-16
I764418,201,1.423613899E7,2030-01-01
I764636,-1620,1.255876981E7,2025-09-15
I765962,-1491,1.8459504297E8,2025-10-16
I778681,691,9.817961491E7,2030-01-01
I785980,-1462,1.929983923E7,2025-09-16
I786956,-1123,1.4103555156E8,2025-10-05
I796301,522,6.37729148E7,
I805688,1833,1.0620505868E8,
I807816,1829,9.345969622E7,
I809541,1159,1.141046059E8,
I821004,1532,1.8458371009E8,2030-01-01
I822945,-202,2.999729497E7,2025-10-02
I708238,1226,1.7719613252E8,2030-01-01
I709674,1519,2.0356662131E8,2030-01-01
I712383,-131,1.473874812E7,2025-10-04
I709985,725,2.926715369E7,
I714153,-541,4.895262653E7,
I720597,-565,1.198088701E7,2025-09-13
I722980,1191,1.4990184204E8,2030-01-01
I724096,-1941,7.463328381E7,2025-09-29
I724442,951,1.005164546E8,
I727345,-1150,1.242898879E8,2025-10-31
I727942,309,4.146926939E7,
I741127,-1980,2.8805768714E8,2025-10-15
I742371,1346,7.595289379E7,
I745658,1776,2.3167471363E8,2030-01-01
I746855,931,1.0941016274E8,2030-01-01
I754533,953,8.349882632E7,2030-01-01
I755500,979,1.0268505207E8,2030-01-01
I755953,-1724,1.5207249046E8,
I756394,1187,4.214277475E7,2030-01-01
I756871,981,7.936319041E7,2030-01-01
I764103,689,3.085896183E7,
I767389,528,6.357116548E7,2030-01-01
I772255,-584,3.641481294E7,2025-09-01
I772413,988,0.0,2030-01-01
I774653,1093,1.6129406872E8,2030-01-01
I786957,119,3395704.14,2030-01-01
I788046,1170,1.435636004E8,
I789060,1413,3.224458846E7,2030-01-01
I790204,434,6.221256347E7,2030-01-01
I794678,-1250,1.3831903543E8,2025-10-17
I801369,-1196,7.280302736E7,2025-10-21
I803362,1854,2.3218397428E8,
I807116,1325,1.9636024167E8,
I809459,412,1.599558198E7,
I812869,526,6.404312712E7,
I813623,193,1925863.91,
I814961,249,5930357.49,
I816828,-1819,1.1661796118E8,2025-10-31
I816856,222,2.919267275E7,2030-01-01
I719971,325,1.113756039E7,
I723131,566,2.56181511E7,
I737499,-725,9.322120484E7,2025-09-26
I740954,1818,2.1806839932E8,
I747786,1670,2920668.18,
I751630,-293,2.381991187E7,2025-10-14
I752182,-61,1703939.91,2025-10-01
I753113,-1098,5.491547774E7,2025-09-13
I754786,-79,8412616.51,2025-09-20
I759927,1708,1.588908441E7,
I761216,957,7.319310592E7,
I762116,-602,7.250284348E7,2025-09-26
I764183,451,4.047963738E7,
I767342,319,1.268079259E7,2030-01-01
I774181,-1620,0.0,2025-09-25
I786556,1427,3622464.31,2030-01-01
I788849,-1265,6.272205785E7,2025-09-24
I789644,-423,402622.44,2025-09-30
I794828,1191,9.336255513E7,2030-01-01
I795784,-241,3.598816678E7,2025-09-10
I797384,169,265960.76,2030-01-01
I797946,1505,2.1661589604E8,
I798258,-1916,1.969225416E7,2025-09-27
I799132,1409,1.8365081778E8,2030-01-01
I799258,519,5.999510285E7,
I800307,-536,6.867825586E7,2025-09-10
I800858,536,6.104412038E7,2030-01-01
I800974,1803,2595159.84,
I808034,-1567,1.6596814524E8,2025-09-08
I811042,-1416,1.8933123756E8,2025-10-11
I814288,-409,2.162944462E7,2025-10-04
I817094,-151,1.173607115E7,2025-09-13
I820035,412,9663139.82,2030-01-01
I714758,-1722,2.4417650133E8,2025-09-20
I717436,-752,7.128253794E7,2025-09-29
I719291,-188,1.692806508E7,2025-09-26
I716965,1451,2.1665965152E8,
I717705,1644,1.968848548E8,
I719671,543,7.882401532E7,2030-01-01
I726015,1585,2.083640317E8,
I727003,1524,5526195.93,
I730942,1423,2.609495995E7,
I738288,-986,2.187941386E7,2025-10-13
I739115,-1448,5.604906863E7,2025-09-06
I740601,629,5.923439391E7,2030-01-01
I742927,-767,5.547834863E7,2025-10-21
I746924,1949,2.1428306517E8,
I750833,1044,8299025.4,2030-01-01
I751834,1771,1.4946780156E8,
I753662,1102,2.989068197E7,2030-01-01
I757938,1069,6.392368572E7,2030-01-01
I758140,-1883,6663880.51,2030-01-01
I759916,-295,1.415366109E7,2025-10-27
I762581,576,3.249348621E7,
I766071,-820,1.1111037885E8,2025-10-04
I766319,1294,3.920431031E7,2030-01-01
I774486,-567,2.353583874E7,2025-09-19
I779433,605,8338359.99,
I782502,399,5.498036646E7,
I786915,-557,6.76702952E7,2025-09-16
I791533,774,6186280.27,2030-01-01
I796351,-1762,1.2083868545E8,2025-10-04
I797492,1246,1.642315059E8,
I798604,-1142,7.414327667E7,2025-10-30
I817055,1570,1.177067059E7,
I713247,808,4.084500971E7,2030-01-01
I714761,-1938,2.6285534954E8,2025-10-18
I709128,361,1670510.93,
I730563,438,2621712.64,2030-01-01
I735457,-841,1.053331137E7,2025-09-26
I737063,581,7.648243862E7,2030-01-01
I741877,442,5.499546024E7,
I742042,1251,1.5123793147E8,2030-01-01
I747222,874,1.1552404602E8,
I748854,-809,1.0891532632E8,2025-10-02
I755554,384,4.184276964E7,
I755893,388,0.0,2030-01-01
I756942,1475,1.0559238435E8,2030-01-01
I757960,-542,5.434682286E7,2025-10-29
I760221,-990,6.7283764E7,2025-10-31
I761592,1364,6018850.18,
I763782,1387,1.1096598611E8,
I764811,491,1.569203806E7,2030-01-01
I766748,1831,2.2489002817E8,
I769299,1869,1.8013551293E8,
I776063,1232,1.4023031299E8,
I777986,-1565,2.0066180776E8,2025-10-11
I778210,489,2.970189997E7,
I778883,1685,1.4702270612E8,2030-01-01
I785364,800,2.658519499E7,2030-01-01
I790901,-1151,1.0767113975E8,2025-10-27
I794073,-737,7.269630557E7,2025-09-09
I795010,958,3.591930336E7,2030-01-01
I801067,249,3275628.0,
I806585,346,4.939071543E7,
I807019,-246,9197023.51,2025-10-30
I809261,1605,8351803.58,2030-01-01
I810672,848,0.0,2030-01-01
I813907,1805,1.1538296744E8,2030-01-01
I816028,-1446,9.903621365E7,2025-09-15
I822290,1495,3.576949062E7,2030-01-01
I713678,1336,1.995702546E8,2030-01-01
I715018,-1883,2.4348423901E8,2025-10-12
I714755,1041,8.725129993E7,
I721049,1291,1.3330155648E8,
I722810,246,2.733601726E7,2030-01-01
I741624,-1118,1.1943142168E8,2025-10-09
I750757,783,1.602577239E7,2030-01-01
I752103,-1092,1.5581200986E8,2025-10-15
I760621,576,2.825899134E7,
I763969,109,1.525188488E7,
I768658,1712,6.308031796E7,2030-01-01
I771013,735,9.834755789E7,
I771231,-1425,1.546062136E7,2025-09-26
I771257,893,4.653772663E7,
I772997,1204,1.0894584295E8,2030-01-01
I775536,1487,7.753156522E7,
I777044,-544,8.106796013E7,2025-09-05
I777736,1333,1.7654984622E8,
I783124,120,8093508.04,2030-01-01
I791141,993,6.782060771E7,
I791864,1498,7.313036841E7,2030-01-01
I795127,1731,1.2908075166E8,2030-01-01
I796415,-1115,1.3951983717E8,2025-10-04
I798409,-1756,1.7931142119E8,2025-10-28
I808142,-1441,1.2390228213E8,2025-09-18
I810056,-1634,2.853364189E7,2030-01-01
I811861,-65,3855503.54,2025-09-20
I814254,1918,2.8421012696E8,2030-01-01
I816634,1236,6.211845367E7,2030-01-01
I820234,84,1.249603735E7,2030-01-01
I715751,-1354,2.457587925E7,2025-10-22
I710783,1775,2.3451236019E8,
I719648,377,5.15163573E7,
I723272,80,1.141861284E7,
I740196,1456,1.4438050029E8,2030-01-01
I745828,1598,2.0104600377E8,2030-01-01
I753672,247,4834321.4,2030-01-01
I758810,1508,1.980749938E8,2030-01-01
I760856,-1660,1.7066854521E8,2025-09-17
I760951,-749,7.957253208E7,2025-10-30
I763307,327,3.432309394E7,2030-01-01
I765354,1765,1.4522346721E8,
I766687,1794,6.852802383E7,2030-01-01
I767848,901,7.41674393E7,2030-01-01
I768864,-482,7.194659765E7,2025-09-18
I769970,-1770,6.388281216E7,2025-09-21
I773831,563,4.384755729E7,2030-01-01
I774866,1077,1.2360833285E8,
I775389,1154,7.985612925E7,2030-01-01
I775950,-579,3.792727918E7,2025-10-06
I779476,892,1.2512164393E8,2030-01-01
I780960,1603,9.625421313E7,
I784610,-307,4.076671894E7,2025-09-19
I791916,1543,2.12803166E8,2030-01-01
I797772,1943,2.789218304E8,
I800963,409,1.364789233E7,
I803387,1056,1.353926044E8,2030-01-01
I804499,223,2.659041536E7,
I810414,-813,7.857394398E7,2025-10-07
I812658,1500,8.873926801E7,
I814213,941,4.968206371E7,
I820335,969,8.182346843E7,2030-01-01
I821466,-249,2602053.08,2025-10-01
I711009,265,2.175965287E7,2030-01-01
I717643,1202,1.1162573286E8,2030-01-01
I716418,332,4.185429317E7,
I718980,246,3.333074318E7,
I727016,-1396,5.893631198E7,2025-09-16
I727460,-631,9.109184215E7,2025-09-09
I732664,1657,2.275960279E7,
I735083,-1322,1.2005095337E8,2025-10-06
I735602,-1016,1.0733783064E8,2025-10-18
I735782,604,8657631.86,
I736369,-331,2.954188389E7,2025-10-18
I738490,1910,2.1292575261E8,2030-01-01
I738701,1259,1.034084174E8,
I740704,-378,1.592114838E7,2025-09-19
I741275,1746,2.839460506E7,
I745616,1523,1.318463176E8,
I746606,122,1.631832012E7,2030-01-01
I754295,-970,1.2015604853E8,2025-09-20
I754519,737,3.894095971E7,
I758855,1856,2.2934992321E8,2030-01-01
I761112,434,1.135292598E7,
I773911,929,1.2913311727E8,2030-01-01
I774076,1533,1.9328861504E8,2030-01-01
I775344,1858,1.8066467406E8,2030-01-01
I777741,-1774,3.480059456E7,2025-10-25
I779036,-1978,1.274134702E7,2025-09-16
I786597,-554,5.426298356E7,2025-09-22
I791707,923,1.1363841847E8,
I792284,1017,7.3417613E7,2030-01-01
I793605,1191,7.909050635E7,
I803815,-133,5542360.8,2025-10-05
I805923,811,8.611268756E7,
I809755,-772,7.950888422E7,2025-10-30
I812086,-1111,8.111726857E7,2025-10-03
I816278,-1950,3.07957715E7,2025-09-18
I822419,-1353,1.9891895689E8,2025-10-11
I716494,-51,3490696.7,2025-09-05
I707815,1336,4.648676694E7,
I713652,222,3.194825246E7,
I719298,1800,2.098552719E7,
I720504,403,1.195933017E7,2030-01-01
I724713,1170,9.000884738E7,2030-01-01
I733694,-1328,9.630389088E7,2025-10-23
I735400,-221,2.181682028E7,2025-10-14
I735547,-1129,1.5275054485E8,2025-09-22
I736517,208,1.865175441E7,2030-01-01
I737619,-1434,3.2190439E7,2025-09-02
I738462,-892,5.344192036E7,2025-09-24
I742510,-968,8.403595617E7,2025-10-17
I748274,1628,1.950022194E8,
I755214,646,7.880284751E7,
I757900,1811,1.9348775334E8,2030-01-01
I767051,-1532,1.1191109025E8,2025-09-11
I771332,1191,1.7179091767E8,
I776364,1481,7.133846424E7,
I782325,1870,1.039013075E7,2030-01-01
I785122,-1613,8.07389436E7,2025-09-08
I800085,-194,2.465422116E7,2025-10-01
I802322,-587,6.023472182E7,2025-10-16
I802470,1125,1.6278234451E8,2030-01-01
I803271,1155,1.0711385257E8,
I803898,-1205,1.7408618418E8,2025-09-03
I804781,1849,1.2496444923E8,
I807633,1593,3.801685081E7,2030-01-01
I811340,397,3.783915572E7,
I812858,1568,2.2435557855E8,2030-01-01
I820739,967,3.350550715E7,2030-01-01
I821555,322,4.742267287E7,2030-01-01
I821661,1127,6.849058363E7,
I714354,608,3.589548104E7,2030-01-01
I717785,-146,2500354.99,2025-10-29
I718851,1618,1.0441246087E8,2030-01-01
I707535,1334,6.444962042E7,
I712106,1133,7.148193354E7,
I720138,1667,9.670744637E7,2030-01-01
I722942,1598,4.510920082E7,
I724323,1810,2.3980444699E8,2030-01-01
I724860,647,5239357.02,2030-01-01
I727166,-1767,8.517189317E7,2025-10-11
I728354,1712,1.8771742215E8,
I741691,1135,5.564229651E7,2030-01-01
I744565,-1154,1.4748763652E8,2025-10-11
I744620,1439,1.6772395566E8,2030-01-01
I747557,-812,4.251152724E7,2025-09-18
I750813,-544,1.663100868E7,2025-09-20
I752599,1934,1.279635118E8,
I753578,1871,1.5503388434E8,
I758137,1224,7.499472465E7,2030-01-01
I766307,265,778756.38,
I768096,1699,2.4616623147E8,
I776059,-635,3.232451382E7,2025-09-22
I777528,-1452,1.9052628444E8,2025-09-05
I785480,1686,2.5189056739E8,
I805846,1098,1.2461605307E8,2030-01-01
I811716,-1976,1.4315864358E8,2030-01-01
I814033,185,2.456160391E7,2030-01-01
I817058,-733,1.0007868701E8,2025-10-31
I716931,-1889,1.1421394488E8,2025-09-26
I717300,1631,1.708903007E8,
I723169,-1854,1.8242105148E8,2025-10-20
I726187,-1508,1.1504606084E8,2025-10-30
I726205,985,1.3736006955E8,2030-01-01
I737132,-953,6.094513384E7,2025-09-29
I739496,-1156,6.221433587E7,2025-10-01
I739724,1482,1.8389654906E8,2030-01-01
I740025,147,1.215694357E7,
I740097,1769,2.1501095145E8,2030-01-01
I743528,765,5.029254943E7,
I743712,-61,7508564.76,2025-09-23
I750421,950,1.4190203141E8,2030-01-01
I760105,-468,4.613770013E7,2025-09-05
I761824,-1814,2.3603694989E8,2025-10-01
I766551,1326,0.0,2030-01-01
I769965,519,1.598941927E7,2030-01-01
I780381,-1388,1.3873083771E8,2025-09-08
I788743,1775,1.7331187841E8,2030-01-01
I789925,-129,0.0,2025-10-08
I791809,-897,2.99162851E7,2025-10-28
I795363,946,6821852.04,2030-01-01
I801322,-565,6.061701555E7,2025-09-15
I803638,-1873,6.195571076E7,2025-10-04
I818299,1101,1.1400278031E8,
I820887,781,8969081.64,2030-01-01
I821042,-1716,1.383537395E7,2025-10-24
I822475,-1609,2.0910386555E8,2025-10-29
I822750,1128,1.3416440658E8,
I823568,822,9279853.35,2030-01-01
I827580,-1495,1.8321560489E8,2025-10-12
I830636,856,1.0655010548E8,2030-01-01
I839305,-505,1.024892013E7,2025-10-15
I839612,-1284,1.3787889021E8,2025-09-08
I844265,1723,7.522248197E7,
I846256,96,5319436.51,2030-01-01
I846362,1385,9.031487442E7,2030-01-01
I846660,307,1.986847991E7,2030-01-01
I854924,-1222,1.529175483E7,2025-09-19
I858085,-235,1.466359761E7,2025-10-01
I860892,-852,5.126670704E7,2025-10-09
I867495,252,1.835573544E7,
I867657,1237,3.917060488E7,2030-01-01
I874509,1687,7.866154551E7,2030-01-01
I877221,729,6.787714496E7,
I881198,-1273,7.633955905E7,2025-10-24
I898217,-367,4.527561886E7,2025-10-19
I902674,1370,8.481111841E7,2030-01-01
I906591,-986,1.987420702E7,2025-09-06
I907026,412,1.942578595E7,2030-01-01
I907931,976,1.1851694717E8,
I912193,711,1.0066268514E8,2030-01-01
I918378,-1029,8.27782605E7,2025-09-24
I919949,-804,7.851860535E7,2025-10-02
I920322,775,3.639357141E7,2030-01-01
I920686,-1941,2.8156024779E8,2025-09-10
I929105,298,2.989658582E7,
I826821,1199,7.840034703E7,2030-01-01
I828863,-1224,1.1639882582E8,2025-09-01
I828930,-1910,2.2691765319E8,2025-10-01
I832993,538,4.34488529E7,
I833818,303,2452461.66,
I841494,-495,5.273402249E7,2025-09-29
I842446,1677,2.1204756815E8,
I845119,120,1.651118423E7,2030-01-01
I850522,764,6.892955682E7,
I850550,1266,8.989404898E7,2030-01-01
I852375,-1480,2.123266545E7,2025-09-20
I855569,-133,4938663.01,2025-10-10
I866913,1261,1.6526692751E8,
I867765,-530,7.600766824E7,2030-01-01
I876714,-116,1.351921048E7,2025-10-01
I877346,1041,1.1453366129E8,2030-01-01
I884177,1407,1.6543655412E8,
I884665,-343,4.172242136E7,2025-10-16
I892785,750,2.791469175E7,2030-01-01
I897407,1113,5.245250498E7,2030-01-01
I902368,1252,1.4901480324E8,2030-01-01
I907162,1614,4.790716901E7,2030-01-01
I913253,898,1498127.35,
I914185,-1057,1.0020058221E8,2025-09-27
I916008,-1464,1.1917203592E8,2025-09-28
I916289,962,9.168172781E7,2030-01-01
I919844,-837,1.734402046E7,2025-09-12
I922002,-1311,1.3468625348E8,2025-10-12
I922288,585,8.100751784E7,
I922525,-1990,2.4832887351E8,2025-10-30
I925386,1252,9.948266925E7,
I925610,-1691,1.528705334E7,2025-10-14
I927396,1233,3.418525789E7,2030-01-01
I928665,-367,9653170.27,2025-10-27
I933867,1858,1.7624645178E8,2030-01-01
I827510,368,1.645204493E7,2030-01-01
I835955,-826,2.390248387E7,2025-09-19
I842938,1557,1.2189057273E8,
I846069,-387,4341564.34,2025-10-10
I847675,-1224,4.172992001E7,2025-09-03
I858953,1349,1.4178254827E8,2030-01-01
I860108,-818,1.800947357E7,2025-10-06
I861622,1512,9.403750195E7,2030-01-01
I864157,-673,5358609.58,
I866376,1234,5.680320301E7,2030-01-01
I867011,-1421,1.7773900256E8,2025-09-05
I867032,-1676,9634041.31,2025-09-21
I867144,720,7.628197519E7,
I869453,-305,1.589519098E7,2025-09-29
I869851,-1166,7.299748665E7,2025-10-19
I871941,-1838,7.639011959E7,2030-01-01
I874101,1728,4687442.17,
I876799,-292,9665618.56,2025-10-23
I878229,-608,3.865532868E7,2025-10-25
I881365,-230,1.979341904E7,2025-09-24
I884029,-1342,4.596742005E7,2025-09-13
I887157,-153,8192886.45,2025-10-19
I889654,2000,1.6202279023E8,2030-01-01
I890885,-1562,2.1170212974E8,2025-09-05
I893972,-276,1.158249872E7,2025-09-30
I895302,-974,4.396368693E7,2025-09-16
I896216,132,3068871.52,2030-01-01
I904493,1493,5.759044609E7,
I910407,1351,1.3092523283E8,2030-01-01
I910940,782,9.215792009E7,2030-01-01
I915287,188,2.166234062E7,
I917542,756,1.0781564393E8,2030-01-01
I919164,1472,1.6845077505E8,2030-01-01
I923278,593,4.736530043E7,2030-01-01
I923638,1078,1.2187770768E8,
I927719,-1919,1.3776168368E8,2025-10-14
I929442,-884,1.679091623E7,2025-09-12
I932822,1159,8738025.37,2030-01-01
I933305,349,4.080938162E7,
I825864,1900,0.0,2030-01-01
I832105,759,7.556833733E7,2030-01-01
I833067,-291,8721305.31,2025-10-16
I835489,-897,2.936360875E7,2025-09-17
I839411,-1026,8.670796899E7,2025-09-13
I841619,1687,2.5076253069E8,2030-01-01
I849210,-355,955475.76,2025-09-03
I850914,1050,1.4748698096E8,2030-01-01
I861117,-953,7.717457858E7,2025-10-08
I863472,-237,4924821.77,2025-09-29
I865972,174,1.191884687E7,2030-01-01
I868377,1319,8.508585952E7,
I879887,315,1.122123087E7,2030-01-01
I881910,1014,6.712078753E7,2030-01-01
I884472,1216,1.3760500648E8,2030-01-01
I894649,251,1.379874643E7,2030-01-01
I898264,462,399635.0,
I898427,-1148,4.892359667E7,2025-10-28
I898793,221,3.131863932E7,
I901815,1307,1.0705414994E8,2030-01-01
I911792,566,7.020577105E7,2030-01-01
I911943,194,2.701609367E7,
I918571,173,1471083.01,
I918936,1032,3.701558211E7,2030-01-01
I919808,-1621,1.6784641862E8,2025-09-29
I921818,810,3.481442314E7,
I923205,1778,1.565954488E8,
I930581,1117,1.393087216E8,2030-01-01
I936551,1085,1.213157894E7,2030-01-01
I936921,-1666,1.6041989866E8,2025-10-01
I823595,-873,3.473209825E7,2025-09-07
I826063,1334,3.095946052E7,2030-01-01
I827691,949,7.558129475E7,
I840661,-1654,1.5666147415E8,2025-09-06
I840753,-695,7.082973087E7,2025-09-16
I849075,836,1.096632511E8,2030-01-01
I850866,529,4.211731403E7,2030-01-01
I852815,1432,1.4727187155E8,
I857138,1043,1.824785967E7,2030-01-01
I858369,895,2.565009441E7,
I863205,-857,5032453.52,2025-10-02
I866642,-142,1.918456918E7,2025-10-29
I869721,1734,1.369105926E8,2030-01-01
I873057,-1124,7.541780548E7,2025-10-23
I883341,637,1.577392751E7,
I889358,-1374,1.792600536E8,2025-10-26
I894527,-165,1.787837582E7,2025-10-08
I895705,-1424,8.509180116E7,2025-10-12
I897365,975,1.524545281E7,2030-01-01
I898203,114,1.503957634E7,2030-01-01
I899482,1099,3.096493934E7,
I902010,-1960,1.5264245499E8,2025-09-02
I903575,773,0.0,
I906296,-71,9029402.61,2030-01-01
I906859,957,4031007.24,
I907589,1417,1257645.36,
I912861,100,1432590.98,
I915914,696,3.946918616E7,
I925672,1300,3.994888328E7,2030-01-01
I925722,-1146,1.7123953506E8,2025-09-17
I927490,-538,7.231482835E7,2025-09-28
I928389,828,1.0425333822E8,2030-01-01
I930850,547,5.222704167E7,2030-01-01
I826835,1449,6.038693557E7,2030-01-01
I829075,-930,8.772615205E7,2025-10-22
I834682,-1727,1.0362107364E8,2025-10-25
I847665,338,1.392514903E7,2030-01-01
I850652,-408,2.570206216E7,2025-10-07
I853625,-1391,3153078.56,2025-09-15
I859420,1262,7662286.39,
I859564,1427,1.0542887186E8,
I863824,-1145,1.2987898503E8,2025-10-31
I864375,543,4.526971714E7,2030-01-01
I865485,1244,6.380669334E7,2030-01-01
I869724,1369,9.135173243E7,
I872886,-179,6788315.25,2025-09-19
I875660,750,8.728124943E7,2030-01-01
I881453,716,8.486788676E7,
I883782,132,1.319173715E7,2030-01-01
I885895,1097,4.605034302E7,
I891761,58,8155688.77,
I895766,-1228,1.6549844939E8,2025-10-15
I899147,1742,4.50745974E7,2030-01-01
I899921,547,8.141399831E7,
I904243,168,5215833.3,2030-01-01
I918817,200,1301337.35,
I919551,-1956,1.7758567916E8,
I920232,-549,3.480933905E7,2025-09-01
I927948,1562,2.1998727018E8,2030-01-01
I928877,133,605836.83,2030-01-01
I930938,-808,3.484368842E7,2025-10-29
I931670,-1246,1.4907472688E8,2025-09-02
I833355,605,6.438221698E7,2030-01-01
I834377,-1852,7.338921328E7,2025-09-20
I836572,1027,8.43514699E7,2030-01-01
I837908,956,4.557506267E7,2030-01-01
I841016,1260,1.4952514538E8,2030-01-01
I842927,549,1.350582416E7,
I848927,-1222,1.0975660241E8,2025-10-05
I849832,-1149,3.883826691E7,2025-09-05
I859277,1101,6.974190896E7,
I859982,-208,7118619.58,2025-10-13
I861354,251,1.371722434E7,
I864370,1302,1.5344842925E8,2030-01-01
I866892,1045,9.609555154E7,
I882384,983,3.933605708E7,
I885389,897,2.097755405E7,2030-01-01
I889061,262,7200561.1,
I890351,408,5.044272118E7,2030-01-01
I892224,215,2.821974248E7,
I895983,-1184,1.2743390515E8,2025-10-15
I916967,-1755,5.085963366E7,2025-10-26
I925498,-546,4.678763999E7,2025-09-22
I930272,237,3828288.55,
I935075,290,3573122.13,2030-01-01
I937339,336,4.852046661E7,
I937735,457,3.701996265E7,2030-01-01
I938623,1650,1.4444598074E8,
I823663,-246,3.066993511E7,2025-10-20
I826099,-564,6.732022278E7,2025-10-30
I824420,211,413006.95,
I826542,1874,5.022916742E7,
I838832,-181,1.032584795E7,2025-10-25
I840601,-61,5461313.24,2025-10-29
I849265,-943,6.40079555E7,2025-09-30
I855188,1451,0.0,
I855732,-669,1.924892615E7,2025-09-13
I863485,-395,1.617453036E7,2025-10-18
I864428,1075,1.5542074418E8,
I866373,613,4.109456024E7,2030-01-01
I868476,-353,3.297787139E7,2025-09-28
I870500,1935,1.8394896236E8,
I873695,1273,4.686761908E7,2030-01-01
I874136,-1155,1.3039065887E8,2025-09-12
I874863,946,1.0991137462E8,2030-01-01
I877223,-1939,2.4494110534E8,2025-10-24
I877647,1747,1.8133751497E8,2030-01-01
I880883,-1673,2.4624564246E8,2025-10-25
I883189,-425,5.885325507E7,2025-09-13
I888842,435,0.0,2030-01-01
I890136,1183,2.483679614E7,2030-01-01
I893396,-574,8.51691184E7,2025-10-09
I894181,-654,1.034226822E7,2025-10-28
I904750,1808,1.9530796461E8,
I908582,1078,4465771.92,2030-01-01
I909263,1354,1.9957191098E8,2030-01-01
I909799,284,1.28594035E7,
I913033,-1055,1.1695151914E8,2025-10-04
I921799,1167,4.886343725E7,2030-01-01
I926904,907,3290588.89,2030-01-01
I932157,1279,1.4966486339E8,2030-01-01
I933760,806,8.5020948E7,
I935967,-1301,4.583000785E7,2025-10-30
I936639,1095,8.342093514E7,
I823628,-1082,6174798.9,2025-09-13
I827450,432,2.690991796E7,2030-01-01
I826856,414,2.813960084E7,
I842595,1671,1.582748149E8,
I853482,1885,1.444729381E8,
I855518,1600,2.3581034397E8,2030-01-01
I866714,1175,1.4808252354E8,2030-01-01
I872127,1005,2.263809359E7,2030-01-01
I872264,-663,5.101191935E7,2025-09-13
I872414,770,1.220211084E7,2030-01-01
I875425,-1433,8.253610847E7,2025-10-26
I878670,1427,1.725842318E7,
I883934,1845,2.4936265625E8,2030-01-01
I886343,643,2.206801581E7,2030-01-01
I888826,1983,1.918328533E8,2030-01-01
I890102,697,6.213749952E7,
I890532,-1270,6.827738746E7,2025-09-12
I894046,1259,9.149620439E7,2030-01-01
I894939,152,1.664911841E7,
I895023,1241,1.573524185E8,
I899342,356,1.685771698E7,2030-01-01
I908787,-347,1.259832402E7,2025-10-08
I912401,882,5.335434637E7,
I916614,694,3.804093046E7,2030-01-01
I917753,577,6.048317633E7,
I918169,754,9.226613039E7,
I923491,-395,3.952644413E7,2025-10-16
I924874,1749,2.2458161688E8,
I930396,725,4.552104505E7,
I931168,-207,2.660780164E7,2025-10-31
I933226,-168,1.421160202E7,2025-10-27
I935636,-218,1.213107852E7,2025-09-05
I831061,-1557,1.9111414829E8,2025-10-30
I831729,-1779,2.6368722741E8,2025-10-12
I833569,-628,5.754967209E7,2030-01-01
I836048,1083,1.5143696565E8,
I847819,-521,5.335406195E7,2025-10-30
I848844,143,1.011733936E7,
I849907,162,5741889.72,
I850742,1754,1.497562314E8,2030-01-01
I855038,121,4867996.64,2030-01-01
I861831,90,852845.14,2030-01-01
I862138,669,8.575628376E7,2030-01-01
I863513,1762,2.4871943181E8,2030-01-01
I876320,-966,7.474524768E7,2025-09-03
I880063,353,9978897.76,2030-01-01
I897722,1665,2.3592759204E8,2030-01-01
I898385,1337,1.4697477486E8,2030-01-01
I903497,-1660,1.9789954322E8,2025-10-06
I903716,505,2.300475616E7,2030-01-01
I912513,-1771,8.313686589E7,2025-09-15
I912756,-235,2067128.43,2025-09-21
I914455,-512,3454594.37,2025-10-29
I918215,1516,1.1832621196E8,
I919479,1699,2.2753009565E8,
I921072,1190,1.7659145856E8,2030-01-01
I923357,994,2.818641628E7,
I923565,823,1.249751499E7,2030-01-01
I923774,631,2.046373757E7,2030-01-01
I930708,1749,2.1457441419E8,
I932131,1244,5.857998367E7,2030-01-01
I938521,1035,1.4006361135E8,2030-01-01
I827501,1896,2.334049352E7,2030-01-01
I829287,-986,9.324609398E7,2025-09-05
I830626,-1411,1.5885448549E8,2025-10-17
I827222,716,5.687410626E7,
I843304,862,6.324126502E7,2030-01-01
I845001,1296,1.0536927647E8,2030-01-01
I845014,1301,2.759439067E7,2030-01-01
I846539,59,3870806.11,
I853326,-1496,8226145.66,2025-10-10
I854017,1081,1.2609218991E8,
I854908,319,2.046006179E7,2030-01-01
I867893,931,8.395584301E7,
I869613,463,2488504.46,
I871554,732,1.4021664E7,
I874500,1867,2.4925885399E8,
I876619,877,1.3105724162E8,
I877024,724,9.241344191E7,2030-01-01
I877975,-1875,2.0912036441E8,2025-10-19
I881338,1722,2.1993427875E8,2030-01-01
I888572,-1761,4.317183907E7,2025-10-08
I889293,-681,3.131701959E7,2025-09-22
I889655,-545,4.429143724E7,2025-09-22
I889752,-1883,2.4209374254E8,2025-09-07
I890758,1438,8.105401199E7,
I892562,-824,4.937982731E7,2025-09-10
I893259,1853,3.762737425E7,
I903659,-1550,3.929993507E7,2025-09-26
I908124,1615,1.9899133535E8,
I915891,922,7.471650554E7,
I922145,1239,1.8487802156E8,
I923004,1481,1.2357595228E8,
I929371,1627,1.6867593714E8,2030-01-01
I930631,559,3.889395198E7,
I930993,1757,5.197664067E7,2030-01-01
I933470,-1300,1.4681826718E8,2025-10-01
I826382,-1714,3.614158331E7,2025-10-13
I826992,-605,5.251687281E7,2025-10-20
I835094,-1476,1.4473636394E8,2025-10-30
I825436,1035,5.007356163E7,
I836475,-738,9.396528026E7,2025-09-09
I838272,1997,1.4312074195E8,2030-01-01
I841401,201,2.242323947E7,
I843176,724,9.616337793E7,
I854156,1740,1.0636119878E8,
I862471,895,3.798581264E7,
I866094,-1963,1.5858394764E8,2025-09-20
I866873,-495,1.512915357E7,2025-09-29
I873417,-196,2.052318444E7,2025-10-02
I876327,1680,3.181313125E7,2030-01-01
I879321,428,3.714088135E7,2030-01-01
I881984,1965,8.001671466E7,
I882601,662,9.909090161E7,2030-01-01
I883421,1988,2.2242779002E8,2030-01-01
I884138,-684,7057027.1,2025-10-13
I886704,-1731,1.872283883E8,2030-01-01
I889486,1057,6.583684007E7,
I890728,-767,6165839.49,2025-10-01
I890867,1335,9.046738721E7,2030-01-01
I891825,50,5851362.74,2030-01-01
I893261,456,1.232526469E7,
I893467,1507,1.2147038848E8,
I894052,-1216,1.4106627142E8,2025-10-29
I899184,-1869,2.2220549601E8,2025-09-14
I900607,172,1.680336731E7,
I900974,1883,1.4576566247E8,2030-01-01
I902634,-682,9.017505635E7,2025-09-08
I910102,-694,2.795171253E7,2025-10-08
I915261,1848,1.7233253559E8,
I916060,-1047,1.5658021702E8,2025-09-26
I916336,210,2.041570923E7,2030-01-01
I919126,-900,6.357891312E7,2025-10-01
I922100,1342,1.860718709E7,
I923960,154,2298388.8,2030-01-01
I927789,1132,3.793326425E7,2030-01-01
I928048,797,1.552256004E7,2030-01-01
I929879,923,6.328337903E7,
I930786,-1747,2.2037485629E8,2025-09-26
I934168,1363,1.3552888579E8,2030-01-01
I935678,280,6960873.27,
I937067,889,2440339.66,2030-01-01
I937586,-1394,1.8585200123E8,2025-09-24
I937894,1165,1.3081372136E8,
I946915,-1284,1.7007755251E8,2025-09-07
I949357,1402,1.316934161E7,2030-01-01
I945646,1083,1.5794248093E8,
I948044,1765,1.5806442275E8,
I950276,519,6.530327933E7,
I952235,-1169,1.5742752806E8,2025-09-26
I953104,1987,1.8125048841E8,2030-01-01
I955508,736,8.562931831E7,2030-01-01
I957277,1167,7.519530641E7,
I957474,317,4.686967857E7,
I957538,1822,1.4417484344E8,
I959021,1081,1.3843481564E8,2030-01-01
I959514,1802,2.4577456785E8,2030-01-01
I966965,1031,3.847042283E7,2030-01-01
I968507,1649,2.093787024E8,
I976600,-502,2.182522768E7,2025-09-20
I979201,-537,5.627438818E7,2025-10-05
I984003,630,7784123.02,
I991149,-1826,9.839309188E7,2025-09-11
I994901,787,9.049922428E7,
I997940,98,1.14171842E7,
I998610,228,2.139986838E7,
I1000670,1507,4.915397091E7,
I1002058,329,1.746444829E7,2030-01-01
I1002767,973,1.914560439E7,
I1008346,-745,9.821602897E7,2025-10-27
I942517,-63,5821739.33,2025-10-28
I943805,931,4.132574419E7,2030-01-01
I947859,-1196,8.245950907E7,2025-09-13
I945151,426,2.910812998E7,
I953774,1663,1.9892858014E8,2030-01-01
I954849,1697,1.9774243415E8,2030-01-01
I957254,1491,4.036102058E7,2030-01-01
I958711,-217,1.472039459E7,2025-10-26
I959353,1620,1.231055728E7,2030-01-01
I960764,1137,0.0,
I962915,658,9.042247464E7,2030-01-01
I963030,750,8.673406595E7,
I972225,1698,7095210.37,2030-01-01
I972664,-430,5.470280289E7,2025-10-01
I974406,166,2.457691516E7,
I981368,607,7.629802632E7,
I984570,278,3.400498578E7,2030-01-01
I988122,1157,2.52963693E7,2030-01-01
I989273,-1921,1.5107416509E8,2025-09-28
I990798,505,5.171134205E7,
I993856,359,4.978872E7,
I995425,-799,1.619106671E7,2025-10-18
I995626,-319,1.80219679E7,2025-09-09
I996799,-733,4.62338294E7,2025-09-24
I997078,580,8.143584184E7,2030-01-01
I1001403,-1457,1.8951028807E8,2025-09-12
I1001839,-488,4.495277563E7,2025-09-25
I1004505,-1245,8.152066235E7,2025-10-06
I1006650,730,4.572705385E7,
I1007444,1357,4.4238003E7,2030-01-01
I941882,1013,8.172238698E7,2030-01-01
I942162,1147,1.6141405917E8,2030-01-01
I944545,-1663,1.4145410636E8,2025-10-07
I952757,-1924,2.0697462231E8,2025-09-16
I953457,1854,1.2882458305E8,2030-01-01
I969081,-1534,2.2373380545E8,2025-09-01
I974409,-895,6.89536138E7,2025-10-05
I979149,-1930,2.7377969676E8,2025-10-10
I979916,561,6.749631765E7,
I982745,466,6.527767179E7,2030-01-01
I985502,-409,3.996338722E7,2025-09-30
I998765,-108,8029007.55,2025-09-02
I1000654,1815,3.274976442E7,
I1005947,1741,1.5505203952E8,
I1008125,-723,8.810836694E7,2025-10-26
I1009582,-1699,1.3461405591E8,2025-09-04
I962648,-254,2.61798201E7,2025-10-16
I964672,-229,1.470417213E7,2025-10-21
I965938,1645,1.7582808686E8,2030-01-01
I968554,-401,4.078154851E7,2025-09-26
I969768,1162,1.1572594006E8,
I976763,1319,0.0,2030-01-01
I983105,1930,1.4681108666E8,
I985454,468,6.681934374E7,2030-01-01
I998760,1758,8.129796709E7,
I1007453,179,1.967290055E7,
I1009839,1181,0.0,2030-01-01
I940950,-1319,1.0826845774E8,2025-09-20
I945813,376,3.878985571E7,
I953999,149,8419102.9,2030-01-01
I955501,584,7.170031581E7,2030-01-01
I957342,105,1.179972986E7,2030-01-01
I957562,839,7339193.33,
I959637,1569,1.1777611831E8,2030-01-01
I960972,-893,1.222162398E8,2025-09-03
I963802,207,2.902191633E7,2030-01-01
I964927,262,3.451840721E7,2030-01-01
I966881,-1415,1.0745172619E8,2025-09-08
I970710,711,8.554107587E7,
I971963,190,7019630.63,2030-01-01
I976026,1129,4.374500581E7,
I976511,1745,6.088538863E7,
I983882,-154,1.016731856E7,2025-10-15
I987525,-490,1.126822161E7,2025-10-04
I993532,979,4.96410807E7,
I993613,-513,4.997204342E7,2030-01-01
I995173,-510,4.267549442E7,2025-10-26
I996108,1322,7.716272417E7,2030-01-01
I998289,1419,1.6520539569E8,
I1000156,1807,1.4880660838E8,2030-01-01
I1000384,-1513,2.1224361498E8,2025-09-11
I1003086,1655,1.1629163969E8,
I1004898,654,3.664298052E7,
I1006384,724,8.894013207E7,2030-01-01
I1008827,392,4.204841021E7,2030-01-01
I1009280,1461,2.1035416273E8,2030-01-01
I952477,1844,1.2687618989E8,
I958809,1974,9.913221349E7,
I959761,345,8090494.58,2030-01-01
I960165,308,2.845888338E7,
I960305,-1353,1.2144895556E8,2025-09-22
I961006,-1226,7.47020073E7,2025-10-12
I962172,-228,1.222291003E7,2025-10-30
I962839,716,1.0517503136E8,
I967641,-713,4.094537874E7,2025-10-19
I968451,1552,2.5277201E7,
I969226,154,8731296.0,2030-01-01
I972581,-1870,1.0250339863E8,2025-10-01
I973729,1788,1.4088815928E8,2030-01-01
I979248,777,7.939221271E7,2030-01-01
I979962,574,6.643877889E7,2030-01-01
I982312,-1833,2.2901080321E8,2025-10-24
I988910,1706,1.8235860724E8,2030-01-01
I994556,537,3.52577733E7,
I999437,338,1.898999774E7,2030-01-01
I1003176,1477,9.240540027E7,
I1005120,346,7363969.26,
I1006200,1483,4.799118842E7,
I1007237,931,8.100092257E7,2030-01-01
I1007732,-385,3.115750331E7,2025-09-30
I1008876,-891,1.3209765135E8,2025-09-05
I939840,1513,1.4557102249E8,2030-01-01
I939194,1952,1.3720750737E8,
I953261,484,2.026243931E7,2030-01-01
I955344,338,1.348820952E7,
I960705,-389,4.941791458E7,2025-09-20
I965840,-1652,1.2274542881E8,2025-10-25
I966257,-1844,5.457494589E7,2025-10-23
I966260,1497,4.248129683E7,2030-01-01
I967583,377,3.569725717E7,
I970031,-1742,1.3628039539E8,2025-10-26
I976699,1249,1.6795098003E8,2030-01-01
I989486,992,6.052883928E7,2030-01-01
I997813,1249,1.7387106632E8,2030-01-01
I1002255,-271,1.048773334E7,2025-09-09
I1003068,925,1.3564491253E8,
I1004399,1846,7.814418483E7,
I1007229,-569,8.175200342E7,2025-09-28
I1008006,1317,1.7002046866E8,
I1008526,-1243,1.7270896761E8,
I1009193,1740,1.4389788173E8,
I1009530,434,5.185168234E7,
I942011,1107,3.362069789E7,2030-01-01
I947079,-275,0.0,2025-09-11
I948991,-1261,1.1223977745E8,2025-09-05
I944371,1926,9.72508121E7,
I956277,-1347,6.470243284E7,2025-10-03
I958004,-1451,1.4451433364E8,2025-09-25
I968649,-343,1.432504702E7,2025-09-22
I969321,1788,2.3686693794E8,2030-01-01
I969733,304,3.74230376E7,
I971754,-1490,1.8179705108E8,2025-09-07
I974838,973,672440.09,2030-01-01
I989782,85,4442290.31,
I998298,1532,1.0252302008E8,2030-01-01
I1002262,-1424,5.140683992E7,2025-09-03
I1003894,1709,1.469497215E8,2030-01-01
I943713,818,4.708399866E7,2030-01-01
I943346,-1556,5.781347443E7,
I953217,-1300,7.504779584E7,2025-10-17
I953380,1040,2.987658552E7,
I957221,1879,2.3006283281E8,
I962076,331,4.11054717E7,
I963476,859,3.556214013E7,2030-01-01
I967626,-1511,1.0435657726E8,2025-09-03
I968059,1232,4490789.5,2030-01-01
I968599,1103,1.3901753248E8,2030-01-01
I969286,-1553,7.159169809E7,2025-09-07
I970299,-639,5647742.6,2030-01-01
I970378,-496,2.521084208E7,2025-10-15
I972963,-1641,5.634688525E7,2025-10-21
I977841,-1485,9.455234509E7,2025-10-22
I979147,194,2.640559456E7,
I990171,-206,2.871914996E7,2025-10-18
I993332,1255,8.120480729E7,
I993717,-483,5.465863594E7,2025-10-14
I997788,1808,1.7142367838E8,
I1004501,266,2.401600856E7,
I1006026,801,1.258113435E7,
I1006316,630,5.958041398E7,
I1007173,595,6.909526707E7,2030-01-01
I1007689,-1234,7.387415289E7,2025-10-24
I945463,-1923,6.550453521E7,2025-09-05
I948887,1530,1.9732129518E8,2030-01-01
I949913,190,4007877.38,2030-01-01
I952336,-826,9.453680906E7,2025-10-25
I962692,-999,6.328829746E7,
I964244,941,1.1354025828E8,2030-01-01
I966016,1762,1.892808921E8,2030-01-01
I966266,104,1814291.77,2030-01-01
I972110,-107,1.225670561E7,2025-09-17
I983399,823,4.72008005E7,
I986433,-316,1.307159131E7,2025-09-25
I987809,-1909,1.2816198489E8,2025-09-30
I999647,1421,1.9900297154E8,
I1001986,1433,4.194920192E7,2030-01-01
I1005835,377,3.576893944E7,2030-01-01
I939564,1740,1.5376784137E8,2030-01-01
I941222,199,1.11259635E7,2030-01-01
I942411,1068,3885236.04,2030-01-01
I945496,1592,1.4786611711E8,2030-01-01
I945570,1834,7.556659401E7,2030-01-01
I946013,1008,9.111657633E7,2030-01-01
I948768,996,3.549622427E7,2030-01-01
I946158,1236,7.575016924E7,
I947013,428,5.485136986E7,
I948075,1026,1.1203720352E8,
I953259,-54,2747009.71,2025-10-01
I953317,-1695,1.1194870322E8,2025-09-20
I969792,-1981,2.0820514188E8,2025-10-23
I973653,1202,8.54136777E7,2030-01-01
I976184,1204,9.737217296E7,
I978708,549,1.60921857E7,
I980365,-1038,3.261694383E7,2025-09-29
I981784,154,9309292.55,2030-01-01
I983053,1960,1.3367338195E8,2030-01-01
I983282,1748,7395295.19,2030-01-01
I986641,321,3.938250767E7,
I986895,1896,1.995475745E7,
I989046,-1990,1.9637137348E8,2025-10-28
I993611,378,3.972945133E7,
I1002174,-1075,2.784769196E7,2025-09-27
I1003977,-1537,1.9793299822E8,2025-10-18
I1004727,1850,1.8497392119E8,
I1008011,-1643,1.0127059576E8,2025-09-06
I944425,-389,1.685568143E7,2025-09-13
I942231,1466,1.965591197E8,
I946394,247,8549325.26,
I958739,1943,5.971002569E7,2030-01-01
I960138,669,3907576.42,2030-01-01
I963166,-337,4035911.28,2025-09-11
I968503,216,1.117416824E7,2030-01-01
I968510,1394,5.418094419E7,2030-01-01
I968544,1440,1.5362697701E8,
I977219,1264,6.030989423E7,
I978527,-1826,2.6140038488E8,2025-10-31
I979537,-1651,1.9593104178E8,2025-10-28
I984055,-631,6.747622811E7,2025-10-11
I984160,1232,2817369.06,2030-01-01
I987794,-1751,7.178099767E7,2025-10-14
I988875,604,3.371990008E7,2030-01-01
I990488,100,1.387487392E7,2030-01-01
I997687,-1742,1.2993507028E8,2025-09-04
I1001112,569,2.225025292E7,
I1003981,442,6.467513769E7,
I1007583,-1291,7.214421298E7,2025-10-28
I1007853,1736,5.560341836E7,
