item_id,units_sold,revenue,sale_date
I17876,-817,8.964125413E7,2025-09-12
I20222,943,7.773125907E7,2030-01-01
I23790,368,3.140205828E7,
I24826,718,8.345652625E7,
I32680,-1999,2.3649596909E8,2025-09-26
I34280,984,1.180242517E7,
I35950,-1983,1.618253298E8,2025-10-16
I36474,-539,3.140855402E7,2025-10-19
I44353,477,6310513.94,
I46512,159,2386764.66,
I48142,910,1294363.99,
I52294,1502,9.661335668E7,2030-01-01
I53507,-707,3.143012545E7,2025-09-20
I56105,297,3.67212947E7,
I57773,1445,1.3751025538E8,
I60874,1067,9.2394102E7,
I70648,1228,1.6640926763E8,2030-01-01
I71290,-1715,3.06994792E7,2025-09-04
I83042,594,3.821442616E7,
I84296,88,6419897.47,2030-01-01
I85670,1695,1.476154122E8,2030-01-01
I94154,1636,9.193980937E7,
I94535,1998,2.1798945642E8,2030-01-01
I95350,1364,1.1278145795E8,
I96277,-328,2.023238273E7,2030-01-01
I99522,153,1.768669421E7,
I109210,768,6.93881218E7,
I113399,-1995,2.6780924734E8,2025-10-14
I118644,734,5159578.98,
I126828,246,2.297519697E7,
I127026,254,2.225658646E7,
I15499,940,1.084968785E7,2030-01-01
I20629,1437,9.038949982E7,
I25392,845,7.207956771E7,2030-01-01
I34183,676,1.194515675E7,2030-01-01
I34609,1360,3.648428631E7,2030-01-01
I40230,-261,2.014937428E7,2025-09-06
I41882,851,9.047694813E7,2030-01-01
I45825,1214,8.726634881E7,2030-01-01
I46618,1750,2.4713601621E8,
I47178,757,1.0982443077E8,2030-01-01
I48730,1516,1.5803977628E8,
I49486,704,1.050617845E7,2030-01-01
I52879,1090,5.847318337E7,
I56399,823,1.516138092E7,
I59773,364,1.301821065E7,2030-01-01
I62953,705,5.454907683E7,
I63891,1859,2.742781062E8,
I65077,1023,1.3734247946E8,
I68191,156,9566247.5,
I75277,1650,2.209628778E7,2030-01-01
I77257,-420,5777434.48,2025-09-29
I86868,1953,1.8738539962E8,
I89381,1261,1.414637157E7,
I90338,-535,2.486995526E7,
I91210,-1839,2.2186311021E8,2025-10-10
I102282,509,0.0,2030-01-01
I110821,-136,7111759.65,2025-10-08
I122852,1488,3.110407735E7,
I122864,-877,1.030585819E8,2025-10-29
I123322,823,7.088197459E7,
I15651,-171,6851546.15,2025-09-15
I12810,134,3794671.53,
I22121,932,7.242698243E7,
I26725,664,8.964572664E7,
I29505,947,2.055925099E7,
I32461,1075,7.584735552E7,
I33306,-1362,8.099310093E7,2025-10-23
I33713,1039,1.4317757301E8,
I40604,639,1.44121224E7,
I44734,-327,4.301281518E7,2025-09-01
I44936,346,2.152214321E7,2030-01-01
I49543,-807,1458888.18,2025-09-11
I50332,-155,404837.11,2025-09-04
I56803,-144,1.031495759E7,2025-10-07
I58843,-1654,6.042865595E7,2025-10-28
I60232,619,8.098880789E7,
I63832,-256,2.36460153E7,2025-09-01
I87161,-1100,1.2269525761E8,2025-10-16
I87164,500,5.638528794E7,
I87463,416,4.552039338E7,2030-01-01
I89694,-1490,1.0559007343E8,2025-10-25
I90487,1552,1.9865256496E8,
I93957,368,4.555865932E7,
I94236,1728,3.549980431E7,2030-01-01
I95824,1972,2.5474047568E8,
I98082,1211,1.0887271261E8,2030-01-01
I100169,1938,1.008964835E7,2030-01-01
I103182,1870,2.6738522708E8,2030-01-01
I105272,-1284,4.90340408E7,2025-10-14
I105705,254,1.283313023E7,
I109238,-1552,1.137192306E8,2025-09-27
I113586,-1897,2.7226726257E8,2025-10-20
I117360,918,3.583491105E7,
I125417,902,1.0830586016E8,
I125454,-62,2506160.81,2025-10-03
I126613,1121,2.082616745E7,
I10516,-1312,8070642.16,2025-10-20
I13209,1092,1.5996775407E8,2030-01-01
I22469,-1307,1.1918317065E8,2025-09-06
I14247,1528,7.432452741E7,
I17144,1121,7.807733111E7,
I19476,1904,1.6239963283E8,
I28262,1376,3444179.31,2030-01-01
I29296,1148,1.0164851823E8,2030-01-01
I32130,468,3.712539841E7,
I32451,-330,3.192733461E7,2025-10-30
I35849,994,0.0,
I40758,-1075,6.092161044E7,2025-09-19
I42676,670,3.806438905E7,2030-01-01
I50998,668,6.013094073E7,
I55096,519,3.463485738E7,
I57392,-331,4.342620025E7,2025-09-06
I57894,1473,1871674.54,
I65097,1574,1.8037074963E8,2030-01-01
I72190,643,6.356372409E7,2030-01-01
I72832,-1446,1.4146804675E8,2025-10-27
I76437,428,4.258962036E7,2030-01-01
I80759,1547,2.1384294305E8,
I81179,1185,1.3988194721E8,2030-01-01
I83831,-1413,7.578022802E7,2025-10-20
I84953,292,3.504067315E7,
I86470,-74,2665574.5,2025-09-21
I87367,-1789,2.1522084305E8,2025-10-22
I88466,1649,2.2959948689E8,
I89579,-1124,2.773714029E7,2025-09-25
I92319,482,2.368977651E7,
I93689,1542,1.3378580235E8,
I93895,770,7.979467812E7,
I95430,1466,1.5019792854E8,
I95547,312,3.29941173E7,
I100221,303,3.676774557E7,2030-01-01
I105184,-1566,5.252188639E7,2025-10-07
I105680,248,2.343094923E7,2030-01-01
I109536,457,3.637229286E7,2030-01-01
I110212,1561,2.065846632E8,2030-01-01
I112494,707,0.0,2030-01-01
I112997,-962,4.837614941E7,2025-10-15
I116252,-928,5.078220363E7,2025-10-04
I120212,-1726,3000941.9,2025-09-02
I128065,-138,1.406777186E7,2025-10-10
I13098,1010,6.596523121E7,2030-01-01
I17779,-1924,1.7659690181E8,2025-10-06
I29476,1068,7.620492678E7,
I33740,-148,1.100086455E7,2025-10-17
I39443,-1414,7.286872389E7,2025-09-20
I40586,1421,1.9364848807E8,
I41975,-1580,3.097987862E7,2025-10-07
I45724,-128,8035825.16,2030-01-01
I51885,-832,8.108398609E7,2025-10-03
I53452,1300,1.8661887979E8,2030-01-01
I58194,734,5.489803241E7,
I59037,1134,1.0047447017E8,
I59050,1058,1.1536356247E8,2030-01-01
I61937,-1612,1.8655381965E8,2030-01-01
I66103,326,2.133332711E7,2030-01-01
I66979,-1078,4.553369758E7,2025-10-01
I71193,909,3588041.55,2030-01-01
I77782,-468,2.879596492E7,2025-09-29
I79546,-1054,7.266096281E7,2025-09-08
I81058,-1151,8.690774704E7,2025-09-26
I81566,-1732,4.305850353E7,2025-10-26
I83817,1014,1.3022936869E8,2030-01-01
I89401,1972,2.2170070155E8,
I89746,1130,1.3309301818E8,2030-01-01
I89781,646,4.071172496E7,
I91913,1375,3.718989047E7,
I93914,-1935,2.7916591592E8,2025-09-06
I97950,1640,2.1109651415E8,
I106568,969,1.1939031495E8,
I109227,-792,3036849.32,2025-09-21
I114094,-1392,1.8059428127E8,2025-09-16
I118848,1664,9.203570838E7,2030-01-01
I121437,-1151,0.0,2025-10-06
I125666,578,2.745163648E7,2030-01-01
I11325,1741,2.2600632375E8,
I22476,197,2.890407608E7,
I22699,-300,2.754714925E7,2025-10-01
I22700,1061,6.893530825E7,
I32948,405,1.406262871E7,2030-01-01
I36286,743,4.060712538E7,
I36884,-747,6.413558446E7,2025-09-11
I45276,1632,1.8695328838E8,2030-01-01
I49302,-1045,6.884900302E7,2025-10-22
I52594,676,5.417997243E7,2030-01-01
I52749,-1018,1.1426368041E8,2025-09-20
I53582,1525,1.5853475723E8,2030-01-01
I56368,-1700,1.9028465682E8,2025-09-20
I59604,889,6.785304755E7,2030-01-01
I60508,-1895,2.2609259015E8,2025-10-14
I60670,870,1.1133978283E8,2030-01-01
I71283,-833,1.1364195567E8,2025-09-27
I71512,-1595,1.319213517E7,2025-10-09
I76620,1370,1.1031376102E8,
I79001,1390,1.4709960006E8,2030-01-01
I80036,-1681,9.950379143E7,2025-10-12
I83728,-66,1499125.89,2025-09-07
I85926,719,1.223372134E7,2030-01-01
I87276,1867,8898360.8,2030-01-01
I90501,-922,8.227827887E7,2025-10-19
I97023,216,2.9606673E7,
I99838,732,6385765.23,
I111641,1487,1.1363371731E8,
I113591,396,5.111582336E7,
I114013,1691,1.7144007703E8,
I114641,-435,1.144411831E7,2025-10-27
I17930,1856,1.9507583306E8,2030-01-01
I20082,320,1.667586425E7,2030-01-01
I11458,1113,1.0481944682E8,
I12787,1219,4513210.3,
I25266,184,8961422.99,
I26228,-216,1.110076481E7,2025-10-16
I26986,-617,5.72094771E7,2025-10-14
I28547,1759,1.7137688184E8,
I34195,-1352,1.2944279121E8,2025-09-19
I36340,1291,1.9074441467E8,
I55338,1136,1.5221017842E8,
I57690,847,1.1769203027E8,
I61656,1899,2.723602057E8,2030-01-01
I63137,583,3.169595438E7,
I65032,1459,5.319572098E7,2030-01-01
I76174,487,2.376836366E7,
I80492,-279,1.311813255E7,2025-10-19
I89924,-1871,1.0828527708E8,2025-09-15
I90624,621,8.906206205E7,2030-01-01
I95303,1970,1.226007595E7,
I98202,-761,3.77472707E7,2025-10-06
I104679,1344,1.7525061923E8,
I105554,1385,9.547360722E7,2030-01-01
I109922,1156,1.3494395849E8,
I115759,-1175,9.024059736E7,2025-10-16
I117268,-1096,8.944064519E7,2025-10-09
I122663,1088,3.472005409E7,
I10575,107,5911686.2,2030-01-01
I10094,668,8.555728017E7,
I11775,719,5641607.41,
I20097,1205,5947642.66,
I26304,1746,5509310.5,
I27480,1532,1.7063195567E8,
I34428,652,2.805458822E7,
I35364,1504,2.175422421E7,2030-01-01
I36820,91,1.12349202E7,2030-01-01
I40987,89,1.214911815E7,2030-01-01
I41012,450,4.536816094E7,
I45019,-1007,1.342656355E8,2025-09-28
I46886,832,3195146.56,2030-01-01
I52136,-629,2.084297756E7,2025-10-21
I55661,1065,1.3048823166E8,
I56626,-1495,1.4353229268E8,2025-10-13
I58716,-534,4.194621322E7,2025-10-13
I58831,1900,0.0,
I59250,236,2.799064665E7,2030-01-01
I64582,1250,1.5242665619E8,2030-01-01
I66713,-1533,1.471412842E7,2025-10-01
I68290,1365,1.1771102036E8,2030-01-01
I70522,74,3959658.86,
I75888,-1113,1.0828316186E8,2025-09-10
I75919,-1490,1.9944317126E8,2025-10-01
I77877,-709,4.135857261E7,2025-10-06
I77914,1536,1.126142393E7,2030-01-01
I80966,748,1.841479908E7,2030-01-01
I82300,-1468,2.829303522E7,2025-10-27
I86289,-1406,1.9383757779E8,2025-10-13
I87154,1920,2.0507587432E8,
I92328,-282,4.037264667E7,2025-09-28
I97022,-1614,2.3124237462E8,2025-09-27
I100479,1964,1.5344342709E8,
I100668,681,5.851362636E7,2030-01-01
I103467,1287,0.0,
I105344,-1373,3.032378267E7,2025-10-24
I105665,-54,2740847.19,2025-09-25
I111781,-1649,1.8942003322E8,2025-10-08
I113947,1343,1.8591114241E8,
I118709,652,2.696173404E7,
I124504,1244,4.665354675E7,2030-01-01
I126220,570,2.358811376E7,2030-01-01
I126846,426,5910046.78,
I11190,-1632,1.6468064668E8,2025-10-15
I14047,-928,6.415466068E7,2025-10-15
I15670,-1654,8.6910562E7,2025-09-30
I23891,760,3.811563048E7,
I25976,692,3.595888846E7,
I26960,292,2134558.41,
I32334,1229,1.280719043E7,2030-01-01
I36036,1483,1.1682031627E8,
I36909,462,1.436349279E7,
I37210,-234,7048072.31,2025-10-21
I38373,1216,1.0197478613E8,
I41568,663,8.40895996E7,2030-01-01
I46789,-135,2.019330826E7,2025-10-06
I50601,291,2.104261488E7,
I52621,1030,9975263.33,
I57389,-546,5.049188548E7,2025-10-30
I60368,440,2.008313884E7,
I66260,-1041,6.619924523E7,2025-10-22
I70664,-613,2.716838239E7,2025-10-09
I76176,466,2.101346188E7,2030-01-01
I78948,-1156,9.596166773E7,2025-10-11
I79492,-211,947611.56,2025-09-14
I92627,1895,1.2905742465E8,2030-01-01
I93724,-852,5.466637855E7,
I96640,565,8183486.2,
I99938,-537,6.996523445E7,2025-09-14
I103727,-766,0.0,2025-09-04
I110898,761,9023551.91,
I116117,674,9.707592039E7,2030-01-01
I122630,-1224,1.6449266602E8,2025-09-14
I125138,1166,882470.76,
I125738,1971,1.4172279478E8,2030-01-01
I126738,893,1.2323081495E8,2030-01-01
I11442,1756,1.2049236301E8,2030-01-01
I13323,-1899,0.0,2025-10-23
I13915,-1005,8.710381264E7,2025-10-28
I19142,-1833,3.830728784E7,2025-10-23
I17957,1341,9.895329028E7,
I20206,1360,9885935.99,
I22901,1786,2.4653242363E8,2030-01-01
I23556,1745,8703134.51,2030-01-01
I24709,-504,3.348226985E7,2025-10-05
I26843,1290,1.6800847916E8,
I30464,1074,1.306430825E7,2030-01-01
I33686,-1776,2.2389404476E8,2025-09-08
I41019,1692,1.8918966361E8,2030-01-01
I44136,-935,6.526868902E7,2025-09-26
I46076,1924,1.1232981375E8,2030-01-01
I49575,859,8.514716393E7,2030-01-01
I57632,539,5.76560652E7,2030-01-01
I62325,1525,2.047652708E8,
I63993,1355,3.37418406E7,2030-01-01
I67332,1700,8.460844206E7,
I67801,-198,1.075181299E7,2025-09-29
I72433,1314,1.2791078954E8,2030-01-01
I72486,876,1.172251208E8,
I73058,1672,5.780609419E7,
I82182,181,1.837509308E7,2030-01-01
I85206,1043,3.058546499E7,
I90193,1178,6.575322635E7,2030-01-01
I102954,1429,1.7034965068E8,
I106961,793,2.055568811E7,2030-01-01
I110920,-273,1.413374344E7,2025-09-06
I117216,633,0.0,
I118022,215,1.122820203E7,
I125222,-494,1.428843016E7,2025-10-02
I11653,-1445,4.687973525E7,2025-10-03
I17221,1682,2.5054353038E8,2030-01-01
I17502,1414,7.941553211E7,2030-01-01
I21638,-380,2.762522345E7,2025-09-08
I21991,-1373,1.019919516E8,2025-10-24
,601,6.909697503E7,2025-09-19
I19671,1241,2.552006841E7,
I23095,-379,4.228862671E7,2030-01-01
I24259,110,1.580731891E7,
I27286,1903,6301810.48,2030-01-01
I30315,1313,9.153398094E7,
I32621,-283,2.208433809E7,2025-09-19
I34048,1586,1.8096742551E8,
I37259,-566,6.615436335E7,2025-10-05
I41385,343,4798082.99,2030-01-01
I45817,-1360,1.6924483174E8,2025-09-27
I46504,1299,1.3568478449E8,2030-01-01
I52198,329,2.203549051E7,
I52392,-1698,1.2032943006E8,2025-10-27
I53389,568,8.15275645E7,
I54697,957,4.480630013E7,
I62521,647,6.024623393E7,2030-01-01
I66818,-889,5.575287326E7,2025-10-14
I75619,1679,5.745105471E7,
I79088,-731,1.0885341828E8,2025-09-04
I82761,133,9465831.25,
I91513,540,4.740755252E7,
I94432,388,1.777965435E7,2030-01-01
I95691,431,5217463.95,2030-01-01
I97218,-94,1180390.41,2025-09-19
I99559,326,4.65178601E7,2030-01-01
I100643,508,4.401008248E7,
I102332,682,9.517802084E7,2030-01-01
I104520,-1600,1.2144761684E8,2025-10-04
I104710,342,2.871312754E7,
I123047,-658,4.331305133E7,2025-09-10
I12236,-782,2.407483143E7,2025-10-31
I15237,1615,2.378058092E7,2030-01-01
I17166,1221,6.864751727E7,2030-01-01
I20585,1971,5.295071956E7,2030-01-01
I21804,578,8.156085655E7,
I22571,1994,2.9164307042E8,
I23364,462,1.067601195E7,2030-01-01
I29814,849,5.859952236E7,2030-01-01
I32289,688,7472175.65,
I37504,1334,1.9044090602E8,2030-01-01
I41728,813,7.947991196E7,2030-01-01
I41738,-165,2390824.83,2025-09-04
I47095,1162,3.059009113E7,2030-01-01
I56216,1852,5.390887847E7,
I57975,-417,3.308549928E7,2025-10-06
I67671,1202,8.091358065E7,
I70946,713,1.91271201E7,
I72122,563,1.244228176E7,2030-01-01
I74267,201,7610564.91,
I76152,-1465,1.4137381106E8,2025-10-30
I79252,1698,1.3507547578E8,
I79858,-835,3.012267336E7,2025-10-15
I85321,1351,2.0163358533E8,
I86814,119,8910379.55,
I87975,1246,7.77577415E7,2030-01-01
I90414,-1122,0.0,2025-09-20
I94843,1880,2.7648551337E8,2030-01-01
I96230,1221,5.976218464E7,
I101267,-1891,2.041649274E8,2025-09-21
I108835,-1905,7.621249567E7,2025-09-29
I113127,963,1.1045970982E8,
I113157,-1068,1.1440786998E8,2030-01-01
I113864,1505,2.581223646E7,
I116691,1305,5.387349666E7,2030-01-01
I118846,-834,3565670.35,2025-09-06
I120735,-1754,1.492792516E8,2025-10-26
I125012,-1241,1.063091748E7,2025-09-13
I127638,1165,1.159983285E7,2030-01-01
I137288,1580,7.461328463E7,2030-01-01
I129309,1418,1.5726661418E8,
I132534,-1130,1.641189576E7,
I140420,1164,1.1613155379E8,
I141391,-337,1.949359976E7,2025-10-06
I149271,503,5.572976513E7,
I151363,1932,2.0200683589E8,2030-01-01
I152700,171,2.431713843E7,2030-01-01
I156748,1635,3.521650714E7,2030-01-01
I158834,-315,0.0,2025-10-29
I159445,248,2.409353367E7,
I162637,1239,1.127532875E8,
I163482,219,2.521709059E7,2030-01-01
I166752,-1494,0.0,2025-09-30
I173016,1197,6.949558622E7,2030-01-01
I174239,72,3772064.76,
I176795,-521,6.447587408E7,2025-09-30
I181628,1001,0.0,
I182633,593,1645669.3,
I189286,180,2.022050894E7,
I190129,623,5.166697115E7,2030-01-01
I196396,606,1.381134923E7,
I202547,-1060,1.069904242E7,2025-09-19
I202858,-479,4.33589083E7,2025-09-23
I203590,794,1.066026479E7,2030-01-01
I206545,1427,8.250387585E7,
I209812,1736,1.3485585607E8,
I218258,596,1.504153087E7,2030-01-01
I219774,431,2.608943188E7,
I222295,322,4251490.09,
I229279,398,2.164094954E7,2030-01-01
I232551,-1110,3.743595928E7,2025-09-30
I234989,1166,1.039912297E8,
I237326,781,2.986036385E7,2030-01-01
I238522,670,5.092781496E7,
I239019,-872,1.1937135697E8,2025-09-29
I243564,1095,1.5487123437E8,2030-01-01
I130906,1622,4.572984373E7,2030-01-01
I138154,772,9.703393344E7,2030-01-01
I139280,1038,0.0,2030-01-01
I140579,-1892,1.5548318009E8,2025-09-09
I129629,774,7.600350903E7,
I130763,782,6.968459501E7,
I133662,1925,2.6040387121E8,
I133841,84,3400720.51,
I139159,819,1.0312364452E8,
I140785,-864,5.294937469E7,2025-09-09
I142205,393,4.53255635E7,
I147813,1777,1.2951493761E8,2030-01-01
I153733,-221,2.797504014E7,2025-10-12
I155339,814,8.055396632E7,2030-01-01
I155496,1116,9.502958084E7,2030-01-01
I157207,1893,1.6040473155E8,
I158783,605,7.627660582E7,2030-01-01
I159338,412,5.894937451E7,2030-01-01
I161236,454,3.731479955E7,2030-01-01
I162673,-1938,1.677081504E8,2025-09-02
I166040,805,2.339741946E7,
I175777,-347,1.274990275E7,2025-09-10
I175842,-1803,2.4604347575E8,2025-09-16
I178052,1742,2.089826209E7,2030-01-01
I192110,1496,0.0,2030-01-01
I192725,798,2.814782975E7,
I192878,1381,6.798401844E7,2030-01-01
I193544,417,4.233953705E7,2030-01-01
I197667,1715,2.076324356E7,
I197910,659,4.329686268E7,
I199559,270,0.0,2030-01-01
I205144,-1051,8.787418706E7,2025-10-11
I211322,451,1.291986014E7,2030-01-01
I212988,409,5.639858107E7,
I214577,466,6.474019585E7,
I225210,538,2819867.02,
I226138,-472,2.855430218E7,2025-09-23
I230373,-493,5.804632726E7,2025-09-11
I230430,856,1.06595165E7,2030-01-01
I232648,-1132,7.585227779E7,2025-10-13
I233572,1774,1.4253965032E8,
I240888,-303,3.806691206E7,2025-09-23
I138411,-381,4787901.35,2025-10-27
I141736,1857,2.6751446145E8,2030-01-01
I144137,478,3985129.59,2030-01-01
I149560,1758,5.109839068E7,
I150092,1777,1.3356258511E8,
I157037,1858,2.54661659E7,2030-01-01
I158246,400,2.793279549E7,2030-01-01
I160396,993,4.113336135E7,
I168893,941,3.827737608E7,
I173894,-455,4.670248968E7,2025-09-26
I173990,-318,9906048.32,2025-09-26
I174715,632,7.412475888E7,2030-01-01
I175826,1127,8.059117295E7,2030-01-01
I176723,-861,1.592684436E7,2025-10-04
I176833,1696,1.2977516435E8,
I187301,-835,7.543776726E7,2025-10-13
I188212,-1393,1.3481429267E8,2025-10-16
I194125,1083,1.4661895341E8,
I208769,-1533,9.521990246E7,2025-10-19
I211643,222,2.766512413E7,
I211921,-1479,1.9818910814E8,2025-09-02
I215558,665,3.307716698E7,
I217710,109,3104637.22,2030-01-01
I226596,-1720,2.007400863E7,2025-10-27
I230359,1838,1.3760677906E8,2030-01-01
I230622,-1654,5.795844578E7,2025-09-24
I236844,-303,2.628301011E7,2025-09-04
I238460,722,2.366877814E7,2030-01-01
I129652,521,7.266812751E7,2030-01-01
I134187,-376,4.62742862E7,2025-10-31
I135432,-253,3.168330253E7,2025-10-06
I138197,-1390,6.264893881E7,2025-10-14
I138718,1355,1.3487301412E8,2030-01-01
I140083,493,6246891.29,
I144326,1531,1.6901128472E8,
I149662,1137,1.3783193977E8,
I150215,1896,7.281828381E7,2030-01-01
I152722,-1189,5.805253559E7,2025-09-29
I157000,802,5984927.64,2030-01-01
I159471,262,3.86052007E7,2030-01-01
I160671,122,1.653487861E7,
I166071,-324,2.627595385E7,2025-10-13
I170725,-653,9.055473698E7,2025-10-15
I173418,-1035,1.5433073382E8,2025-09-15
I177434,-810,3.626194976E7,2025-10-17
I183672,-740,4.875894638E7,2025-10-19
I186316,1841,2.0852463379E8,
I191308,-1304,1.0874022692E8,2025-10-22
I195525,833,2.87843894E7,2030-01-01
I195786,555,1.846163683E7,
I205025,669,3.303701319E7,2030-01-01
I205522,1087,9.934678442E7,
I208775,-1995,2.5246400177E8,2025-10-23
I211398,1746,5.856640862E7,
I212450,1188,4.247363805E7,
I214188,-1427,1.4782515662E8,2025-10-22
I220455,1868,1.734659272E7,
I222979,1442,6.914293264E7,2030-01-01
I224941,1761,7.844612752E7,
I227611,1609,1.502974267E8,
I242172,131,6413516.17,2030-01-01
I244029,-1175,4.438094258E7,2030-01-01
I136773,-1856,2.074579299E7,2025-10-14
I136867,1362,2.958017856E7,
I141990,1031,1.089354784E7,2030-01-01
I144786,109,9717875.31,2030-01-01
I154479,742,1.0733269691E8,2030-01-01
I161090,1354,1.574842307E8,
I168267,-970,7.893395149E7,2025-09-10
I169454,1430,1.0761236792E8,
I169884,1488,7.176721214E7,
I173175,-207,1.093078495E7,2025-09-13
I176320,1051,8.716454298E7,
I178667,1046,8.613302665E7,2030-01-01
I179591,1646,2.129734581E7,2030-01-01
I181897,-1875,9.150942286E7,2025-10-04
I185974,-984,9.96369141E7,2025-10-01
I189162,806,6.051420683E7,
I195423,656,4.650679805E7,2030-01-01
I195691,109,77977.22,
I199238,-184,2.307544028E7,2025-09-03
I203977,208,4672861.02,2030-01-01
I204387,-101,1.016018765E7,2025-09-22
I206423,-1128,1.1607105758E8,2025-10-03
I210253,-113,1667847.8,2025-09-18
I212805,1210,8437703.47,2030-01-01
I218665,126,1.379918051E7,
I219032,-666,8.057368939E7,2025-10-02
I219947,1495,1.2861083516E8,2030-01-01
I222068,971,4.419425437E7,
I229367,1854,0.0,
I233714,853,4.479631792E7,
I234302,-1175,9.976148793E7,2025-10-31
I128895,1153,5.934945557E7,
I142369,1763,1.822616614E8,2030-01-01
I147162,165,2.000407771E7,
I149807,1727,1.2410689998E8,
I156451,-591,7.218437014E7,2025-09-24
I159754,454,3.300923511E7,
I160152,-106,1.277375682E7,2025-09-17
I160363,1543,8414148.77,2030-01-01
I161049,913,1.1265720221E8,
I163130,713,1.85437754E7,2030-01-01
I163521,1043,4.938631707E7,2030-01-01
I164957,1006,1.4419467888E8,2030-01-01
I171124,144,1.039107996E7,
I179174,1104,1.277246898E7,2030-01-01
I180307,1944,1.2020261285E8,
I183002,-1349,6.961975333E7,2025-10-26
I186630,-101,646555.46,2025-10-25
I187638,327,2.597928263E7,2030-01-01
I187766,-1558,4.500071364E7,2025-09-22
I195485,462,5.369585928E7,2030-01-01
I196814,-613,8.027029738E7,2025-09-08
I202003,573,3.172326905E7,
I202065,1554,2.1592330365E8,2030-01-01
I202457,150,1.594738779E7,
I203437,890,8.271513443E7,2030-01-01
I203515,1442,5.410379321E7,2030-01-01
I203746,-1001,1.2394391748E8,2025-09-30
I206434,1308,1.8924954767E8,
I207037,1727,1.6240935065E8,2030-01-01
I211780,1544,2.199473401E7,
I212599,934,2.062480461E7,2030-01-01
I214303,-1850,1.799252892E7,2025-09-22
I215505,-1070,4.2943492E7,2025-09-19
I226781,-953,1.1795915596E8,
I232718,-379,4.194535944E7,2030-01-01
I236226,1777,2.429011151E8,2030-01-01
I238629,796,1.0347798202E8,
I135266,-1878,6930526.88,2025-10-05
I139178,-1876,9.869424066E7,2025-09-19
I134692,768,3.082540292E7,
I140344,1713,2.35910796E7,
I141897,860,2.202300455E7,
I143918,1878,3.657008066E7,2030-01-01
I148180,1804,9.565864435E7,
I154443,298,1.419663348E7,
I156390,161,1.513920818E7,2030-01-01
I157833,987,1.3547469305E8,
I159740,60,932489.72,2030-01-01
I160622,147,4596685.46,
I163957,1788,2.1140277129E8,
I169531,-660,4.999240162E7,2025-09-21
I180770,1144,0.0,2030-01-01
I181072,1564,1.0142230174E8,
I183591,-1916,2.7341901171E8,2025-10-30
I183891,958,5.740102693E7,2030-01-01
I185491,179,6016521.31,
I187364,682,3.932630253E7,
I188626,399,1.422035214E7,
I192731,-989,9.152279603E7,2025-09-29
I192851,1542,2.883318891E7,
I193657,82,6237306.9,2030-01-01
I196273,-1245,6.388195509E7,2025-10-24
I196446,795,9.29095345E7,2030-01-01
I204138,-1913,2009069.99,2025-09-13
I209475,514,7741825.84,2030-01-01
I210760,1046,9.403152762E7,2030-01-01
I211541,-1699,6.543197466E7,2025-10-09
I219517,1248,1.189603952E8,2030-01-01
I222017,-1496,9.638444162E7,2025-10-15
I225216,801,5.530547218E7,2030-01-01
I226757,1390,5.941977332E7,2030-01-01
I227793,-806,1.181248804E7,2025-10-15
I228865,239,2501470.66,2030-01-01
I232500,-695,2.302881875E7,2025-10-15
I232866,1914,8.670090478E7,2030-01-01
I232983,-295,4.177542372E7,2025-10-27
I239531,1183,5.828115157E7,
I129490,-537,7.739251949E7,2025-09-02
I138872,1519,5.70176245E7,2030-01-01
I138945,-1575,8.653343113E7,2025-10-09
I131700,1266,8.567694016E7,
I131773,180,1.980767672E7,
I138432,843,2.528441284E7,
I138698,1143,1.4760337231E8,
I142452,559,7.525257374E7,2030-01-01
I144244,1914,2.985930292E7,
I147046,555,7.709400907E7,2030-01-01
I148731,-524,8646491.72,2025-09-03
I152528,1618,1.7221316823E8,
I155935,1043,7.303196033E7,2030-01-01
I160416,334,3049889.39,
I165661,1267,1.4449879197E8,2030-01-01
I168601,1490,3.095846399E7,2030-01-01
I168753,1124,2.552729623E7,2030-01-01
I169444,178,1.96672338E7,2030-01-01
I175504,-343,3.548479143E7,2025-10-18
I176528,1416,9.033820174E7,2030-01-01
I181380,-1367,1.8065084496E8,2025-10-16
I184293,1105,1.2687128568E8,2030-01-01
I185026,-920,8.49660411E7,2025-09-01
I201657,469,2383425.91,
I208784,-943,2424623.68,2025-10-16
I230963,644,4.277045721E7,2030-01-01
I233569,1936,1.162279421E7,
I233637,-1117,3.268123432E7,2025-10-28
I237256,-594,478913.73,2025-09-11
I239802,177,0.0,
I240743,-387,2.680852257E7,2025-10-11
I130728,1025,1.2466258985E8,2030-01-01
I135821,-898,1.2288482506E8,2025-09-20
I129120,1404,3.289585559E7,
I129723,1074,3.735030307E7,
I135199,134,3865859.08,
I141266,1286,1.8117787746E8,2030-01-01
I141729,511,2.193559401E7,2030-01-01
I144559,1457,1.740281476E7,2030-01-01
I146276,-844,1.046490935E7,2025-09-12
I154234,-1376,1.4605187806E8,2025-09-25
I156903,1801,1.905152094E7,
I158456,1014,6.173681173E7,
I159560,1628,4714537.16,
I162459,1578,9.136312878E7,2030-01-01
I162554,1421,3.921283931E7,2030-01-01
I165777,1202,8.014231962E7,
I171673,563,6.602618574E7,
I173021,-1252,6.48705448E7,2025-10-09
I173649,-1374,1.019103303E7,2025-09-12
I175624,-1448,9.460916971E7,2025-09-04
I176310,1583,4.376913886E7,
I179111,709,4.94247534E7,2030-01-01
I179627,-956,4.917312465E7,2025-09-12
I187215,1536,1.9035306666E8,
I189246,-916,1.258028094E8,2025-10-14
I189535,76,1.09683475E7,
I190000,-1249,1.2904314755E8,2025-09-12
I191053,-80,682400.57,2025-09-20
I192830,1033,1.0801145658E8,
I195927,-1504,9.256576262E7,2025-10-24
I197293,-90,6502422.04,2025-10-08
I197890,1082,5.294216112E7,2030-01-01
I198753,-966,6.241561809E7,2025-10-18
I198892,1061,9.120964973E7,2030-01-01
I201857,281,2.543407046E7,
I201879,455,2.977442136E7,
I204883,-74,7604717.69,2025-10-18
I207647,802,8.259333592E7,2030-01-01
I208060,-1772,2.3736335771E8,2025-09-20
I209185,559,4.353348726E7,
I211357,-1801,8.038312438E7,2030-01-01
I213326,1860,7939094.94,
I216115,1236,1.2125419103E8,2030-01-01
I222071,1747,2.4461599822E8,2030-01-01
I222853,190,6055604.98,2030-01-01
I227790,-1072,1.2558037455E8,2025-09-20
I235188,-468,5.080878003E7,2025-09-24
I236873,1722,7.638748343E7,2030-01-01
I237413,-115,4854072.34,2025-10-14
I239554,905,5.459269541E7,
I240645,1102,5.093740897E7,
I243916,1673,0.0,
I132594,-760,2.452088206E7,2025-09-24
I137409,-872,7.525700621E7,2025-09-30
I136907,67,4847158.46,
I141153,543,1.572472352E7,
I141400,-1494,8.572657949E7,2025-09-03
I146371,866,8.649466246E7,2030-01-01
I148301,-1976,2.7492857397E8,2025-10-19
I154016,-799,2.563043316E7,2025-10-12
I155975,1759,8779449.31,
I159350,-480,5.123805261E7,2025-10-28
I162290,-1452,2.0777200056E8,2025-09-15
I168022,-1966,2.339330645E8,2025-10-17
I173810,1327,4.288956861E7,
I177207,695,5.678535995E7,
I184631,-378,4.333129524E7,2025-10-20
I185590,1247,1.436859203E8,2030-01-01
I190568,1931,7.534331425E7,
I191286,1700,5.021648232E7,
I202874,421,9365608.86,
I204225,736,5.289506532E7,2030-01-01
I204443,-656,2.275560943E7,2025-09-06
I205417,695,1.576615619E7,
I206483,1784,2.0188637724E8,2030-01-01
I206840,-635,7.736150598E7,2025-09-14
I208718,1362,8.508736682E7,2030-01-01
I209414,-1312,0.0,2025-10-07
I211418,680,7.050497334E7,
I219286,938,1.2146669079E8,2030-01-01
I227513,286,1362990.49,2030-01-01
I228823,901,1.2303417243E8,
I235597,726,3.836294156E7,
I235649,1648,1.8422310832E8,2030-01-01
I236414,784,6318109.18,2030-01-01
I242766,-1142,5.82992058E7,2025-09-03
I134395,1869,1.6761534505E8,
I135948,620,6.584006331E7,
I140287,-1957,2.3527147215E8,2025-10-14
I148110,1722,1.1575671364E8,2030-01-01
I150447,-154,1.69131474E7,2025-10-06
I151851,-1847,1.9186685701E8,2025-09-06
I152786,1070,1.093107003E8,
I154020,905,3.909495988E7,
I156688,-863,4.828492812E7,2025-10-14
I164241,-419,2.231502359E7,2025-09-13
I164618,138,1.440136364E7,2030-01-01
I167397,-480,2.460547868E7,2025-10-12
I171947,-549,4955075.14,2025-10-22
I173173,1683,1.9858872879E8,
I174044,-1417,0.0,2025-09-29
I175067,636,4.350657276E7,
I183383,674,8.168645127E7,
I183703,1210,2.805106071E7,2030-01-01
I187076,-1151,6.17484437E7,2025-09-14
I187315,-497,4.721950382E7,2025-10-27
I187830,763,7104172.81,2030-01-01
I192539,1195,1.680605659E8,
I198389,1323,7.040816175E7,
I209640,-675,2.05214727E7,2025-09-06
I210237,1998,2.9476682214E8,
I210478,-1069,3.40222563E7,2025-09-09
I212453,1403,1.0048248466E8,2030-01-01
I214369,1920,6.93204042E7,2030-01-01
I224433,1500,6.086543708E7,2030-01-01
I224438,100,1.127797717E7,2030-01-01
I236068,71,1.031131927E7,
I130590,706,9.116896138E7,2030-01-01
I138371,913,6.065543295E7,2030-01-01
I131441,1619,1.1309601443E8,
I144705,-1106,3.667796591E7,2025-09-02
I146899,1928,2.520314985E7,
I151323,1386,6.51806871E7,
I154461,-232,2677084.53,2025-10-01
I156178,904,5.22253083E7,
I156534,1450,2.1241152836E8,
I160068,1932,2.2853189923E8,2030-01-01
I165854,1451,1.9977237983E8,2030-01-01
I166203,64,1677851.86,
I173350,838,6.630887557E7,2030-01-01
I176053,-661,6.623864806E7,2025-09-07
I182307,953,2.46815036E7,2030-01-01
I182580,1077,1.4712871141E8,
I190359,1280,1.4694520919E8,2030-01-01
I209089,1915,1.0886822256E8,
I212992,1650,5.203711967E7,
I219629,1718,3.668233585E7,
I230437,-1560,2.0283880587E8,2025-09-03
I239176,802,7.049623729E7,
I239569,641,3.991245949E7,2030-01-01
I242194,-816,6.983115837E7,2025-09-21
I243336,376,2.106248943E7,
I246499,-465,2808378.75,2025-10-01
I251672,-672,5.265770778E7,2025-09-11
I248926,1726,1.7688653577E8,
I257337,1308,7752553.72,2030-01-01
I264508,757,7.789996044E7,2030-01-01
I267521,1629,1.0403935288E8,2030-01-01
I271762,515,0.0,
I273363,1904,2.3600414079E8,
I277779,-1885,2.5561651567E8,2025-09-24
I279498,333,2949052.08,
I281435,966,6.53256109E7,
I283678,1292,1.013637455E8,
I284256,439,9590390.73,2030-01-01
I285718,313,3.192710402E7,2030-01-01
I287942,-1670,2.459754465E8,2025-09-23
I288087,664,5.00173171E7,2030-01-01
I300530,1110,1.0425775163E8,2030-01-01
I312265,-266,2.833437602E7,2025-09-30
I314002,332,1.277353186E7,
I316834,-609,1.615578735E7,2025-10-07
I316889,-1559,1.007551757E8,2025-09-09
I316996,1530,9.910131148E7,
I321408,-1113,5.830448989E7,2025-09-08
I323837,-383,2.735246377E7,2025-09-17
I328393,1787,1.936384045E8,
I329026,410,3.34790164E7,2030-01-01
I329819,905,1.314541964E8,2030-01-01
I335066,1451,1.518605579E7,
I338776,1357,1.6807622037E8,2030-01-01
I340063,771,9.842334811E7,
I341658,977,6.875045054E7,
I344434,1833,2.1232598993E8,2030-01-01
I345490,1095,8.553887235E7,2030-01-01
I347144,-229,3.284951486E7,2025-10-01
I351383,1069,2.573124657E7,
I351709,1866,9.996563717E7,2030-01-01
I355242,239,1.498784662E7,2030-01-01
I355990,919,1.3679636215E8,2030-01-01
I249102,683,1.405782364E7,2030-01-01
I245896,332,4.588105566E7,
I256865,420,8552043.34,2030-01-01
I262651,1278,3.346721707E7,
I263824,-1732,2.5332053045E8,
I264055,-1196,1.7833523207E8,2025-10-20
I264827,362,4.732794544E7,
I271252,1959,2.904235312E8,2030-01-01
I271805,241,2.664518811E7,
I276839,703,9.886157076E7,2030-01-01
I279460,696,9.02077318E7,2030-01-01
I280230,1534,7.332050347E7,2030-01-01
I282417,-1788,0.0,2025-09-16
I282840,1083,1.5905937504E8,
I283609,1608,1.9530997059E8,2030-01-01
I285842,99,1.336622647E7,
I292424,1887,1.6942872869E8,2030-01-01
I302315,-1842,2.1903879211E8,2025-09-16
I307227,962,2.085299357E7,
I309946,-1962,2.6467898879E8,2025-10-20
I313535,767,1.094117246E7,2030-01-01
I316448,-1251,9.819326024E7,2025-10-04
I322753,1161,6.198366658E7,2030-01-01
I328114,1133,1015485.86,2030-01-01
I336638,-380,1.554261161E7,2025-09-08
I337234,-1995,2.5113501864E8,2025-10-01
I339662,206,5358423.52,
I340821,-1028,1.4072111173E8,2025-10-06
I345151,1045,4.565962394E7,
I348480,454,5.836955347E7,2030-01-01
I349584,1470,0.0,2030-01-01
I351074,-1965,2.5209510925E8,2025-10-11
I353624,-1411,1.5925098896E8,2025-09-24
I354955,-1624,5.254336047E7,
I357169,1839,2.1152448608E8,2030-01-01
I245595,-791,1.035636911E8,2025-09-30
I253420,1597,8.454093819E7,2030-01-01
I249428,1088,1.5113902099E8,
I251270,1174,4.100300523E7,
I260067,350,2.687903645E7,
I260610,1314,1.745859619E7,
I271502,-1640,3.431786973E7,2025-10-29
I272168,1691,2.4845965418E8,2030-01-01
I277449,906,1.1178550242E8,
I277461,-336,2.642282232E7,2025-09-03
I277690,1957,5003111.53,
I278009,107,8311977.12,2030-01-01
I281131,1204,1.4194955406E8,
I285678,152,2.178161411E7,
I289419,-654,4.90877025E7,2025-10-15
I290036,-212,6669926.58,2025-09-28
I290247,1450,1.6991781335E8,
I297011,-227,1.374581388E7,2025-09-03
I299122,-1460,2.0339433393E8,2025-09-11
I305639,-720,5.166173271E7,2025-09-02
I305906,-1312,9.453175306E7,2025-10-11
I308169,724,2.960193323E7,2030-01-01
I312615,-1522,2.513117735E7,2025-09-15
I314690,940,6.317541589E7,2030-01-01
I315498,1414,5.995182296E7,
I316557,495,3143172.85,2030-01-01
I316776,-1457,2.165119712E7,2025-09-25
I318423,933,8.674873173E7,
I318456,-965,5.646777366E7,2025-09-18
I329121,936,4.760997245E7,2030-01-01
I330816,-561,3.18520788E7,2025-09-19
I331909,1297,1.3611739368E8,
I338806,1984,1.8792795111E8,
I340730,-254,3.455264817E7,2025-10-09
I343634,1638,8.56199239E7,
I344536,210,2.606963493E7,
I350019,-1731,8.256653464E7,2025-09-17
I359578,-902,6.299007134E7,2025-10-01
I244603,-580,1.626566898E7,2025-09-06
I255254,213,1.998114244E7,2030-01-01
I244393,569,2.124411465E7,
I247678,870,3.443328358E7,
I249746,545,7.370063895E7,
I257557,-1086,1.4257787948E8,2025-09-28
I258863,-1461,3808531.7,2025-10-22
I267204,1822,2.2654442179E8,
I270669,-158,1.705949608E7,2025-10-06
I272571,504,6.926195594E7,
I280685,-1091,3.189144646E7,2025-09-11
I283322,-855,1.579174411E7,2025-10-23
I289324,1213,8909642.81,2030-01-01
I289559,1130,1.6582668378E8,2030-01-01
I297690,1911,1.90342838E7,
I298772,-806,5.477381977E7,2025-09-04
I302357,360,5508514.27,2030-01-01
I303844,1408,6.577424103E7,2030-01-01
I307173,123,7981582.95,
I317708,1458,1.2906181739E8,
I319587,798,7733884.29,2030-01-01
I321725,493,2.397462601E7,
I325372,692,9.295886401E7,2030-01-01
I326017,1165,3333378.95,2030-01-01
I326750,1474,9.903483463E7,2030-01-01
I333285,1748,1.3227763878E8,
I335067,1841,1.9284425421E8,
I337059,55,965703.63,2030-01-01
I337132,-1174,1.4991170248E8,2025-09-18
I337494,1457,1.6183586134E8,
I339159,-788,4.061637392E7,2025-10-04
I341158,1114,1.2237926242E8,2030-01-01
I341666,1537,3.244523557E7,
I347113,581,8002742.72,
I348120,685,0.0,2030-01-01
I358979,-424,1.276700255E7,2025-09-27
I245020,-653,6.459491293E7,2025-09-02
I254455,843,8.479320632E7,
I255951,1272,6.399875756E7,
I259799,1901,1.1466149552E8,2030-01-01
I276788,1278,1.4713781386E8,2030-01-01
I277672,-881,1.2805128011E8,2025-09-30
I279465,362,2.081049856E7,
I289486,949,7739427.38,
I290934,-575,3.083884963E7,2025-10-21
I292353,73,4891652.99,
I300344,242,2.279246937E7,2030-01-01
I313488,148,8974344.74,
I316148,1643,1.5591441687E8,
I322025,1936,9846602.68,
I323815,1898,1.74003474E7,2030-01-01
I325940,419,2.870126936E7,
I326747,1610,1.0364197061E8,2030-01-01
I336272,-121,8094522.55,2025-10-01
I336788,1517,1.6819175726E8,2030-01-01
I345147,-1847,2.5324520153E8,2025-10-22
I345318,991,2.423948789E7,
I347505,-619,7646906.72,2025-09-04
I348238,-1590,6.419080986E7,2025-10-15
I349754,892,4.279761675E7,2030-01-01
I350939,-702,7.872330378E7,2025-10-10
I351265,1671,3.930757167E7,2030-01-01
I357580,793,1.1386071197E8,
I359601,-1586,2.072644098E8,2025-09-17
I252083,189,1670833.77,2030-01-01
I256635,228,5814805.76,
I258063,-945,1.2799421951E8,2025-09-10
I267653,953,7.985383279E7,2030-01-01
I268240,-721,2.424905925E7,2025-09-02
I273045,-216,2.839543731E7,2025-10-15
I278443,-1204,6.420273723E7,2025-10-11
I278775,-1818,0.0,2025-10-09
I280528,1975,2.2820917696E8,
I287312,668,1.059332319E7,
I291822,-831,7.987359185E7,2025-09-03
I294724,-1490,9.455184934E7,2025-09-10
I296391,302,0.0,2030-01-01
I299347,-1314,1.0054010055E8,2025-10-11
I300479,1684,2.4828058441E8,2030-01-01
I304283,1995,1.017955637E7,2030-01-01
I308597,-1594,1.7612958497E8,2025-10-11
I311802,750,4179096.72,
I314976,937,7.5617774E7,2030-01-01
I315272,284,1.059124638E7,
I315977,-1088,3.02794226E7,2025-10-21
I317506,1038,1.5030924418E8,
I324906,1957,1.2137296854E8,
I329588,-1891,1.8363953015E8,2025-10-21
I331211,980,4715735.32,
I336563,-1594,9.491402816E7,2025-09-02
I339189,1321,1.7801281546E8,2030-01-01
I343020,1060,1.2423412645E8,2030-01-01
I343436,-1219,1.333462223E7,2025-09-14
I345243,-1271,4.212072373E7,2025-10-04
I345922,137,1.316953437E7,2030-01-01
I346039,1845,1.255560311E7,
I346355,-964,3.786025341E7,2025-09-20
I351571,-683,3.794655017E7,2025-09-29
I352111,-1177,1.2784313451E8,2025-09-02
I354727,318,3.036569097E7,2030-01-01
I355527,596,3.848978335E7,
I246230,-573,5.996348501E7,2025-09-24
I247412,1346,2.323492536E7,2030-01-01
I244681,1110,6.512163903E7,
I264267,1373,1.3376967703E8,
I267836,-1946,2.2440255494E8,2025-10-16
I276380,796,3472990.85,2030-01-01
I279444,1570,5.713938259E7,
I280867,-103,4274308.83,
I282240,-1372,1.993640979E7,2025-09-17
I292459,-122,635809.9,2025-09-19
I297677,-350,295835.36,2025-10-30
I297828,-687,2.765891196E7,2025-09-30
I299294,549,0.0,2030-01-01
I301979,734,4.91016009E7,
I305496,-537,8475985.65,2025-10-07
I310474,-70,9447063.51,2025-09-19
I312707,411,5.629326427E7,2030-01-01
I314115,1144,1.6057537497E8,2030-01-01
I316109,-1443,1.9401025169E8,2025-09-21
I318449,-926,5.921875546E7,2025-10-19
I321532,1325,0.0,2030-01-01
I321551,1520,3.694365916E7,
I321983,-1177,1.0391531912E8,2025-09-23
I322010,1215,6.63568122E7,
I323574,-1482,1.3665897044E8,2025-10-23
I330682,-266,1.652402688E7,2025-09-07
I334393,-461,6.767266795E7,2025-10-22
I343609,-345,1.492964739E7,2025-09-15
I351372,129,1.15681576E7,
I355412,-1462,2.0863434185E8,2025-10-02
I244713,-1998,1.402607348E8,2025-10-16
I250394,-1939,2.2117350151E8,2025-09-15
I249857,1026,1.4151579391E8,
I256264,1455,1.425256746E8,
I258803,-1961,1.6388761365E8,2025-09-13
I264393,1666,1.4237435329E8,
I266409,1936,6.461451291E7,2030-01-01
I267478,1696,1.8260338101E8,2030-01-01
I275378,1679,2.4401607153E8,
I277053,173,9756191.1,2030-01-01
I280700,1556,1.9872569385E8,2030-01-01
I282719,586,6.015851228E7,2030-01-01
I283295,848,1.1502959342E8,
I284552,408,2.488300043E7,2030-01-01
I294464,-1304,6.076678152E7,2025-09-23
I299906,895,1.1507888531E8,2030-01-01
I301597,502,2.524013292E7,
I302776,1015,5.779902999E7,
I304755,612,8.534418747E7,2030-01-01
I306586,139,1.185048759E7,2030-01-01
I317814,1867,1.4269743448E8,2030-01-01
I319156,231,2502497.31,
I325206,402,4.123129256E7,2030-01-01
I325664,372,6558853.38,2030-01-01
I328742,-1361,4.502533458E7,2025-10-06
I329662,-1002,5.147957101E7,2025-09-03
I338366,1792,1.6614601672E8,2030-01-01
I339653,1970,1.7825238114E8,2030-01-01
I344328,1476,1.5782223052E8,
I344394,-303,4.45095114E7,2025-10-24
I349132,1334,1.1172501655E8,2030-01-01
I353650,640,4.725880114E7,2030-01-01
I246908,-966,4.112446398E7,2025-09-13
I253060,818,8.663817942E7,2030-01-01
I256035,693,7.489897166E7,
I258407,1217,1.0087218435E8,
I268101,1344,1.7370858831E8,
I271319,-1743,2.4136963631E8,2025-10-20
I272220,164,2513693.37,
I279264,1061,1.755767166E7,
I282182,1205,5.166834256E7,
I285396,1437,1.1508920321E8,2030-01-01
I288309,210,1.643513836E7,
I297487,1143,1.2482863798E8,2030-01-01
I299359,1935,1.0044967001E8,2030-01-01
I303645,-988,1.1637613173E8,2025-10-19
I303897,148,4669373.89,2030-01-01
I308265,1232,3.275169719E7,
I309848,1244,7.350763477E7,
I312893,-1498,9.827507703E7,2025-10-18
I315893,1165,1.5874475858E8,
I323497,1660,4.674060154E7,
I324141,145,1.993151296E7,2030-01-01
I324355,675,8.838595963E7,
I324546,1649,8.60362933E7,2030-01-01
I327762,1809,2.3661938371E8,2030-01-01
I330661,1630,1.9952945947E8,2030-01-01
I337554,-681,1.0019189711E8,2025-09-08
I338007,-953,1.313022061E8,2025-10-04
I341542,488,3.148658221E7,
I344105,733,3.933770757E7,
I344399,1409,1.1873334481E8,
I348451,1651,1.0736789905E8,2030-01-01
I349740,-1066,1.0327916701E8,2025-10-07
I350382,-566,6.787139997E7,2025-09-12
I358859,1969,2.4125932452E8,2030-01-01
I246146,360,2.746811057E7,2030-01-01
I250654,1911,1.887757145E8,2030-01-01
I248914,1169,7.814283812E7,
I259040,1586,1.6949222631E8,2030-01-01
I261357,-1094,5.247949406E7,2025-10-22
I262194,525,5.022548664E7,2030-01-01
I263982,663,6.337166865E7,2030-01-01
I264819,1584,1.6462189895E8,2030-01-01
I265864,635,8663885.91,
I268875,1294,1.060093914E7,
I270550,1659,9783163.1,2030-01-01
I271062,1918,2.7584663956E8,2030-01-01
I271119,-1694,1.3505379442E8,2025-10-23
I274086,348,4.268582443E7,2030-01-01
I277901,1048,9.859795978E7,
I279661,818,3.476934992E7,
I280594,-1363,6.942862026E7,2025-10-24
I282846,928,1.2619265934E8,
I283065,1604,2.2027369273E8,
I284884,-2000,2.279367649E7,2025-09-16
I288500,-763,3.17634067E7,2025-10-16
I292466,623,5.723563923E7,2030-01-01
I295178,410,1.005020103E7,2030-01-01
I309841,-1162,9.297638889E7,2025-10-25
I309860,-1293,1.7409576669E8,2025-10-02
I313828,-1167,1.159526495E8,2025-09-24
I315378,896,7.659722005E7,2030-01-01
I321973,899,8466665.01,
I324700,536,7.788566117E7,2030-01-01
I330751,906,5.513330809E7,
I338457,1169,1.4997345596E8,
I342010,1086,6.173098471E7,
I343386,-493,4.808748633E7,2025-10-31
I347353,-424,4.370689822E7,2025-09-26
I348527,1697,1.395995825E8,2030-01-01
I353347,-1538,7.066988767E7,2025-10-30
I355482,1018,7.929295507E7,2030-01-01
I357403,-835,9.187522131E7,2025-09-06
I357457,-1594,1.4789088019E8,2025-10-17
I250626,499,4.843028412E7,
I251637,433,3.103507393E7,
I257606,148,1081334.0,
I259035,1367,1.3876536422E8,
I262690,553,2.175617325E7,
I264695,-1465,1.681402519E7,2025-10-17
I267024,988,7.812093873E7,
I268136,453,5.051119281E7,
I269084,-215,5185564.2,2025-09-22
I274132,1857,1.6087413549E8,
I283078,1173,9.681006217E7,
I289659,-751,8072913.82,2025-09-27
I291158,-1971,6.588355986E7,2025-10-04
I294600,589,4.529069046E7,
I296335,794,9.600703382E7,
I303858,-1196,1.4723710548E8,2025-09-10
I305588,616,4.355450206E7,
I305701,371,3.101316507E7,2030-01-01
I311407,1147,1.0225727163E8,
I315604,602,9329807.09,2030-01-01
I318505,-1313,1.0278340984E8,2025-10-13
I319479,549,1.077697125E7,
I325204,-52,7789823.65,2025-09-15
I327415,-1640,4.013341908E7,2025-10-01
I329748,786,9.261800175E7,2030-01-01
I331272,-1058,1.0751382893E8,2025-10-21
I332300,627,3.811325577E7,
I333099,-1132,7.009239481E7,2025-09-02
I334749,1209,5.409181571E7,
I343742,1922,1.2346791683E8,2030-01-01
I344279,-1755,6.650102014E7,2025-10-31
I344500,-463,5.328970622E7,2025-10-13
I354543,-1296,6.498099483E7,2025-10-13
I356957,-1015,1.0388263751E8,2025-10-10
I358561,-1811,7142811.58,2025-10-12
I246018,1422,3.792539155E7,2030-01-01
I248523,-1536,7.300521031E7,2025-09-06
I248761,254,1.725063992E7,2030-01-01
I250049,119,3299117.14,2030-01-01
I250440,819,1.0254212493E8,
I269290,-254,2.390335011E7,2030-01-01
I270119,1364,1.690878254E8,
I275526,-1399,5.565446767E7,2025-10-22
I276285,-1180,6.321324147E7,2025-09-09
I286385,-441,4.028616087E7,2025-09-02
I287416,1025,1.3390898334E8,
I294816,228,2.922832761E7,2030-01-01
I303110,1372,1.3292505864E8,
I303294,-1386,1.2546495673E8,2025-09-29
I303862,657,7.155504531E7,2030-01-01
I307321,1868,2.7588984138E8,
I308303,614,5.069879662E7,
I315232,366,2.350787255E7,
I316235,1429,7742980.26,2030-01-01
I316900,1058,9.440739985E7,
I318700,1655,1.928192491E7,
I329501,494,4.482340745E7,2030-01-01
I330131,336,3.877180393E7,2030-01-01
I330646,380,4.626265669E7,
I331312,-222,3.04693799E7,2025-10-07
I335414,1394,1.4373590824E8,2030-01-01
I335542,-554,5753281.24,2025-09-22
I336250,560,3.430855884E7,2030-01-01
I337817,1204,8.59122718E7,
I339264,1762,8.317540355E7,
I339388,338,3.433105428E7,
I341274,1337,1.0067410095E8,
I345540,1337,1.3246173338E8,
I345660,1694,1.6951280846E8,
I345888,1084,3.160143001E7,2030-01-01
I348057,1296,8.258945944E7,2030-01-01
I349997,-143,5425750.64,2025-09-13
I355222,738,6.273482913E7,2030-01-01
I357350,-1088,1.5262535732E8,2025-09-13
I357515,236,2595467.25,
I368970,-257,2.985320727E7,2025-09-30
I364024,591,2.777178886E7,
I375866,798,2.796482978E7,
I383312,1420,1.9148010729E8,
I384272,-429,5527809.37,2025-09-27
I385602,-779,1.086297412E8,2025-09-15
I387115,1783,2.4351824724E8,
I387191,1570,1.0396756652E8,
I388184,1495,1.1626173482E8,
I402700,743,4.873928363E7,2030-01-01
I407699,-1700,5.812232154E7,2025-10-06
I412277,1585,2.402532136E7,2030-01-01
I417338,-167,689919.55,2025-09-25
I417914,306,1.663177023E7,
I425700,1009,7255291.4,
I426856,1756,2.389219566E8,2030-01-01
I432169,-707,9.484546618E7,2030-01-01
I433215,1029,1.19675208E7,
I436564,925,3.235979641E7,2030-01-01
I437974,-366,2.176758084E7,2025-09-20
I440765,1198,1.3339911109E8,2030-01-01
I442275,521,4.988182017E7,2030-01-01
I457477,1885,1.1517931394E8,2030-01-01
I458128,802,6.315404519E7,
I463050,1239,1.4605802066E8,
I468460,1379,1.9713817255E8,
I468666,-1968,2.1384343612E8,2025-09-06
I473543,1862,2.297558888E8,
I367613,1162,1.048576666E8,
I372846,1593,1.162870615E7,
I375015,-134,1.050241081E7,2025-09-10
I376891,1694,7.381658193E7,2030-01-01
I379194,-362,2.901141876E7,2025-09-08
I385210,298,4.121254579E7,2030-01-01
I398632,948,1.159617602E7,2030-01-01
I402272,1631,0.0,
I408457,340,4.52394829E7,
I408840,1239,7.133783016E7,
I414929,1445,4.192009221E7,
I417518,1362,1.829852808E8,
I420628,1256,6.113546127E7,
I436842,109,7342730.15,2030-01-01
I437074,345,4533119.15,
I439049,923,1.45710553E7,
I447595,1562,2.1679486077E8,2030-01-01
I450135,431,2.042374384E7,
I452854,1477,3.371373231E7,2030-01-01
I455039,-1049,1.3811873045E8,2025-10-31
I462398,143,1.423978196E7,2030-01-01
I466312,-1949,3.91391943E7,2025-10-28
I467432,781,1.0549794944E8,2030-01-01
I470676,1972,1.8809173587E8,
I473555,-1753,2.028641199E7,
I364962,-1831,1.0906601097E8,2025-10-10
I360575,-1095,7911199.57,
I373359,-66,6458646.55,2025-10-27
I378666,880,1.1502397259E8,
I380694,1705,2.2667316856E8,2030-01-01
I384028,786,3.583920503E7,2030-01-01
I393993,674,5.73396803E7,
I398651,-752,2.607649502E7,2025-09-15
I401633,-526,3.614038719E7,2025-09-06
I403203,-1705,1.9684344501E8,2025-09-13
I412478,457,5.567473628E7,2030-01-01
I413035,1281,1.0898079873E8,2030-01-01
I414698,-1766,1.8214164051E8,2025-10-21
I419519,358,3.641454065E7,2030-01-01
I430967,1683,1.2246065759E8,
I437178,-1474,2265561.39,2025-10-14
I440567,255,3480712.02,2030-01-01
I442694,766,5.456417363E7,
I443342,840,7.920712577E7,
I453542,1713,1.075133992E7,
I457857,291,2.546355043E7,
I458926,1454,1816092.44,2030-01-01
I463300,973,4.879629757E7,2030-01-01
I467132,921,6429328.12,2030-01-01
I467971,855,1.1038291613E8,
I469183,940,1.0718077463E8,
I470013,709,5.253309136E7,
I369965,-1110,0.0,2025-09-14
I370216,376,4.841330859E7,2030-01-01
I371403,1546,1.2918535793E8,2030-01-01
I366802,1860,7.434789249E7,
I371544,407,5.244696082E7,
I372027,1372,8.946492008E7,
I375301,1761,1.4949325548E8,
I380022,1401,1.7403732623E8,2030-01-01
I382010,1063,1.1667802628E8,2030-01-01
I383706,994,7658250.35,
I388097,1616,1.7791002208E8,2030-01-01
I392203,1270,1.4357052614E8,2030-01-01
I395913,452,6.537250049E7,2030-01-01
I400818,584,1.629616585E7,2030-01-01
I401161,1024,4.787931827E7,2030-01-01
I410310,-496,5925917.95,2025-10-22
I412604,61,2843579.71,2030-01-01
I414977,-865,8.130547341E7,2025-09-19
I416172,266,1.353936958E7,2030-01-01
I418208,-1093,7.02911337E7,2025-10-23
I423925,-504,9664433.63,2025-10-08
I425800,1704,1.0268458746E8,
I430249,356,696969.77,
I437967,72,9048679.15,
I439024,447,1.196245116E7,2030-01-01
I442204,-1826,3.161673172E7,2025-09-06
I447158,-361,4.89098221E7,2025-10-27
I450751,-853,2.764148908E7,2025-09-08
I456238,-683,8.346110031E7,2025-10-06
I460735,1836,2.3121555132E8,
I468834,127,9817587.77,
I471228,1223,3.579340834E7,2030-01-01
I472747,983,1.3379717225E8,
I474527,572,1.863956328E7,
I362325,1926,4.654279929E7,2030-01-01
I362345,-676,6.765246057E7,2025-10-30
I365160,-588,6.663662627E7,2025-09-19
I365211,1838,3.929511568E7,2030-01-01
I365781,1955,2.6275863362E8,
I374552,-658,6.886919776E7,2030-01-01
I382235,1951,4.064430761E7,2030-01-01
I383975,470,5.104275703E7,
I384680,-589,6.67678899E7,2025-09-20
I388026,1012,0.0,2030-01-01
I388220,-878,1.802745054E7,2025-10-30
I395008,-510,1.232576023E7,2025-10-29
I408173,754,5.686615779E7,
I411912,1844,2.212007211E7,
I412649,908,1.712874574E7,2030-01-01
I413774,1287,1.7839666968E8,2030-01-01
I417467,271,3.592688368E7,2030-01-01
I423529,1730,1.3032749334E8,
I424064,-1013,4.303664692E7,2025-09-02
I424168,1794,4.648962341E7,2030-01-01
I432652,856,7.529469901E7,2030-01-01
I435315,1779,2.1686379904E8,
I446825,1729,8.397230348E7,
I448636,1629,9.171322387E7,
I449613,1534,2.521202363E7,2030-01-01
I452097,149,4666871.29,
I452424,262,3.231021059E7,
I454198,1256,8.31623665E7,
I456297,392,2.868155899E7,
I460338,245,2456042.7,
I461507,1800,2.4291534216E8,
I462671,1233,9717937.67,2030-01-01
I464712,389,4.027575766E7,
I465920,1235,6.102464802E7,2030-01-01
I466810,1746,7.826908326E7,2030-01-01
I470700,-1299,2.465350854E7,2025-10-12
I472436,-1295,1.9038878372E8,2025-10-06
I473478,-1732,2.5459160737E8,2025-10-12
I474225,-1410,1.2689221126E8,2025-09-30
I474546,-251,7898871.84,2025-09-04
I361777,670,3.376784041E7,2030-01-01
I362751,-255,7703828.1,2025-10-03
I363595,-1680,1.390703149E7,2025-10-13
I381056,1170,7.422015098E7,2030-01-01
I383600,1675,2.2544299385E8,2030-01-01
I384251,1096,1.4305276645E8,
I386661,1020,3260137.31,2030-01-01
I387131,-722,4.681807116E7,2025-09-14
I388166,1047,1.0697076028E8,
I393499,1137,1.385134734E8,2030-01-01
I393880,1470,9.396069506E7,
I396463,1570,2.2159881941E8,
I396971,-494,2.321880068E7,2025-10-08
I397297,1674,2.2994447974E8,2030-01-01
I408601,-1091,1.1508806589E8,2025-10-03
I424400,1489,1.6053218568E8,
I431517,1142,7.416513553E7,
I438796,861,8.54823223E7,2030-01-01
I440412,1421,8.753226116E7,2030-01-01
I441644,-785,8.010164957E7,2025-10-28
I442990,307,1.635184929E7,
I445743,202,2.319237478E7,2030-01-01
I448344,-461,1.74657803E7,2025-10-25
I454140,56,4390486.04,
I458924,662,1.51922914E7,
I460759,302,4.245806664E7,2030-01-01
I465556,1502,1.2166338763E8,2030-01-01
I465961,-1213,3.023728397E7,2025-09-26
I470132,1212,1.169111834E7,2030-01-01
I470471,1568,2.0599522241E8,2030-01-01
I470994,70,5096785.89,
I473874,870,0.0,2030-01-01
I367522,1165,1.3567281281E8,2030-01-01
I368041,882,3.127776505E7,2030-01-01
I370591,-1741,1.8356346373E8,2025-10-02
I371485,75,1284654.28,2030-01-01
I371723,-614,8.536492361E7,2025-10-23
I372168,-586,5.369803973E7,2025-10-22
I369715,1973,1.9358813606E8,
I377703,-1874,1.4218904709E8,2025-09-04
I379987,1574,2.3444419799E8,2030-01-01
I381596,1817,2.2146997834E8,
I381793,-1792,1.2874367692E8,2025-10-06
I383262,1386,8.703140107E7,
I389750,1229,1.7657562906E8,
I395439,-1083,1.0896331274E8,2025-09-16
I399407,625,1.765836353E7,
I408142,740,2.749294826E7,
I418674,1833,1.6835550574E8,
I423551,1192,2.766277227E7,
I434556,1265,8.304707509E7,2030-01-01
I438310,950,1.3910805365E8,
I440441,1490,1.6935940542E8,2030-01-01
I448401,-274,1443318.82,2025-09-16
I448474,1311,8.37919986E7,2030-01-01
I450131,306,3558812.37,
I450948,1886,1.875103145E7,
I451192,-1095,7.911345365E7,2025-09-07
I451953,-325,4633599.56,2025-09-01
I453067,-699,1.429028157E7,2025-10-08
I463192,-184,9698165.82,2025-09-05
I466390,1385,5.970348167E7,
I469944,1068,7.552688003E7,2030-01-01
I473659,240,1897516.44,
I474350,291,3.203031228E7,
I363808,1692,2.1467652079E8,
I373260,74,1108858.7,
I373811,-966,7713091.37,2025-09-23
I376106,-345,5.028852843E7,2025-10-16
I377288,1519,0.0,2030-01-01
I377955,-912,9.196854355E7,2030-01-01
I379790,135,1.349347104E7,
I383584,-1222,1.0292969221E8,2025-09-26
I392696,-671,0.0,2025-09-23
I392727,708,8.085497063E7,
I393558,535,7681867.89,
I398572,1266,3.605542807E7,2030-01-01
I402032,781,3.961200664E7,2030-01-01
I403225,1625,9.025761811E7,
I405114,-496,3.452050239E7,2025-10-01
I405551,1557,9.011286624E7,2030-01-01
I407641,-1477,1746269.03,2025-09-11
I411571,-593,2.181687374E7,2025-09-12
I412957,465,4.514090927E7,
I416644,463,1.619894497E7,
I417067,425,3.457973896E7,2030-01-01
I418954,1666,5.21664352E7,
I421863,962,1.881666461E7,2030-01-01
I423264,529,0.0,2030-01-01
I428134,1959,6.082994756E7,2030-01-01
I434191,504,2.038338519E7,2030-01-01
I439415,415,4.51671065E7,
I447776,1147,3.94289189E7,2030-01-01
I450356,106,0.0,2030-01-01
I451187,178,1.295511913E7,
I451345,1972,2.2214162603E8,2030-01-01
I457482,1173,1.3883074799E8,
I458668,202,5250481.85,
I461578,1508,1.4070748392E8,2030-01-01
I461876,1894,6.430529151E7,2030-01-01
I462195,1533,7890223.2,
I463333,1412,8.392426646E7,
I464744,1844,2.6153949241E8,
I472890,716,2.068169695E7,2030-01-01
I366068,-279,3.587269638E7,2025-10-09
I369162,-1531,1.0749446709E8,2025-10-14
I370667,667,6.308913616E7,2030-01-01
I360788,851,5.290604769E7,
I375525,-1494,4.578134985E7,2025-09-01
I377660,856,9.809953721E7,2030-01-01
I384470,-532,3.952581579E7,
I387769,1011,6.871255962E7,2030-01-01
I396293,1917,2.4656181792E8,
I405574,1142,9.289419807E7,2030-01-01
I406013,1341,9.61832522E7,2030-01-01
I410509,1308,1.7851202802E8,2030-01-01
I415829,-1150,4.682693369E7,2025-10-03
I416187,58,5849228.51,
I416473,-1812,2.4780751424E8,2025-10-26
I416569,1359,1009431.64,
I416732,-1955,2.4192579498E8,2025-10-15
I417682,669,9.15615918E7,2030-01-01
I420527,-338,2.0581187E7,2025-09-23
I421930,734,1.0676677838E8,2030-01-01
I423660,1576,1.7478037588E8,2030-01-01
I432601,-364,4.903039516E7,2025-10-15
I438777,1884,7317804.25,
I440998,1454,0.0,2030-01-01
I454001,1084,5.27358389E7,2030-01-01
I457234,1095,1.0451736193E8,2030-01-01
I457594,787,5.055924847E7,
I467069,1640,1.100727834E8,2030-01-01
I361076,1471,1.1493130258E8,2030-01-01
I365189,-625,8.580947215E7,2025-09-06
I365359,-163,1.02044931E7,2025-10-31
I367803,313,1788564.07,2030-01-01
I371787,-1401,4.390893057E7,2025-10-06
I362307,1652,1.852546165E8,
I376921,441,6376275.33,
I380343,-300,3.766785216E7,2025-09-14
I387592,194,1.831001393E7,2030-01-01
I390080,1490,1.1058076705E8,
I391784,788,6.163130291E7,
I395762,1218,3.279801121E7,
I398516,-596,6.759357065E7,2025-10-17
I399467,-486,1303447.84,2025-09-09
I400021,-1935,3.458034937E7,2025-09-23
I403847,-1171,1.3303704283E8,2025-10-02
I416740,1422,1.9395665297E8,
I417575,1629,1.8486195817E8,2030-01-01
I422004,-738,4.332254596E7,2025-10-01
I428131,-1030,0.0,2025-09-18
I431922,919,5.580060159E7,2030-01-01
I432479,422,1.41511458E7,2030-01-01
I436784,878,2.903674558E7,2030-01-01
I439197,-695,0.0,2025-09-03
I439901,-1803,1.6768046853E8,2025-09-14
I444355,-243,1.944228946E7,
I445055,449,5.113577138E7,2030-01-01
I445299,934,2.448417039E7,
I454297,1809,1.797304091E7,
I454563,329,2.378764584E7,2030-01-01
I459280,-1774,3.251245425E7,2025-10-16
I460407,-269,1.507717261E7,2025-10-27
I465731,1665,1.2297185811E8,
I467482,-1592,9.01537977E7,2030-01-01
I468350,-1240,1.5837882582E8,
I468434,-513,7713689.15,2025-10-07
I468891,-1186,1.7050985728E8,2025-09-08
I470617,161,7584452.86,2030-01-01
I472178,547,2.631960541E7,2030-01-01
I472748,-1478,1.1595258484E8,2025-09-30
I474475,-1504,6.650802126E7,2025-10-11
I474476,214,2126458.16,2030-01-01
I362871,-1207,9.242634328E7,2025-10-15
I363219,1733,1.333682183E7,2030-01-01
I367553,-662,9.58543745E7,2025-09-14
I368353,560,6.79441463E7,2030-01-01
I371458,-810,5.564428671E7,2025-10-22
I372008,288,1.927340486E7,2030-01-01
I366046,912,7.52517567E7,
I374626,-169,1.857944981E7,2025-09-29
I374796,-1140,1.2443468026E8,2025-10-12
I376746,1773,1.8354819031E8,2030-01-01
I379281,1301,1.3582941509E8,2030-01-01
I381928,1297,4.943789733E7,
I384591,1549,1.0600686178E8,
I390038,-1712,7.598992001E7,2025-10-05
I400371,1104,2058398.03,2030-01-01
I401534,-1136,9.718777003E7,2025-09-04
I402467,1167,1.5211709528E8,2030-01-01
I408904,1368,5.938806351E7,2030-01-01
I411523,1233,1.2259973298E8,2030-01-01
I420104,-1302,1.2921218442E8,2025-09-20
I420347,838,8.931177751E7,2030-01-01
I421253,1182,1.6152023578E8,
I425927,1622,2.2337439714E8,2030-01-01
I427585,457,6.431764215E7,2030-01-01
I430288,-392,3.900254058E7,2025-10-22
I438077,-1277,3.424478182E7,2025-09-07
I442261,452,1.760700822E7,
I450730,761,6534240.95,
I455422,972,1.3765206001E8,
I460341,-1934,9.962721026E7,2025-10-11
I460537,1328,1.4620714025E8,
I465194,956,1.3947544625E8,2030-01-01
I465666,-412,1.911469736E7,2025-09-02
I466217,1214,1.1842699803E8,
I472138,208,311994.25,
I473443,214,0.0,
I474098,-1180,2.684336997E7,2025-10-09
I370191,1456,6.799493573E7,
I373172,-849,8.515600632E7,2025-09-18
I373384,-1575,1.6284132728E8,2025-09-22
I374365,-1486,8.690322123E7,2025-10-04
I377507,1180,1.3274005948E8,
I379287,-623,7.553427519E7,2025-09-03
I382178,-926,6.654014882E7,2025-10-31
I385957,-51,216684.87,2025-09-14
I390155,794,9.052900752E7,2030-01-01
I396358,1500,8.552784933E7,2030-01-01
I399953,345,4301167.86,
I400883,358,1.876722099E7,
I406923,-1929,5.357770567E7,2025-10-26
I408429,1745,2.5323187132E8,2030-01-01
I412038,1663,2.2162141053E8,2030-01-01
I418235,1192,1.5971764361E8,2030-01-01
I419233,1642,8.847476466E7,2030-01-01
I425109,-623,2.973751921E7,2025-10-14
I428729,-1780,2.3755496816E8,2025-09-03
I434741,681,5.538165517E7,2030-01-01
I435731,-1941,1.2897444517E8,2025-09-12
I437827,-1552,1.710618904E8,2025-09-22
I444033,1558,1.5796248494E8,
I445028,1995,2.4275292713E8,2030-01-01
I447395,1233,5.783150009E7,
I453417,1520,7.021003084E7,
I454055,1668,0.0,2030-01-01
I455506,535,4.629131371E7,2030-01-01
I457716,1887,1.5769264805E8,2030-01-01
I459038,1202,3.944952704E7,2030-01-01
I462765,1644,1.414122079E8,
I463106,1913,1.381085784E7,
I464380,984,1.1285377729E8,2030-01-01
I469548,803,8.817622951E7,
I471976,500,5.813078115E7,2030-01-01
I475096,267,1.622908342E7,
I479050,-909,7.686553076E7,2025-09-28
I485629,591,8.725841376E7,2030-01-01
I477580,347,3.955885901E7,
I477600,967,1.412018533E7,
I479975,1490,1.4124733843E8,
I482501,146,7135967.87,
I497169,1324,1.7921122618E8,
I498665,-491,4.07360732E7,2025-10-12
I498957,1716,2.4941780393E8,2030-01-01
I502789,706,6.248887523E7,2030-01-01
I509458,737,7.038282733E7,2030-01-01
I513848,913,1.075963579E7,2030-01-01
I515164,-976,7.227358017E7,2025-10-22
I516477,-834,4.647520513E7,2025-10-03
I518188,-695,5.575647322E7,2025-09-10
I519315,-1023,2.410778906E7,2025-10-17
I519451,-166,5329191.6,2025-09-03
I521962,305,9012599.28,2030-01-01
I522470,491,2.211129244E7,2030-01-01
I523269,1616,3.727094679E7,2030-01-01
I525264,1914,2.6806235377E8,2030-01-01
I525912,584,2.179567737E7,
I533819,-922,8.941725843E7,2025-10-20
I538578,-1676,6792002.78,2025-10-06
I544404,1285,8178544.27,
I545819,-1507,1.076109323E8,2025-09-24
I551640,721,3.550040638E7,
I558155,1138,1.3884702183E8,2030-01-01
I567922,1688,2.2559430797E8,
I577857,301,1.701147547E7,2030-01-01
I578267,1434,1.500352637E7,
I579324,-1292,1.5672949984E8,2025-09-12
I580719,-350,1.484693024E7,2025-10-06
I581871,1019,3.406682168E7,
I585830,1413,9.05069942E7,2030-01-01
I480015,-1030,3.863472644E7,2025-09-13
I480191,-138,215453.26,2025-10-26
I480358,-303,1.880320589E7,2025-10-27
I486759,1456,1.4526130305E8,2030-01-01
I487572,-1526,2.1601924584E8,2025-09-07
I489845,1398,1.9033710647E8,
I493013,-1704,8.666178402E7,2025-09-10
I493820,1982,2.972819798E7,
I494455,-1752,1.9945303503E8,2025-10-07
I494989,1132,1.4850201561E8,
I495145,1587,2.3803058591E8,2030-01-01
I495345,975,1.3980735028E8,2030-01-01
I497070,210,1.669629809E7,
I497150,-298,4.056880102E7,2025-10-26
I499812,644,8.158662978E7,2030-01-01
I501933,1517,4.865936225E7,
I504773,-1406,1.7903129267E8,2025-10-02
I506384,440,1228076.55,2030-01-01
I507898,-234,4402293.0,2025-10-18
I520129,510,1.908423685E7,
I521429,829,4.845284495E7,
I523878,632,1.893458098E7,
I533567,483,3.070255401E7,2030-01-01
I533960,-1483,1.1334111942E8,2025-09-29
I535549,-856,4.845337663E7,2025-10-27
I540445,399,1.010815974E7,
I542740,1436,9.60671915E7,2030-01-01
I543340,906,6.192039825E7,2030-01-01
I545203,-583,6.331349903E7,2025-09-26
I546528,185,2.649931427E7,
I549770,-397,3.382366053E7,2025-10-07
I555697,403,2.204615551E7,
I558173,-363,3.842655892E7,2025-10-15
I559210,482,4.637703538E7,
I561778,281,1.367521844E7,
I565542,671,0.0,
I566217,567,2.906312367E7,2030-01-01
I570180,-1327,4578949.02,2030-01-01
I570929,925,4.329844617E7,
I572173,1160,7.787959525E7,2030-01-01
I575852,810,9.319164826E7,
I577203,891,6.649902933E7,2030-01-01
I578692,1375,8.181816915E7,
I579815,571,4.659748194E7,2030-01-01
I580913,1507,4.40078372E7,2030-01-01
I581618,1553,1.9138088755E8,
I582685,1079,6.377537777E7,
I477664,-896,3948348.12,2025-10-09
I483707,1115,9.525521919E7,2030-01-01
I478770,663,7.089934193E7,
I484954,1176,1.3385556157E8,
I486983,686,6.475763945E7,
I488566,-1012,9.120632805E7,2025-09-11
I492940,1735,2.2837101402E8,2030-01-01
I506017,1220,4.857003476E7,
I514224,1632,1.8251757827E8,2030-01-01
I515283,-1079,6.487917534E7,2025-09-23
I518476,1473,3.320587365E7,2030-01-01
I519046,902,4.631015055E7,2030-01-01
I519951,491,4.899186209E7,2030-01-01
I519966,1166,1.6700964179E8,2030-01-01
I520171,-375,2918832.97,2025-09-01
I522701,-1470,7.063213059E7,2025-10-05
I526632,200,6935350.16,
I532152,1984,2.3424225276E8,2030-01-01
I537547,-1358,1.3825966063E8,2025-09-03
I540076,1284,1.3104474249E8,
I541169,1264,1.161348577E8,2030-01-01
I543629,-1883,1.6802544911E8,2025-09-05
I547592,1228,1.0281097026E8,2030-01-01
I548067,740,2.415465763E7,
I548070,-1950,1.3814673964E8,2025-09-19
I549878,-1966,2.3340767435E8,2025-09-12
I553044,-151,1.274386645E7,2025-10-05
I557698,-925,9.790135785E7,2025-10-24
I560089,-1876,1.4252187136E8,2025-09-16
I574067,776,4.212411249E7,
I581948,93,1.363909808E7,2030-01-01
I582260,1839,2.6391072458E8,2030-01-01
I583667,1105,1.2796872231E8,
I585802,-1597,1.3409643533E8,2025-10-08
I587192,-1617,2.3302386584E8,2025-10-12
I590057,356,3.826242298E7,
I482467,835,2.005379456E7,2030-01-01
I483878,-915,9.597738458E7,2025-10-14
I483963,388,1.881717721E7,2030-01-01
I488174,137,1.981161087E7,
I488837,-872,3.507083067E7,2025-09-04
I489066,-1544,6.309099879E7,2025-09-26
I497152,63,7389735.19,2030-01-01
I497516,1598,7.513979983E7,2030-01-01
I497742,-493,1.260438962E7,2025-09-25
I505660,1629,7527010.36,
I506537,-1766,1.3685067381E8,2025-10-04
I507461,722,2.585174986E7,
I509143,923,5.512908908E7,
I511057,162,1.18537634E7,2030-01-01
I514536,-62,1076923.09,2025-09-13
I514694,1930,1.3324384466E8,2030-01-01
I516112,-241,5417770.47,2025-09-28
I518960,369,5.296002851E7,2030-01-01
I521434,1513,1.8521972564E8,2030-01-01
I522641,91,2026513.25,
I525822,419,4.537452158E7,2030-01-01
I527576,993,4.733703136E7,2030-01-01
I529500,-1721,1.7974317681E8,2025-09-05
I533699,398,6560436.67,2030-01-01
I534205,-1477,6398014.44,2025-10-20
I536995,-1397,4.142362561E7,2025-09-25
I537656,761,9.727906701E7,2030-01-01
I542203,-1067,1.1911996704E8,2025-10-20
I545572,114,1.489912348E7,
I550009,1284,1.2351252707E8,2030-01-01
I562263,947,2.605790946E7,
I567956,1340,5978894.01,2030-01-01
I569887,790,1.1776679451E8,2030-01-01
I580578,301,2439841.24,2030-01-01
I580837,-953,6.615346834E7,2025-10-20
I583624,103,1.11652198E7,2030-01-01
I587739,1416,9.808895723E7,2030-01-01
I589677,1247,1.4879625791E8,2030-01-01
I590963,1744,2.5972227711E8,
I478176,1990,8.941866618E7,2030-01-01
I481507,-1135,2.958727257E7,2025-10-26
I485527,-1554,6.157480964E7,2025-09-26
I486213,1223,1.8031404696E8,2030-01-01
I488038,-1954,2.4780401288E8,2025-09-04
I476340,1576,1.264137371E8,
I489926,326,0.0,
I493473,1790,2.6779265868E8,2030-01-01
I495986,646,5677513.53,
I499856,1296,1.5957924353E8,2030-01-01
I505441,372,5.244443591E7,2030-01-01
I507331,1363,5.703113643E7,
I507491,180,1.58466725E7,2030-01-01
I518232,-1041,1.137257904E8,2025-10-30
I519422,929,1.338408872E8,2030-01-01
I521483,1069,4.164417902E7,2030-01-01
I523613,369,2.905135095E7,2030-01-01
I526630,677,6.983356975E7,
I531170,757,5.337884204E7,2030-01-01
I535174,-1639,3.740075435E7,2025-09-20
I542665,741,8.26183585E7,2030-01-01
I544395,329,1.481409005E7,2030-01-01
I550664,1056,2.763611264E7,2030-01-01
I558445,-1921,1.6049277535E8,2025-10-10
I565497,-1390,1.559434371E7,2025-10-22
I568059,1891,6.517732343E7,
I576550,265,1.366667676E7,2030-01-01
I579557,-551,2.893148529E7,2025-09-20
I582234,309,7386471.14,2030-01-01
I582657,1416,4.498647482E7,2030-01-01
I584060,962,1.0880920612E8,
I584735,1956,1.6835013978E8,
I586864,-1580,8.863390828E7,2025-09-19
I587463,723,1.849429225E7,
I588091,1275,5.873653799E7,2030-01-01
I589103,789,3.32370787E7,2030-01-01
I476080,-1953,2.3261747567E8,2025-09-17
I478514,1398,4.86246307E7,2030-01-01
I479161,498,5.681379933E7,
I481068,450,2.434785374E7,
I482167,1307,1.0532314952E8,
I493928,980,887061.6,
I504287,913,1.0616019665E8,
I504733,-1134,2.598652186E7,2025-09-05
I504853,-871,1.0491304795E8,2025-10-01
I505849,-545,3315745.42,2025-09-10
I506431,-1055,2.622256846E7,2025-10-15
I508571,395,2.034574396E7,
I509387,-794,854281.91,2025-09-03
I509395,-1060,1.551136495E7,2025-09-23
I510061,-527,7.011796825E7,2025-09-12
I511343,186,6862300.98,
I513210,391,4.5758493E7,
I527319,-1063,1.388214606E7,2025-09-17
I532189,967,9.134990923E7,
I534137,-486,3.039480453E7,2025-09-03
I540308,-626,4.065669063E7,2025-09-21
I553156,-994,6.992093647E7,2025-09-02
I556518,1755,1.1140487755E8,2030-01-01
I557383,-52,6670627.67,
I560142,536,6.177592279E7,2030-01-01
I561757,1592,1.4810661869E8,2030-01-01
I562782,593,7.721501524E7,2030-01-01
I567640,764,4.879915393E7,2030-01-01
I583528,1536,1.2012174249E8,2030-01-01
I476614,-400,1.205402129E7,2025-09-09
I485052,-995,1872216.24,2025-09-05
I493539,1700,9.28505565E7,
I495109,723,2.156172289E7,2030-01-01
I496402,1685,2.0931409298E8,
I503763,-268,7351493.79,2025-10-09
I512192,-1480,2.6721984E7,2025-10-18
I514015,813,2418979.31,
I518764,1109,1.4133724656E8,2030-01-01
I520190,1314,1.1402452026E8,
I528733,-808,3.714729844E7,2025-10-01
I532961,197,1.515522919E7,
I540978,1324,3.65832896E7,
I544570,93,2500171.94,
I545215,-128,7668871.29,2025-09-30
I558759,1963,2.7206915078E8,2030-01-01
I564721,-2000,1.061291642E8,2025-10-16
I569011,-1746,1.0877772114E8,2025-10-20
I569214,509,2.348899875E7,2030-01-01
I569290,-461,5.953598121E7,2025-09-15
I569722,-138,1.90663331E7,2025-09-09
I580672,820,1.1519852456E8,
I585781,-377,4.809169535E7,2025-09-09
I586246,-914,1.55966049E7,2025-09-25
I490316,1340,1.8369042488E8,2030-01-01
I498896,-1606,2.3046197964E8,2025-09-20
I501460,471,6.403912559E7,
I503497,874,4.033707897E7,
I505684,875,1.1821163884E8,
I513533,-136,8728452.06,2025-09-30
I523266,1953,1.039015743E7,2030-01-01
I530451,-394,9417808.38,2025-10-25
I547143,1081,1.187581975E7,2030-01-01
I549755,1886,6.993164514E7,
I549816,-1642,2.265508265E7,2025-10-29
I554060,785,3.097054597E7,2030-01-01
I556414,1569,1.6125021928E8,
I563216,1237,3829121.82,2030-01-01
I564879,-1085,5.970856624E7,2025-10-20
I568857,1790,1.856443565E7,2030-01-01
I570204,1484,4.734247556E7,2030-01-01
I571067,51,1503059.81,2030-01-01
I573234,1146,1.1062828652E8,2030-01-01
I582310,-1717,6.098754915E7,2025-09-12
I479692,1893,2.3226168277E8,2030-01-01
I487367,-125,1411804.68,2025-10-28
I481396,893,9.159874237E7,
I489107,1152,9678665.67,
I489314,1609,2.2423644671E8,2030-01-01
I493670,1281,4.7056061E7,2030-01-01
I493892,700,8.31058045E7,
I506392,-1080,1.3070918204E8,2025-10-31
I516648,-384,4702331.1,2025-09-23
I522815,-279,2.825954658E7,2025-10-08
I527512,82,2360104.55,
I528449,1048,1.945887676E7,2030-01-01
I530325,654,8.576670473E7,
I540097,1132,1.5037278843E8,2030-01-01
I541579,194,2.005340847E7,2030-01-01
I545829,1831,2.5062932402E8,2030-01-01
I552049,1087,1.2453547891E8,
I552598,1309,1.1149374101E8,2030-01-01
I557808,-1937,2.844470311E8,2025-09-15
I562142,1505,9.347626814E7,2030-01-01
I566485,-1712,2.2867331671E8,2025-09-28
I569601,-99,1.405190647E7,2025-09-02
I572644,1451,8.915149243E7,
I575117,1251,1.8457096485E8,
I577161,187,1380006.1,2030-01-01
I579632,1254,1.904450707E7,2030-01-01
I590431,-1774,3.720639406E7,2025-09-28
I475714,683,9.94558547E7,2030-01-01
I477476,-421,1.974130765E7,2025-09-20
I479568,1336,1.0964731396E8,2030-01-01
I482708,958,8.303423248E7,2030-01-01
I492875,-561,5231696.6,2025-10-17
I500771,-672,6.15319136E7,2030-01-01
I504694,153,1.812143744E7,
I505714,1745,7.041316946E7,2030-01-01
I509928,286,3.653708087E7,
I511912,66,3354369.3,
I518757,796,7.546238229E7,2030-01-01
I519689,1053,1.5758355033E8,
I521489,83,5284271.66,
I529629,1915,4.528557677E7,2030-01-01
I538755,-714,1.25018473E7,2025-09-14
I540418,-1727,2.2569179106E8,2025-10-08
I540975,-841,1.2448991502E8,2025-09-19
I541395,810,1503197.37,2030-01-01
I541938,542,3.051931721E7,
I545321,-1515,1.6440359203E8,2025-09-26
I551514,-1643,5.181427356E7,2025-09-23
I558215,1817,1.1243686569E8,
I558727,191,2.338313073E7,2030-01-01
I559443,1564,2762120.5,2030-01-01
I560595,355,4.746254702E7,2030-01-01
I573314,-381,4.08753037E7,2025-10-14
I580470,-75,3774093.65,2025-10-13
I582337,-365,5.292001504E7,2025-09-13
I582753,1649,8.986073449E7,
I587004,1045,1.2685258775E8,2030-01-01
I588611,1051,1.800250106E7,2030-01-01
I591184,1548,1.7362393896E8,2030-01-01
I476806,-1465,9.17882163E7,2025-09-23
I481686,-960,6.353039833E7,2025-09-12
I477313,578,7.942382151E7,
I479976,846,8.273864783E7,
I481322,1886,1.289651193E7,
I490317,1898,1.766983401E7,
I490725,871,1.139923626E8,
I505654,1470,1.4792545355E8,2030-01-01
I507302,888,1.2812502639E8,2030-01-01
I524051,1755,1.017553638E8,
I536490,-76,5973747.22,2025-10-27
I542949,-1893,0.0,2025-09-21
I543077,-1753,2.2314121071E8,2025-09-29
I543385,97,4749382.84,2030-01-01
I554161,70,926538.92,2030-01-01
I560857,827,1.935377415E7,2030-01-01
I561867,484,4.673972863E7,2030-01-01
I564290,-505,4.940919268E7,2025-09-09
I572220,-1404,1.1926689379E8,2025-09-30
I575972,921,7.931369871E7,
I579481,132,0.0,
I579558,1498,5.013016264E7,
I583186,-1186,8.11469521E7,2025-09-27
I589684,-453,5.393366875E7,2025-10-08
I476951,-634,5.121864048E7,2025-09-18
I483594,1877,8096058.07,2030-01-01
I488937,432,4.580165515E7,
I498756,632,1.077640742E7,2030-01-01
I499054,992,9.449197996E7,2030-01-01
I499780,1888,2.5765529568E8,
I502525,-1528,2.1025499896E8,2025-10-31
I506193,-542,3.313222959E7,2025-09-29
I508904,-1930,2.8223171322E8,2025-09-18
I518211,801,5.209398517E7,2030-01-01
I518676,-1929,2.6198362043E8,2025-09-27
I520101,1865,2.6701208918E8,
I525932,1416,4.284775701E7,2030-01-01
I527097,-580,6.648533002E7,2025-09-17
I527441,1950,1.1039335182E8,2030-01-01
I538111,680,7.29280785E7,2030-01-01
I544140,-1778,1.1286840286E8,2025-10-10
I555684,-673,2.556796062E7,2025-10-24
I556134,-1539,8.453354034E7,2025-09-19
I560538,56,0.0,
I566438,-926,1.3528657764E8,2025-10-25
I580386,-1916,3.789830101E7,2025-09-21
I581186,-1384,1.0029654881E8,2025-10-07
I583617,1279,7.218633827E7,
I584428,-1928,1.1808529129E8,2025-09-04
I584553,-1613,1.65123365E7,2025-09-26
I592966,-356,4.302115284E7,2025-10-04
I594362,1406,2.445960756E7,2030-01-01
I599107,914,8.425208889E7,2030-01-01
I602986,1536,1.0637198617E8,
I610234,637,2.310393816E7,2030-01-01
I612806,1556,1.9038701846E8,2030-01-01
I613993,-267,2.72714984E7,2025-10-05
I614306,305,601825.12,2030-01-01
I617267,1140,1.0470905291E8,
I617775,1621,2.2995371168E8,
I620900,1320,4.48796226E7,
I626020,643,4.690160914E7,
I632838,537,7.90673054E7,2030-01-01
I636388,1235,8.036748802E7,2030-01-01
I636566,600,1.123835336E7,
I642425,631,4.126770254E7,
I646744,146,6855482.43,2030-01-01
I657485,-1197,4.72730464E7,2025-09-09
I660412,1802,1.4376744538E8,2030-01-01
I664170,-1729,1.0518226568E8,2025-09-03
I664873,-895,7.681195505E7,2025-10-10
I667682,1214,1.5617806312E8,2030-01-01
I669429,-442,5.994609501E7,2025-09-23
I671145,451,6.478093333E7,
I671178,1408,1.6262938429E8,
I672641,1400,1.4400320448E8,2030-01-01
I676964,1329,1.5647051912E8,2030-01-01
I694502,1180,1.3958069413E8,2030-01-01
I696067,-1454,1.2748529795E8,2025-09-28
I697955,754,1.1153110556E8,
I698134,1100,1.5537258987E8,2030-01-01
I699063,1245,9.355102038E7,
I700682,384,5.287117942E7,2030-01-01
I703312,-565,6.001497113E7,2025-10-11
I704516,1403,1.0417811243E8,
I706308,1994,1.8533764982E8,2030-01-01
I706532,-1792,6.31820525E7,2025-09-24
I591966,-1686,3587254.05,2025-10-26
I597459,145,1.286491106E7,2030-01-01
I603155,686,7.48272069E7,
I607565,1898,1.124962156E8,2030-01-01
I608322,-622,2.285083575E7,2025-09-09
I615911,730,9.586794089E7,2030-01-01
I618100,1612,2.1975942388E8,
I619726,-1992,0.0,2025-09-26
I620762,-1599,1.0434385973E8,2025-10-20
I625383,-418,4.606466776E7,2025-09-28
I626640,-1433,1.8270770386E8,2025-10-13
I628773,1788,1.9776641823E8,2030-01-01
I634907,858,3.565831666E7,2030-01-01
I637010,-1918,1.0224233974E8,2025-10-18
I638589,-888,7.56638117E7,2025-09-01
I642629,-883,9.189087935E7,2025-09-04
I642722,1684,2.0243455535E8,
I643271,165,740417.13,
I644565,769,8.042475242E7,
I652389,-1216,1.4476222213E8,2025-09-10
I656370,-63,2501016.49,2025-09-22
I662948,-1861,8765295.31,2025-10-14
I663661,188,3468003.94,
I666108,1654,5.998537679E7,2030-01-01
I668873,1390,1.960159147E7,
I670764,293,2733680.51,2030-01-01
I671107,1432,1.8774787003E8,
I677071,-420,410970.36,2025-10-05
I677970,1028,7.662464012E7,2030-01-01
I678352,-879,7.712962952E7,2025-10-11
I679498,-640,3.439228521E7,2025-10-01
I687396,-213,993587.85,2025-09-28
I689204,924,1.0296866725E8,
I689624,786,4.805073106E7,2030-01-01
I692441,392,1.191989751E7,
I705693,946,1.0625985238E8,
I591833,1412,1.6524569213E8,2030-01-01
I595278,255,7086800.86,2030-01-01
I598597,-712,9.073552363E7,2025-09-17
I601551,-1970,1.8861561558E8,2025-10-22
I603034,800,1.0880740018E8,2030-01-01
I598524,1914,2.127479078E8,
I608666,1618,1.496600503E7,2030-01-01
I618679,-970,8.1449813E7,2025-10-16
I629060,1402,1.4436111858E8,
I631695,727,9.729734349E7,2030-01-01
I634047,1353,2.615121987E7,
I635583,-1204,1.0836710213E8,2025-09-21
I646189,-307,1.707153918E7,2025-09-06
I647989,1684,1.0584259841E8,2030-01-01
I648533,1299,7.97881206E7,2030-01-01
I657492,365,3.91299018E7,
I658308,925,8.171624083E7,2030-01-01
I661255,1569,2.026539702E7,
I663070,-1303,1.8383705257E8,2025-10-05
I676707,-152,5217769.52,2025-10-09
I685276,500,4.976674402E7,2030-01-01
I685507,539,6.531883114E7,
I697114,78,232249.58,
I698582,-1929,5.550987231E7,2025-10-31
I700086,-1140,4.859668888E7,2025-09-26
I591804,-86,1.060166344E7,2025-10-03
I595719,-1371,7.665416949E7,2025-10-22
I596811,769,4.689927484E7,2030-01-01
I605478,1175,1.0266064082E8,2030-01-01
I609831,495,2.558497656E7,
I610056,-1799,1.2100933544E8,2025-10-07
I619228,1996,0.0,2030-01-01
I620709,-1433,7.068193044E7,2025-10-10
I621734,1769,1.566446464E7,
I621876,854,5.200955719E7,
I625332,1682,1.3328716085E8,
I627781,391,4.908394873E7,
I627867,653,8080859.99,2030-01-01
I636886,-710,6265722.38,2025-10-07
I653438,1603,8.519729151E7,
I664765,-309,1.411374779E7,2030-01-01
I665577,388,2.633957578E7,2030-01-01
I667531,757,5423754.76,
I668302,1080,1.3380556215E8,
I672830,-296,2.139705349E7,2025-09-17
I675748,1743,7.115188121E7,2030-01-01
I675900,932,2.825266012E7,2030-01-01
I676680,1436,2.1070855297E8,2030-01-01
I680535,-547,5.95949933E7,2025-10-15
I682263,574,5.745749808E7,2030-01-01
I687755,594,9631779.31,2030-01-01
I691475,-1885,8.47851421E7,2025-09-25
I692663,249,1.013583857E7,2030-01-01
I698587,1207,1.6406240715E8,
I698883,1766,7.338945399E7,2030-01-01
I698937,1899,9.707137387E7,2030-01-01
I706233,120,3292586.22,
I706934,-1064,8.095229112E7,2025-10-20
I592894,336,2.977503362E7,2030-01-01
I597796,-1247,8.804666844E7,2025-10-23
I593375,1163,7.282828577E7,
I597329,984,1.3337971897E8,
I597542,983,1.1807580855E8,
I606120,879,2.33442508E7,
I613567,1069,1.3987161382E8,
I622473,-1339,1.5288918595E8,2025-09-27
I626266,-1764,2.2119847012E8,2025-10-08
I629270,1414,1.0253754307E8,
I630910,1575,4.650333344E7,2030-01-01
I637081,-1362,7099027.27,2025-09-07
I637352,1962,1.5113159216E8,2030-01-01
I645635,349,2.792273508E7,
I646988,462,2.976745848E7,
I649374,-74,7935670.59,2025-10-09
I653706,-1011,1.0568673833E8,2025-09-15
I662492,1611,1.3131572164E8,
I665216,76,1.096867102E7,2030-01-01
I668097,1201,4.119955134E7,2030-01-01
I673373,632,6.212402187E7,
I674736,-352,1612040.55,2025-09-25
I676329,-1698,1.2416720667E8,2025-10-30
I676533,-962,6266643.08,2025-10-25
I679441,-1268,1.2208100408E8,2025-09-26
I679679,-1694,1.9220604428E8,2025-10-18
I682898,1983,1.6303393987E8,
I683660,1195,1.1738188811E8,
I687305,-1227,5.271156296E7,2025-09-12
I688835,739,2.357879029E7,
I690025,1040,7.048952562E7,2030-01-01
I693273,656,3.008598259E7,2030-01-01
I693549,1385,4.464498707E7,2030-01-01
I701086,1200,6.658116125E7,
I595140,64,8526093.91,2030-01-01
I598463,-710,7.308129721E7,2025-10-25
I607475,874,7.569086076E7,2030-01-01
I607478,-1369,1.2535600988E8,2025-09-24
I610834,228,6257713.33,
I611761,1442,1.459661791E7,2030-01-01
I612151,-187,1.126958787E7,2025-10-01
I614308,-1200,7.392064526E7,2025-09-27
I620686,1538,4.714654452E7,
I627947,1016,1.3962525473E8,2030-01-01
I640421,-1681,7.029596463E7,2025-10-09
I642764,-1853,0.0,2025-09-10
I643951,1832,6.092452286E7,2030-01-01
I644554,640,4.997846711E7,2030-01-01
I648603,1641,1.2544076306E8,2030-01-01
I650003,1502,5.576630797E7,2030-01-01
I655704,-860,9.572371248E7,2025-10-27
I661901,469,2.512618712E7,
I664398,-529,7.206316937E7,2025-10-29
I667755,-509,3.251289604E7,2025-10-27
I671245,-824,3949017.12,2025-09-28
I673649,-1620,2.1078901397E8,2025-09-24
I675440,-1787,1.5786678092E8,2025-10-21
I678878,99,7757558.83,2030-01-01
I689721,467,1.805193667E7,2030-01-01
I690060,1657,7.117143802E7,2030-01-01
I696723,762,1.404562751E7,
I703837,1038,1.1605346044E8,2030-01-01
I593246,1790,2.2939036418E8,
I594454,962,1.199734735E8,
I601573,681,6.223311249E7,
I604868,593,8.078761178E7,2030-01-01
I605191,-109,8118825.64,2025-09-15
I606684,1130,2.761256813E7,
I606871,377,1.174279646E7,
I613568,1842,2.6125995168E8,2030-01-01
I613662,1871,1.0988486682E8,
I614647,1154,1.0181304339E8,
I616536,901,8.240051282E7,2030-01-01
I620502,1150,8.767404889E7,2030-01-01
I621873,-1205,1.2741827651E8,2025-09-13
I624910,-875,4.539673331E7,2025-10-22
I624949,761,1.441075318E7,
I625777,1866,2.6055085423E8,
I630570,1125,1.2780600008E8,2030-01-01
I631337,972,1.3722849643E8,2030-01-01
I637655,107,1.381496109E7,2030-01-01
I640067,-1185,6.3483848E7,2025-10-17
I646346,597,5.04618049E7,2030-01-01
I654737,259,2.968280756E7,2030-01-01
I656388,88,7683823.5,
I661832,954,5.48351028E7,
I663875,1430,1.33820722E8,
I666191,-1661,6.752416114E7,2025-09-20
I668718,1626,2.619455999E7,2030-01-01
I671814,1931,2.2399916173E8,
I672564,495,7.289843347E7,2030-01-01
I675735,250,2.330545604E7,2030-01-01
I684289,-1108,1.6120210203E8,2025-09-13
I686721,976,1.4014169401E8,
I687197,1397,1.8837921542E8,2030-01-01
I687309,1100,1.0794412169E8,2030-01-01
I689299,-1389,1.9945524731E8,2025-09-03
I696111,-1054,3127407.59,2025-09-13
I696504,1752,1.1421085638E8,2030-01-01
I700808,1966,1.8498083346E8,
I597513,687,8.572486308E7,2030-01-01
I598492,680,1.0178687194E8,2030-01-01
I605454,1426,7.89042388E7,
I612561,421,3.971467078E7,2030-01-01
I615082,1171,1.6358050174E8,2030-01-01
I615575,-117,231100.54,2025-09-04
I620385,1513,2.1522188384E8,2030-01-01
I624856,-1821,2.0261508878E8,2025-09-17
I628324,-135,1.042299343E7,2025-10-14
I634616,1684,1.2502423119E8,
I642278,401,0.0,
I644646,445,1.570896436E7,
I652503,1589,2.3803477014E8,
I657388,-1486,2.1139308464E8,2025-10-03
I664930,-1587,7.065903923E7,2025-10-07
I668073,-1556,2.2162716488E8,2025-10-25
I668138,1473,2.410879244E7,2030-01-01
I668436,-1344,6.969717244E7,2025-10-30
I672494,-619,7.064878368E7,2030-01-01
I673410,677,2.781214686E7,2030-01-01
I679516,1249,1.4706545037E8,2030-01-01
I679987,-1118,1.331027663E8,2025-10-22
I687669,1229,1.293055191E8,
I690607,1082,8.460330898E7,2030-01-01
I692291,1301,4.591474256E7,2030-01-01
I694071,1812,2.1368710898E8,2030-01-01
I697503,1335,1.0990979533E8,
I699483,1838,1.2439197314E8,2030-01-01
I701095,-1424,2.203056221E7,2025-09-12
I706526,1328,7.784751134E7,2030-01-01
I597095,754,9.133337371E7,2030-01-01
I598088,-833,2.59561669E7,2025-09-25
I603946,-494,5.031380898E7,2025-10-24
I606359,237,1.191885E7,
I608541,1571,9279001.63,
I613200,1471,1.7061955173E8,
I614190,1525,3.028439164E7,2030-01-01
I614387,1390,1.056457044E8,
I617877,-1928,1.268809632E8,2025-10-18
I621982,-240,2.646255677E7,2025-10-12
I623676,1541,2.0655895574E8,2030-01-01
I624307,572,4.174190342E7,
I626539,1826,1.183449734E8,
I628419,134,1.858253636E7,
I630256,1212,1.0189298995E8,
I632995,1575,1.4401077112E8,
I633728,-628,719916.41,2025-10-14
I636828,196,2.115762984E7,2030-01-01
I639136,115,8597926.75,
I639828,-1606,1.2443691196E8,2025-10-15
I646019,-1183,4.880839992E7,2025-09-11
I655713,-1182,1.325353591E8,2025-10-22
I657001,-1111,1.0944343433E8,2025-09-13
I658106,1658,1.957639462E8,2030-01-01
I660312,1349,1.1149587252E8,
I661582,-899,6.235955423E7,2025-09-12
I673471,-92,6022619.02,2025-10-28
I675367,1065,1.1787491724E8,
I682156,1509,1.8986543029E8,2030-01-01
I686745,467,5.605831608E7,
I697156,1996,2.8541333211E8,2030-01-01
I697171,1132,1.4137507774E8,
I697671,1726,8.547820313E7,2030-01-01
I698261,-360,2.188892198E7,2025-09-14
I706802,1189,1.5704093801E8,2030-01-01
I595623,1276,8.805291719E7,2030-01-01
I597456,-478,2.911438902E7,2025-10-19
I597819,1320,7332462.66,
I599132,376,2.076357803E7,
I604799,1159,9.269725586E7,2030-01-01
I605118,542,6.304100034E7,2030-01-01
I605497,-763,6.510120667E7,2025-10-21
I608484,-1242,5.506514258E7,2025-09-25
I609054,1396,8.911380633E7,2030-01-01
I611620,1410,2.735321432E7,2030-01-01
I612800,-580,3.962354447E7,2025-10-22
I615090,934,2.820897041E7,
I615316,-205,2.243543472E7,2025-09-26
I627671,-799,9.270766501E7,2025-09-21
I631101,318,3.185081585E7,2030-01-01
I632705,786,0.0,
I634291,-785,8.251002567E7,2025-09-07
I637454,1604,5.297659091E7,
I644919,1035,1.1527999349E8,
I652072,-773,9.830062227E7,2025-10-24
I662777,1455,3.910616958E7,
I670757,149,9632738.97,
I671613,1991,0.0,2030-01-01
I676122,-1946,4.116991776E7,2025-10-22
I683176,356,3.529681742E7,2030-01-01
I685545,-865,3.933662422E7,2025-10-20
I687548,326,4.129427138E7,
I689595,880,3.537055999E7,2030-01-01
I691401,-1127,1.0422452542E8,2025-10-11
I692228,403,3.120471519E7,2030-01-01
I694991,-736,1.0445541622E8,2025-10-26
I699411,199,1.72326119E7,
I699535,1013,3.000415422E7,2030-01-01
I699859,349,1.113644202E7,2030-01-01
I701934,-836,6.419999927E7,2025-09-13
I706020,-1036,5.576210878E7,2025-10-17
I706263,1455,8.216524537E7,2030-01-01
I591487,-1925,3.687248632E7,2025-09-28
I591978,1355,7.442190461E7,2030-01-01
I595207,-493,5136800.91,2025-09-15
I597430,1773,2.0370609874E8,2030-01-01
I597452,807,8.54304714E7,
I603430,1666,3606599.72,
I606239,488,8302170.91,2030-01-01
I606275,-581,8.240449917E7,2025-10-31
I606391,1439,5.995967201E7,2030-01-01
I608296,1110,4.787544982E7,2030-01-01
I611939,-1103,6942188.51,2025-09-04
I619179,765,8.111160115E7,
I621050,-533,7.391207172E7,2025-10-26
I622906,-1362,4.045012072E7,2025-09-30
I624125,-585,7.035065123E7,2025-09-30
I624383,1553,1.627596185E7,
I630975,797,1.577242538E7,2030-01-01
I633154,-1517,5.330395938E7,2025-09-02
I636031,-707,4.231830737E7,2025-09-09
I637120,601,7.724557981E7,2030-01-01
I639442,912,1.05546177E8,2030-01-01
I642896,1150,2.838503414E7,
I643430,-749,1.603668191E7,2025-09-18
I643432,1000,4415487.34,2030-01-01
I647474,-1378,1.1540060743E8,2025-10-24
I647655,-1089,1.844687612E7,2025-09-08
I650473,228,1.272154399E7,2030-01-01
I655242,-963,1902116.27,2025-10-01
I657630,-357,4.771353827E7,2025-10-06
I659250,1626,1.8463060233E8,2030-01-01
I663885,1699,1.4045846555E8,
I677385,-196,8194712.35,2025-10-09
I678734,406,3.980240754E7,
I679064,635,5.518797118E7,
I679793,-228,2.40619668E7,2025-09-13
I680734,1426,1.9483048205E8,2030-01-01
I684875,-1441,1.3030252661E8,2025-10-14
I684966,-521,3.593778523E7,2025-10-27
I688528,1323,1.3277675562E8,
I691618,-1781,1.4944855626E8,
I691772,164,6857081.93,2030-01-01
I692109,92,7211457.97,2030-01-01
I699418,-831,6.471861401E7,2025-09-10
I700089,1711,3.410200786E7,
I701849,497,6.203705899E7,
I703818,1369,1.806983449E7,2030-01-01
I706874,625,1.827912032E7,
I594524,1962,1.2234842468E8,2030-01-01
I597069,356,2.208660335E7,2030-01-01
I602048,-1244,6.884532174E7,2025-10-19
I602153,1350,5.47899203E7,2030-01-01
I597907,674,4.237762327E7,
I598486,1559,2.1050958988E8,
I599329,695,6.439494939E7,
I622610,-1166,6.596700344E7,2025-09-17
I622799,-1162,1.06014438E7,2025-10-20
I623361,57,5302995.72,
I626035,314,2.922118662E7,
I630028,315,2.503580133E7,
I635325,-1842,1.2374078431E8,2025-09-12
I635854,-542,5.316168723E7,2025-09-04
I644230,530,1.005800201E7,
I647566,1742,1.3979088536E8,
I647684,54,2262080.75,2030-01-01
I647946,847,0.0,2030-01-01
I648085,147,1.157981295E7,2030-01-01
I648631,-1884,1.7536875881E8,2025-09-04
I648821,102,1.458764333E7,2030-01-01
I652268,642,8.547008768E7,
I668237,-167,4437489.72,2025-10-19
I669573,668,9.360876775E7,2030-01-01
I671926,1436,1.560675262E7,2030-01-01
I678492,-216,7683466.76,2025-10-23
I679080,985,1.2242076239E8,2030-01-01
I680009,1364,6559019.36,
I697406,1903,1.9933346277E8,2030-01-01
I697537,-58,2921933.28,2025-09-30
I700888,834,5.253010256E7,2030-01-01
I701735,-1545,5.971407926E7,2025-09-11
I709136,1846,1.1712417333E8,2030-01-01
I714909,-800,4.009633101E7,2025-09-27
I720822,-448,3.248926206E7,2025-10-25
I720957,1018,1.1467165444E8,
I721174,-1455,4826411.19,2025-09-24
I723845,1449,1.9192339922E8,
I730218,579,6.211603124E7,2030-01-01
I733366,522,1.438732911E7,2030-01-01
I733371,703,2.651363045E7,2030-01-01
I733604,-1471,1.2949852683E8,2025-10-23
I743717,-1978,1.9540724177E8,2025-09-10
I754327,-1729,1.4912240423E8,2025-10-31
I757884,110,2531227.86,2030-01-01
I759085,1636,1.8827169014E8,
I759734,-1939,2.7144355029E8,2025-09-12
I769196,-1909,7.587998216E7,2025-10-25
I770223,1023,8.354845383E7,
I771127,88,852133.81,
I771619,71,4684939.41,2030-01-01
I773452,1471,8.878919167E7,2030-01-01
I786004,-1324,8.969273251E7,2025-10-03
I790880,217,2.62997677E7,2030-01-01
I792094,-1271,2.799811157E7,2025-09-25
I794931,1085,1.0178864838E8,2030-01-01
I797503,-511,3.546969769E7,2025-10-04
I801195,217,2.986675004E7,2030-01-01
I808403,-657,5.679131198E7,2025-09-08
I810703,650,7401747.39,2030-01-01
I814506,1395,1.4025321065E8,
I819055,440,1.886733434E7,
I713864,-1969,1.8364524285E8,2025-09-17
I717000,-1973,2.8801631985E8,2025-09-17
I710157,1177,6.389792101E7,
I712788,1682,1.5544872185E8,
I714900,722,6.893386751E7,
I718017,1767,1.2866265189E8,
I722458,-1887,2.6080110465E8,2025-09-25
I725445,92,4932801.87,2030-01-01
I730121,518,7.413999588E7,2030-01-01
I735477,1982,1.657707956E8,
I741372,1132,1.5441135686E8,
I743097,1766,2.2260429339E8,
I750286,513,6.572839393E7,
I751434,-812,1.1331361826E8,2025-10-19
I754399,506,6.096670185E7,
I757932,87,1364152.41,2030-01-01
I767273,-1047,2.284654088E7,2025-10-09
I767631,1124,3.381064191E7,
I769413,-898,1.10666687E7,2025-09-01
I770381,1424,1.4465887772E8,
I772478,1459,2.1409397865E8,
I777436,311,6442609.84,
I778015,-1299,6.025853187E7,2025-09-21
I778599,-897,1.2251691887E8,2025-10-05
I779082,-1401,4.938566615E7,2025-10-28
I780297,-1797,2.0591813648E8,2025-10-18
I786610,518,2.020298088E7,2030-01-01
I787650,-245,3.395456303E7,2025-10-05
I791449,-179,1.305818557E7,2025-09-18
I792932,415,4.882665259E7,
I796888,1068,0.0,
I796924,1517,4.632133865E7,
I797090,-815,8.36083135E7,2025-10-29
I798519,1142,1.6960183206E8,2030-01-01
I800393,994,2.260386813E7,
I801439,191,2.637882244E7,
I801799,1918,1.9303409163E8,2030-01-01
I804240,1297,1.123483139E7,2030-01-01
I813220,1599,2.0398637257E8,
I813703,1997,9.913011075E7,2030-01-01
I822246,-1251,1.7145003978E8,2025-10-30
I822934,1347,6.730060321E7,2030-01-01
I711854,-382,4.879111061E7,2025-10-13
I712962,924,7.523166898E7,2030-01-01
I720684,829,4.326150231E7,
I721444,-1079,1825947.98,2025-10-12
I721602,1928,3.437342246E7,2030-01-01
I727230,-1636,3.203124478E7,2025-10-31
I727664,-1078,1.394910854E7,2025-09-28
I728990,-613,5.921051199E7,2025-09-02
I735203,-380,3.735961349E7,2025-10-27
I737967,-668,1.908582673E7,2025-10-11
I742521,404,1.613080249E7,2030-01-01
I744802,1789,2.453754305E8,
I745189,506,4.573902199E7,
I746974,-499,5.249069493E7,2025-10-26
I748179,528,5.544959615E7,2030-01-01
I751949,1647,1.4607660098E8,
I753781,1180,1.7435617476E8,2030-01-01
I756442,-299,2.307685333E7,2025-10-04
I758681,771,5.191373014E7,
I763644,-204,8147382.47,2025-10-15
I770169,-202,2.418765238E7,2025-10-03
I774953,309,4.215838631E7,2030-01-01
I777300,548,8076360.79,
I778454,689,4.872771735E7,
I784914,-1645,7.621253825E7,2025-10-09
I785546,227,9436304.81,
I785602,906,3.774230083E7,2030-01-01
I785734,52,3957411.0,
I786935,1955,2.8380152832E8,
I788951,957,7.665609783E7,2030-01-01
I791323,1216,8.549359558E7,
I800526,-369,3.843850477E7,2025-10-26
I803327,1295,1.5191163424E8,
I808638,-1210,3.781215061E7,2025-09-03
I808926,751,9401053.0,
I811497,1494,1.391189805E7,2030-01-01
I822130,368,4.688553105E7,2030-01-01
I707920,-254,1.369765162E7,2030-01-01
I718237,952,4.226364282E7,
I724863,517,1.65785179E7,2030-01-01
I729789,-962,9.263466458E7,2025-10-08
I730039,1025,3.405939677E7,2030-01-01
I740822,817,1.962704417E7,
I747849,-1185,1.287332712E8,2025-09-01
I755923,763,1.026451591E8,2030-01-01
I757465,1116,7.963739367E7,2030-01-01
I760404,-1282,1.2195761016E8,2025-09-11
I761780,202,2.084749101E7,
I763001,-1570,1.3722786165E8,2025-10-30
I766949,-1000,1.3644849287E8,2025-09-13
I767471,933,1.0952731178E8,
I773188,708,8.378424792E7,
I775573,-548,6948898.85,2025-10-31
I780182,137,6673816.37,2030-01-01
I781895,-294,1.17842969E7,2025-10-11
I782550,204,4547604.06,2030-01-01
I785301,-837,8.539233329E7,2025-09-08
I790165,-833,9.065166668E7,2025-10-23
I790873,-1167,1.637864352E7,2025-09-16
I796308,-1687,4.044295779E7,2025-10-12
I799399,501,5401603.96,2030-01-01
I805913,1289,2.620806495E7,2030-01-01
I807365,700,6.452945242E7,
I807584,896,5.281008039E7,
I817555,-543,7.560407389E7,2025-09-07
I821657,1892,1.252352282E7,2030-01-01
I822231,124,5341120.14,
I707863,-1876,4.794216683E7,2025-10-04
I709945,1858,1.6186741264E8,2030-01-01
I710040,1126,1.5532402059E8,2030-01-01
I715916,577,6.888330545E7,
I721699,1607,1.1757543502E8,2030-01-01
I724645,988,1.2480149416E8,
I725254,-911,5.184887942E7,2025-09-15
I725328,-1312,3.100163925E7,2025-10-21
I730702,1870,9.091070367E7,2030-01-01
I732212,1613,1.6109004307E8,2030-01-01
I736105,592,2.669600068E7,2030-01-01
I736248,279,3.448654669E7,
I736677,1142,1.5596996246E8,2030-01-01
I736968,807,9.517333451E7,
I737887,-130,5446394.91,2025-10-02
I739809,-1113,9.219406258E7,2025-10-29
I747734,-1333,7015848.39,2025-10-28
I749207,1517,1.1426037982E8,
I750507,1044,1.4377250193E8,2030-01-01
I752237,62,4080865.75,2030-01-01
I755734,-1776,2.469687047E8,2025-09-28
I759589,600,8.560774171E7,
I763277,950,5.983725802E7,2030-01-01
I764383,288,1.963979613E7,2030-01-01
I767129,-1984,2.3249987934E8,2025-09-01
I767373,-231,1.275550819E7,2025-10-12
I767721,-1979,2.885444954E8,2025-10-19
I768982,309,3738223.1,
I770951,965,1.4226922996E8,2030-01-01
I773305,-1187,5.274605228E7,2025-10-12
I776644,-1490,1.8356209383E8,2025-09-20
I779434,169,2.309527608E7,2030-01-01
I781320,509,7.452823673E7,2030-01-01
I782607,-1632,3.343103076E7,2025-10-08
I785830,-1685,2.1842335222E8,2025-10-25
I790361,200,1.219204237E7,2030-01-01
I793894,-129,1411004.2,2025-10-22
I807007,-871,1.0979324515E8,2025-10-23
I807412,696,8.355256251E7,
I811867,-1902,2.0909973469E8,2025-10-30
I818351,1579,1.828552401E7,2030-01-01
I818459,-610,1.942764152E7,2025-10-21
I818987,1569,4.014863739E7,
I820846,1635,6500292.89,2030-01-01
I821744,1153,3.341540149E7,2030-01-01
I708369,631,6.468424493E7,2030-01-01
I711745,1151,1.6048121086E8,2030-01-01
I707652,1723,1.9430520997E8,
I710425,1785,2.1208641276E8,
I711328,683,2.497658936E7,
I715461,248,1.014088042E7,
I720125,784,1.0861717276E8,2030-01-01
I722794,1298,8.45248682E7,
I740299,298,1.352034558E7,2030-01-01
I742689,906,1.2134896236E8,2030-01-01
I745900,1911,2.6081138987E8,
I748928,1417,1.9133735059E8,
I749177,1850,1.8447472313E8,
I749913,1565,1.8443154876E8,
I752225,743,3.727128519E7,2030-01-01
I754081,394,3082994.28,
I757245,-783,6.422916156E7,2025-10-11
I760177,-1624,1.1452554089E8,2025-10-08
I767235,-1954,2.4252370772E8,2025-10-12
I772454,425,3.202104125E7,2030-01-01
I773926,474,1.95451267E7,
I781744,-1995,2.5865904223E8,2025-10-25
I783032,-248,1.305407363E7,2025-09-07
I787854,396,1.352384679E7,
I798730,175,1.720778646E7,2030-01-01
I803640,-1611,2.4091746166E8,2025-10-08
I810613,509,4.493810891E7,2030-01-01
I814459,-1831,6.101478256E7,2025-10-25
I814951,678,7.771045153E7,2030-01-01
I821924,-1333,1.370254084E8,2025-09-23
I711230,-1720,1.867228935E7,2025-09-02
I726607,-136,1.775158483E7,2025-09-16
I726950,1305,9894971.83,2030-01-01
I727170,-200,6662441.27,2025-09-15
I740059,-1263,1.2122133815E8,2025-09-14
I741678,1882,7.485633274E7,2030-01-01
I742339,938,1.0185667767E8,
I745175,-169,2.129977147E7,2025-09-28
I745402,339,2.878168215E7,
I750294,-1054,1.0754500963E8,2025-10-03
I750303,1564,4.335173717E7,
I753044,-1599,1.4879503944E8,2025-10-08
I757611,1685,1.5647815436E8,2030-01-01
I766069,1780,2.0902055955E8,
I771243,1550,2.08647481E8,
I776834,-132,1.975325046E7,2025-09-29
I782421,692,2.334975504E7,2030-01-01
I786704,-236,0.0,2025-09-27
I789555,832,8.207236024E7,2030-01-01
I791064,898,1.0901859857E8,
I791360,-1533,4.405707537E7,2025-10-20
I791876,1800,7.526417412E7,2030-01-01
I794629,1270,0.0,
I799721,273,2.703746007E7,
I800791,909,8.310306835E7,2030-01-01
I801784,1186,9.307553854E7,2030-01-01
I804514,1203,1.2087906547E8,2030-01-01
I807895,-1438,1.275803564E8,2025-09-05
I809687,-634,2.384169161E7,2025-09-18
I811744,-903,9.217933258E7,2030-01-01
I811934,304,4.549509996E7,
I816361,-1161,4.164748443E7,2025-10-23
I819566,-757,8.702713762E7,2025-09-22
I707575,1452,1.859151507E8,2030-01-01
I711727,1732,4770504.16,2030-01-01
I712016,1787,0.0,2030-01-01
I715048,-419,4.495126476E7,2025-10-07
I716733,-1666,1.3052438925E8,2025-10-18
I719108,-1963,4.825820124E7,2025-10-15
I709768,1211,1.3078476404E8,
I722487,468,6.698916127E7,2030-01-01
I733669,1703,1.431031895E8,
I739162,1022,3.858522749E7,2030-01-01
I739313,701,1.0442166517E8,2030-01-01
I747856,-1285,2.242489407E7,2025-09-20
I748114,1597,1.3461349241E8,2030-01-01
I748750,56,7850177.91,2030-01-01
I750811,1571,9.057305233E7,2030-01-01
I752622,512,6.66047397E7,2030-01-01
I755279,1025,1.1781258523E8,
I756570,1370,1.6306377987E8,2030-01-01
I759570,-259,2.820153733E7,2025-09-19
I759606,1086,0.0,
I765301,737,3.802624607E7,
I769109,154,2.199641619E7,
I771145,1512,1.4517877507E8,2030-01-01
I778351,-616,7.209146454E7,2025-10-11
I784738,1164,1.4806879894E8,2030-01-01
I785939,-1916,3.401850982E7,2025-09-20
I788500,1341,7.585350086E7,2030-01-01
I788937,161,3325955.37,
I789887,1079,8.749256032E7,
I792311,1091,1.1024347225E8,
I800568,761,1.0771543333E8,
I803241,1396,1.8770812236E8,2030-01-01
I803484,1270,5.50762169E7,2030-01-01
I804015,-232,2.88666669E7,2025-09-11
I804884,913,1.0736351837E8,
I813005,-1506,1.0863595563E8,2025-10-31
I813878,-1119,2.474935236E7,2025-09-30
I815474,111,4103122.22,2030-01-01
I815734,213,1.492295743E7,
I816621,1876,2.6414565136E8,2030-01-01
I822155,1614,6.86053914E7,2030-01-01
I707367,-970,8.69717432E7,2025-10-26
I716171,-1504,1.8496530705E8,2025-09-05
I726125,1632,1.9094119071E8,2030-01-01
I726171,-798,4.324164415E7,2025-09-11
I736064,894,1.0295542029E8,
I745230,1587,5.336545406E7,
I745521,1742,4.443815238E7,2030-01-01
I748105,1919,1.862577377E7,2030-01-01
I753615,921,6.878753361E7,2030-01-01
I753858,1314,1.1176140918E8,2030-01-01
I755896,1439,1.0064102426E8,2030-01-01
I764717,537,2.952637413E7,
I771560,-1779,3.53392124E7,2025-10-21
I772021,550,5.232738576E7,2030-01-01
I775563,1979,2.895293127E8,2030-01-01
I775813,899,1.2647016998E8,2030-01-01
I775873,1349,3.007935627E7,2030-01-01
I776418,943,1.041293983E8,
I784257,1808,2.5101085992E8,2030-01-01
I788000,54,5981259.86,2030-01-01
I789172,1545,0.0,2030-01-01
I792148,-1846,1.589377304E7,2025-09-28
I797515,-97,2508731.04,2025-10-28
I802301,492,1.763309527E7,2030-01-01
I802899,899,1.238889409E7,
I804598,-1969,1.8196505713E8,2025-10-09
I810385,368,4.328843389E7,
I811172,656,9.320897213E7,2030-01-01
I815163,1344,6.466064745E7,
I818743,759,4.800977391E7,2030-01-01
I710260,-654,4.583296197E7,2025-10-27
I710494,-1557,1.1763383808E8,2030-01-01
I710308,1124,1.4656231923E8,
I713263,1370,1.8656952134E8,
I721280,-722,9.906140301E7,2025-09-20
I725020,-1196,8.175308233E7,2025-09-20
I730731,514,3.858196987E7,
I737085,579,7.113486938E7,2030-01-01
I739908,-1176,1.1662222359E8,2025-09-13
I750223,-1200,1.6807630498E8,2025-10-10
I752935,1278,4.354471101E7,
I754085,338,3.038735384E7,2030-01-01
I754732,-1341,8.409481556E7,2025-09-09
I755057,839,7.996071963E7,
I755710,-74,1467040.37,
I759199,1177,2.492578836E7,2030-01-01
I760164,-1420,8.764592975E7,2025-10-03
I760639,-1689,2.3621118357E8,2025-10-07
I763443,1640,2.3204351314E8,
I769833,442,6.607296872E7,2030-01-01
I772409,-695,4.649825606E7,2025-10-08
I772675,223,2.591270021E7,
I781929,1536,9.851624553E7,
I788818,-918,7.010661738E7,2025-09-03
I794366,1532,1.179000664E8,
I796569,-494,3832932.73,2025-10-07
I798515,503,1.713248193E7,
I800266,-238,1.255075474E7,2025-10-24
I801987,399,0.0,2030-01-01
I802368,238,2.481166722E7,
I804155,1589,1.9482576126E8,2030-01-01
I805974,-232,2.351044258E7,2025-09-30
I806606,907,1.263914312E7,2030-01-01
I806910,83,3049537.01,2030-01-01
I811758,338,408791.34,
I813344,-1083,4.901889584E7,2025-09-07
I820664,628,9.06802639E7,
I822618,281,8379987.24,
I712026,1046,2568154.07,2030-01-01
I712401,1333,7.24221896E7,2030-01-01
I713946,107,1.456159344E7,2030-01-01
I709026,1809,1.8689328327E8,
I722154,1899,1.1536545094E8,2030-01-01
I726399,-154,1.818799614E7,2025-10-04
I728160,-1308,1.459655371E7,2025-09-05
I732680,1443,4.252866747E7,2030-01-01
I737595,800,5.905088743E7,
I740504,-58,7289428.11,2025-10-01
I741158,490,4.57282034E7,
I748362,-1541,5.092707471E7,2025-10-19
I748524,955,8.385846765E7,2030-01-01
I753122,1647,1.7323285565E8,2030-01-01
I754737,-1484,1.2380424362E8,2025-10-25
I755623,291,1.426799818E7,2030-01-01
I756992,1149,2.415719314E7,
I757562,103,8688420.06,2030-01-01
I760213,-1023,1.1012971088E8,2025-09-30
I760757,-279,1.910332705E7,2025-09-14
I766519,838,2.617425728E7,
I776075,-586,8.703286888E7,2025-10-18
I792457,-1175,1.3586146221E8,2025-10-02
I796449,1925,1.8974596932E8,2030-01-01
I798849,-643,6.720181134E7,2025-09-20
I799581,180,1.806545512E7,2030-01-01
I800934,616,3670576.0,
I802047,-1502,1.4666600483E8,2025-10-29
I803930,-217,1.62395784E7,2025-09-17
I807889,240,2.605110676E7,
I808649,1430,6.608294317E7,2030-01-01
I813604,1260,1.8492622837E8,
I814645,1523,2.2119674189E8,2030-01-01
I818652,-1946,1.920297925E7,2025-10-05
I818869,-1806,5.866241173E7,2025-10-04
I707366,1775,1.6116855172E8,2030-01-01
I712760,-824,5.350688312E7,2025-09-25
I716837,-976,6.324152357E7,2025-09-25
I718355,73,7886457.3,2030-01-01
I714634,1691,1.0091947837E8,
I721249,-1920,1.020481891E8,2025-09-12
I722859,-1713,1949488.23,2025-10-25
I726556,417,3419320.46,2030-01-01
I731980,1526,2.200122121E7,
I739290,1834,7032206.12,2030-01-01
I740144,194,396277.09,2030-01-01
I745755,-594,3855918.64,
I746470,897,3.097534842E7,2030-01-01
I750742,-1513,9.00023294E7,2025-09-30
I757079,959,4.368225332E7,2030-01-01
I757829,673,7.622629094E7,
I761853,975,3.059780832E7,2030-01-01
I765471,-1960,1.4174650109E8,2025-09-12
I767764,659,2.658817521E7,2030-01-01
I770530,1139,8.528970747E7,
I770910,511,6.31195376E7,2030-01-01
I781427,753,4.509845672E7,
I782660,-1193,9.329782621E7,2025-09-06
I782699,-1154,4.695100646E7,2025-09-15
I787426,-1114,4742028.76,2025-10-18
I795503,-1238,1.663975787E7,2025-09-09
I797305,-297,2.810941934E7,2025-10-12
I800100,-1693,1.6434675203E8,2025-09-13
I806810,-615,6.292306132E7,2025-09-15
I807864,-1734,2.0695642071E8,2025-09-18
I812439,612,7.708905006E7,2030-01-01
I817608,-1041,1.0667223896E8,2025-10-27
I818216,1636,1.0195418599E8,
I831738,140,1.319896269E7,2030-01-01
I832700,1736,2.785735132E7,
I839342,-1634,2510573.7,2025-09-02
I846477,1250,1.767207339E8,2030-01-01
I847227,-751,8.770989721E7,2025-10-22
I848057,1179,1.868829147E7,
I849198,366,8686488.82,2030-01-01
I853405,706,4.619493857E7,2030-01-01
I854082,679,9.960532266E7,
I858384,-1445,1.698206228E8,2025-09-21
I861472,1421,1.5837323911E8,2030-01-01
I864361,113,1.188232323E7,
I865951,-710,7.949638151E7,2025-10-23
I869359,204,9725148.07,2030-01-01
I871991,-1396,5.101641205E7,2025-10-21
I875971,-1699,1.8442705327E8,2025-10-04
I877405,440,5.027485295E7,2030-01-01
I881758,71,2332002.24,
I890178,-1762,1.7581348506E8,2025-10-06
I893135,1677,1.4417135979E8,
I895898,1861,1.7405781798E8,2030-01-01
I896456,294,1.075074652E7,2030-01-01
I898061,-1498,3.907265543E7,2025-09-21
I900085,856,4.540451217E7,2030-01-01
I901703,-1718,1.2572283329E8,2025-09-02
I901768,-516,3.87149347E7,2030-01-01
I907072,-1771,1.502389447E7,2025-10-19
I913043,1832,1.1107308019E8,
I913073,1988,4.258512771E7,2030-01-01
I917160,1289,1.2639094932E8,
I917657,1156,1.3423812846E8,2030-01-01
I922415,-716,1.0402153254E8,2025-10-03
I926302,1953,5.09122418E7,
I926418,-138,7617775.26,2025-09-18
I929129,436,3.223979773E7,2030-01-01
I934208,1974,1.8091123802E8,2030-01-01
I935096,1660,1.099981045E8,2030-01-01
I938264,-1175,1.7306760769E8,2025-10-25
I938485,118,1.2596955E7,2030-01-01
I824297,1681,1.0414292547E8,2030-01-01
I824863,-1131,1.2915092879E8,2025-10-15
I827307,1962,6.102283249E7,2030-01-01
I829604,-389,1.644617198E7,2025-09-05
I825700,203,2.669724451E7,
I828843,1402,1.6413538066E8,
I832005,763,2.633640808E7,
I838575,1789,2.5838001678E8,2030-01-01
I840639,1302,1.6182113248E8,
I846879,-1308,6.495446113E7,2025-09-23
I847838,277,3.535587779E7,
I854958,1093,1.3565634753E8,2030-01-01
I859165,1768,1.2018052415E8,
I860147,-328,2.268142846E7,2025-09-06
I862882,1567,4.991573363E7,2030-01-01
I863429,206,2.070131956E7,2030-01-01
I866078,-1683,2.1845517997E8,2025-10-24
I869796,120,8496190.66,
I878355,1349,4.29957452E7,
I891540,1523,9.520243768E7,
I896031,418,5.492404367E7,2030-01-01
I898870,-1524,4.508425293E7,2025-10-30
I899322,-764,4.678743985E7,2025-09-24
I904245,1100,1.4191072139E8,2030-01-01
I905245,-188,2.781227483E7,2025-09-18
I910450,-1676,8.265747626E7,2025-09-27
I914863,-1761,7.771776424E7,2025-09-24
I923193,-1628,2.4153811147E8,2025-09-28
I924254,-253,3.043338018E7,2025-09-21
I926318,591,2.199097394E7,
I927077,1222,1.777190009E7,2030-01-01
I929824,350,4.099514981E7,
I932903,821,1.1559828108E8,
I938001,149,1.442889636E7,
I938271,124,1.022336299E7,2030-01-01
I827390,-138,7362589.42,2025-10-13
I833869,1890,1.9339614306E8,2030-01-01
I834935,352,2.346029224E7,
I835826,-1176,5.137540425E7,2025-10-29
I838001,422,4.917668137E7,2030-01-01
I839232,-1477,2.069454946E7,2025-10-13
I851225,-1909,3.934897862E7,2025-10-05
I852428,-309,2.217976078E7,2025-10-08
I853207,987,5.258143822E7,
I853223,-871,1.023452853E8,2025-10-07
I856086,1452,1.6308183238E8,
I859366,569,849916.44,2030-01-01
I862850,-449,4.543309064E7,2025-10-06
I868781,-1983,8.310318722E7,2025-10-16
I874247,-199,1.418844554E7,2025-10-16
I877581,960,1.2037678672E8,
I883346,-1160,1.4587040093E8,2025-09-16
I884122,-1619,9.060567121E7,2025-10-07
I884168,1307,1.021682269E7,
I890045,374,3.776514839E7,2030-01-01
I900601,770,7.379824157E7,2030-01-01
I900636,1413,1.439619388E8,2030-01-01
I902232,-431,4.490861684E7,2025-09-03
I902603,-180,2.397271698E7,2025-10-28
I903150,-92,1.09965912E7,2025-10-24
I911726,1679,5.789780952E7,2030-01-01
I915227,-1275,2.115663191E7,2025-09-02
I917228,1200,6.732601697E7,2030-01-01
I917511,1339,1.5395387968E8,
I929783,1569,1.4680969117E8,2030-01-01
I930649,985,9.290109025E7,2030-01-01
I934851,-1872,6.356832469E7,2025-09-15
I935069,1928,2673169.75,
I826100,-487,4.806190221E7,2030-01-01
I833397,1343,7.236752732E7,2030-01-01
I830408,460,2.944194202E7,
I831240,1427,8.479968801E7,
I839257,1664,1.6746033275E8,2030-01-01
I849820,1785,3.416588917E7,
I849906,-895,2.380874589E7,
I853342,-1157,1.0343494805E8,2025-10-10
I858411,-1123,9.573542339E7,2025-09-19
I861688,-1581,1.9448701201E8,2025-09-13
I861909,-887,5.273415901E7,2030-01-01
I863369,-644,0.0,2025-09-25
I864676,1024,8.354570128E7,
I865157,1177,1.545302069E7,
I866818,-828,1.2030142453E8,2025-10-30
I871056,608,7.82168545E7,2030-01-01
I872032,1746,1.2315963813E8,
I879192,1012,1.498567137E8,
I882239,134,7420130.21,
I882645,1121,9.463420607E7,
I883158,1645,8.985914445E7,
I883286,1533,1.0438724243E8,
I891845,140,1.708680848E7,2030-01-01
I895261,1656,2.1687628282E8,2030-01-01
I896451,490,5873900.75,
I897659,-627,6.186971436E7,2025-09-09
I900202,-218,2.036964264E7,2025-10-26
I900280,-671,0.0,2025-10-12
I902240,1821,2.5496878558E8,
I904926,1384,5456561.97,
I906596,93,1031914.56,2030-01-01
I914488,603,2.668172455E7,2030-01-01
I919422,-171,2.251993631E7,
I921582,889,1.0938531262E8,
I926691,1128,1.4852960196E8,2030-01-01
I929969,1130,1.4329417109E8,2030-01-01
I930782,-837,4.22094391E7,2025-10-18
I823239,1730,2.4104433528E8,2030-01-01
I828317,678,1.339015992E7,2030-01-01
I829029,-1943,1.4329916979E8,2025-10-24
I829647,1568,7.647850587E7,2030-01-01
I835404,239,2.96242933E7,2030-01-01
I837986,1843,5992029.97,
I839050,596,4982488.69,
I839128,-1098,3.913730354E7,2025-10-01
I848271,448,1.815345785E7,
I851920,217,1.970243097E7,2030-01-01
I851939,-1295,8.135378352E7,2025-10-06
I853163,116,6569876.11,2030-01-01
I855062,-1612,5.31835715E7,2025-09-06
I857033,-1931,9.804338748E7,2025-09-03
I858644,1065,9.229013713E7,2030-01-01
I858927,59,5167191.91,
I860833,-260,3.331810681E7,2025-09-03
I860985,1628,2.3853411789E8,
I867716,1883,2.188304031E7,
I869114,-118,4078450.02,2025-10-26
I870878,251,1.017836853E7,
I877121,875,9.197381171E7,2030-01-01
I887855,-1003,1.1250862735E8,2025-10-21
I889429,151,7835887.92,2030-01-01
I889632,1594,9.520413616E7,2030-01-01
I892609,759,1.0326477668E8,2030-01-01
I893212,1313,4.628650183E7,2030-01-01
I894132,1543,8.008771525E7,
I902880,305,1.421969728E7,2030-01-01
I904494,1428,1.7129049582E8,
I906335,1246,6.713087997E7,
I906971,-1289,2.459225883E7,2025-10-22
I907022,1121,3.023767257E7,2030-01-01
I915320,1105,2311370.36,
I916326,1066,2.972917595E7,2030-01-01
I929592,591,7.24081861E7,
I930113,-1056,8.531829725E7,2025-09-14
I932094,-975,1.623782471E7,2025-10-13
I825302,1259,1.5909868321E8,2030-01-01
I826336,-227,1.418870126E7,2025-10-04
I829366,413,5.766122809E7,2030-01-01
I827332,1798,1.0675543291E8,
I834318,1192,1.201253328E7,
I838382,1149,1.6327755493E8,2030-01-01
I838888,303,2.35133995E7,2030-01-01
I839666,637,8.555975042E7,
I842321,-1293,3.58795868E7,2025-10-21
I847233,1086,1708711.7,
I848396,-311,1.165280396E7,2025-09-01
I849863,-1967,4059463.59,2025-09-14
I850561,1869,1.7039791839E8,2030-01-01
I851913,296,4.415563719E7,
I852451,-960,1.3689968586E8,2025-10-15
I857246,784,1.517619934E7,2030-01-01
I864297,262,2.068865518E7,
I865879,1619,2.1480114863E8,
I866460,1367,1.1606088523E8,
I874722,322,2.666278156E7,2030-01-01
I877593,-871,8.88654627E7,2025-09-28
I878045,-617,6.326972689E7,2025-09-15
I880691,427,3.239861663E7,2030-01-01
I882269,-1058,1.1772988455E8,2025-09-03
I882546,1148,6.278472568E7,
I886272,1884,7.750817605E7,2030-01-01
I887412,-1389,2.971811067E7,2025-09-14
I888048,-1790,6609160.93,2025-09-17
I889150,1546,2.3055288056E8,2030-01-01
I892077,380,2.310721329E7,2030-01-01
I893875,1504,6.502436152E7,
I904246,1756,2.5125239826E8,
I905759,851,6.966695644E7,2030-01-01
I906562,-1550,1.8624429387E8,2030-01-01
I907525,1566,1.566627318E7,
I908080,-1712,1.8091532393E8,2025-10-29
I908132,-999,2.706371817E7,2025-09-20
I910053,194,1.661459334E7,2030-01-01
I912146,-1017,1.1330254493E8,2025-09-15
I914498,-1967,4019873.19,2025-10-04
I921781,1521,2.0150732172E8,
I930893,1278,1.7047483854E8,
I933387,-460,4.46680427E7,2025-09-18
I934878,-1642,8.337888185E7,2025-10-02
I936384,1008,9892892.86,2030-01-01
I936787,-1269,3991308.1,2025-10-12
I825989,-1730,8.084046354E7,2025-09-28
I826537,1724,1.440955371E7,2030-01-01
I837342,-1852,1.6141931426E8,
I838380,-245,9218289.67,2025-09-05
I838400,1110,1.4573105291E8,2030-01-01
I839006,-1088,4420175.1,2025-10-01
I842801,920,7.978697144E7,
I844723,-1884,1.9008425279E8,2025-09-08
I844948,-166,7937420.27,2025-09-05
I863070,1507,3.908958449E7,2030-01-01
I873562,1790,2.2181546826E8,2030-01-01
I875390,1989,2.411912557E7,
I877793,-245,930210.96,2025-10-12
I881397,-673,1.037449911E7,2025-09-24
I886637,399,2.003459244E7,2030-01-01
I888711,-547,4656887.51,2025-09-17
I893553,1796,2.4975273162E8,2030-01-01
I895013,1066,6.895067926E7,2030-01-01
I896104,909,1.131854299E8,
I901233,1879,1.1353346939E8,
I903307,1395,6.10245725E7,
I905805,-979,1.1253816616E8,2025-10-24
I907690,-698,4.198172497E7,2025-10-27
I915412,1508,1.989631343E8,
I922311,1334,5.520646827E7,2030-01-01
I928678,-1207,9.92702285E7,2025-10-01
I930222,325,1.190326413E7,
I930282,-1476,2.806650553E7,2025-10-06
I930473,-117,1.73278155E7,2025-10-22
I930781,1596,3.397514028E7,
I938426,606,4.903916421E7,
I828915,-1343,1.5202140603E8,2025-09-25
I829707,-205,1.545506219E7,2025-10-08
I830107,823,9.165270855E7,2030-01-01
I832728,488,3.515421045E7,2030-01-01
I834375,-255,3.127083783E7,2025-09-25
I830370,1641,2.3386424536E8,
I837748,-1668,2953932.27,2025-10-28
I839799,1360,4.820027742E7,
I840561,392,2.062607893E7,2030-01-01
I842574,604,2.317171014E7,
I843629,-1954,3.89922934E7,2025-09-25
I846755,-1636,1.0769750989E8,2025-10-25
I849267,167,2.146793962E7,
I850797,1497,4.413253803E7,2030-01-01
I852302,1668,1.6192467784E8,
I854770,-1439,8.310422579E7,2025-10-10
I858421,1634,2.956547609E7,
I859592,1804,7.029656925E7,
I861600,1431,1.4131072689E8,
I867214,-1262,1.3629872739E8,2025-09-13
I871922,1344,1.4682601261E8,2030-01-01
I874070,-1590,8.481282237E7,2025-09-20
I879529,529,4031473.67,2030-01-01
I882707,97,7357792.45,
I884826,-1962,1.535797737E8,2025-09-20
I889885,-1508,1.7186749631E8,2025-10-04
I891871,-1670,2.1444633996E8,2025-10-29
I893534,1598,1.8528025424E8,
I901585,1978,1.1849982717E8,2030-01-01
I902765,1211,1.558725094E8,
I912190,-1654,1.0460428505E8,2025-09-05
I919786,-191,1760331.73,2025-10-08
I926653,-330,2.034232223E7,2025-10-27
I929467,1652,2.0976080141E8,2030-01-01
I929942,-206,9639091.37,2025-09-14
I936865,386,3.809127742E7,2030-01-01
I827142,-243,4544312.81,2025-09-06
I831806,-1811,2.2845953188E8,2025-09-25
I830369,1241,1.7590610377E8,
I834885,508,7781831.12,
I835956,439,2.712337222E7,2030-01-01
I838579,451,4.756116413E7,2030-01-01
I841897,1140,5.06933631E7,2030-01-01
I843199,441,1.689772685E7,
I847275,893,4.522930882E7,2030-01-01
I847742,1377,1.0854848375E8,
I849372,81,1.053716723E7,
I854487,1336,4568328.3,2030-01-01
I855095,-1552,5.852151518E7,2025-10-16
I855139,1363,1.5338962876E8,
I858671,-1816,1.245157611E7,2025-09-29
I858897,1032,609082.61,2030-01-01
I859271,264,1.641770662E7,
I865786,-1751,9.738878351E7,2025-10-01
I871344,-264,1.310288836E7,2025-10-28
I871912,1550,3.718542809E7,2030-01-01
I875000,-1579,1.7330271067E8,2025-10-07
I879524,1843,1.6737435868E8,2030-01-01
I882368,1065,2.19803996E7,
I884056,-638,9.194431729E7,2025-10-27
I884919,794,1400731.86,2030-01-01
I886870,1991,2.2866688401E8,
I888193,224,1.774274032E7,
I890495,119,5783492.79,
I893520,310,1.416341138E7,2030-01-01
I903442,-1283,8.636062002E7,2025-10-27
I904098,1748,1.7885656286E8,2030-01-01
I907849,-1674,1.539510309E8,2025-10-10
I907919,1712,1.6824277899E8,2030-01-01
I925427,-1283,1.4743157113E8,2025-10-13
I929138,1140,1.6617458057E8,
I935866,723,7.32444196E7,
I937639,596,1.132877065E7,
I823909,801,1.275349067E7,2030-01-01
I831556,-1908,2.830354438E8,2025-09-13
I834002,150,1.853268122E7,2030-01-01
I824426,1590,9070615.42,
I836778,1521,1.1244597977E8,2030-01-01
I841864,-751,8.987782721E7,2025-10-13
I844637,698,5.175892229E7,2030-01-01
I845709,658,5.11423933E7,2030-01-01
I860331,-1767,1.2562970765E8,2025-09-27
I861231,1093,5.208322417E7,
I868657,-1918,1.4745107417E8,2025-09-25
I871009,579,5.702835801E7,
I871115,-1095,7.846205535E7,2025-10-14
I871498,-1019,9.404415183E7,2025-09-21
I872837,-1331,4.803235894E7,2025-10-17
I874175,1143,1.5290579458E8,
I874664,1888,5.04090308E7,2030-01-01
I874827,645,4.699116542E7,
I877546,319,3.13478061E7,
I878526,-1466,7.568259193E7,2025-09-09
I881011,-857,1.2632397713E8,2025-10-20
I891299,401,4.338908269E7,
I892673,674,1.384546678E7,
I894451,103,7746525.19,2030-01-01
I895592,-1134,1.568806668E8,
I900598,-500,5.799288502E7,2025-09-28
I904746,533,7.297505552E7,
I909533,1679,2.0867282666E8,2030-01-01
I911272,211,4582543.4,2030-01-01
I914391,1306,1.939222926E8,2030-01-01
I916675,194,1.681034853E7,2030-01-01
I923616,962,2.839119816E7,
I927895,-141,4411920.58,2025-10-14
I928666,-520,6934033.18,2025-09-30
I929624,1601,5.097855784E7,2030-01-01
I932706,718,2.642211091E7,
I936067,-1855,2.1190173907E8,2025-09-11
I826652,743,2.012948698E7,
I826860,1145,1.1426522223E8,
I836041,-397,615036.8,2025-10-18
I840735,-1240,4.484069184E7,2025-09-17
I841192,1720,1.0196364234E8,2030-01-01
I842222,1544,1.5541962422E8,
I848161,-1275,1.517726827E7,2025-09-23
I848431,1766,1.5318218119E8,
I849700,711,7.024454846E7,2030-01-01
I853048,1398,4.561217869E7,2030-01-01
I854945,1832,2.129759406E7,
I856433,496,5.252829395E7,
I859220,-1847,1.8695527622E8,2025-09-16
I863552,1842,1.243784033E7,
I866633,1273,1.5014215195E8,2030-01-01
I872137,230,1.596326068E7,2030-01-01
I874457,1107,1.4255743093E8,
I875796,1137,1.71459776E7,
I876830,785,7.028436998E7,2030-01-01
I880975,1977,6.992295974E7,
I885485,-1804,1.3916351023E8,2025-10-15
I890039,245,2.645063569E7,2030-01-01
I891218,1907,9.984566682E7,
I897240,-1385,3.077364411E7,2025-10-04
I898656,1845,4.412173127E7,
I899928,-547,6.100031779E7,2025-10-01
I900600,623,3.502104995E7,
I903209,-647,4743089.99,2025-10-22
I907366,1516,1.8313954339E8,2030-01-01
I907856,1813,4.510103417E7,
I908013,1676,8.870849901E7,
I915906,-878,1.1551377138E8,2025-09-21
I918127,-130,1.102065481E7,2025-09-22
I920197,1660,1.7311416575E8,2030-01-01
I920200,-693,3338121.53,2025-10-18
I922022,-1006,1.1003127566E8,2025-10-20
I926118,-479,3.558040564E7,2025-10-10
I926255,89,1.109718516E7,
I931142,1496,1.0273392673E8,2030-01-01
I935344,1651,6.306476168E7,
I935938,-128,8887270.47,2025-10-11
I937905,594,2.30728706E7,
I938525,-1377,8.154345169E7,2025-10-23
I825058,-1584,1.9479911365E8,2025-10-02
I825509,-1948,1.212797688E7,2025-09-04
I827228,218,2.519294718E7,2030-01-01
I829813,807,1.179752034E8,2030-01-01
I837984,-865,1.743421789E7,2025-09-26
I839296,-875,1.513389526E7,2025-10-09
I842048,1133,7.098663204E7,2030-01-01
I842634,136,1.066056401E7,
I844083,638,1.616294151E7,2030-01-01
I851114,-420,6.093685513E7,2025-09-21
I854589,1239,9.719625215E7,
I854680,363,3.30243422E7,
I855256,449,2.905660047E7,2030-01-01
I862898,-771,5.08351005E7,2025-10-30
I864604,-86,1.104052907E7,2025-09-26
I879323,-1478,8.34362337E7,2025-09-02
I880889,1930,1.390722753E7,
I884949,1254,1.4700857662E8,2030-01-01
I888909,-1459,9.273762915E7,2025-10-11
I891579,-1080,1.4352550633E8,2025-10-22
I894398,310,1.546829451E7,
I898436,-1972,1.7839829148E8,2025-10-08
I900015,-1300,1.6583321512E8,2025-09-25
I907692,1273,2.373005461E7,2030-01-01
I908347,-261,2.087893628E7,2025-10-23
I918662,937,2.170097398E7,
I923429,173,8575855.58,
I924265,-1498,9.734665334E7,2025-09-04
I925136,-1184,1.5135418688E8,2025-09-11
I931807,1843,7.371023941E7,
I940584,638,8.770331488E7,2030-01-01
I946475,-1917,1.1537249165E8,2025-10-11
I949745,608,1.910304579E7,2030-01-01
I947629,1353,2.233268634E7,
I950176,1800,0.0,
I956568,260,3.650847181E7,2030-01-01
I957514,1104,1.3214145426E8,
I958486,-1852,2.3949671662E8,2025-10-05
I960230,-1240,1.8455500295E8,2025-09-20
I967966,1283,1.7298456873E8,2030-01-01
I972372,52,3195617.5,2030-01-01
I974166,-70,9995106.11,2025-10-04
I977277,1262,1.173271714E7,
I979327,-1016,1.962773013E7,2025-10-14
I981115,513,6.127663168E7,2030-01-01
I981740,124,2295701.46,
I982615,581,2.135225934E7,2030-01-01
I987857,1700,9.986780874E7,2030-01-01
I988921,1806,2.2492775399E8,2030-01-01
I996646,700,1.146351049E7,
I1001507,1465,1.1535613137E8,
I1001894,1373,1.6243776457E8,2030-01-01
I1003393,1118,1311117.51,
I1007426,1810,2.2355937196E8,2030-01-01
I1008549,-1907,2.621626719E8,2025-10-04
I940344,451,6.647563488E7,
I943790,1379,7.46913164E7,
I952174,1817,4.689233494E7,
I956899,-447,4.344020924E7,2025-10-14
I957318,-1301,1.5163858668E8,2025-10-29
I960610,-1837,1.566424736E7,2025-09-27
I961226,-395,2993979.65,2025-09-16
I961584,1186,6608161.44,
I965430,-1255,5.362641693E7,2025-09-02
I969565,1522,2.0000821224E8,2030-01-01
I972606,301,3.961294202E7,2030-01-01
I974050,-1916,9.030775526E7,2025-10-27
I980680,-241,2.400028465E7,2025-09-27
I982536,1194,1.271041271E8,2030-01-01
I949242,-511,1.2683428E7,2025-10-30
I960413,1222,8.538589137E7,
I970663,-1596,2.0660541014E8,2025-09-19
I972431,923,2.390313343E7,2030-01-01
I977025,-1367,6.158429411E7,2025-10-28
I977257,760,7.327773213E7,2030-01-01
I983912,210,2.534871347E7,
I996116,444,1.002496905E7,
I996765,-1938,1.1342216393E8,2025-10-31
I997992,622,2.02131993E7,
I998707,-793,9.156845194E7,2025-10-28
I999237,1423,1.2831088896E8,
I1000836,-448,7350378.74,2025-09-20
I1008217,-1954,1.6309610978E8,2025-09-07
I950148,-970,9.264649081E7,2025-09-04
I954301,1468,1.199212247E7,2030-01-01
I954772,-317,2.270632919E7,2025-10-02
I956239,129,1.447961046E7,
I956840,1194,3.53682178E7,2030-01-01
I957580,1942,6.180201256E7,2030-01-01
I958613,905,2.154103436E7,
I960423,-690,9.177061176E7,2025-10-28
I964135,1970,2.4855876379E8,
I966057,1135,6.803732584E7,2030-01-01
I966437,-141,1.124183985E7,2025-09-29
I969546,334,2.319303847E7,2030-01-01
I969743,1393,1.4259060745E8,2030-01-01
I971445,1891,7.134607315E7,2030-01-01
I971638,872,7.635156281E7,2030-01-01
I973749,965,9.984220036E7,
I975231,787,8.737061313E7,
I976111,-1658,1.9677577544E8,2025-10-14
I977999,1559,2.1840656996E8,
I980783,-530,7803797.42,2025-09-22
I983535,1845,5.337331764E7,
I990143,1262,1.0492281874E8,
I992093,1352,1.188441235E7,2030-01-01
I997181,54,3693981.62,
I997706,-1249,1.5193812424E8,2025-09-16
I997784,1375,1.7696813477E8,
I998918,1268,4.917518575E7,2030-01-01
I999331,889,8.350897576E7,2030-01-01
I1004281,1362,1.1703212742E8,
I1007771,100,5976662.21,2030-01-01
I1007988,-1338,4.845266423E7,2025-09-22
I940627,1388,2.814103401E7,
I955883,410,2.991234459E7,
I960090,1599,1.1541487263E8,
I962784,1486,1.7826786964E8,
I970807,-296,6924807.86,2025-09-02
I973498,-238,2.180397109E7,2025-10-25
I974120,-714,4.226878837E7,2025-10-14
I974793,426,4.82974694E7,2030-01-01
I979017,1341,3.720635234E7,2030-01-01
I985158,303,1.216752347E7,
I988328,-206,1.147927314E7,2025-10-31
I990905,630,2.954066601E7,2030-01-01
I994289,423,3.000197033E7,
I1004147,1080,2.310861013E7,
I939636,-1700,1.3563935113E8,2025-09-04
I941122,1845,1.0385697384E8,2030-01-01
I951087,1080,1.406590014E7,2030-01-01
I946560,1076,8.143701227E7,
I948302,1366,1.3398085437E8,
I953341,-70,4577849.16,2025-10-24
I954340,883,1.2111644114E8,
I958863,637,7.470925042E7,2030-01-01
I961690,-697,8.926869152E7,2025-10-24
I969479,386,3.913548699E7,
I972479,-801,1.340729104E7,2025-10-15
I972842,-998,8.141224604E7,2025-09-11
I973261,123,9229620.65,2030-01-01
I973920,-345,1.068833403E7,2025-10-12
I974609,541,5.746965658E7,2030-01-01
I978424,-486,8561843.74,2025-10-18
I984089,-1719,2.4344837697E8,2025-09-11
I988041,484,6.044421767E7,2030-01-01
I994449,1239,2.320511828E7,2030-01-01
I1001093,609,6.137359E7,
I1003490,-55,4817906.14,2025-09-06
I1004862,252,2.837559961E7,2030-01-01
I1009400,567,1.191412351E7,
I941369,-1033,1.1955241695E8,2025-09-12
I950444,1219,3.338823149E7,2030-01-01
I951078,1347,6.673507358E7,2030-01-01
I951893,1878,1.9591942525E8,
I954310,1219,4.590605697E7,
I954847,1203,1.7910326805E8,
I957077,1475,1.1781737735E8,2030-01-01
I959312,247,2.515374987E7,
I973153,1596,2.0000512024E8,2030-01-01
I977031,856,9.115350475E7,2030-01-01
I980713,-583,3.340256428E7,2025-09-11
I984299,-956,1.300879294E8,2025-09-05
I986173,915,1.807678047E7,2030-01-01
I993061,937,3953041.25,2030-01-01
I993273,1144,1.1530940445E8,
I994447,938,6.628175308E7,
I997669,790,4.088396018E7,
I999438,780,2.623784048E7,
I1006950,-927,1.0093610547E8,2025-10-06
I1008150,301,8983900.89,
I943262,190,1.237421032E7,
I959133,-988,7.355604588E7,2025-10-10
I960495,1787,2.776694604E7,
I961018,1019,1.98722562E7,2030-01-01
I964909,-882,1.0107195785E8,2025-10-20
I967402,1526,2.2036824655E8,
I968019,961,1.2707649179E8,2030-01-01
I973795,1195,3.492264809E7,
I974239,1986,1334480.28,
I979087,1262,9.634208366E7,
I979462,-69,7017633.54,2025-10-25
I980163,1751,4263063.3,2030-01-01
I981966,-357,4.525226499E7,2025-10-24
I984672,785,1.259943038E7,2030-01-01
I984706,1969,2.9351476115E8,
I996233,1945,2.3416334242E8,2030-01-01
I999662,-293,1.702687306E7,2025-09-22
I1004061,-1033,1.3740278439E8,2025-09-14
I943441,-578,5.080166009E7,2025-10-19
I944054,375,5.100551937E7,2030-01-01
I946469,1995,4.740862518E7,2030-01-01
I951574,1754,2.0845801669E8,2030-01-01
I951752,1516,1.0608960524E8,
I955159,606,7.062323981E7,
I957558,-318,3.988499864E7,2025-09-07
I959406,906,7.461371251E7,2030-01-01
I967547,1228,7.71341168E7,2030-01-01
I968893,-586,3.415914625E7,2025-10-19
I969848,-1332,6.676967973E7,2025-10-02
I973841,1213,1.5408610218E8,
I980977,1303,7.050907704E7,2030-01-01
I981672,1734,1.0982253999E8,
I984764,1744,6.202810366E7,
I986987,-928,1.0393527277E8,2025-09-26
I987518,-1000,2.314875462E7,2025-10-18
I988942,686,8.340824077E7,
I991139,1580,1.8424882452E8,
I1001385,-687,9.9265247E7,2025-10-16
I1002325,1928,1.9684188066E8,
I1005214,952,1.14119257E7,
I1006064,953,1.942871205E7,2030-01-01
I1009542,1085,9.17601417E7,2030-01-01
I943128,284,3.753066568E7,2030-01-01
I946098,1873,1026127.67,
I953154,-907,1.2541936225E8,2025-09-19
I955569,-1876,1.1414488737E8,2025-09-05
I958578,1121,3.548796729E7,2030-01-01
I961602,1764,1.7321265159E8,2030-01-01
I965754,605,5.865389726E7,
I966925,-303,2.68804925E7,2025-09-15
I967059,-870,1.0562345615E8,2025-09-10
I970898,838,1.0111869458E8,2030-01-01
I975809,1638,1.65942332E8,2030-01-01
I976207,1886,2.513623717E8,2030-01-01
I977584,1408,5538097.44,2030-01-01
I977642,1531,1.435257152E7,2030-01-01
I979228,1956,2.9040404489E8,2030-01-01
I980930,-893,1.0643148816E8,2025-10-29
I985292,1378,1.4928616565E8,2030-01-01
I986462,223,2.805998909E7,
I992537,-920,1.176795861E7,2025-09-02
I995153,1066,1.3105952512E8,
I995860,-465,4.439019873E7,2025-10-22
I997673,-1744,8.723377913E7,2025-09-19
I998564,1025,1.2566287434E8,
I1002314,304,0.0,
I1007221,361,5459078.16,2030-01-01
I1008881,-745,7.755572221E7,2025-09-17
I941770,-1695,9446798.86,2025-09-13
I947424,670,2.750286603E7,2030-01-01
I943180,1224,4.449052172E7,
I947255,1962,2.5902647251E8,
I951485,1745,1.0566920988E8,2030-01-01
I953678,-1087,5.780616844E7,2025-10-30
I955284,-1149,5.979263439E7,2025-09-22
I955439,1821,2.1090868182E8,2030-01-01
I955916,816,1.1370087302E8,
I956138,782,5.414537459E7,
I965758,-1556,4510741.96,
I966517,228,3913237.69,
I966543,1187,4.304619988E7,
I968561,-1337,7.497312645E7,2025-10-07
I970732,-1930,6.731060509E7,2025-10-22
I971233,108,1.548256838E7,
I977905,429,7333126.31,2030-01-01
I979681,1768,1.6312651538E8,
I993328,225,1.421963106E7,2030-01-01
I995511,-905,8.364625956E7,2025-10-08
I996717,1988,1.3894473346E8,2030-01-01
I997106,-945,1.054355813E8,2025-10-15
I1004504,-1669,2.2595143603E8,2025-09-15
I1006884,1389,3.870469701E7,
I943757,-375,3.022299603E7,2025-10-14
I940901,1858,1.4006994296E8,
I954586,-856,6.750293411E7,2025-09-06
I955836,1203,5.665265831E7,2030-01-01
I956116,-1030,9.409519047E7,2025-10-10
I968301,-1034,9.286114865E7,2025-09-09
I977553,1341,2.963067436E7,2030-01-01
I977833,469,6.312985844E7,
I979967,-669,5.049033762E7,2025-10-15
I980232,77,1.016276716E7,2030-01-01
I988071,825,7051732.65,
I992757,1228,1.765574687E8,2030-01-01
I993354,-389,3.341415382E7,2025-10-11
I994836,1929,1.9943710284E8,
I996345,321,3.436779629E7,2030-01-01
I1000911,1963,2.3914638615E8,
I1003436,-1013,8735230.04,2025-10-03
I1003524,753,1.0947731475E8,
I1006399,1256,3.12840418E7,2030-01-01
I1008226,1876,2.2851647277E8,2030-01-01
I1008576,252,3.219838947E7,2030-01-01
I1009433,-316,1.497994793E7,2030-01-01
