item_id,units_sold,revenue,sale_date
I14947,698,9.741719731E7,2030-01-01
I22240,-943,7606209.8,2025-09-18
I15839,1140,6.791866517E7,
I17470,188,3216669.78,
I23027,-1818,9.97965783E7,
I25064,-567,1679897.79,2025-09-03
I31417,1448,1.9720353719E8,2030-01-01
I31946,1631,1.7069754834E8,2030-01-01
I37620,804,1.55075561E7,2030-01-01
I38036,314,3.671844731E7,
I38276,746,4.472684447E7,
I38914,1613,6.462124396E7,2030-01-01
I39691,-321,2.758324655E7,2025-10-18
I42260,1695,1.7356771328E8,
I49605,-1452,6.106907674E7,2025-09-09
I52868,-837,1.1227389409E8,2025-10-24
I54845,-1095,1.5668548068E8,2025-09-21
I55031,458,6.239909027E7,2030-01-01
I59559,-1443,2.0489943137E8,2025-10-03
I61600,-1766,3.581797789E7,2025-09-01
I61852,-648,7.321251451E7,2025-09-07
I63257,1855,2.5650053827E8,2030-01-01
I65426,340,4.921202702E7,2030-01-01
I68433,-1911,0.0,2025-10-11
I69107,904,3.596772184E7,
I73887,157,1.591823041E7,2030-01-01
I76112,-633,5.158920074E7,2025-10-11
I78872,889,6.049269413E7,2030-01-01
I80893,840,0.0,
I83090,1623,1.041036938E7,
I86676,-1645,1.6405707047E8,2025-10-16
I96888,1978,4.253125081E7,
I97444,-401,2.87900968E7,2025-10-18
I103422,149,1.405787624E7,2030-01-01
I108125,-76,5379244.77,2025-10-31
I114194,-1188,9.357377641E7,2025-10-16
I116176,-577,2039888.83,2025-09-06
I121164,1054,4517060.25,2030-01-01
I122556,1878,1.4052631835E8,
I125656,-743,9.827637206E7,2025-09-30
I19854,1659,8861973.16,2030-01-01
I10002,909,1.1955116291E8,
I13225,793,1.0461506159E8,
I24517,829,2.688466267E7,
I25703,1771,1.1171784466E8,2030-01-01
I27267,-551,1.734426483E7,2025-09-17
I29005,-1787,1.9853204933E8,2025-10-20
I34309,1457,1.1672004146E8,
I35735,1789,2.2555134193E8,2030-01-01
I35819,388,2.785912392E7,
I43603,-1016,3.174041646E7,2025-09-22
I44273,1103,1.5333147764E8,2030-01-01
I49157,-1354,3.88474359E7,2025-09-12
I50866,628,7.475701642E7,2030-01-01
I51086,549,2.734690809E7,
I51537,524,4.949990941E7,
I53496,62,6563448.12,
I56710,75,1944753.52,
I58414,630,2.502979438E7,2030-01-01
I61632,1283,1.7653930039E8,2030-01-01
I63619,1737,1.8169808521E8,2030-01-01
I66097,321,3.078047088E7,
I66744,-916,2296276.03,2025-10-17
I67697,1985,2.2310549545E8,2030-01-01
I74556,-1609,1.9305880789E8,2025-09-13
I81581,912,2239264.69,
I83982,1371,8.748410543E7,
I87061,1696,4.931976602E7,
I87186,-1623,5.863522584E7,2025-09-11
I96019,950,6.827229211E7,
I97676,-132,6702843.53,2025-09-06
I98006,-1943,1.5998300583E8,2025-10-17
I98138,1560,1.4230630139E8,2030-01-01
I99853,602,2.489689605E7,2030-01-01
I100243,215,2.854031615E7,2030-01-01
I102142,256,2.473575179E7,
I108995,1360,1.9185087326E8,
I111162,-1193,0.0,2025-10-30
I113020,1079,6.203026939E7,2030-01-01
I120677,459,5.397367413E7,2030-01-01
I123164,1652,2.2423096443E8,
I123839,-81,2774993.17,2025-09-19
I128107,999,1.2700752536E8,2030-01-01
I17620,-1999,1.0450750323E8,2025-09-25
I10500,1805,2.95758729E7,
I11053,1806,9.193418315E7,
I13241,-1632,8.355942717E7,
I24117,750,5.24243428E7,
I29115,-537,789788.8,2025-09-30
I33028,208,1188046.25,
I46665,1565,8.600798892E7,2030-01-01
I49470,172,2.438475137E7,
I50355,785,1.855509528E7,
I55303,433,3.712668647E7,
I55438,99,4983281.43,2030-01-01
I55496,958,3473751.6,2030-01-01
I58757,1070,4.300717504E7,2030-01-01
I62434,-847,7.30756977E7,2025-10-12
I66370,-1665,5.839398373E7,2025-09-10
I66530,653,7.907416423E7,
I67640,1377,8.567529298E7,
I69097,1907,2.3826164662E8,
I69870,1973,2.527424527E7,
I72604,432,2.191256644E7,2030-01-01
I77925,-467,3.988578932E7,2025-10-15
I92538,1126,1.6795150572E8,2030-01-01
I96029,1505,1.1671131356E8,2030-01-01
I96569,-1445,1.6757878474E8,2025-09-25
I103356,1064,1.168941606E8,2030-01-01
I104651,1747,2.2333742461E8,
I108291,-1484,2.138167049E8,2025-10-30
I110295,1986,5.951412425E7,
I110921,-985,9.135056971E7,2025-10-31
I117859,-1426,6.974901102E7,2025-10-08
I120162,641,9.537373839E7,
I126136,-1902,1.7182534782E8,2025-09-28
I126443,203,1.308867695E7,
I15347,1427,9.25121677E7,2030-01-01
I16794,1632,2.3670944039E8,2030-01-01
I15188,1893,2.7028325994E8,
I23427,187,2.539461263E7,
I24267,503,4.158759019E7,2030-01-01
I30394,1568,2.1917253336E8,
I42622,-1187,8.971457122E7,2025-09-13
I49133,676,6.290191855E7,2030-01-01
I49686,468,4.344676905E7,2030-01-01
I50384,-1194,7.530181422E7,2025-09-09
I53845,-973,1.927742161E7,2025-09-08
I53971,347,2.7923928E7,
I59257,-912,6.021003818E7,2025-10-18
I62331,100,6289839.71,2030-01-01
I64249,1426,1.690030378E8,
I66414,1850,2.07738173E7,2030-01-01
I70489,1986,1.5944718062E8,2030-01-01
I73298,1354,1.1881724896E8,
I75677,1719,1.019552337E7,
I75695,-1216,6.369600199E7,2025-09-29
I77523,-816,8.588075118E7,2025-10-06
I77902,78,9802958.88,
I78687,-547,2.71297323E7,2025-10-28
I78876,412,8918024.99,2030-01-01
I78958,166,8021076.51,2030-01-01
I80526,-874,1.0178364976E8,2025-09-23
I85198,1632,6.667494237E7,
I89645,-1997,2.8872450606E8,2025-10-01
I90484,1081,0.0,
I90705,1689,1.4121249155E8,
I93791,1760,2.403044248E7,2030-01-01
I94891,1628,1.4639880306E8,
I97102,699,6.664437946E7,
I99501,1870,1.931616701E8,2030-01-01
I107542,-1638,2.2777128437E8,2025-09-05
I111542,-478,2.603805651E7,2025-10-08
I113408,1968,1.2075409297E8,
I17010,1189,6.120575144E7,2030-01-01
,806,5.228574571E7,2025-10-30
I28618,-1938,2.8703652693E8,2025-09-12
I30116,255,8012510.9,2030-01-01
I34416,131,2577343.05,
I34524,1633,1.8927596091E8,2030-01-01
I37774,65,686454.61,2030-01-01
I44605,518,3.025098028E7,2030-01-01
I48269,610,3.032800423E7,
I56418,492,1.698300144E7,2030-01-01
I61808,680,5667864.96,
I63043,1119,1.5540989215E8,
I71939,-576,3.067573916E7,2025-10-09
I75342,-1589,8.09046363E7,2025-10-15
I79478,-969,1.3451439216E8,2025-09-25
I85912,-496,4.58962574E7,2025-10-12
I87922,1472,1.5152875224E8,2030-01-01
I89357,1645,1.6917900863E8,
I91082,146,6847078.84,
I92408,815,1.1424967901E8,
I95847,1505,1.171744029E8,
I99531,1905,1.045324903E7,2030-01-01
I101260,1049,1.3796233325E8,
I103774,-1322,9.968803793E7,2025-10-01
I110551,333,3167967.59,2030-01-01
I111745,-900,5.312475306E7,2025-09-04
I112107,-58,6805619.86,2025-09-23
I114038,986,8307562.81,
I114062,992,2.764686111E7,2030-01-01
I120227,-1840,2.703292929E8,2025-09-19
I120700,694,7.433989472E7,2030-01-01
I127039,1978,1.191265186E7,
I127150,1265,1145469.39,
I11545,-1048,8.815383212E7,2025-09-04
I17547,1857,9.187551602E7,2030-01-01
I17846,-1404,5.772797567E7,2025-10-22
I20456,-1040,1.66718312E7,2025-10-30
I27605,1291,1.4132160317E8,2030-01-01
I28831,1574,6.674734838E7,
I32029,1571,1.0176242632E8,
I36756,269,1.058770181E7,
I51947,-1182,2.61517004E7,2025-10-25
I59234,512,5.842496329E7,
I60039,-1909,2.7424784578E8,2025-10-16
I61022,-1282,6.982640365E7,2025-09-02
I70494,-1657,1.9854188092E8,2025-10-29
I76212,1099,2.757982721E7,
I85314,-1584,9.335262419E7,2025-09-11
I91635,1536,1.4344341206E8,
I94729,1744,7.518879438E7,2030-01-01
I98782,1627,1.1846092312E8,2030-01-01
I105877,-334,3.799517904E7,2025-09-28
I108162,1304,1.6415451149E8,
I118738,521,9651228.01,2030-01-01
I123331,-575,8.279780841E7,2025-10-26
I124654,1444,4.107210179E7,
I124784,1139,8.884032963E7,2030-01-01
I125160,-1711,6.764357584E7,2025-09-18
I14292,818,3.711516829E7,2030-01-01
I20768,849,6537686.93,2030-01-01
,718,1.0401144382E8,
I15013,-1414,1.2341664955E8,
I22676,1930,2.2941346448E8,2030-01-01
I24441,-575,7.685735213E7,2025-10-03
I26108,455,6.268112225E7,
I30941,1504,3.933593785E7,
I34490,-1796,2.4325129071E8,2030-01-01
I34921,1135,1.6473709536E8,
I37787,-1971,6.269351632E7,2025-10-05
I39611,663,3.998788061E7,
I39633,773,5.224679267E7,
I43075,174,5021465.55,2030-01-01
I43530,950,4.652199581E7,2030-01-01
I44534,-1610,1.500310034E7,2025-10-04
I45786,1396,1.2866455743E8,
I49509,-1741,5.556784467E7,2025-09-22
I49787,-1776,2.1781037828E8,2025-10-15
I51489,271,1.568371072E7,
I62988,1280,9.935353943E7,
I65341,251,4381176.47,2030-01-01
I83052,-84,768202.48,2025-10-14
I83196,295,2.775554664E7,2030-01-01
I90564,-105,7296500.65,2025-10-10
I91248,-707,2.928667891E7,2025-10-29
I102356,230,1.039318518E7,
I102670,1161,5.965358885E7,
I105894,-561,8444354.08,2025-09-01
I106413,1541,2.701183862E7,2030-01-01
I109212,1214,7.267641367E7,2030-01-01
I109744,-844,3.17159145E7,2025-10-01
I109977,1961,2.5164730837E8,2030-01-01
I110446,319,1.074719249E7,
I112466,383,5.388579382E7,2030-01-01
I115409,428,2.958030016E7,
I120958,-1632,2.1496213948E8,2025-09-13
I123691,710,2.583725503E7,
I12936,1029,1.3030172821E8,2030-01-01
I16626,-1040,5396392.95,2025-09-23
I18875,-661,8.13712396E7,2025-09-03
I20566,1299,3.438769336E7,2030-01-01
I20860,355,2214148.75,
I23509,-262,1.767060145E7,2025-10-29
I25547,1382,1.403930084E7,
I33397,1624,1.7216753554E8,2030-01-01
I35403,1744,1.4266709384E8,2030-01-01
I40443,1924,2.591464811E8,
I41775,369,1.683339283E7,
I43458,-1581,5.79353291E7,2025-10-25
I48423,-1552,1.3234111126E8,2025-09-24
I51801,780,4.552946808E7,
I58396,907,7.747342658E7,
I70660,1040,9.135192098E7,2030-01-01
I71855,456,5.763780446E7,2030-01-01
I73888,1261,1.7395242694E8,2030-01-01
I78984,-400,4.512659519E7,2030-01-01
I80628,976,1.1315339566E8,
I84224,1999,3750594.13,2030-01-01
I84865,-437,4.368418223E7,2025-10-14
I86750,554,4.911455405E7,
I90100,-881,1.537049712E7,2025-10-05
I91332,1431,1.462276384E7,2030-01-01
I102320,878,1.783573297E7,2030-01-01
I102805,907,1.0377105342E8,
I103930,282,1473545.17,2030-01-01
I105587,-1285,9464032.1,2025-09-25
I109364,1440,2.0180817133E8,
I110391,-848,7.103539629E7,2025-10-30
I114558,182,2.322399852E7,2030-01-01
I120277,1916,1.780811733E7,2030-01-01
I126266,555,6.263935101E7,2030-01-01
I11934,1931,1.155110353E8,2030-01-01
I14546,-85,2841467.6,2025-09-23
I29897,1482,0.0,2030-01-01
I30230,-597,3.208774965E7,2025-09-25
I30287,1694,6.936433837E7,2030-01-01
I31413,1359,0.0,2030-01-01
I38172,-1584,1.4654886875E8,2025-09-17
I38837,83,4356140.9,2030-01-01
I43784,317,3.097608306E7,
I48986,1409,1.2499570325E8,
I51136,543,4.83011756E7,2030-01-01
I56235,-521,4.78112093E7,2025-10-04
I58190,-1078,2.88849141E7,2025-10-25
I59919,-1055,5.727521998E7,2025-10-10
I68722,1802,4.258422053E7,2030-01-01
I75819,1314,1.0780550788E8,2030-01-01
I81588,-1629,1.4394746849E8,2025-10-07
I81942,124,277314.41,
I90309,128,7460973.36,
I91861,-92,1.159175968E7,2025-09-06
I93710,265,3.602916777E7,
I95461,191,2.055554335E7,2030-01-01
I95918,1512,0.0,2030-01-01
I97197,1418,1.5807657304E8,2030-01-01
I98119,-1563,1.1559343131E8,2025-10-02
I103385,113,7336595.83,2030-01-01
I105391,-1862,8.002673363E7,2025-09-16
I109342,1245,1.3570858448E8,
I111197,584,3.610385385E7,
I116050,1322,4.740105778E7,2030-01-01
I117084,918,8.404991382E7,2030-01-01
I12917,-873,1.1036649883E8,2025-09-16
I14249,-675,5.258866184E7,2025-09-20
I18974,-200,1.885500833E7,2025-09-15
I20617,-1178,1.4245977265E8,2025-10-26
I21904,1983,1.4223371343E8,
I26314,1991,2.2489888841E8,
I27700,643,3.313441054E7,
I30888,-876,9.277577151E7,2025-10-12
I31036,1543,2.0339327039E8,2030-01-01
I32488,-1381,5.179071372E7,2025-10-10
I36748,367,5.413439698E7,2030-01-01
I40170,1819,2.4754035586E8,
I46516,445,1.128211212E7,
I47206,487,4.852660494E7,2030-01-01
I49835,-1677,2.1892603915E8,2025-09-12
I67959,607,5.683021341E7,2030-01-01
I69152,-256,2.383448254E7,2025-10-09
I70268,-1192,9.722964112E7,2025-10-06
I71413,-1836,2.0666199287E8,2025-10-16
I88343,-595,2.771193528E7,2025-09-02
I92292,-470,1.573324586E7,2025-10-24
I92623,-1194,3.306989365E7,2025-09-20
I92698,512,4.492832618E7,
I96026,-211,3.144790185E7,2025-09-04
I101542,1823,1.5972947765E8,
I106534,436,1.953106127E7,2030-01-01
I109534,-252,0.0,2025-10-06
I115356,96,1.338919381E7,2030-01-01
I117200,-228,7957063.49,2025-10-18
I125463,-222,2626205.79,2025-09-04
I125898,1085,4.279040159E7,2030-01-01
I18788,206,0.0,2030-01-01
,1056,1.3894887232E8,2025-09-09
,933,2.234142059E7,2025-10-01
I24676,1715,2.1700322931E8,
I27461,263,2.958089002E7,2030-01-01
I31069,515,7.44190569E7,
I32392,1061,2.825027897E7,
I38330,461,1.903129505E7,2030-01-01
I40780,1997,5.015641275E7,2030-01-01
I45376,392,2.70970357E7,
I49008,-699,4.235522743E7,2025-09-07
I52429,-609,7.597428391E7,2025-09-24
I53874,1812,2.0991958856E8,
I57787,-207,2.696742999E7,2025-09-19
I57942,1358,1.2129395709E8,2030-01-01
I63024,1283,1.3272218802E8,2030-01-01
I64394,418,3.063986274E7,
I66861,802,8.623777111E7,2030-01-01
I67544,704,7.487808861E7,
I69116,625,8.47017333E7,2030-01-01
I81119,1106,1.021079688E8,2030-01-01
I100900,-404,2.766513743E7,2025-10-08
I110260,1752,3.858828406E7,
I112531,-1789,6.697354211E7,2025-10-28
I120864,705,1991535.89,
I123938,661,4118675.5,
I124478,-822,8.330662447E7,2025-10-02
I125235,-364,1.551283757E7,2025-10-01
I126051,-1009,4.628169127E7,2025-09-26
I11565,-1749,1052161.42,2025-09-24
I14174,1207,5.898383311E7,2030-01-01
I19768,-295,2.287286527E7,2025-10-08
I21153,-869,3.119087858E7,2025-10-23
I11032,414,2.752394397E7,
,1535,2.1223221246E8,2025-10-14
I23430,1364,4.006437991E7,2030-01-01
I29138,119,1.66887922E7,
I36049,1163,1.1321429574E8,
I36514,1794,8.094907356E7,
I41591,1391,3.777861729E7,
I45201,240,7384454.97,
I45567,1440,5.282291985E7,
I48123,1276,8.670926898E7,
I49713,-948,9.461211961E7,2025-10-07
I53783,556,5.474042421E7,2030-01-01
I54995,-1430,1.6287909023E8,2025-09-24
I61784,-1709,1.757109172E8,2025-10-20
I62061,348,3.068463634E7,2030-01-01
I63013,72,7357222.65,2030-01-01
I64081,1748,9.750921888E7,2030-01-01
I72362,1265,1.4877106521E8,
I72788,-102,7010474.93,2025-10-27
I74856,-1989,1.6344693901E8,2025-10-17
I76251,195,2.792504024E7,2030-01-01
I76690,-977,1.3312134514E8,2025-10-06
I87101,280,3.130300989E7,
I92088,1394,1.8251945195E8,2030-01-01
I93740,-1808,1.0692409279E8,2025-10-13
I95394,1609,1.3749437839E8,
I96068,1072,4.605690888E7,2030-01-01
I99280,-55,6888727.59,2025-09-17
I104363,-1856,3.742632941E7,2025-09-17
I111826,-903,1.3118538149E8,2025-10-14
I112131,576,1.153928774E7,2030-01-01
I115617,1495,1.9078959696E8,2030-01-01
I118100,-1564,4.35868414E7,2025-09-03
I119817,460,4.927502819E7,2030-01-01
I124196,-570,7.051248153E7,2025-09-26
I128164,1572,2.3505763559E8,2030-01-01
I129547,854,7.322651231E7,2030-01-01
I131833,-855,2.056227732E7,2025-10-17
I135164,313,4.348658916E7,2030-01-01
I136924,-1246,4.497094146E7,2025-09-22
I140362,358,1.192803675E7,
I141401,568,6.829438113E7,
I145136,1677,2.1592414669E8,2030-01-01
I145747,-604,4.725077671E7,2025-09-09
I145988,1670,2.4752425483E8,2030-01-01
I152421,771,9.270325602E7,2030-01-01
I160470,1357,8.379749256E7,2030-01-01
I166727,1312,1.0986012452E8,2030-01-01
I169195,-940,7.462944441E7,2025-09-05
I171168,-364,3.583089051E7,2025-09-15
I172596,1130,3.232928564E7,
I177240,-248,511036.78,2025-10-13
I181834,971,1.3027897731E8,
I182278,112,741810.51,
I183386,66,7672834.65,2030-01-01
I186499,736,5.118825005E7,2030-01-01
I186732,-90,6345614.32,2025-10-30
I186947,216,8887332.05,2030-01-01
I187858,1963,6094761.73,
I189845,1705,1.7023099622E8,2030-01-01
I190141,-1880,1.7856563412E8,2025-10-29
I190664,-166,0.0,2025-10-21
I194233,744,4.982400847E7,2030-01-01
I195778,1908,3.231032133E7,2030-01-01
I202075,863,9.989669968E7,
I205053,-503,4.610947759E7,2025-09-08
I213225,-1117,1.5557690868E8,2025-10-25
I216474,1069,4.746731665E7,2030-01-01
I218564,1869,2.6206206435E8,
I233274,1793,1.8981507081E8,
I233336,-1671,1.1656451709E8,2025-10-13
I240438,1395,4.570430964E7,2030-01-01
I243099,1331,1.0683966077E8,2030-01-01
I243696,-273,5860763.06,2025-09-26
I136897,-1214,7.00440815E7,2025-10-12
I129768,503,6.588892219E7,
I134215,98,2951882.4,
I153397,626,5.311667326E7,
I153650,1150,1.4488263495E8,
I156175,1100,1.3194709242E8,2030-01-01
I159188,-1936,1.8358461474E8,2025-10-21
I161823,-348,3.229141711E7,2025-10-17
I164726,-1867,1.896855458E8,2025-09-28
I164823,212,8035420.23,2030-01-01
I167310,1039,1.2776915698E8,
I171853,1264,1.0038749998E8,
I172615,372,1.0022426E7,
I177995,1403,1.6307565753E8,2030-01-01
I178190,1385,8.963621902E7,
I185375,1207,1.6487329002E8,2030-01-01
I189174,-1253,6.944011716E7,2025-10-01
I190791,466,1.271291167E7,2030-01-01
I196196,-706,6.808596722E7,2025-10-17
I199020,550,4.837673418E7,
I202042,1843,2.0403320994E8,
I206641,1945,1.3830841148E8,
I206875,-1670,1.8785748378E8,2025-10-29
I210225,-1543,1.8944215991E8,2025-09-25
I210688,-570,2.361015182E7,2025-09-13
I210865,-495,3.327952732E7,2025-09-30
I211849,548,5.193665888E7,
I217989,1104,1.5506659758E8,
I218300,103,1.406917713E7,
I219195,-170,2294604.71,2025-10-27
I222206,1189,1.0062761465E8,
I241850,1395,5.425946535E7,
I242016,531,6897595.73,
I131958,-1454,9.890037658E7,2025-10-05
I138548,171,1.136292925E7,2030-01-01
I142092,-421,1.850819568E7,2025-10-07
I145984,-1965,7.785342197E7,2025-10-21
I154491,350,4.82334509E7,
I157642,-1545,8.764432929E7,2025-09-19
I164461,-1604,2.3947813721E8,2025-09-16
I171901,1704,8.597178785E7,
I173230,1303,7.687521022E7,2030-01-01
I174694,1416,2.0825750737E8,2030-01-01
I175138,1581,2.578151706E7,
I176395,729,4.179971545E7,2030-01-01
I178796,938,1.1525665181E8,2030-01-01
I179729,1769,6.600596269E7,
I182440,260,3.821503394E7,2030-01-01
I189871,895,7.218271046E7,
I197231,309,2.673364103E7,
I198867,-1301,1.8758317071E8,2025-10-29
I199141,-1277,9.128302332E7,2025-09-09
I203506,908,6.022933156E7,
I205238,-1254,1.6092485401E8,2025-09-16
I217501,896,2031062.33,
I220482,1610,0.0,2030-01-01
I229406,-1324,7.282841546E7,2025-10-28
I229516,1963,7.245144349E7,
I233110,384,1.718277801E7,2030-01-01
I236073,344,557985.23,
I240348,1614,6.827352724E7,
I240673,-1673,2.504009034E8,2025-09-06
I241752,90,8574768.41,2030-01-01
I241814,-1551,1.4192293114E8,2025-09-30
I243432,750,9.347893297E7,2030-01-01
I129696,445,4.16084484E7,2030-01-01
I128340,847,1539317.29,
I133806,543,6.47881624E7,
I141505,968,1.3505353847E8,
I143291,971,7.969818227E7,2030-01-01
I145529,1994,1.4402512956E8,
I146742,-496,4.599279677E7,2025-09-18
I148721,1102,5.871961082E7,
I149425,308,4.566156811E7,2030-01-01
I154374,-1889,5.211214869E7,2025-09-18
I156085,-502,1823842.69,2025-10-12
I159047,126,1.885570979E7,
I162372,1048,1.3481992887E8,2030-01-01
I163657,-670,6.917583428E7,2030-01-01
I164605,306,2.539457516E7,
I166093,493,3.978442478E7,
I166412,919,1.3390049063E8,
I171304,1003,9.539688817E7,2030-01-01
I178567,1745,9.418858357E7,2030-01-01
I181023,-1973,5.297358676E7,2025-10-04
I206781,860,8.246602412E7,2030-01-01
I213672,-286,2012300.24,2025-10-06
I216730,-471,4.009936568E7,2025-10-29
I219559,217,2806232.48,
I221126,1710,1.157109143E7,2030-01-01
I223094,-539,1.678709297E7,2025-10-18
I225941,-1049,0.0,2025-09-17
I226763,-1069,9.495359237E7,2030-01-01
I236600,686,9.270694221E7,
I237709,861,1.0645461826E8,
I240930,1185,8970175.06,2030-01-01
I241867,-1750,4.648107506E7,2025-09-27
I242030,509,6.298915067E7,
I242492,-1866,7.713720621E7,2025-09-18
I243235,-1443,5719808.27,2025-09-03
I129500,-127,7354821.91,2025-09-15
I139903,409,1.919457399E7,2030-01-01
I132097,1175,3.0098396E7,
I143007,272,2.685326601E7,
I144778,-323,1.388100777E7,2025-10-28
I153531,-1811,5.472524401E7,2025-09-27
I156334,971,1.026102434E8,2030-01-01
I161068,-1189,1.5840362538E8,2025-10-15
I162053,1962,1.018226863E7,2030-01-01
I170751,824,9.748480272E7,2030-01-01
I172057,1369,1.4733125172E8,2030-01-01
I178153,-266,856718.52,2025-09-08
I183410,1618,3.659177441E7,
I184131,-1014,1.3973973943E8,2025-10-01
I191561,830,7.751315824E7,2030-01-01
I195386,-1796,9.817574038E7,2025-09-11
I196466,1129,5.743318228E7,
I197450,1979,5.894486859E7,
I202849,1081,9934630.59,
I206189,1547,1.2523976975E8,
I210221,1200,7370534.5,
I215690,-328,1.895033705E7,2025-09-13
I216383,-1357,1.8349103905E8,2025-09-18
I217972,-556,2.964790007E7,2025-10-03
I238891,-894,7.898252667E7,2025-10-14
I242999,1305,1.0728949663E8,2030-01-01
I130532,1640,1.2481275289E8,
I131842,1013,8.122112541E7,
I141262,-903,1.3004125055E8,2025-10-17
I144454,-1565,1.2396520301E8,2025-09-04
I159971,664,6.706825537E7,2030-01-01
I168772,1726,1.815747921E7,2030-01-01
I176439,-889,1.0167421903E8,2025-10-01
I180701,-376,1.604620207E7,2025-10-27
I184045,531,7.862131865E7,
I188267,1425,9.427470625E7,2030-01-01
I190406,-159,1.682062614E7,2025-10-03
I193901,-1345,4.953309025E7,2025-09-28
I195183,1022,1.4823799903E8,
I198699,1521,2.393450314E7,2030-01-01
I205920,1451,6.170102229E7,
I208183,939,8.886874419E7,
I212790,-1318,1.834187856E7,2025-10-29
I213400,1925,7.532061948E7,2030-01-01
I219505,1242,6.544278619E7,2030-01-01
I219931,-1726,5.444989392E7,2025-10-03
I223035,1909,2.7806979351E8,2030-01-01
I225387,896,9159036.81,
I228133,1449,3.909536828E7,
I228428,1173,4.257454472E7,2030-01-01
I229329,1784,1.4949757911E8,
I229801,530,2.985016792E7,2030-01-01
I239480,70,0.0,
I136861,-1368,9253188.83,2025-10-02
I143088,261,2.921426708E7,2030-01-01
I144876,1380,1.1892031032E8,
I148274,-1906,1.1337664042E8,2025-09-19
I148587,-1185,2.929296692E7,2025-09-02
I151314,1176,1.066115287E7,
I152115,634,2.267604405E7,2030-01-01
I153214,-332,1.777482475E7,2025-09-08
I153552,-582,2.832123458E7,2025-09-06
I158999,1187,1.1504792964E8,2030-01-01
I161719,-1987,2.9114849232E8,2025-10-10
I163861,180,4056765.93,
I174959,-1017,1.0208167639E8,2025-09-25
I177020,1367,1.4482826208E8,
I177382,334,3.451667763E7,2030-01-01
I182630,1311,3.680662648E7,2030-01-01
I187090,-283,2.688419495E7,2025-10-20
I189305,1863,2.607602476E7,
I190953,-657,1.064777429E7,2025-09-02
I198015,984,1.2977391538E8,
I199301,71,1662579.07,2030-01-01
I202475,-804,9.619022171E7,2025-09-25
I208360,-1080,6.062111192E7,2025-10-06
I210845,1687,1.9611203301E8,
I210959,1117,6.199052737E7,2030-01-01
I211810,1351,1420788.84,2030-01-01
I216110,-1579,5.126525476E7,2025-09-26
I222278,-1338,9.081563925E7,2025-10-01
I232189,-1097,1.925253088E7,2025-10-21
I236047,668,8982663.4,2030-01-01
I243295,1128,1.301210103E7,2030-01-01
I131122,341,7170495.43,2030-01-01
I131963,1649,1.3658141626E8,
I140597,242,4459600.15,
I141887,-212,3172840.41,2025-09-23
I149612,576,4.581601248E7,2030-01-01
I150168,-1828,3.825826062E7,2025-10-03
I151466,-710,7.804047205E7,2025-10-28
I158231,-576,4.839997206E7,2025-10-10
I173950,1086,7.019286517E7,2030-01-01
I180513,1412,1.1530950197E8,
I181038,1702,4.560517234E7,2030-01-01
I184368,-921,6.196898891E7,2025-10-24
I188158,69,3739857.0,
I191062,-395,1.425910926E7,2025-10-03
I197703,1389,2.079425455E7,2030-01-01
I197869,890,3.186531499E7,2030-01-01
I200123,1987,2.63029585E7,
I206844,-500,4.864938362E7,2025-09-26
I215568,-626,5.203785904E7,2025-09-24
I222919,-1396,1.4310347989E8,2025-10-18
I228110,-1324,7127535.72,2025-10-11
I230453,363,5.346716015E7,2030-01-01
I232178,1138,1.3271432647E8,
I233663,761,7.091754714E7,2030-01-01
I234313,1970,4.052588038E7,2030-01-01
I239675,385,1709466.67,2030-01-01
I136836,1637,2.4248621737E8,2030-01-01
I128321,1430,4.241705604E7,
I142908,385,1.356543533E7,2030-01-01
I150905,464,9146339.29,
I151066,362,3537362.87,
I151131,1235,6.489694016E7,
I152472,391,4078276.02,2030-01-01
I153602,365,4.121077741E7,
I157315,-625,9.332794631E7,2025-10-28
I159429,1322,1.1510827117E8,2030-01-01
I160317,1426,8.158752634E7,
I162569,328,1.213890301E7,2030-01-01
I172196,1267,1.3814418111E8,2030-01-01
I172278,-1306,1.9032453553E8,2025-09-09
I172451,-297,3.965489155E7,2025-10-01
I175845,-1615,1.2007432907E8,2025-09-21
I177992,406,991094.69,
I178125,1536,1.8452212134E8,
I181138,1012,1.1081221028E8,2030-01-01
I186288,-783,1.103377917E8,2025-09-08
I188798,-1642,2.2910711673E8,2025-09-11
I195551,1010,9.805314512E7,2030-01-01
I197729,-384,1.987795758E7,2025-10-18
I201730,723,4470170.72,
I204412,-180,1.462318315E7,2025-09-01
I208430,269,3.0092042E7,2030-01-01
I211386,500,8573357.35,
I211520,-1298,9772585.92,2025-09-27
I218467,1379,1.994773189E7,2030-01-01
I227155,-618,6.821949744E7,2025-09-03
I228635,-1349,1.0815302899E8,2025-10-24
I235244,1391,1.0547197429E8,2030-01-01
I239984,640,7362455.51,
I133800,1462,1.342445938E8,2030-01-01
I138664,1249,0.0,2030-01-01
I138134,1678,5.614550951E7,
I141055,370,4.884102057E7,2030-01-01
I144427,284,3240791.3,
I147221,-1232,1.8196872365E8,2025-10-07
I151238,763,3.424373956E7,2030-01-01
I152209,1150,8.54004877E7,2030-01-01
I160107,647,2.963225313E7,2030-01-01
I173299,969,8.715152398E7,2030-01-01
I177152,1220,1.3773168369E8,2030-01-01
I183601,-1886,1.3522205515E8,2025-10-21
I191106,853,4.532765032E7,
I191328,221,6827635.7,2030-01-01
I195969,663,7.290048063E7,2030-01-01
I199895,-810,1.318665242E7,2025-09-19
I202422,-1186,3.68603052E7,2025-10-06
I204984,943,1.3917230106E8,
I206329,-1197,3.202293505E7,2025-10-27
I210317,-1563,6.118748101E7,2025-09-27
I214581,-1239,3.015928868E7,2025-09-06
I222568,75,9397440.83,
I225382,292,3.165409302E7,2030-01-01
I231217,1621,2.3064799245E8,2030-01-01
I231732,921,9.595674614E7,
I235285,882,1.036343133E8,2030-01-01
I128556,-1435,1.6558379229E8,2025-10-14
I131981,1157,1.6290245439E8,
I132329,230,6945216.32,
I132361,331,3.893752554E7,
I136702,420,4.779271635E7,
I147241,-803,8612099.46,2025-10-18
I153387,-247,2.170830903E7,2025-10-03
I156195,-1690,2.3719614969E8,2025-10-13
I161502,1071,1.451972646E7,2030-01-01
I165371,96,9457188.53,2030-01-01
I169537,-87,1431041.03,2025-09-18
I173280,136,1.238330296E7,2030-01-01
I182493,-1329,1.6641243373E8,2025-09-26
I187367,1398,1.6375088261E8,2030-01-01
I190018,-1552,1.9588707151E8,2025-09-25
I191115,1688,2.3367546382E8,2030-01-01
I192208,1805,2.6112554352E8,
I192971,-1679,1.9596527806E8,2025-09-24
I210043,-1107,1.1278128737E8,2025-10-08
I212440,480,5.794480482E7,2030-01-01
I212509,-1030,9.045407233E7,2025-10-19
I217401,-1809,6.361197231E7,2025-10-05
I218240,1713,3.76086801E7,
I222112,70,3317575.17,
I224513,1941,2.1500363585E8,
I231067,707,6648186.43,
I231668,-996,7.366227908E7,2025-10-10
I231744,596,5.452331004E7,2030-01-01
I232168,1902,1.3907217521E8,
I233300,976,6.372017353E7,2030-01-01
I233918,501,1.300365663E7,2030-01-01
I235790,1390,1.801896254E8,
I239293,1929,9.684675861E7,2030-01-01
I242170,-857,7.089584217E7,2025-10-10
I129204,-964,1.4355765992E8,2025-10-09
I129210,63,7564943.65,
I132510,854,1.1893936804E8,
I135343,1352,1.2392694164E8,
I142907,222,2416879.88,2030-01-01
I144278,452,1.819599748E7,
I148345,-999,8.408720435E7,2025-10-06
I150785,1796,1.8931348508E8,
I154772,425,5.515248332E7,2030-01-01
I161855,-1991,1.5026930782E8,2025-10-30
I166039,533,5.142230831E7,
I166104,-1897,2.6078649823E8,2025-09-05
I166786,-60,5217038.55,2025-10-21
I168261,-1580,1.7611628037E8,2025-09-29
I168553,789,8.759474868E7,
I170906,-1728,1.9538065391E8,2025-09-17
I171238,1526,8.678936387E7,
I177263,1737,7.700599214E7,2030-01-01
I179375,1043,2.10922202E7,
I181120,268,1.360991991E7,
I190883,-772,5.5776712E7,2025-09-27
I194547,1321,4.507437612E7,2030-01-01
I195489,-717,9.790192369E7,2025-09-01
I197883,114,1.246028215E7,2030-01-01
I198482,1244,6408849.4,2030-01-01
I199115,1335,1.9598887077E8,2030-01-01
I201011,674,4.93819995E7,2030-01-01
I201872,-1873,1.0736595362E8,2025-09-04
I202599,914,6.699686996E7,
I207975,1364,3389469.65,2030-01-01
I209391,1223,9.890605381E7,
I209725,1987,2.224761897E8,2030-01-01
I215285,122,6879379.39,2030-01-01
I219009,-1147,1.2827592868E8,2025-09-30
I223894,-1787,9.817843734E7,2025-09-05
I234228,1720,2.337190624E8,2030-01-01
I237568,-169,610535.69,2025-09-16
I240225,1024,1.4727726487E8,2030-01-01
I244017,554,3.556278479E7,
I250921,726,6.273135646E7,2030-01-01
I255186,-1689,2.1340318933E8,2025-10-06
I255982,-1231,7.092393214E7,2025-09-19
I251604,1773,1.4186738332E8,
I254761,891,3.202655876E7,
I256595,-1298,1.5319351036E8,2025-09-18
I259125,1679,1.0712208381E8,2030-01-01
I261604,-597,3636380.41,2025-09-17
I261897,-728,5.851337427E7,2025-09-13
I262297,1115,1.4194224017E8,
I262355,1932,2.8555058183E8,2030-01-01
I268427,1822,7.201092677E7,2030-01-01
I277754,1480,8.023291111E7,
I282051,1241,5.284054724E7,
I282195,261,476390.73,
I282220,-624,4.725501209E7,2025-09-11
I282298,-674,9.740682733E7,2025-09-30
I285070,1814,1.2360450244E8,
I288929,-286,1.030074815E7,2025-09-02
I289677,-187,0.0,2025-10-06
I290301,1050,1.5588133887E8,
I291211,-1347,1.0306754699E8,2025-09-19
I293453,1407,4.756518966E7,
I295290,-1619,8.484017407E7,2025-09-13
I298467,-1568,3.313648981E7,2025-09-17
I300051,1112,7.37676104E7,
I301574,759,2.822322356E7,
I303960,-359,3851458.59,2025-10-06
I305170,917,1.1883107508E8,
I307552,1820,8.08164059E7,2030-01-01
I310165,-76,8822922.48,2025-10-24
I314757,546,6.441530663E7,2030-01-01
I319064,185,5926419.03,2030-01-01
I323575,1455,2.481869157E7,2030-01-01
I325162,-1820,1.1143625447E8,2025-09-20
I326276,-824,3.373863446E7,2025-09-20
I327751,-919,5.957214075E7,2025-10-07
I331227,274,2175533.43,2030-01-01
I332515,653,2.768154896E7,
I335339,-1155,4.528155835E7,2025-10-27
I335447,993,1.040578971E7,2030-01-01
I336016,1676,2.3742066766E8,2030-01-01
I337644,1549,2.0108629496E8,2030-01-01
I339255,1124,9.059793762E7,2030-01-01
I341492,1565,1.0267370483E8,2030-01-01
I345912,867,3.91479041E7,2030-01-01
I351446,-1066,2.690374901E7,2025-09-26
I352478,762,1.453939865E7,
I356266,958,1.1961715875E8,
I356689,352,4.326905292E7,
I249236,-1906,1.7595626087E8,2025-09-27
I247130,1775,1.7239158614E8,
I257896,374,3.307713389E7,2030-01-01
I259865,456,2.712068884E7,
I262812,475,636807.45,
I263073,1246,7028494.6,2030-01-01
I265382,229,3101590.87,2030-01-01
I271099,1495,1.5941324833E8,
I274040,332,1.653971648E7,
I275831,670,3180802.17,2030-01-01
I276010,1628,1.0392327873E8,2030-01-01
I276996,142,209168.97,
I277960,1291,2.896329437E7,
I278268,63,3512685.68,
I286030,1866,1.64565513E8,2030-01-01
I292400,-1352,7.608354573E7,2025-10-16
I298865,885,2017263.42,2030-01-01
I304616,875,9.736153506E7,
I307487,763,9.432871418E7,2030-01-01
I314510,-1407,2.679267711E7,2025-09-27
I314526,-1521,1.5656892339E8,2025-09-26
I315164,-974,8.981733528E7,2025-09-07
I318302,1258,3.467373782E7,2030-01-01
I319230,854,8.724396369E7,2030-01-01
I321329,818,6.41011979E7,2030-01-01
I326077,-963,4.941427928E7,2025-09-07
I327324,835,1.1502440206E8,
I328049,1560,2.2607414215E8,2030-01-01
I329564,-1613,1.8428738736E8,2025-09-16
I332816,1029,4.60394288E7,
I332868,1504,1.5725020675E8,
I333402,789,3.226994418E7,
I344983,-244,2.42322095E7,2025-10-24
I346938,831,6.28159097E7,
I246174,-747,4.774140398E7,2025-10-10
I246656,-1741,1.8523538868E8,2025-09-15
I249437,-883,5.117500803E7,2025-09-22
I263826,655,1.766889886E7,2030-01-01
I264618,1225,8.265693114E7,
I264733,212,2.229570441E7,2030-01-01
I269752,1326,7.633677004E7,2030-01-01
I271457,384,2.684048001E7,
I271703,1020,2.550183343E7,
I273355,1972,2.056901832E7,2030-01-01
I276755,1646,2.0058081939E8,
I283925,-62,0.0,2025-10-23
I289926,1842,1.300812415E7,
I294291,280,3.060013481E7,2030-01-01
I296355,415,3.328021101E7,2030-01-01
I297367,1270,1.8808655233E8,
I298677,904,1.098970226E7,2030-01-01
I300793,-409,5.330479469E7,2025-09-09
I307997,959,1.030647564E7,
I312243,-335,3.049281874E7,2025-10-19
I315138,1243,1.6040725767E8,
I315293,-317,3.031383502E7,2025-10-02
I318642,290,1.642567424E7,
I319333,-1113,7.591045073E7,2025-09-02
I322334,1230,1.0575376803E8,
I324514,559,9585058.09,2030-01-01
I324952,-1338,9.423225313E7,2025-09-10
I325663,1101,0.0,2030-01-01
I332278,-738,1.549833847E7,2025-10-22
I333878,-1554,2.2580723226E8,2025-10-13
I334001,-134,1.326920717E7,2025-10-15
I342190,399,6443494.59,2030-01-01
I346828,1128,6.707596594E7,
I347896,593,3.640880883E7,2030-01-01
I349232,-1429,9.942018224E7,2025-09-10
I352337,1476,1.4434864782E8,2030-01-01
I352763,-550,3.708653384E7,2025-09-19
I354912,-1825,1.2228024608E8,2025-10-20
I358757,-916,1.1375647453E8,2025-09-11
I251625,251,3.010347918E7,2030-01-01
I254864,1302,1.8274974336E8,2030-01-01
I254125,639,4.413189788E7,
I258620,1196,1.2730109162E8,
I262707,953,1.2235907606E8,
I265416,1908,7.905459361E7,
I267042,620,1.502101088E7,2030-01-01
I271725,345,3.478047641E7,2030-01-01
I276378,849,1.1523888354E8,
I277342,1258,1.1806977591E8,
I280456,1736,1.944098956E8,
I283354,1307,1.383074832E8,
I285006,-1751,8.865397026E7,2025-09-05
I286613,-507,5.890943473E7,2025-09-16
I287265,466,1.786535872E7,2030-01-01
I293975,1931,2.1041054314E8,2030-01-01
I295202,321,1.793179913E7,
I299276,878,5818577.19,2030-01-01
I303153,274,2.686394291E7,
I304964,-1139,1.6111549491E8,2025-09-01
I306677,1274,1.8281863732E8,2030-01-01
I308774,1482,1.6460253767E8,2030-01-01
I312964,89,5574107.82,2030-01-01
I314625,154,1.021901029E7,
I320752,-96,8182482.02,2025-09-22
I321189,1777,2.0628872711E8,
I324081,-1603,1.4210702559E8,2025-10-27
I324675,-842,9.797384371E7,2025-09-21
I325039,-977,9.3734738E7,2025-09-29
I331858,87,1.267491124E7,2030-01-01
I341608,1750,6.997086667E7,
I345968,1948,6.526522348E7,2030-01-01
I346291,1458,1.229714001E7,
I350891,-1485,1.1099177676E8,2025-09-21
I352155,425,1.688380974E7,
I352636,-1159,3.117408783E7,2025-09-10
I354973,1217,1.7389118729E8,2030-01-01
I247384,775,4.934559844E7,2030-01-01
I252938,-1729,1.7042709693E8,2025-10-29
I254221,-1927,2.7926007609E8,2025-10-22
I258740,1312,8.958442459E7,
I259365,-1731,2.3876869083E8,2025-10-24
I261438,-979,4.169633426E7,2025-10-25
I264437,439,5.381343488E7,2030-01-01
I265237,418,6072642.46,
I267264,-1739,4.675714428E7,2025-09-28
I271539,826,6.720800575E7,2030-01-01
I273207,-1237,1.5756861191E8,2025-09-25
I274351,-1834,2.0919113283E8,2025-09-06
I275479,-690,8.29615286E7,2025-09-23
I276070,-874,7.158305145E7,2030-01-01
I280693,-1002,7.058801602E7,2025-10-15
I283285,-1241,1108939.7,2025-10-21
I288483,830,1.183469538E8,2030-01-01
I291795,-1377,1.1258565327E8,2025-10-24
I297791,426,5.4778549E7,
I298737,-520,2.543600005E7,2025-10-26
I298837,1295,1.7307984183E8,
I305407,267,1.833263314E7,2030-01-01
I305935,-1967,2.0412762532E8,2025-10-22
I307323,-672,7870379.85,2025-10-31
I309247,674,6.67385875E7,
I315486,1550,9.341176784E7,
I316639,1843,2.1255382428E8,2030-01-01
I316762,-714,9.162197048E7,2025-10-08
I317724,733,6.883197822E7,2030-01-01
I321939,1900,1.4775432546E8,2030-01-01
I336644,96,5466438.58,
I341061,-373,1.331100223E7,2025-10-09
I347479,1686,1.9591272191E8,
I347530,1377,1.5040025784E8,
I349944,1874,2.5208775393E8,
I351605,836,8.97458909E7,2030-01-01
I353290,1170,3.147314643E7,2030-01-01
I358198,584,5.082839219E7,2030-01-01
I244257,452,1.564227565E7,2030-01-01
I247927,1992,2.8103515796E8,2030-01-01
I251852,-954,2.333859724E7,2025-09-09
I251838,568,7.101009164E7,
I257045,-1166,7.603157508E7,2025-10-31
I259987,918,1.910128677E7,2030-01-01
I266969,1218,1.0042990309E8,2030-01-01
I274065,-499,7.099689003E7,2025-09-10
I274230,393,2.177089215E7,
I278362,554,4507189.57,
I281066,1930,8.094028105E7,2030-01-01
I289973,56,5341987.06,
I290215,1929,8.117755273E7,
I291473,702,1.024988361E7,2030-01-01
I293472,1778,7.806688351E7,2030-01-01
I293726,957,7.955132422E7,2030-01-01
I298236,935,9.449273327E7,2030-01-01
I299598,-293,2.444640493E7,2025-09-20
I302779,1249,5.062053467E7,
I314573,155,1.637872721E7,
I315684,-933,6.846985022E7,2025-10-18
I317646,-1962,1.1875038241E8,2025-10-09
I332030,-1679,1.1268898257E8,2025-10-24
I334978,835,5.787674129E7,2030-01-01
I338780,1940,4.501863544E7,
I347052,-1422,1.652961673E8,2025-09-02
I352049,805,6.552322436E7,
I356063,853,1.272811893E7,2030-01-01
I358280,-1555,2.0588462983E8,2025-09-09
I358966,937,5.78593514E7,2030-01-01
I245922,-622,2.257677077E7,2025-10-23
I253987,1053,1.088867717E8,2030-01-01
I252053,227,7677794.23,
I263933,664,3.731340355E7,2030-01-01
I267480,109,1.413895254E7,2030-01-01
I268817,-1172,7061518.81,2025-09-11
I269350,1526,7.39067496E7,2030-01-01
I269911,-1636,4.804992723E7,2025-10-14
I272454,1204,1.7486133723E8,2030-01-01
I280386,-1623,1.1233282039E8,2025-09-20
I281573,511,3.77415225E7,
I283745,1834,2.121608944E8,2030-01-01
I286396,1636,1.0008203824E8,
I287727,337,1812849.51,
I290033,1761,2.00396838E8,
I292790,1521,1.7354536022E8,2030-01-01
I298889,1313,1.8399758037E8,2030-01-01
I309526,-198,2.918209308E7,2025-10-19
I309775,1251,1.4261964855E8,
I311611,1648,3441160.26,2030-01-01
I311829,-1379,8.07577547E7,2025-09-20
I311903,-1273,1.4907300496E8,2025-09-01
I313217,782,5.85611673E7,
I313437,1323,6.681251581E7,
I317195,-1254,4.059364927E7,2025-10-12
I320659,-1096,1.3946836043E8,2025-10-28
I323669,-897,1.2398321543E8,2025-10-02
I326085,1737,5620653.97,
I328128,-763,9.174931746E7,2025-10-19
I330183,-693,3.893314324E7,2025-10-27
I332901,-761,662071.93,2025-09-27
I337608,983,1.0559054441E8,2030-01-01
I341968,-1698,1.2914618522E8,2025-09-23
I344840,1237,1.0307339872E8,
I352084,-323,2.425724007E7,2025-10-13
I352906,257,2.844995319E7,
I244341,-1327,4747909.59,2025-10-30
I246881,1776,4.375710642E7,2030-01-01
I249432,-1907,2.5422081728E8,2025-09-22
I252377,465,5.333485044E7,2030-01-01
I250429,115,1.438192429E7,
I261089,-435,6.46185774E7,2025-10-03
I261157,-164,1.104097184E7,2025-09-06
I263431,-1248,1.0437749612E8,2025-10-06
I264112,-673,8.643317735E7,2025-09-23
I271472,885,2807933.01,
I273126,1781,1819181.3,2030-01-01
I273889,542,5.097187732E7,2030-01-01
I274720,416,5.77728134E7,2030-01-01
I279362,1198,9.810005778E7,
I280032,-54,1136506.28,2025-10-20
I282833,799,420426.58,
I283913,1070,4.055759008E7,
I291716,433,1.015154979E7,2030-01-01
I292878,1836,1.6195946975E8,2030-01-01
I296366,1649,3.682282536E7,2030-01-01
I301503,739,6.726651503E7,
I305803,1442,1.0320428484E8,
I315068,1206,1.4667184413E8,2030-01-01
I315346,1578,1.8853340375E8,2030-01-01
I317221,467,6.528016367E7,
I320780,258,6271401.82,
I322063,315,2.59257377E7,
I327870,-608,3.195932593E7,2025-09-14
I328065,-1850,1.890641007E7,2025-10-10
I328435,306,4.088540394E7,2030-01-01
I329472,-652,3.41599192E7,2025-10-25
I333296,822,5.482469862E7,
I336734,1615,2.3297672671E8,2030-01-01
I337729,887,1.0695194423E8,2030-01-01
I338402,368,3.47204191E7,
I343009,1052,6.003117109E7,
I344903,-1024,5.483982763E7,2025-09-16
I346527,-1263,1.470053444E8,2025-10-15
I350639,657,9.649106607E7,2030-01-01
I245254,-561,4.596831091E7,2025-10-21
I250547,-53,4261121.65,2025-09-25
I258447,-1081,0.0,2025-10-04
I264968,1162,1.0175673082E8,
I266000,743,8.98915208E7,
I267675,1110,0.0,
I270324,1469,1.7780444976E8,2030-01-01
I274254,424,4.130081083E7,
I274837,1967,7.726450033E7,
I279608,353,4.640962642E7,
I281176,549,0.0,
I285331,-1184,1.5382830627E8,2025-09-21
I288210,-1914,2.0895935607E8,2025-09-22
I290117,1856,2.546701305E8,2030-01-01
I292499,-1741,2.3736151446E8,2025-10-10
I295611,-394,3.611873926E7,2025-10-09
I297328,274,3.172546061E7,
I301476,276,6988186.74,
I303780,1261,8.122401641E7,2030-01-01
I304513,789,6.205686838E7,2030-01-01
I321748,470,4.182149437E7,
I328890,1765,2.3391020009E8,
I329503,871,1.1904912411E8,2030-01-01
I331410,-194,2.112133319E7,2025-10-03
I332891,758,5.986289358E7,
I339793,-1351,3.841205117E7,2025-10-10
I348182,272,404888.72,
I353202,-1382,1.517206813E8,2025-09-19
I353244,662,9.290261025E7,2030-01-01
I354618,-519,5314198.57,2025-09-27
I354923,253,2.48451488E7,
I247550,302,2.081767895E7,2030-01-01
I249497,-457,3.021242403E7,2025-10-03
I250948,666,9.200711898E7,2030-01-01
I256178,-1445,1.7137479861E8,2025-09-27
I246415,528,1.959524414E7,
I258915,727,2.897065059E7,2030-01-01
I261543,849,7.438509765E7,2030-01-01
I262644,924,1.1909383886E8,2030-01-01
I266044,423,1.439546218E7,
I267099,833,8.654834314E7,2030-01-01
I275371,1048,3.721115241E7,
I276357,1568,1.854467443E8,2030-01-01
I276881,1445,1.957025274E7,
I292901,260,9085307.23,
I302932,1534,6.074856314E7,2030-01-01
I303896,410,4.705779042E7,2030-01-01
I305915,1399,8.930700233E7,
I305920,986,8.164214011E7,2030-01-01
I307612,302,2.172197347E7,
I308765,-468,5.820927615E7,2030-01-01
I313502,1191,9.845900277E7,
I313531,1712,2.4779909348E8,2030-01-01
I314060,-188,2.74761359E7,2025-09-27
I314226,697,3.572595173E7,
I314982,-1839,1.744003864E7,2025-09-22
I320772,1195,4.915793187E7,2030-01-01
I321620,-1433,1.5378691631E8,2025-09-19
I334809,-761,2501902.87,2025-10-20
I336123,-1182,1.7689872425E8,2025-09-01
I346949,-693,7.970483957E7,2025-09-01
I347880,700,9.885873249E7,2030-01-01
I348727,415,1.779550604E7,
I355487,591,6.911714186E7,2030-01-01
I245660,-607,5.436063304E7,2025-09-15
I247408,-1985,2.297640235E8,2025-10-09
I245028,793,6.005404255E7,
I250590,564,5.301806514E7,
I256766,1924,2.4848433401E8,2030-01-01
I268831,952,6.434087186E7,2030-01-01
I269171,723,4852015.52,
I270841,1252,8.273381947E7,2030-01-01
I271827,-1483,9.768303743E7,2025-09-04
I275666,-1778,9.09917692E7,2025-09-11
I285024,929,1.3604803108E8,
I289568,1783,7.636174331E7,
I291227,-595,9521587.35,2025-10-05
I291923,1848,2.2753027722E8,2030-01-01
I292669,315,9242756.42,
I293676,1370,4.514239786E7,
I296454,568,6.749679088E7,2030-01-01
I297672,-1659,3.876610739E7,2025-09-05
I298512,1622,1.5651898201E8,2030-01-01
I324391,1578,1.3253011186E8,2030-01-01
I326213,106,1.287562393E7,
I327812,366,2.997727046E7,2030-01-01
I328616,1239,9.373537242E7,2030-01-01
I329363,50,0.0,
I330000,1016,1.823432544E7,
I336442,638,5.032494633E7,
I342837,-1078,1.4216963526E8,2025-10-21
I343351,1651,1.4725305792E8,2030-01-01
I347137,903,5.136234028E7,2030-01-01
I351603,-1726,1.7129403495E8,2025-09-01
I352261,1913,1.3458278681E8,
I354294,-97,0.0,2025-09-26
I245855,-1171,8.177803321E7,2025-09-23
I246354,323,2.890016551E7,2030-01-01
I250201,-1380,3.290396811E7,2025-10-28
I252150,1197,4.314882945E7,
I253220,1399,2.0330485979E8,
I263789,293,2.318741933E7,2030-01-01
I266029,1792,2.0373069582E8,
I275994,1942,3.818210872E7,2030-01-01
I278195,-1623,9.452829934E7,2025-09-08
I278717,530,5.88509268E7,
I278757,-933,5.954028594E7,2025-10-10
I282813,-532,6.841676402E7,2025-09-09
I285292,-1954,1.1178130722E8,2025-09-14
I285727,280,6071277.6,
I297077,548,3772285.7,2030-01-01
I299027,1986,2.5880878408E8,2030-01-01
I300095,-1868,3.843913488E7,2025-10-05
I301619,-945,4.258560991E7,2025-10-24
I309569,1148,2.44399888E7,
I312230,1769,1.314089101E8,
I319236,1676,9.867913167E7,2030-01-01
I321361,1819,1.9726114323E8,2030-01-01
I325777,96,7006401.88,
I327887,1041,1.0044507775E8,2030-01-01
I330684,751,9.753003888E7,
I336955,483,2.698184519E7,2030-01-01
I339288,108,5133240.63,2030-01-01
I341709,889,1349175.21,2030-01-01
I342849,-612,6.706484568E7,2025-10-11
I345780,744,2.802620453E7,
I351171,1085,1.4005230407E8,2030-01-01
I355745,1236,1.5030908732E8,
I356156,-508,1.682170465E7,2025-09-26
I356542,262,9063067.8,2030-01-01
I357183,-462,4.925132932E7,2025-09-22
I362948,-185,5956824.06,2025-10-31
I364584,351,1.788321931E7,2030-01-01
I369815,1221,6.204478932E7,2030-01-01
I374313,-530,6.575923186E7,2025-10-14
I379277,588,6.730177752E7,2030-01-01
I379696,-1508,9.261283746E7,2025-10-24
I381842,-1404,1.0383498393E8,2025-09-11
I384630,-1171,7734574.27,2030-01-01
I385422,-1260,7.693469067E7,2025-10-31
I388438,490,4.81412561E7,
I395689,-761,9.534260722E7,2025-09-07
I395898,205,2.651156912E7,
I398155,1662,2.0370995173E8,
I398644,1358,5.411882379E7,
I398803,-935,3.486244399E7,2025-09-22
I400994,-972,7.553567558E7,
I410092,227,1.012225033E7,2030-01-01
I410421,1337,4.814313942E7,2030-01-01
I413598,-1694,1.2225062619E8,2025-10-30
I417035,803,8.319161887E7,2030-01-01
I423537,-1758,3.733884101E7,2025-10-18
I423582,1889,1.1072572012E8,2030-01-01
I424644,1753,1.482185847E8,
I431215,103,1.311736091E7,
I436180,1480,2.1849826533E8,
I441025,-923,7.492282514E7,2025-10-20
I446159,1689,1.3278789354E8,
I446425,-1253,7610454.51,2025-10-22
I447155,244,1.045899033E7,2030-01-01
I447971,906,1.2702395843E8,
I450583,589,1.857053199E7,2030-01-01
I454196,-1301,9.22623186E7,2025-09-19
I458416,1194,1.7117504092E8,
I459036,-1532,2.1388631851E8,2025-09-11
I461034,-460,6851814.72,2025-10-25
I466968,147,1.491479479E7,2030-01-01
I472779,914,8.559427996E7,
I474281,1358,1.811640874E8,2030-01-01
I369392,-509,1.220948638E7,2025-09-10
I371864,-482,5.897392914E7,2025-10-25
I372101,-1360,1.1744240776E8,2025-10-01
I379896,838,5.711625097E7,2030-01-01
I381366,-108,112087.03,2025-10-25
I388794,1583,1.5032295327E8,
I393575,-916,9.723781737E7,2025-10-15
I398917,1167,1.4100012973E8,2030-01-01
I400394,-803,7.393340174E7,2025-09-05
I406280,930,1.1945888328E8,
I406402,514,2.581123446E7,
I411419,734,7.181537815E7,
I412871,382,2.122432628E7,2030-01-01
I415713,-1004,1.3128280504E8,2025-09-25
I416640,-1570,2.0250666552E8,2025-10-10
I417317,-1590,2.3181618908E8,2025-09-07
I418216,864,1.0101280379E8,
I420697,-1331,6.929313634E7,2025-09-18
I425499,422,3.934451637E7,2030-01-01
I425629,475,4.068434338E7,
I431364,-178,2.506556549E7,2025-10-22
I438172,707,8.169565211E7,2030-01-01
I440977,-1852,6.772857649E7,2025-09-29
I442528,912,5.405986418E7,
I450649,774,8.199530392E7,2030-01-01
I456934,-834,1.0775051769E8,2025-09-01
I457153,-516,2.77828381E7,2025-09-27
I462662,1464,1.284341443E8,2030-01-01
I462726,943,1.400643038E7,2030-01-01
I463282,-1225,1.7866014287E8,2025-10-31
I464851,799,4.64320203E7,2030-01-01
I465949,235,3921496.9,
I466384,-566,1.249338996E7,2025-09-15
I469741,-1347,7.345944789E7,2025-10-05
I469853,-1468,9.760765526E7,2025-09-16
I474599,-476,6.555802318E7,2025-10-11
I362657,990,1.2114860457E8,2030-01-01
I367221,1482,5.877912434E7,2030-01-01
I367700,924,5.140736537E7,
I373828,1416,1.5105792422E8,
I379526,765,1582382.72,
I380620,646,8.815363155E7,2030-01-01
I381090,1714,2.2201002685E8,
I388778,1029,5.313281148E7,2030-01-01
I389154,569,6.591683567E7,2030-01-01
I401202,1299,1.3918422044E8,
I403065,-1518,1.2678942292E8,2025-09-22
I415124,1932,2.4926915563E8,2030-01-01
I416088,-515,1.43728062E7,2025-09-17
I417181,1885,1.917865384E8,2030-01-01
I417347,507,6.80754008E7,
I430694,-956,8.711660015E7,2025-09-23
I435344,-1546,9.142144145E7,2025-10-09
I435847,477,2.2230832E7,2030-01-01
I436272,-1390,2.788900391E7,2025-10-17
I440620,1794,6.465383389E7,2030-01-01
I443458,1387,1.24326872E8,2030-01-01
I447720,1250,4.286180016E7,
I458850,682,6.537106218E7,2030-01-01
I459954,1664,2.0294683936E8,2030-01-01
I460430,579,7.774464527E7,
I461461,-157,1.312956281E7,
I468584,1886,7.40155339E7,2030-01-01
I472467,1395,8.752516746E7,
I360233,1648,1.130188914E8,2030-01-01
I365373,629,6.734934629E7,2030-01-01
I367917,-132,1.399811548E7,2025-10-24
I363762,367,4.428058843E7,
I369762,228,1098370.29,
I371557,1596,2.0603594982E8,
I372407,1460,1.6127175536E8,
I390597,1725,4.183763704E7,2030-01-01
I400594,1169,2.055958125E7,
I400920,-980,1.3086196107E8,2025-10-30
I403094,773,1.620190399E7,2030-01-01
I405514,1939,2075718.69,2030-01-01
I406295,-969,2.963762607E7,2025-10-09
I411141,-651,7.241882908E7,2025-09-14
I420268,1084,7.126917591E7,
I421075,1032,1.366881584E7,2030-01-01
I423545,-428,3.24773694E7,2025-10-12
I426373,-818,1.545453111E7,2025-09-18
I430457,785,3.802373791E7,
I430489,379,1.593063173E7,
I433323,-199,2.393035979E7,2030-01-01
I435051,753,6.567268264E7,
I437887,1915,9.575437532E7,2030-01-01
I441004,89,4809892.13,
I443078,1391,1.735522021E8,2030-01-01
I443212,786,4.260720602E7,2030-01-01
I443678,-1634,8.318894251E7,2025-10-25
I451462,-1609,1.7950554029E8,2025-10-25
I451581,-1961,1.1758248685E8,2025-09-09
I451838,-1018,9.496321221E7,2025-10-14
I455863,677,4.324261252E7,2030-01-01
I456061,1964,2.7553509669E8,2030-01-01
I456333,-954,9.084487013E7,2025-10-15
I459854,-1650,1.766193148E8,2025-09-01
I462017,-1883,1.3538067813E8,2025-10-08
I463870,1555,2.3125466435E8,
I467900,-1688,2.2811120928E8,2025-09-16
I469723,342,1.070954278E7,2030-01-01
I472927,882,6.405403658E7,
I473052,1182,1.3866217E7,
I473644,-960,9.769120325E7,2025-09-12
I360642,-799,1.0562386169E8,2025-10-24
I371234,-1046,4.178875808E7,2025-09-17
I361671,728,6.027839997E7,
I372914,1093,1.2507302635E8,2030-01-01
I374647,229,4480876.16,2030-01-01
I375923,1929,2.132440032E7,2030-01-01
I376149,1734,1090663.34,2030-01-01
I386091,1159,3.513633343E7,2030-01-01
I397826,507,4684657.74,
I400201,691,2.101672867E7,2030-01-01
I400461,529,1.343989453E7,
I401894,585,8930672.31,2030-01-01
I402345,1991,4.782653984E7,
I402480,1497,9.422764937E7,2030-01-01
I402763,1809,1.5464305182E8,2030-01-01
I403744,207,2.823562287E7,2030-01-01
I404620,344,1.489884945E7,2030-01-01
I406349,1278,7.625212642E7,
I406709,437,1.499867194E7,
I410007,1150,4.464486319E7,2030-01-01
I411870,-1166,1.2242340729E8,2025-10-13
I416374,1831,1.9058251437E8,2030-01-01
I417198,1559,1.997918732E7,
I418264,1492,1.7311122481E8,2030-01-01
I418778,-164,1.943733886E7,2025-10-17
I422339,1647,1.033317928E8,2030-01-01
I422715,1081,7.10151547E7,2030-01-01
I424889,-1845,1.2655515036E8,2025-10-23
I426537,-76,7301373.58,2025-10-04
I426751,1819,1.8190636616E8,2030-01-01
I427839,-327,3.515291703E7,2025-09-27
I433134,-1927,0.0,2025-10-21
I439227,1023,3329406.57,2030-01-01
I439368,801,3.113099984E7,2030-01-01
I439533,510,3004448.55,2030-01-01
I445230,-503,0.0,2025-10-25
I450775,466,1.353252438E7,
I459254,-1176,1.4552090101E8,2025-10-02
I462614,1677,6.789692199E7,
I468558,151,3061315.79,
I470548,65,4662655.22,
I475434,629,0.0,
I370491,852,5.804899888E7,2030-01-01
I377974,666,2.358436574E7,
I382277,-1354,5.490923309E7,2025-09-16
I389611,-378,2037401.53,2025-09-26
I391979,-220,0.0,2025-09-18
I393166,533,6.08613287E7,2030-01-01
I396025,162,1.435697305E7,2030-01-01
I398369,1651,2.3873901099E8,
I401001,-1105,6.948568185E7,2025-10-28
I402997,-429,5.551645212E7,2025-09-19
I405091,210,1.245513495E7,
I405691,-729,6.78940134E7,2025-10-18
I413007,790,2.709959059E7,2030-01-01
I413257,-167,1.521191126E7,2025-09-26
I416327,1958,1.8124088569E8,2030-01-01
I418277,-831,5.397393736E7,2025-10-07
I424070,1905,1.8211562519E8,2030-01-01
I427845,-1497,1.6955035753E8,2025-10-28
I431346,358,3.358745134E7,
I431738,1938,2.5187823758E8,2030-01-01
I437733,-1201,1.3970319701E8,2025-10-01
I439253,750,6.888343796E7,2030-01-01
I455485,-1118,3.457777521E7,2025-09-02
I457769,1413,4.327360876E7,2030-01-01
I462588,70,725915.47,
I466672,1522,1.9441810947E8,
I468547,1557,4.113033712E7,2030-01-01
I360101,258,2.792419648E7,2030-01-01
I367664,722,3.128590323E7,2030-01-01
I363106,481,3.632270502E7,
I374071,1063,9.497137629E7,
I378573,1059,3.677053256E7,
I383052,984,6.689506726E7,2030-01-01
I384232,1647,1.1554803366E8,2030-01-01
I385399,1589,7.614345536E7,
I385487,1362,7.242613507E7,
I386231,-1901,1.9841771664E8,2025-10-06
I392766,764,3.374615563E7,2030-01-01
I395807,707,2.830845082E7,
I401677,1493,6.149848004E7,
I405093,320,4.066184967E7,2030-01-01
I407850,761,7.974688467E7,2030-01-01
I413045,-1461,6.700264001E7,2025-09-21
I413950,973,1.1570196396E8,
I422902,1239,8.982354191E7,2030-01-01
I427038,220,1.294774036E7,2030-01-01
I432742,1529,1.6821431497E8,
I438508,1736,1.7623090033E8,2030-01-01
I441770,353,2.672895053E7,2030-01-01
I447998,-759,8.96856782E7,2025-09-18
I450231,450,6.325898954E7,2030-01-01
I451687,1684,5.462439737E7,2030-01-01
I454229,-118,7458038.21,2025-10-13
I454513,81,1807559.15,2030-01-01
I462038,-1812,2.2440401243E8,2025-09-18
I462397,-1093,5.210863367E7,2025-10-04
I465197,1845,4.556015285E7,2030-01-01
I466162,-1829,2.5964837703E8,2025-09-05
I470043,1852,1.1212258813E8,
I370088,-637,9.444585979E7,2025-09-17
I374847,281,1.360284526E7,
I388062,907,2.50445447E7,2030-01-01
I388903,-1915,1.5357126768E8,2025-09-16
I391971,888,4.114194333E7,2030-01-01
I401706,988,7.843088142E7,
I402702,1722,3109382.27,2030-01-01
I405386,974,1.10824706E7,2030-01-01
I406184,144,4561746.45,2030-01-01
I413269,-1013,6.495958137E7,2025-10-18
I418879,-249,1.537808269E7,2025-09-03
I424509,-507,4.416838187E7,2025-09-19
I427081,201,2.588673308E7,
I430660,-1937,5.68767951E7,2025-10-11
I432804,-1217,1.4975053959E8,2025-10-22
I436668,1838,1.5085832231E8,2030-01-01
I438812,1572,1.0297779152E8,2030-01-01
I447337,296,1.602522365E7,
I450593,-976,2.054419746E7,2025-10-09
I463873,1115,1.3110900278E8,2030-01-01
I464652,135,5711708.36,
I466509,1484,1.5273576762E8,2030-01-01
I471345,214,1.984637893E7,
I361100,1966,2.6021008773E8,2030-01-01
I362018,-1527,1.3030508689E8,2025-09-25
I366943,1114,1.1808146937E8,2030-01-01
I367527,-590,4.50487703E7,2025-09-10
I370700,-1849,1.2903968849E8,2025-09-22
I370949,-1040,8.03113711E7,2025-09-21
I366691,1043,2.200806646E7,
I374659,769,1.855070453E7,
I383637,1467,1.9466473549E8,
I395453,-1890,2.5543106343E8,2025-09-08
I398221,1434,1.108196913E8,
I399286,-278,2.48612675E7,2025-10-12
I400012,-1134,1.0044338531E8,2025-10-11
I401475,-1104,1.5276130503E8,2025-10-06
I401876,1891,4.577567701E7,
I403600,880,1085175.87,2030-01-01
I408474,-541,1.851745632E7,2025-10-11
I409451,781,3.583741521E7,2030-01-01
I415616,-929,0.0,2025-10-05
I423757,1878,1.3134085231E8,
I424955,1317,1.624636702E8,2030-01-01
I428623,1558,7.796300153E7,
I430614,104,6670017.17,
I431595,-232,2.869492138E7,2025-09-28
I432412,644,4145480.33,2030-01-01
I435323,-1842,2.271603344E7,2025-10-10
I436616,-107,1.049211563E7,2025-10-17
I436847,-700,1.623210998E7,2025-09-21
I440440,1493,6.220683506E7,
I444150,-1881,2.3938833886E8,2025-10-03
I446513,-461,3.074963259E7,2025-10-12
I446950,-561,5.195597066E7,2025-09-05
I448677,-1019,1.4804796776E8,2025-10-10
I451020,-1608,6465085.03,2025-10-21
I454088,1159,8.148230641E7,
I455926,1395,9.697674138E7,2030-01-01
I464868,1973,1.0517811027E8,2030-01-01
I473668,-1473,2.088168948E8,2025-10-02
I363560,988,8.555489263E7,2030-01-01
I364445,-573,1.074063199E7,2025-10-27
I369250,-1681,1.9516986511E8,2025-10-05
I368069,893,5.435768407E7,
I375905,-1468,1.6555989663E8,2025-09-01
I379053,704,2.582729009E7,2030-01-01
I383719,-1874,1.3204736833E8,2025-10-22
I390560,-268,2.349299018E7,2025-09-24
I391253,-1000,2.498953025E7,2025-10-26
I391254,-949,4.58411469E7,2025-10-10
I392349,1720,7.37338266E7,2030-01-01
I393131,-402,2782952.56,2025-10-09
I398511,-115,65856.47,2025-10-18
I400218,1520,1.8958572673E8,2030-01-01
I400424,-1464,1117672.11,2025-10-05
I403710,365,2.181680474E7,
I410665,768,2.244065394E7,
I412382,871,1.034715431E7,2030-01-01
I414902,1981,2.8873693346E8,
I429893,1462,4.593644137E7,
I433028,1428,2.0197904976E8,
I437889,876,1.167503563E8,
I438288,-1323,3.681763756E7,2025-10-22
I442480,654,9.373590573E7,2030-01-01
I444210,513,7.160501488E7,2030-01-01
I444679,1599,7.707346302E7,
I446210,1570,1.2790316908E8,2030-01-01
I447260,-426,2.503935397E7,2025-09-17
I452473,1305,1.048443703E8,
I452876,1905,2.3674254939E8,
I455849,288,4.17301421E7,2030-01-01
I461966,-965,4.606752763E7,2025-09-10
I468222,1597,1.9091154649E8,2030-01-01
I472163,436,0.0,
I473658,1715,1.3740569965E8,2030-01-01
I475507,1825,2.1791412524E8,2030-01-01
I365996,898,1.2889166944E8,2030-01-01
I363398,1183,1.4808622272E8,
I366585,438,1.809513385E7,
I372495,297,2175143.39,
I373406,554,7.830611753E7,2030-01-01
I374849,1939,1.0519815475E8,2030-01-01
I378514,659,3868229.34,
I384482,1060,1.0275473317E8,
I390445,-1024,6.970141785E7,2025-09-15
I393459,-769,4.804790104E7,2025-10-22
I394858,1296,3.235087747E7,
I402941,1389,1.0963687923E8,2030-01-01
I403436,989,5.378188616E7,2030-01-01
I405791,1771,9.11678683E7,
I408360,558,1.584215747E7,2030-01-01
I410455,-380,8694906.17,2025-10-14
I412240,1950,2.471235372E7,
I413137,-1119,6.445387024E7,2025-09-07
I413461,1389,2.625273359E7,
I421817,-1962,8.914138737E7,2025-10-02
I422125,1098,1.3285706271E8,2030-01-01
I425613,-972,1.2207607612E8,2025-10-05
I431374,-326,4.874327325E7,2025-09-29
I432527,1657,7.242852603E7,
I435833,297,4.155752679E7,
I437104,707,6.705628577E7,
I438877,1247,7187286.52,
I440465,1103,2.131499673E7,2030-01-01
I440767,1696,1.6704317471E8,2030-01-01
I442460,1533,6815280.0,2030-01-01
I444076,-1338,2.996833596E7,2025-10-16
I446458,801,1.401476711E7,
I449715,1513,1.1326829495E8,2030-01-01
I451006,769,7.276440558E7,2030-01-01
I461875,1936,1.3395242041E8,2030-01-01
I466882,185,5761763.47,2030-01-01
I466889,853,3.595441408E7,
I467891,-1010,1.3310262455E8,2025-09-07
I469889,324,4.118631169E7,2030-01-01
I470685,-1001,1.0706270502E8,2025-10-30
I471288,-1834,4486114.93,2025-09-10
I367532,-682,1.822139686E7,2025-09-15
I372616,1708,1.0932725548E8,2030-01-01
I373848,-955,6.100578857E7,2025-10-30
I374471,1468,9.007409749E7,2030-01-01
I380536,-639,9.308177221E7,2025-10-24
I391570,1270,1.0227469592E8,2030-01-01
I397266,954,6829383.37,2030-01-01
I397369,1337,1.9810949378E8,2030-01-01
I400404,1105,1.3127093457E8,2030-01-01
I407852,848,3.679953837E7,
I412656,1121,2.189602378E7,2030-01-01
I413655,1247,1.035380449E7,2030-01-01
I415133,389,4.014987886E7,
I416127,926,9.285266875E7,
I416570,1179,5.571645724E7,2030-01-01
I419351,-221,1.035408588E7,2025-09-20
I420052,155,2.31034074E7,2030-01-01
I422276,-324,0.0,2025-10-14
I422804,1543,5.258820177E7,
I422890,-728,5.271969966E7,2025-10-05
I423504,-627,8660661.33,2030-01-01
I424403,-944,9.593653314E7,2025-10-29
I430190,-1963,2.0352986589E8,2025-10-31
I436978,-263,3.255837576E7,2025-10-22
I441313,1152,0.0,
I441821,669,5645411.83,
I444436,-1896,3.029308091E7,2025-09-02
I444561,985,4.659196419E7,
I444575,-1736,1.1586448211E8,2025-10-17
I445881,-211,2.855318537E7,2025-09-15
I446740,833,1.1155674843E8,
I451312,-607,6.673532735E7,2025-10-04
I454944,175,1.108290127E7,2030-01-01
I455312,911,9.011942076E7,
I457040,1447,1.0318211012E8,
I465644,-1205,2.248681445E7,2025-09-03
I469455,1668,1.9716196717E8,2030-01-01
I470639,-1430,1.9979790351E8,2025-09-29
I478845,750,3.59734131E7,2030-01-01
I486485,61,9057307.19,
I494212,133,1.170280856E7,
I500170,-192,1.700164837E7,2025-10-17
I503909,-1466,5.968891194E7,2025-09-01
I511962,-1589,4.856951022E7,2025-09-09
I513694,1227,9.278949548E7,
I520908,1883,2.121044165E8,
I521256,1864,1.7610206103E8,
I529996,1718,1.467984782E7,
I530989,243,3.258928996E7,
I546036,432,4.164499589E7,
I546179,1493,8.957785434E7,
I551541,1742,1.1691714706E8,2030-01-01
I552642,1133,7582480.84,2030-01-01
I553970,-1279,1.6808721292E8,2025-09-24
I557476,313,3.043641319E7,2030-01-01
I558171,1728,4.569439596E7,
I561000,-1034,1.4415760154E8,
I564884,-1588,6.439164548E7,2025-09-16
I571244,1538,1.52643602E7,
I576735,1184,1.3995539835E8,2030-01-01
I581766,1217,1.492647338E7,2030-01-01
I581794,-1595,1.2306958315E8,2030-01-01
I583078,1797,1.3272618505E8,2030-01-01
I584425,-907,4.177682021E7,2025-10-13
I590305,194,1.345014926E7,2030-01-01
I591324,1768,1.1061346714E8,
I480910,1543,6.281393094E7,2030-01-01
I483879,-1328,1.3585066221E8,2025-09-25
I485693,-320,2.847071373E7,2025-09-07
I493506,1826,2.1510491189E8,
I497409,-1786,2.270392559E8,2025-09-26
I500043,1167,3.501159105E7,2030-01-01
I502306,1452,1.788616392E7,2030-01-01
I508101,-855,5.792849751E7,2025-09-17
I514572,97,281298.89,
I515984,1670,1.371540989E7,2030-01-01
I517780,-366,3736340.35,2025-10-03
I517929,-1275,1.2896890916E8,2025-10-12
I520959,-1062,2.168324589E7,2025-10-18
I523712,395,3.366484898E7,
I527106,1194,1.4159613461E8,2030-01-01
I527719,-456,5.599618166E7,2025-10-21
I528630,-809,5.53428583E7,2025-10-16
I529619,-1023,1.0376113594E8,2025-09-10
I535408,631,3.636471079E7,
I537267,-778,9.915189555E7,2025-09-03
I542704,1327,1.8730893397E8,2030-01-01
I554441,-179,2.097241032E7,2025-10-06
I565025,1368,2.536354346E7,2030-01-01
I573426,523,7734687.75,
I575135,1649,2.0151963425E8,
I579146,830,1.036143543E7,
I581168,-1554,1.8981778252E8,2025-10-04
I581823,603,3.754259059E7,
I588254,1869,1.2216086145E8,2030-01-01
I590064,-1824,1.875340994E8,2030-01-01
I483499,1092,1.3012421388E8,
I483921,381,2.470713691E7,
I498527,886,5.121840648E7,2030-01-01
I515923,1290,8.032701022E7,2030-01-01
I518564,-1003,7927341.39,2025-09-04
I521989,1960,2.4024773667E8,2030-01-01
I523053,363,8999540.95,
I523683,-61,816243.7,2025-09-22
I524927,-927,2.140713603E7,2025-09-18
I526157,1229,1.4050503246E8,
I526231,-1486,5.662361737E7,2025-09-15
I526865,-1324,2.273843302E7,2025-10-09
I529196,217,2.221808303E7,2030-01-01
I532095,638,1243837.21,
I536519,238,2.608419282E7,2030-01-01
I539841,505,1.129732456E7,2030-01-01
I540936,711,6.934388826E7,2030-01-01
I541908,1283,1.773861298E8,
I549452,-1766,1.6274887619E8,2025-10-28
I550995,-1589,2.3150256599E8,2025-10-09
I551825,-1891,2.0759283678E8,2025-09-26
I553109,1394,5.419090435E7,
I554190,-1133,6.316136734E7,2025-09-08
I557641,1544,9.687671344E7,
I564252,1022,3161545.31,
I569469,1049,1.5480244759E8,
I576347,742,3.437601787E7,2030-01-01
I578714,-1195,1.5175286709E8,2025-09-02
I584542,1229,1.1959059844E8,2030-01-01
I590482,2000,1.2368907413E8,
I478072,131,1.449319137E7,
I483919,1921,1.3707759839E8,
I491300,75,0.0,
I492150,297,3.216288167E7,
I493060,-1805,1.2958784211E8,2025-10-04
I505432,645,3.537159722E7,
I507121,1791,1.5591073151E8,
I508886,1835,2065850.87,2030-01-01
I517292,310,6623390.5,2030-01-01
I519043,-725,1.020131514E8,2025-10-25
I522863,909,1.3174742509E8,2030-01-01
I526384,129,721899.01,2030-01-01
I531806,1956,2.2130643221E8,2030-01-01
I535105,-1221,1.1115039052E8,2025-09-16
I543211,1568,1.064041278E7,
I548380,1799,0.0,
I555023,507,2.506433527E7,2030-01-01
I558926,861,3.894623053E7,2030-01-01
I566020,-710,6.616705481E7,2025-10-27
I567538,1066,5.934927148E7,2030-01-01
I572747,158,1.896452412E7,
I584167,-58,5688561.8,2025-09-18
I586687,343,4.806238843E7,2030-01-01
I587498,1669,1.428520735E8,2030-01-01
I481080,1821,1.3938499103E8,2030-01-01
I481643,-1577,1.5825018253E8,2025-10-17
I482860,-64,1646714.49,2025-09-11
I486172,-1589,5.136566816E7,2025-09-23
I476293,1478,1.2879747136E8,
I482839,961,1.0123338744E8,
I482926,1835,8.893773222E7,
I491168,898,7.567069746E7,
I495398,-1810,5.155809244E7,2025-10-19
I497185,1260,1.1648615341E8,2030-01-01
I501741,1495,1.0737301392E8,
I506916,1799,2.3907453857E8,2030-01-01
I507996,93,1.121522708E7,
I516475,-1787,1.8982551356E8,2025-09-04
I521670,1189,1.783263126E8,
I526864,-1776,1.9719492568E8,2025-10-21
I527617,1264,1.6715596719E8,2030-01-01
I535774,1205,2725375.31,2030-01-01
I539894,504,2.035380238E7,2030-01-01
I542314,1885,2.1853617032E8,2030-01-01
I545455,706,8.189957919E7,2030-01-01
I552826,-1736,964197.46,2025-09-02
I556634,509,5853220.56,
I561156,-239,2.248155042E7,2025-09-08
I561267,-515,2728593.22,2025-09-17
I577664,-1183,1.3211169908E8,2025-09-21
I582920,1183,9.918484681E7,2030-01-01
I583002,550,3.582194459E7,2030-01-01
I588014,663,4.282977444E7,2030-01-01
I475918,340,1.50572256E7,2030-01-01
I476083,-1350,7.298014443E7,2025-09-29
I485200,-1108,6.280925979E7,2025-10-07
I488016,295,3.935372981E7,
I497564,916,1.0603102748E8,2030-01-01
I502004,-490,2711591.31,2025-10-14
I504749,1145,7.198549024E7,2030-01-01
I507645,1356,1.2259844198E8,
I509020,244,1.350382261E7,
I509879,988,1.521373725E7,2030-01-01
I510645,-1991,2.8186039128E8,2025-09-30
I519022,995,1.0598781419E8,2030-01-01
I520369,1871,2.4641525334E8,
I520533,-531,5122384.11,2025-10-19
I523344,-522,4.947958298E7,2025-10-29
I524148,1633,3.27226077E7,2030-01-01
I526536,1637,1.0931349286E8,
I527952,1639,2.1350436872E8,
I528184,-353,2.345258093E7,2025-09-12
I528466,1310,4.453159701E7,
I530538,-1833,1.6596381441E8,2025-10-25
I533776,1050,9207663.99,
I541125,-110,6601040.43,2025-09-12
I547321,1734,1.0405059418E8,
I557905,912,4.491007698E7,
I558974,-1884,7.816842687E7,2025-09-07
I562876,226,1.884522672E7,
I564657,1887,1.0762765222E8,2030-01-01
I569125,-903,1.606657216E7,2025-09-07
I570321,352,0.0,
I570907,-356,4.211628762E7,2025-10-27
I571938,1184,3.866180863E7,2030-01-01
I574970,-1973,4.368803527E7,2025-09-09
I577483,186,4739843.19,2030-01-01
I579003,1909,2.0732262344E8,
I580211,-987,6581286.54,2025-09-01
I581844,-1977,1.5526065983E8,2025-09-24
I582837,-774,1.427844933E7,2025-09-13
I585841,927,9132109.49,2030-01-01
I591164,-1680,5.983839351E7,2025-09-17
I475901,-147,2.042504344E7,2025-10-03
I478354,-963,1.312269062E7,2025-09-03
I486016,-1051,1735225.43,2025-10-23
I479287,970,1.1043603951E8,
I488764,1492,2.1943555828E8,
I489872,1019,4.497309226E7,2030-01-01
I492174,-569,1.166781988E7,2025-10-09
I500438,406,4.538353698E7,
I500535,1305,1.0920410708E8,2030-01-01
I507545,1138,1.2705771902E8,
I520047,-1099,1.1170088717E8,2025-09-26
I522773,810,3.224569595E7,2030-01-01
I523957,1459,9.030074827E7,
I529002,1847,8.513233958E7,2030-01-01
I529190,-1572,4.33955394E7,2025-10-02
I532985,-1550,1.3644202374E8,2025-10-12
I533381,841,7.692762628E7,2030-01-01
I539563,-942,1.2558034086E8,2025-09-02
I540378,1993,2.2367695424E8,2030-01-01
I541577,-1361,8.40467567E7,2025-10-30
I545155,82,7701271.95,
I545311,-1572,8.397889348E7,2025-09-10
I550032,-1767,2.3248784987E8,2025-09-30
I551903,976,1.1865183484E8,2030-01-01
I553644,102,1792131.5,2030-01-01
I554514,1940,7.15333757E7,
I558812,1980,2.6720182886E8,2030-01-01
I559519,1587,1.039501355E8,2030-01-01
I562174,142,1.371611163E7,2030-01-01
I566064,1405,7.836342417E7,2030-01-01
I566308,1167,1.3386152203E8,
I568382,519,7.238066837E7,
I568990,469,1.022273571E7,2030-01-01
I570352,-1928,4.210406375E7,2030-01-01
I576499,838,1.115648393E7,
I577879,354,3869682.42,2030-01-01
I580029,847,4.866923261E7,
I586445,-1897,1.8936039502E8,2025-10-24
I586729,907,8.945516104E7,
I587800,-1146,4.285772739E7,2025-10-12
I590823,-702,7.189066615E7,2025-10-30
I476817,1404,1.9607920965E8,2030-01-01
I483132,-1855,2.3478906971E8,2025-10-01
I486519,887,3.997610708E7,
I490510,177,1.021318985E7,2030-01-01
I494279,1650,2.1130531467E8,2030-01-01
I497880,1534,1.4747919385E8,2030-01-01
I501758,651,9.25947995E7,
I504935,489,7.308963511E7,2030-01-01
I506199,-1407,9.957776066E7,2030-01-01
I516727,1984,1.1725994541E8,
I523937,799,7.670762043E7,
I526292,1777,1.758978642E7,2030-01-01
I530462,1397,5.040795275E7,
I531313,1093,4.860912059E7,2030-01-01
I531735,1958,5.091396767E7,2030-01-01
I536545,-1068,8.845989445E7,2025-09-23
I537939,-1193,1.7392045195E8,2025-09-15
I538952,786,8.712496264E7,2030-01-01
I541035,1178,6.593993451E7,2030-01-01
I544178,-1150,1.6662047227E8,2025-09-30
I557100,1256,1.3240555501E8,2030-01-01
I559047,-1947,2.4085477876E8,2025-10-22
I560256,666,8.877420592E7,
I567000,-1724,9626938.24,2025-10-30
I567288,-1814,5.051487775E7,2025-10-04
I569314,-1294,1.775490062E8,2025-10-26
I571138,1592,1.5332774699E8,
I574128,298,2.325713007E7,2030-01-01
I576959,-1148,1.099270993E7,2025-10-25
I579673,1648,1.2595100709E8,2030-01-01
I579993,670,6.866404664E7,
I580828,-169,1401511.34,2025-10-03
I581683,-1786,1.426604166E7,2025-10-10
I582154,623,8.671693784E7,
I582838,-428,1.734837766E7,2025-10-02
I584068,1900,2.222030097E8,
I588037,1297,1.0826634952E8,2030-01-01
I590560,1645,7.725238392E7,
I479189,-999,1.0471129098E8,2025-10-28
I483850,1238,3.331312976E7,2030-01-01
I484734,-1960,2.4471272017E8,2025-09-01
I477129,1702,6.680558922E7,
I478302,744,1.0152888425E8,
I481883,787,8.008574576E7,
I492996,-865,2.481851578E7,2025-10-21
I493297,358,2.527132907E7,2030-01-01
I494098,510,6.739000104E7,2030-01-01
I499852,900,1.2250230866E8,2030-01-01
I502398,-392,4.082004809E7,2025-09-26
I503095,725,2.547143488E7,2030-01-01
I503281,288,1.847522125E7,
I504394,1360,1.495058907E8,
I507511,-1162,5.007002049E7,2025-09-25
I510174,1609,3.332415576E7,
I510320,974,2.469436545E7,2030-01-01
I511205,-1803,2446490.96,2025-10-25
I516730,-1222,1.7931230448E8,2025-10-02
I521467,-698,7.182331552E7,2025-09-05
I522946,1516,1.4632772757E8,
I525239,724,1.313235193E7,
I525262,1351,6.456389868E7,2030-01-01
I530054,-1540,1.9148209181E8,2025-09-06
I530978,-1337,1.6374730019E8,2025-10-03
I531464,1293,1.599961876E8,2030-01-01
I531486,476,6.541313483E7,2030-01-01
I533527,-1418,7.827114889E7,2025-10-24
I540149,-178,2920776.43,2025-10-14
I544968,-242,1.470428622E7,2025-09-26
I546928,-591,8.812889223E7,2025-09-21
I548898,1899,2.1783907651E8,2030-01-01
I551741,837,7.198808791E7,
I552478,1054,7.691762096E7,2030-01-01
I555653,1318,1.4478316943E8,
I562145,1509,5.506528216E7,2030-01-01
I564045,-1182,1.1417762593E8,2025-10-14
I565794,310,3.303709415E7,
I566155,-1085,1.011149963E7,2025-09-23
I566324,1740,2.1328537982E8,
I566706,-394,4.453256591E7,2025-09-18
I567759,749,7.704755583E7,
I568090,1965,1.2778974946E8,
I568235,1094,4.729230051E7,2030-01-01
I572309,1241,6.03183119E7,2030-01-01
I575962,-186,1.124253087E7,2025-10-10
I576330,-1854,2.7099357336E8,2025-10-12
I576950,1882,2.2352392858E8,2030-01-01
I578497,984,7.469729766E7,
I582401,1895,2.2887099012E8,2030-01-01
I582990,-1209,2.243797266E7,2025-09-23
I584931,943,1.2680430862E8,2030-01-01
I586798,-247,3.363699281E7,2025-09-05
I476058,-641,5.431694313E7,2025-10-25
I483871,920,2.651376829E7,2030-01-01
I486394,766,5.828884322E7,2030-01-01
I479884,1510,1.2310500577E8,
I495080,1420,2.917411745E7,
I499299,1565,2.0167806373E8,
I499417,1229,1.148172166E7,2030-01-01
I499911,951,6.276701708E7,2030-01-01
I505781,1705,1.0030695189E8,
I506121,242,2.757312385E7,
I509782,1569,9.832929348E7,
I512382,1141,3.025666112E7,2030-01-01
I518341,1012,4.602103503E7,
I518872,-316,3367885.72,2025-09-07
I519615,1835,2.5131093914E8,
I519708,1826,2.0654701642E8,
I523407,-1640,9.600545099E7,2025-10-05
I528238,930,9.521965005E7,
I536829,95,3739853.57,2030-01-01
I536961,1323,1.0159279684E8,2030-01-01
I542957,-340,5.046074922E7,2025-10-22
I545395,-554,4.540957717E7,2025-10-20
I546429,-1238,4.215634597E7,2025-09-15
I546862,-1874,2.4372373438E8,2025-10-08
I547761,-1319,1.9657424273E8,2025-10-13
I548127,914,1.3581213911E8,
I549199,685,8.731092109E7,
I551622,1363,4308994.22,
I553576,-1293,1.5645582492E8,2025-10-06
I554312,-1703,2.0365133498E8,2025-09-13
I563373,1601,1.4565627122E8,2030-01-01
I563409,293,2.277884085E7,
I566046,1070,5.18042182E7,2030-01-01
I567319,-1710,1.9313919149E8,2025-09-09
I567598,1337,8.782040256E7,
I567975,-1919,2.7459332581E8,2025-10-02
I568107,878,5207770.53,
I574098,1577,1.4136401725E8,
I574397,-1462,1.696214024E8,2025-09-12
I574733,1734,1.1425156442E8,2030-01-01
I575159,1461,4.681005121E7,
I576138,-683,8.448244363E7,2025-09-26
I576377,1606,1.3207504052E8,2030-01-01
I584294,1956,1464387.12,2030-01-01
I477644,1178,9.216871925E7,2030-01-01
I486203,-1531,1.903128727E8,2025-10-13
I487388,-1853,1.4734707455E8,2025-09-21
I489147,459,5.401479764E7,
I494234,-148,1.149958821E7,2025-10-20
I494552,254,1.133188412E7,2030-01-01
I498859,678,8.233832647E7,
I500295,-898,1.49984362E7,2025-09-12
I505716,738,7.445493849E7,
I517518,1484,6.511416462E7,2030-01-01
I518990,-1888,8.73377241E7,2025-09-22
I519253,-1522,1.3876828736E8,2025-10-05
I523466,-423,1.701660123E7,2025-10-06
I524624,356,9284605.41,
I527507,594,1.784073167E7,
I534214,-1049,4.52434597E7,2025-09-21
I536078,829,8.628769693E7,2030-01-01
I537326,1495,3.672045409E7,2030-01-01
I537337,1642,7.428246362E7,2030-01-01
I541494,1779,2.0872868575E8,
I543000,1760,2.0998552686E8,2030-01-01
I543650,475,3.544832628E7,
I545131,883,9.054039926E7,
I547672,-1236,1.89483503E7,2025-10-28
I548974,-1705,1.7744367098E8,2025-10-17
I555256,-983,1.2570868072E8,2025-09-17
I557889,-351,0.0,2025-09-12
I561497,-1188,5835896.54,2025-09-20
I568836,626,3.627492517E7,
I570411,1963,2.2668064145E8,
I571088,-84,1.1418873E7,2025-09-24
I574287,-361,4.958150253E7,2025-10-05
I574447,1867,9.104780983E7,
I581910,-347,3.381739142E7,2025-10-06
I584141,1670,6.544632156E7,2030-01-01
I585765,1897,1.8334041119E8,2030-01-01
I590719,-688,7.151548742E7,2025-09-30
I480638,-934,9.308649889E7,2025-09-25
I479503,167,2.083056777E7,
I488184,-1494,7.648756308E7,2030-01-01
I489160,1983,7.703223986E7,
I498333,1418,6.924264337E7,2030-01-01
I499038,-1194,1.6799402184E8,2025-10-06
I500305,-1264,5.813984169E7,2025-10-08
I501221,275,2.551410356E7,
I504517,-1635,1.5231272215E8,2025-09-19
I507237,1175,1.0502430629E8,2030-01-01
I513243,488,3.671063078E7,2030-01-01
I516229,1073,1.199508868E7,2030-01-01
I516682,1780,1.27181143E8,
I517530,1769,2.5782717655E8,2030-01-01
I518054,1617,1.504174689E8,
I518873,1063,3.550107316E7,
I519075,-952,1.3049152835E8,2025-10-23
I521654,766,8.330401552E7,2030-01-01
I527920,-1114,1.4602313081E8,2025-10-11
I528719,-1444,1.1654695301E8,2025-09-27
I529173,-666,3.587568326E7,2025-10-01
I529922,-512,6.851578316E7,2025-09-10
I534426,335,4.533762199E7,2030-01-01
I549415,1160,4950953.57,2030-01-01
I550799,1321,1.2860324656E8,2030-01-01
I551054,651,4772008.71,2030-01-01
I551797,871,5.878372053E7,
I552365,1743,9.685295496E7,2030-01-01
I554633,-1556,1.2662655948E8,2025-09-21
I556898,-126,1.11558207E7,2025-10-21
I560784,172,9703190.46,
I563874,894,1.066395743E8,
I565775,1116,1.6732628862E8,2030-01-01
I568792,1622,1.8990534017E8,
I570459,458,3.035015565E7,2030-01-01
I572508,-880,8.976425856E7,2025-10-05
I575635,629,9.174743452E7,2030-01-01
I581745,1905,2.4694231067E8,
I587527,-1264,4.346067974E7,2025-09-13
I589391,-1185,6.15654987E7,2025-09-07
I595783,1669,1.7596058027E8,2030-01-01
I596997,-579,6.42161281E7,2025-09-06
I598163,1860,1.604732656E8,2030-01-01
I593863,111,4815401.98,
I594681,356,2.199577599E7,
I597338,1687,1.6438159229E8,
I607450,1819,2.4761245165E8,2030-01-01
I607804,1503,0.0,
I608600,-612,8.188923065E7,2025-10-15
I612836,765,1.149341048E7,2030-01-01
I621973,1039,1.1442537588E8,
I641187,63,9009714.89,
I647940,1228,1.3685152154E8,2030-01-01
I649967,-1807,9.953852455E7,2025-09-08
I656715,681,5795892.03,2030-01-01
I661770,1740,8.528412383E7,2030-01-01
I662642,-1148,1.236184177E7,2025-10-16
I663150,685,5.01011082E7,
I665801,1752,8.362314301E7,2030-01-01
I667112,-1887,1.7250544558E8,2025-10-04
I667887,1210,6008090.42,
I678289,-973,1.0323355073E8,2025-10-30
I679387,1114,2.300856935E7,
I683880,-238,1.904973058E7,2025-10-08
I690495,1490,1.0513799059E8,
I690859,-1697,2.1313977956E8,2025-10-05
I691770,1939,7.545860218E7,
I692422,-560,5.434248188E7,2025-09-14
I693427,1423,6.157457391E7,
I695143,-1670,2.2812984861E8,2025-10-23
I697259,368,2.777726116E7,2030-01-01
I703816,459,6819950.93,2030-01-01
I704141,271,2.268649148E7,2030-01-01
I607109,-491,0.0,2025-09-02
I608188,-920,1.290345674E8,2025-09-20
I608717,1737,1.8152225654E8,
I613646,189,1.656528634E7,
I614143,159,6623254.93,2030-01-01
I615019,1636,0.0,
I618654,1011,5607264.09,2030-01-01
I619770,-368,1.682689232E7,2025-10-05
I623459,-64,9403954.73,2025-10-26
I626975,407,1.760497709E7,
I632018,-1870,1.4123623836E8,2025-10-27
I637581,149,2235369.03,
I641682,-151,6014794.5,2025-09-02
I642034,-1368,3672275.3,2025-09-24
I643919,1645,2.3718986995E8,
I644327,712,6.040835857E7,2030-01-01
I648666,1865,2.2153947079E8,
I650306,1567,9.332103817E7,2030-01-01
I650327,-1064,9.85144323E7,2025-09-10
I651788,-1291,1.0582122774E8,2025-09-15
I655472,954,6.548149491E7,
I660037,247,1.551751703E7,2030-01-01
I664296,337,5533764.66,2030-01-01
I680032,-1684,2.490121971E8,2025-09-27
I680229,1319,1.7792254581E8,2030-01-01
I683235,819,6239830.04,2030-01-01
I684148,517,5447020.29,2030-01-01
I685694,412,3884009.2,2030-01-01
I685804,-1617,2.050438276E8,2025-09-08
I686476,1138,2161747.41,2030-01-01
I688268,411,4468190.52,2030-01-01
I688645,-1377,6.263800296E7,2025-10-05
I691801,-1793,3.810931184E7,2025-09-10
I692771,695,7.429665312E7,
I693516,1318,1.313090368E8,
I699783,599,5.455725188E7,
I701969,880,0.0,2030-01-01
I592457,-158,1.195007419E7,2025-10-22
I594616,373,3.041444132E7,2030-01-01
I600181,889,1.3226613436E8,2030-01-01
I603670,624,6.457282682E7,
I606097,1738,2.0402470011E8,2030-01-01
I611846,-1578,1.1293616778E8,2025-09-19
I620223,943,6.460933862E7,
I623060,1495,2.1981661793E8,2030-01-01
I631469,229,3.157868185E7,
I635719,1602,4.484698964E7,2030-01-01
I637457,-1663,1.0820678681E8,2030-01-01
I637761,888,1.1532113075E8,2030-01-01
I640963,884,4993115.44,2030-01-01
I644219,-1872,2.1927257478E8,2025-09-12
I646360,1199,1.6277696833E8,2030-01-01
I648441,-566,5.272117322E7,2025-10-20
I653606,1170,1.7214243896E8,2030-01-01
I655486,179,1.234373156E7,2030-01-01
I656704,1535,2.096720401E8,
I665849,580,8.132586409E7,2030-01-01
I669401,-1907,2.201076168E7,2025-10-09
I682340,1120,5.284810797E7,2030-01-01
I686699,1124,5.057898808E7,2030-01-01
I696106,1189,4.055337197E7,
I697333,-307,2.722632113E7,2025-10-04
I698807,1079,1.4032819746E8,
I699193,844,6.396203408E7,2030-01-01
I702484,558,1.262494675E7,2030-01-01
I706860,350,4.245681439E7,
I591990,-365,5.235144299E7,2025-10-14
I601785,480,6730850.7,2030-01-01
I599554,1265,1.515021952E7,
I603866,1343,2.47554648E7,
I606457,1958,1.0495080384E8,2030-01-01
I606570,1338,1.1660308849E8,
I611574,-1641,2.1655515293E8,2025-10-20
I612216,1746,2.1999666233E8,2030-01-01
I612907,1727,1.1345747924E8,2030-01-01
I616487,808,3.560924891E7,
I618671,1513,4.390589982E7,2030-01-01
I621481,1369,5.383765799E7,
I622765,1520,1.0183282243E8,
I626150,-1900,1.5463370194E8,2025-10-10
I627735,1509,8.804567655E7,
I633512,-1046,1.5198938678E8,2025-09-13
I636257,-1294,1985608.98,
I641214,-439,6.325249208E7,2030-01-01
I646158,1232,9.854482437E7,
I646878,385,4.170628865E7,
I648060,572,8.257009848E7,
I654424,-911,3.518680769E7,2025-09-29
I659819,-433,4.873301145E7,2025-09-27
I660130,502,6.566276773E7,2030-01-01
I667218,-1433,1.5284323232E8,2025-10-12
I667956,1088,5.156439428E7,2030-01-01
I675891,-371,1.724956407E7,2025-10-02
I684119,1491,1.0810742035E8,
I693586,1859,1.8778026188E8,
I702690,-1528,1001104.1,2025-10-12
I594231,373,5.052687906E7,2030-01-01
I595609,-1295,4.36953093E7,2025-10-11
I602201,-915,1.1447222373E8,2025-10-25
I592836,1922,2.038405463E8,
I601214,999,1.0476901111E8,
I606817,1204,1.0771295303E8,2030-01-01
I616598,835,1.0540310208E8,
I616619,849,1.1140184121E8,2030-01-01
I617688,662,5.600357563E7,2030-01-01
I618792,-1222,1575560.42,2025-10-21
I620353,440,6865220.4,2030-01-01
I630043,1004,6.38110896E7,2030-01-01
I638237,1557,2.552870216E7,2030-01-01
I638548,-1353,1.208309963E7,2025-09-28
I640139,1531,7.832292329E7,2030-01-01
I640465,-1989,2.1124311045E8,2025-10-13
I640771,1787,1.5240899413E8,
I641428,-896,6983610.26,2025-10-29
I646071,1398,1.653654139E8,
I646656,-230,2.901262199E7,2025-10-15
I652222,941,6.994487443E7,2030-01-01
I652812,1784,6.542194747E7,
I654151,1026,7.972857235E7,2030-01-01
I659367,-988,8.694769657E7,2025-09-15
I660485,508,5084031.18,2030-01-01
I668715,-919,7.817607577E7,
I668765,1755,2.2776201226E8,2030-01-01
I675821,686,7.862134743E7,
I676141,558,3.860953566E7,
I678329,-1148,1.3063304054E8,2025-10-03
I679972,1910,2.2080414692E8,2030-01-01
I680395,1101,1.5129532307E8,2030-01-01
I682282,751,3.698571693E7,2030-01-01
I685869,-685,8.935046612E7,2025-10-26
I687538,-1612,2976875.37,2025-09-15
I693672,1013,5.116411455E7,
I693777,-642,2.733597004E7,2025-09-09
I695841,468,3.104899992E7,
I701923,689,1.0239114662E8,
I702610,1947,1.0675251087E8,2030-01-01
I602224,601,5.815295777E7,2030-01-01
I606052,-972,9.923121105E7,2025-09-06
I610558,1096,8.882300184E7,
I610803,-423,2.515754087E7,2030-01-01
I611234,-212,2566258.02,2025-10-17
I612445,1956,1.9601959753E8,
I612999,-514,3.197053723E7,2025-09-09
I613499,474,3.722894673E7,2030-01-01
I616856,1718,3.652287786E7,2030-01-01
I623450,1084,1.5853259069E8,
I623810,1316,2.899197516E7,2030-01-01
I626302,1974,2.7330575101E8,
I631955,1104,7651550.03,
I632270,1440,1.6792429076E8,2030-01-01
I633322,-413,1.965998014E7,2025-10-11
I635053,1128,3.082450604E7,2030-01-01
I635328,911,6.8773436E7,2030-01-01
I645249,-521,3.580563199E7,2025-10-29
I648463,-1665,1.9418570274E8,2025-09-11
I648648,1003,8.650072937E7,2030-01-01
I651939,1729,1.2284915939E8,2030-01-01
I652731,-1654,6.101959586E7,2025-09-17
I660056,-464,3.22643669E7,2025-09-25
I661618,-1347,1.5430316292E8,2025-10-18
I665715,-1147,9.641979784E7,2025-10-15
I668329,362,3.372428044E7,
I677471,201,1.106979248E7,
I679395,767,4.190404165E7,
I683038,-1796,1.1243290354E8,2025-09-13
I683765,-771,1.700453603E7,2025-09-02
I684965,1016,1.2837166161E8,2030-01-01
I685151,-1098,1.6327010481E8,2025-10-05
I686450,902,1.209185911E8,2030-01-01
I689745,1733,3.852180901E7,2030-01-01
I690327,319,4.307414182E7,2030-01-01
I600524,-913,1.90752655E7,2025-10-23
I605884,465,4.852768896E7,
I609329,787,9.744553699E7,2030-01-01
I614509,1256,1.0147476308E8,
I621694,231,2.436923474E7,2030-01-01
I622429,-1382,8.508395611E7,2025-09-15
I629736,-1399,1.9850481207E8,2025-10-18
I633946,556,1.576769736E7,2030-01-01
I636606,-748,5.592414461E7,2025-09-28
I637107,181,2.090776744E7,2030-01-01
I637853,-818,4.049108607E7,2025-10-13
I638108,-1764,1.0420926713E8,2025-09-27
I639832,664,1.85028467E7,
I643120,-356,5.135147768E7,2025-10-19
I643701,585,5793739.7,2030-01-01
I644960,1937,3.754201579E7,
I646606,1654,9.710075804E7,
I650160,564,7519155.76,
I651032,649,9.50406706E7,
I654647,-1263,1.5698356676E8,2025-09-17
I654715,-1997,9.731737342E7,2025-10-12
I655019,-1900,2.8491647492E8,2025-10-11
I656084,83,1.11574151E7,2030-01-01
I657802,898,6.133670066E7,2030-01-01
I668213,76,4281840.51,2030-01-01
I670941,1604,3.290340598E7,
I673395,-1582,1.466768195E8,2025-09-07
I673914,978,653284.46,
I684104,1236,1.8205298916E8,2030-01-01
I689631,-1899,2.7005034083E8,2025-09-26
I692355,-1642,2.786988802E7,2025-09-10
I693998,1983,6.732001973E7,2030-01-01
I694925,1956,1.9418366787E8,2030-01-01
I695619,237,8595134.4,
I696264,870,1.208163174E7,2030-01-01
I698693,472,4.459662996E7,2030-01-01
I698857,352,4843718.01,
I703588,1949,2.201695472E8,
I706383,973,6387586.57,
I599426,1827,0.0,2030-01-01
I601773,-611,6.568682886E7,2030-01-01
I601781,-1684,1.1950059637E8,2025-09-03
I604445,-1184,1.7041928663E8,2025-09-21
I606822,477,5.890625503E7,2030-01-01
I609732,922,1.38243248E7,
I610570,1883,8006703.17,
I611050,1897,2.0182264804E8,2030-01-01
I611282,1372,9.834074264E7,
I619269,1888,1.8118314742E8,2030-01-01
I622468,1905,5.088059875E7,
I629650,1199,5.458955783E7,
I631784,1674,1.0901957263E8,2030-01-01
I633372,-1524,1.6722842396E8,2025-09-21
I654008,521,3.67156176E7,2030-01-01
I657422,-1651,3.696812423E7,2025-09-23
I660475,-416,4.89930028E7,2025-10-08
I663996,1636,1.4686352279E8,2030-01-01
I669181,1635,2.1469707592E8,
I670999,-771,8.646272939E7,2025-10-06
I671357,598,5.83619246E7,2030-01-01
I672091,-681,3.267040698E7,2025-10-25
I673414,721,5.899296436E7,2030-01-01
I678110,196,2.605067026E7,2030-01-01
I678141,986,2.428760216E7,
I679848,369,5.078956595E7,
I680725,1867,1.0324727139E8,
I688670,-451,2.137091837E7,2025-10-31
I690948,-617,8.094841026E7,2025-09-08
I692403,841,2.000920421E7,2030-01-01
I694244,234,2.134053108E7,
I695039,323,0.0,
I701740,696,3.184349448E7,
I704604,1143,3.536718393E7,
I591583,-1839,6.925774226E7,2025-10-27
I593944,261,2.316822398E7,2030-01-01
I596388,-982,0.0,2030-01-01
I607242,-1834,7.098185118E7,2025-09-05
I611967,1172,3.573795984E7,
I613570,-1035,2006979.68,2025-10-24
I615120,-1668,6948133.2,2025-09-03
I620798,133,0.0,2030-01-01
I622262,326,826345.25,
I626933,-1585,1.319448427E8,2025-10-08
I628942,705,8.2367309E7,
I634896,733,9.111749068E7,2030-01-01
I637891,1080,1.4044021275E8,2030-01-01
I649953,376,5.467544373E7,2030-01-01
I652027,1529,1.8325267005E8,
I652723,176,5084489.09,2030-01-01
I652973,1396,8.868817765E7,
I653925,-379,8717318.3,2025-10-27
I653968,-1123,1.0256007754E8,2025-10-30
I660184,1098,1.4686822199E8,2030-01-01
I662385,-1583,6.473065589E7,2025-10-24
I663830,-1763,2.544515855E7,2025-10-16
I664294,-529,3.811018322E7,2025-10-10
I667852,228,7909440.03,2030-01-01
I674295,1916,2.0600148064E8,
I684118,-1388,1.3940374173E8,2025-10-11
I684544,414,4.966272674E7,2030-01-01
I685566,-457,4950685.55,2025-10-12
I685766,583,5.645948997E7,2030-01-01
I689771,1399,1.3082635348E8,2030-01-01
I694531,1240,1.35045873E7,2030-01-01
I695399,-1644,1.8741558108E8,2025-09-21
I699003,-476,1.023644073E7,2025-09-21
I596631,334,1.521301323E7,2030-01-01
I599425,1047,9357358.34,2030-01-01
I600150,-796,1.890018078E7,2025-10-22
I604808,454,4.497068262E7,
I606372,-651,6.304385801E7,2025-10-04
I608074,-1476,1.4393603407E8,2025-09-12
I608810,1230,9.265452324E7,2030-01-01
I612788,-322,1.261842646E7,2025-10-19
I614524,1293,9.480612012E7,
I614686,604,7.381211832E7,2030-01-01
I619602,613,7.517589736E7,2030-01-01
I621338,769,1.963273495E7,
I624851,1805,2.497755906E8,
I624916,1150,1.3508264852E8,
I633989,-1265,5.221293896E7,2025-09-11
I635179,1206,6.490921531E7,
I635813,-1479,1.2298460874E8,2025-09-18
I638602,632,8.947840159E7,
I640980,1474,4.673318736E7,2030-01-01
I641203,182,1.619033144E7,2030-01-01
I646689,1053,1.4903411327E8,2030-01-01
I651978,101,1.007811005E7,
I652204,1230,3.830453412E7,
I653874,-1503,1.1698728891E8,2025-09-28
I657022,-1363,4970310.95,2025-10-01
I657578,1769,1.79886082E8,2030-01-01
I657661,-922,4.251875587E7,2025-09-14
I662528,373,3.401009095E7,
I668374,-1851,1.9790216521E8,2025-10-23
I668643,1187,1.626877613E8,2030-01-01
I671086,184,806946.75,
I675545,1663,6.416209178E7,2030-01-01
I687293,526,0.0,2030-01-01
I688813,1143,1.0552259834E8,2030-01-01
I691985,1859,7.540990406E7,
I693789,1806,6.299612763E7,2030-01-01
I694259,1552,0.0,
I700308,427,4.374902907E7,2030-01-01
I700377,1736,7.364945164E7,
I704648,1668,4.229768169E7,2030-01-01
I598610,-1645,1.5460983511E8,2025-10-10
I602720,-1096,2.511519062E7,2025-10-19
I594578,1469,1.506070668E7,
I605961,436,1.773103732E7,
I606692,1302,6900521.52,
I607029,-359,4777063.68,2025-10-30
I608693,-1085,3.057439491E7,2025-10-31
I616840,1844,4.338414336E7,2030-01-01
I618118,1234,1.0457805931E8,
I619312,541,7.865560922E7,2030-01-01
I625589,653,3.376532017E7,2030-01-01
I632693,-647,5.019842656E7,2025-09-08
I633190,93,2759068.17,
I633420,395,5.852750567E7,2030-01-01
I637347,-236,8297827.43,2025-10-18
I642618,-1317,1.4386665391E8,2025-09-28
I651940,-99,7685060.41,2025-10-16
I654975,931,7.451783287E7,2030-01-01
I655462,1427,1.7264904164E8,2030-01-01
I663454,-1237,3.840555396E7,2025-10-01
I669422,441,2.421490084E7,2030-01-01
I669565,1204,8.053100079E7,2030-01-01
I671865,1792,1.1956813562E8,
I673156,-1484,5.650262157E7,2025-10-02
I673250,972,3.474171702E7,
I677542,722,9.308182123E7,2030-01-01
I680907,98,4399201.57,2030-01-01
I682055,-554,7.343409866E7,2025-10-14
I685813,-1579,7.634434434E7,2025-09-06
I687103,-132,1.662838237E7,2025-10-16
I688198,180,6114171.36,
I694316,568,7.879660088E7,2030-01-01
I696944,593,8.53009485E7,2030-01-01
I701546,1917,1.9960801541E8,
I703641,376,1.342703396E7,
I705729,1849,2.148659698E7,2030-01-01
I705738,221,8467133.04,
I595385,422,8438107.82,2030-01-01
I595540,1134,5.347264933E7,
I596815,595,0.0,
I608782,-574,2.284001587E7,2025-10-01
I613573,786,3.504055172E7,2030-01-01
I614878,-454,1.735430684E7,2025-09-04
I615524,915,9.427805182E7,2030-01-01
I630866,536,1.050200925E7,2030-01-01
I633671,1655,1386686.28,
I637501,395,1.862656805E7,
I640065,614,4.941210231E7,2030-01-01
I644202,729,5.033041632E7,2030-01-01
I648189,-1887,1.379819491E8,2025-09-24
I665730,-156,6060868.77,2025-10-24
I669437,850,1.109040998E7,
I671647,1716,1.2848542488E8,2030-01-01
I672752,-1254,7.761942767E7,
I675607,1309,9.557827835E7,
I678060,692,6.980727004E7,
I683095,-1871,1.7042955906E8,2025-10-05
I686126,557,1.297324447E7,2030-01-01
I686968,-1687,7.183148536E7,2025-10-30
I688042,-1291,2.54761693E7,2025-10-08
I689847,1247,7.76148566E7,2030-01-01
I699609,609,1.66911598E7,
I705500,527,4.229394593E7,
I707793,-1132,6.142406519E7,2025-09-04
I710064,-415,6.158915147E7,2025-09-07
I710156,1518,1.072024949E7,2030-01-01
I712242,-1692,7.971521207E7,2025-10-15
I713673,715,2.412751591E7,2030-01-01
I716387,1535,4.88212479E7,2030-01-01
I719577,1590,1.2818850401E8,2030-01-01
I715540,318,2.985862387E7,
I725081,1849,1.0382487748E8,2030-01-01
I731225,839,2.025455921E7,
I738692,-1721,2.4090793237E8,2025-09-07
I739959,594,7.934307554E7,
I741715,1706,8.507008036E7,
I747756,1978,1.6140159718E8,
I749294,1390,8.020880476E7,2030-01-01
I751199,1105,1.4387424686E8,2030-01-01
I754484,1512,1.3213607236E8,
I755866,1576,1.8652841649E8,2030-01-01
I757897,-446,3.869154821E7,2025-09-15
I759728,1753,7.802538296E7,
I759971,1564,2.067350628E8,
I765635,-67,4738319.95,2025-09-17
I767084,1058,1.0370747926E8,
I767778,-74,901293.84,2025-10-03
I773089,113,9982881.94,
I774845,-970,1.0959108439E8,2025-10-17
I777753,1317,2.292939795E7,2030-01-01
I778600,1797,2.4386945559E8,
I783954,-1138,2.997397266E7,2025-10-27
I787896,-1968,2.421726919E7,2025-09-11
I787945,-472,4.696817983E7,2025-10-14
I797324,1803,9.125880004E7,2030-01-01
I802365,-1096,1.475481275E8,2025-09-25
I803785,394,4.674901714E7,
I808480,-906,9.954078477E7,2025-10-16
I810086,210,228715.72,2030-01-01
I811432,144,1.259977935E7,
I812485,126,1.158553944E7,2030-01-01
I815599,-454,1.043581794E7,2025-09-05
I815980,417,2500227.24,2030-01-01
I819202,1609,2.2926869363E8,
I820238,863,7.626171348E7,2030-01-01
I820579,-1887,4.326028727E7,2025-09-05
I710186,1308,8.110516118E7,2030-01-01
I713019,-440,5.883180806E7,2025-09-20
I714526,1442,5.253878239E7,
I722762,-1833,2.0804033382E8,2025-10-12
I724837,1541,3.017136955E7,
I726837,735,2.528757907E7,2030-01-01
I731693,612,7.103871683E7,2030-01-01
I735006,1166,1.5374221207E8,
I743226,-631,1.955644441E7,2025-10-05
I745193,286,3.607121392E7,2030-01-01
I748560,647,7.790569889E7,
I751976,-439,4.200820057E7,2025-10-20
I752326,1524,8.224583179E7,
I753047,1331,4.911355027E7,2030-01-01
I758319,1597,6.014775133E7,
I758964,1298,1.303301127E7,
I760536,-960,9.285683489E7,2025-09-11
I775037,-977,1.1071486743E8,2025-09-03
I780604,-305,3.619142892E7,2025-10-19
I781921,-413,3.081037881E7,2025-09-10
I782528,743,5535622.38,
I782726,-1617,1.7199177487E8,2025-09-17
I786920,1993,1.6912589454E8,2030-01-01
I799310,1627,1.6872015942E8,2030-01-01
I803921,1423,4.114754713E7,2030-01-01
I806016,148,1.185492707E7,2030-01-01
I807906,1193,1.3717380604E8,2030-01-01
I812506,853,7.322486797E7,
I816585,980,2.522064689E7,2030-01-01
I820456,718,3.148196917E7,2030-01-01
I821589,746,7800511.45,
I821908,318,3.37520882E7,2030-01-01
I822176,1800,1.5861614257E8,
I709702,1723,2.5842114205E8,2030-01-01
I717178,-205,8765360.67,2025-09-26
I718084,-223,3.295363847E7,2025-09-17
I728373,-761,6.126528211E7,2025-09-26
I730006,225,1.882377466E7,
I732955,-532,5.181760642E7,2025-10-09
I735107,1758,1.9656215202E8,
I735237,832,1.041008323E8,2030-01-01
I737509,911,1.0322507445E8,
I740752,-1148,6.927076106E7,2025-09-09
I741116,-885,9.576001331E7,2025-10-29
I744722,1869,1.4105410473E8,2030-01-01
I746603,1479,2.080858196E7,
I749738,1098,907285.5,
I755290,-1874,1.4252872173E8,2025-09-06
I763966,-906,5.624382992E7,2025-10-16
I765542,281,0.0,
I771195,601,6.343870349E7,
I784947,-375,3.946759831E7,2025-09-24
I787473,1542,1.3878375178E8,2030-01-01
I788004,940,3.97952387E7,
I792772,1310,0.0,
I793461,-1692,1.8555755172E8,2025-09-23
I793849,-1140,6.186437159E7,2025-09-06
I813324,992,1.110715938E8,
I816703,689,6.996202075E7,
I817130,604,0.0,2030-01-01
I822157,1128,7.483625107E7,2030-01-01
I713245,665,3.367270837E7,2030-01-01
I714669,1255,2.883948412E7,2030-01-01
I716015,-359,1.053116168E7,2025-10-15
I718713,893,8.467788877E7,
I732905,401,5.454884556E7,
I735058,1093,5.89691789E7,
I737695,1665,5.88653461E7,
I738769,1627,1.4657863802E8,
I739793,-298,3.861077783E7,2025-09-23
I744441,187,2.57959112E7,
I746504,1657,2.11538653E8,
I747429,-843,9.145037411E7,2025-10-02
I748298,-1410,1.6006673211E8,2025-10-25
I749924,1637,1.2450522692E8,
I750148,1935,1.4004368354E8,
I750672,-1168,1.580532682E7,2025-10-04
I751110,-1906,2.034237087E7,2025-10-13
I752803,619,7.124669369E7,2030-01-01
I758153,1516,2.1643164679E8,
I758695,-1910,1.4094314748E8,2025-09-28
I761139,1813,0.0,2030-01-01
I765219,239,6004907.25,
I782843,1841,1.229817002E7,
I785702,1194,9.107064516E7,
I792974,-855,0.0,2025-10-11
I793835,232,2.630052471E7,2030-01-01
I796367,501,5135233.68,2030-01-01
I802432,458,3.317505975E7,
I802790,896,2690955.1,
I803565,-1311,1.122743342E8,2025-10-10
I803718,1854,0.0,2030-01-01
I806645,-1880,1.5864688313E8,2025-09-22
I807296,-962,1.0437210678E8,2025-09-19
I820227,1911,2.6153505379E8,2030-01-01
I709775,903,8.469955353E7,2030-01-01
I711175,-1335,9.775058604E7,2025-10-29
I711735,209,2.734953061E7,2030-01-01
I712720,1106,7.425623409E7,
I720088,-1595,7.287243904E7,2025-09-28
I721189,1095,1.4749696453E8,
I727280,1689,2.2836510673E8,
I729194,1570,8.393772139E7,2030-01-01
I729439,1780,9.441281526E7,2030-01-01
I730366,848,1.1919795807E8,2030-01-01
I732724,1159,1.0188142687E8,
I735287,-836,1.1062586856E8,2025-10-03
I738773,984,7.348305414E7,2030-01-01
I739909,-454,2.641365488E7,2025-09-26
I740688,782,8.435056692E7,
I743447,-1171,1.0135168758E8,2025-10-02
I748601,79,0.0,
I750048,-1089,1.5839044399E8,2025-09-15
I750402,-321,8543914.03,2025-10-02
I750878,550,5.763803402E7,2030-01-01
I758912,1334,8.480481648E7,2030-01-01
I765944,1416,1.2889101563E8,
I768478,1901,2.5028773316E8,2030-01-01
I771577,966,3.954948071E7,2030-01-01
I774785,-78,6764091.92,2025-10-02
I779847,436,4.149736936E7,2030-01-01
I789876,-1896,1.0846526885E8,2025-09-18
I789982,-464,6.515922448E7,2025-10-20
I790781,1780,1.1649977559E8,2030-01-01
I795361,915,9.210091757E7,2030-01-01
I802182,731,4.848119034E7,2030-01-01
I803734,-1020,1.2369829614E8,2025-09-11
I807958,1708,1.4340079723E8,2030-01-01
I809244,176,0.0,
I810500,1352,1.8442445815E8,
I812420,-763,1.1354264087E8,2025-10-16
I812852,-1554,1.6671458593E8,2025-09-22
I813272,-319,3.293094998E7,2025-10-06
I817220,-280,5395218.18,2025-10-18
I822210,311,4.400405476E7,2030-01-01
I822937,-677,5.275974126E7,2025-09-16
I711700,-1615,1.3245785458E8,2025-10-29
I716934,77,6513168.27,
I721133,975,6.058132213E7,
I724921,983,6.870734319E7,2030-01-01
I725391,360,4.071206607E7,
I730764,1793,0.0,
I735379,322,3.443185586E7,
I738344,1777,9.216503712E7,2030-01-01
I739705,-1673,1.0054207182E8,2025-10-27
I740238,-618,2.522789152E7,2025-09-05
I742003,1102,1.909307738E7,
I746380,-960,1.3057248927E8,2025-09-26
I746462,773,1.1355474538E8,2030-01-01
I750029,-934,1.2119702303E8,2025-10-03
I750340,-1137,1.919504994E7,2025-10-16
I755517,634,2.419860951E7,2030-01-01
I757068,1573,1.4982675219E8,
I757242,-413,5.597050091E7,2025-10-24
I761571,-1908,7.228334838E7,2025-10-06
I767058,-1610,1.7202249747E8,2025-09-14
I770193,54,7409787.39,
I774468,565,4653635.29,2030-01-01
I777158,-1415,4.13384691E7,2025-09-09
I784783,-992,1.486644853E7,2025-10-27
I785821,823,4.084260094E7,2030-01-01
I786133,1401,8.152881918E7,
I786711,151,7790725.64,2030-01-01
I787620,-1618,7.176312396E7,2025-10-23
I790377,928,2421191.61,
I793580,1575,7.890113423E7,2030-01-01
I799784,-1604,1.8151131093E8,2025-10-07
I811071,1976,6.353177685E7,
I815962,1089,8.37557518E7,
I817391,-697,7.119324855E7,2025-09-25
I818651,1868,2.123287485E7,
I707290,204,2.399211687E7,2030-01-01
I710262,1652,2.2779348306E8,
I713440,1679,6.10968939E7,
I725699,1610,1.937918537E7,2030-01-01
I726028,257,2.141037916E7,2030-01-01
I726808,499,5.617597195E7,
I727727,309,3.896289954E7,
I727744,153,9155277.31,2030-01-01
I729911,280,3.25709514E7,2030-01-01
I735507,1965,2.5093836837E8,2030-01-01
I738463,1079,1.3781080183E8,
I739000,-1896,9.720974624E7,2025-09-29
I741424,-843,5.537820982E7,2025-10-04
I744874,1369,1.1588135381E8,2030-01-01
I746661,749,3707588.13,2030-01-01
I749285,457,4.904988281E7,2030-01-01
I751273,920,8.001400651E7,2030-01-01
I752584,-1383,1.3568130029E8,2025-10-11
I753889,85,1410162.13,2030-01-01
I761930,1306,2.254434122E7,
I764378,1082,9371229.24,
I765617,134,7501598.22,
I773478,1060,3935367.3,
I783666,1228,1.286406656E8,2030-01-01
I788560,-108,7444540.17,2025-10-07
I796650,1817,2.3606741413E8,
I801436,-309,7861074.1,2025-09-20
I804564,-1827,7.574264119E7,2025-10-27
I813396,-476,3970457.49,2025-09-02
I707843,1419,1.3631356633E8,2030-01-01
I711674,1403,1.2871627333E8,
I714286,1655,2.4462428549E8,
I714445,1109,1.4262513281E8,
I723285,171,1.475081161E7,2030-01-01
I727445,978,1.0218132751E8,
I736756,774,9311046.47,
I738809,-1928,2.3406900603E8,2025-10-17
I739436,-1363,4.235139435E7,2025-09-22
I740448,1915,4.210956795E7,
I740902,1670,1.5272720541E8,
I743014,-280,1.732785311E7,2025-09-21
I745664,1215,9.958789806E7,2030-01-01
I750883,1351,9.383877465E7,
I751774,-78,3723263.7,2025-10-31
I752674,1645,2.3469144454E8,2030-01-01
I758098,-416,3.76372742E7,2025-10-15
I769785,1690,1.949274733E7,
I770199,414,9641757.23,
I776862,1608,3.692002187E7,
I779936,1034,4.120416516E7,
I782758,1591,6.038690646E7,
I783982,-315,4.242611218E7,2025-10-20
I786385,1412,9.803453125E7,2030-01-01
I788342,-269,9819347.23,2025-09-29
I788411,1217,1.475730253E7,
I791209,-1403,1.7746872184E8,2025-09-20
I791574,385,4.802545509E7,
I803041,1891,2.0135054689E8,
I804927,-518,3.327219985E7,2025-09-23
I807111,1239,3.279235439E7,2030-01-01
I811609,1213,1.3980060462E8,
I814895,-1913,2.194781021E8,2025-09-11
I815007,1252,3.41373103E7,
I715373,1368,8.86010123E7,
I721005,1718,2.0970383502E8,
I721065,-1633,1.7886149342E8,2025-09-14
I722003,1041,5107740.28,2030-01-01
I727860,-232,1.007308596E7,2025-10-23
I738499,744,1.942124462E7,2030-01-01
I738874,-1757,1.2036675696E8,2025-10-10
I741831,261,3747024.83,2030-01-01
I748391,-808,5.119520643E7,2025-09-14
I751683,1404,6.459226655E7,
I752082,1346,1.4427189876E8,
I753178,442,4.15059136E7,2030-01-01
I753808,1621,2425679.01,2030-01-01
I758053,-765,3.0539683E7,2025-09-25
I759679,-338,2.207329176E7,2025-10-20
I770357,1159,1.1575754539E8,2030-01-01
I775545,-1676,2.0489305801E8,2025-10-31
I779759,1944,1.1196228946E8,2030-01-01
I782867,853,1.1485284008E8,
I784450,-1079,7.226840183E7,2025-10-01
I786753,1604,1.7225542834E8,2030-01-01
I790383,132,1.330653945E7,2030-01-01
I792198,101,4238021.82,2030-01-01
I793657,1791,1.3902329853E8,
I801500,-1848,1.6472103685E8,2025-09-12
I807803,-1119,1.312420475E8,2025-09-18
I809034,883,7.543203378E7,2030-01-01
I811615,1187,1.7632869858E8,
I811712,1324,0.0,
I813826,-339,4.824181532E7,2025-10-26
I818491,-1064,5.220390178E7,2025-10-26
I821192,518,6.170350431E7,
I822160,1804,2.297557993E7,
I711167,1729,2.726017385E7,
I721600,1566,6.383712586E7,
I722167,-549,2.23980786E7,2025-10-06
I724574,215,3.070738996E7,2030-01-01
I725492,166,2.037237217E7,2030-01-01
I731304,-734,8170637.61,2025-10-22
I740099,208,2.988476402E7,2030-01-01
I741373,212,2.790896747E7,
I741655,-1433,1.4980935321E8,2025-09-14
I741979,-94,1566853.93,2025-10-05
I746991,1684,1.2113116046E8,2030-01-01
I749600,873,8.509798E7,2030-01-01
I749844,1398,1.5717140965E8,
I751572,780,6.593870005E7,
I752291,1048,7.461593395E7,
I752429,876,1.0363852528E8,2030-01-01
I753166,-1279,1.5459484357E8,2025-10-09
I753206,-1713,1.4816249815E8,2025-09-03
I756496,1302,1828575.61,
I759987,226,1.714863919E7,2030-01-01
I768576,-419,6533327.5,2025-10-18
I777469,1210,8.775407178E7,
I780500,1554,7.425325076E7,
I782800,-269,8437455.71,2025-09-24
I785849,1786,5.590633982E7,2030-01-01
I787408,1652,5.705883681E7,2030-01-01
I790482,464,3.070313862E7,2030-01-01
I795860,1940,1.1080951306E8,2030-01-01
I802297,179,4626814.88,2030-01-01
I806997,465,6.893617282E7,2030-01-01
I807281,1569,2.2675112364E8,2030-01-01
I808060,614,9727033.34,2030-01-01
I808365,85,1139587.9,2030-01-01
I814065,-987,3.79170769E7,2025-09-20
I816526,887,8.484068876E7,
I816966,737,8.396399194E7,
I819541,417,5.35968443E7,
I713554,1183,1.0199207502E8,2030-01-01
I713330,957,9.183398587E7,
I722933,250,574720.45,
I724395,1934,1.401300413E7,2030-01-01
I724667,996,2.480373044E7,2030-01-01
I731924,654,8490125.07,2030-01-01
I735204,1865,2.6899465595E8,
I735234,1402,9.845772338E7,2030-01-01
I740607,819,2.155167675E7,
I743367,-1096,2.925617692E7,2025-10-30
I744967,732,5.431980106E7,2030-01-01
I747074,-1124,1.470425717E8,2025-09-29
I749262,682,8.360598124E7,2030-01-01
I754087,-1864,2.7373746133E8,2025-09-21
I754090,1267,9.649740517E7,
I754182,1534,4.253936095E7,
I757487,1034,3.478681494E7,2030-01-01
I765083,1295,1.5702031159E8,2030-01-01
I765544,-525,8298182.89,2025-10-05
I774251,1450,1.0989668005E8,2030-01-01
I776693,1262,1.2790677906E8,
I778695,-701,3.009613346E7,2025-10-21
I779574,-205,2.444283462E7,2025-10-02
I779578,1243,1.0749203144E8,2030-01-01
I781551,-365,0.0,2025-10-09
I783404,920,8.447116653E7,
I786048,-578,7.865678983E7,2025-10-05
I786121,-557,1.493903144E7,2025-09-16
I789674,930,9595134.34,
I798195,772,2.990249158E7,
I799313,1088,3.030590481E7,
I799570,-1985,1.975581373E8,2025-10-15
I804242,1645,5.782618057E7,
I807582,1128,8.889616676E7,
I807825,1515,1.864034396E7,2030-01-01
I808617,-1021,4.513573438E7,2030-01-01
I808792,1507,1.5229539591E8,
I809471,-1004,3.140659963E7,2025-09-12
I809747,-761,4291590.66,2025-10-04
I809845,-894,7.741414523E7,2025-09-20
I810734,-1014,7459147.51,2025-09-30
I810994,1714,7.096910938E7,2030-01-01
I813347,-661,4.735437809E7,2025-10-06
I815681,-405,6590261.45,2025-10-14
I817007,1561,1.83438626E7,
I709169,1547,3.075763539E7,2030-01-01
I710994,144,3267259.52,
I716800,314,527608.93,
I726631,1052,4.367911101E7,2030-01-01
I728193,1748,0.0,2030-01-01
I736836,-1279,1.3761540138E8,
I738789,1193,1.2471905739E8,
I741857,-1027,9.012782163E7,2025-10-03
I747675,-954,5.951039462E7,2025-09-18
I749249,-1262,1.4648896855E8,2025-10-08
I749300,886,9.866486176E7,
I750395,274,1.734909122E7,2030-01-01
I751160,-1557,1.06726062E7,2025-09-19
I753179,-363,2.393238409E7,2025-10-02
I754331,1364,2.0201902504E8,
I761194,526,6.10854372E7,2030-01-01
I764998,1475,2.0912070835E8,2030-01-01
I765857,-1115,4.237839625E7,2025-10-21
I766945,282,2.775986599E7,2030-01-01
I766950,-1955,1.0768953459E8,2025-09-07
I767217,1564,2.3361678715E8,2030-01-01
I773176,557,8.105380675E7,
I778998,1411,7.709257628E7,2030-01-01
I782183,699,3646446.52,
I790700,1290,1.3720435252E8,
I791502,1106,1.46611944E8,2030-01-01
I791594,-934,1.3192998484E8,2025-09-20
I800546,1631,2.3641432337E8,2030-01-01
I801085,228,9384899.22,2030-01-01
I801781,684,8.058248362E7,
I803819,53,7514283.15,
I804063,-855,4.442799079E7,2025-10-30
I816006,699,6.018525032E7,2030-01-01
I820260,233,2.485779531E7,
I827213,647,6.020991904E7,2030-01-01
I829930,-126,1.675236592E7,2025-10-13
I831033,-226,3.081814973E7,2025-09-18
I831345,-1529,3.177080257E7,2025-10-10
I834257,378,4.683484618E7,2030-01-01
I823487,675,6.354455661E7,
I830837,1668,3320428.15,
I833565,776,4.665621463E7,
I833801,777,1.0251145469E8,
I836260,1951,2.1954393767E8,2030-01-01
I836393,1710,2.2422991145E8,
I841540,249,1.314182659E7,2030-01-01
I844811,708,1.0459935875E8,2030-01-01
I855115,711,5458065.03,
I855181,506,7.195543855E7,2030-01-01
I857036,1607,1.6554163489E8,
I873143,-1670,2.2840185886E8,2025-10-26
I877404,1999,1.1746001339E8,
I879663,257,1.987862177E7,2030-01-01
I880485,-1844,2.1330732829E8,2025-10-16
I882413,-163,2.238985519E7,2025-10-31
I886926,61,2650400.53,
I887276,635,1.752962626E7,2030-01-01
I889083,-865,5.306196229E7,2025-10-06
I889481,1565,1.6000960773E8,
I894016,-341,2.037121578E7,2025-09-14
I896370,-258,3804859.41,2025-09-02
I899338,519,6.489283128E7,2030-01-01
I917165,1471,1.3939280646E8,
I917256,801,6436919.3,
I917980,-295,1.017060597E7,2025-09-19
I920923,1706,4.616260718E7,2030-01-01
I932202,1948,1.446075311E8,2030-01-01
I932581,-1152,5.971048235E7,2025-10-21
I938158,324,4798165.76,
I833930,705,8.068155054E7,2030-01-01
I826291,-652,7.371392644E7,
I833835,914,8.221591988E7,
I835588,1717,2.500888756E7,2030-01-01
I839242,1896,6.439478719E7,
I843139,1920,6.076721969E7,2030-01-01
I846183,160,4877593.18,2030-01-01
I847238,706,7.612890135E7,
I850798,1957,3.412242629E7,2030-01-01
I853086,107,5101315.35,2030-01-01
I853799,-1960,2.019321303E7,2025-09-15
I858292,1259,1.4495403065E8,2030-01-01
I859664,1581,1.623065262E8,
I866747,770,0.0,2030-01-01
I882028,179,2.049368174E7,
I883198,1671,2.109123156E7,
I884779,-685,0.0,2025-10-15
I888951,1631,2.2131037165E8,2030-01-01
I906266,-119,1.180394043E7,2030-01-01
I908718,-1535,1.291864784E8,2025-10-06
I914918,-1550,1.1521343169E8,2025-09-19
I922241,1390,1.532049509E8,
I925439,-589,1.437000083E7,2025-10-30
I926320,571,6.905556559E7,2030-01-01
I931048,1572,4535463.71,2030-01-01
I835864,1994,1.0671412283E8,2030-01-01
I835982,342,2.49702488E7,2030-01-01
I836406,594,8.879331542E7,
I837907,-821,7.274241439E7,2025-10-13
I844024,-804,2.937778703E7,2025-10-10
I846386,-1878,8.112527884E7,2025-09-02
I850707,1096,2.525030805E7,
I855329,-351,1.937650276E7,2025-09-15
I856382,-1564,7.813602598E7,2025-10-01
I856945,900,7.229051304E7,
I865108,689,4.765697934E7,2030-01-01
I870109,178,1.354012962E7,
I872200,358,2553542.28,2030-01-01
I872697,-1320,1.4403059184E8,2025-10-23
I872910,1648,1.5179041779E8,2030-01-01
I879411,1265,1.6381245313E8,2030-01-01
I883328,1693,6.152793286E7,2030-01-01
I890611,-1313,3.191327871E7,2025-10-06
I891236,767,6.856930398E7,
I891658,53,5325476.58,
I893040,-1882,1.5754387028E8,2025-09-04
I894061,855,8.586231138E7,
I904520,1271,1.1619421298E8,
I906593,-1950,1.6457617509E8,2025-09-06
I910698,1187,1.3879347205E8,2030-01-01
I916734,288,2.710714679E7,2030-01-01
I921913,1410,1.5402368324E8,
I927501,-1074,4.47141294E7,2025-10-11
I927952,658,4.454262343E7,
I937133,1687,7.468680612E7,2030-01-01
I937633,341,2.658238021E7,2030-01-01
I938121,1683,1.9602832857E8,2030-01-01
I826344,-1810,1.5284842417E8,2025-09-14
I830367,449,6.47498584E7,
I835896,163,0.0,2030-01-01
I838453,1475,1.8227893461E8,2030-01-01
I842674,-794,2.551076937E7,2025-10-06
I848727,646,7.188127589E7,2030-01-01
I849634,592,4310111.48,
I852727,1705,1.4415686846E8,2030-01-01
I853227,1013,3.715817647E7,
I855365,593,4.019505296E7,
I855922,-1390,1.0179015786E8,2025-09-07
I858669,904,6.062313701E7,2030-01-01
I865013,1862,2.7044479604E8,2030-01-01
I867277,875,2.369813517E7,2030-01-01
I870756,-1777,2.4214650317E8,2025-09-15
I871501,1875,7.431856995E7,
I875907,1796,8.949376035E7,
I876680,1468,2.425029802E7,
I877857,1184,1.3291034304E8,2030-01-01
I880382,420,3.983725917E7,2030-01-01
I887415,1963,9.547133385E7,
I890164,-1964,1.1798900125E8,2025-09-21
I890557,-899,7.438211627E7,2025-09-30
I893389,237,2.289880301E7,2030-01-01
I894206,372,2.54801607E7,
I896669,578,7.830012925E7,
I905159,1551,2.0222744917E8,
I907499,-1866,2398114.18,2025-10-13
I910153,1472,1.5195541792E8,2030-01-01
I912238,1672,1.721941913E7,2030-01-01
I913658,1689,1.1203272527E8,2030-01-01
I916394,1795,1.6897240904E8,2030-01-01
I918012,-537,3.694865099E7,2025-10-14
I918606,1697,2.0520874889E8,
I928560,-1458,1.647079266E7,2025-10-04
I933138,-383,5.17751882E7,2025-09-26
I935136,894,5.453480632E7,
I828256,-836,2.453623138E7,2025-10-29
I834849,696,1.0229094253E8,2030-01-01
I826317,1069,1.1534587201E8,
I836009,1104,3.72381926E7,
I836016,492,4.691749952E7,
I837666,1549,0.0,2030-01-01
I843019,1041,1.000912064E8,2030-01-01
I844544,768,3.912564872E7,2030-01-01
I847796,1522,8.846149113E7,
I848037,728,2.220032126E7,2030-01-01
I848815,-705,1.0336004913E8,2025-09-15
I856749,529,6970668.33,
I866070,755,6.732720741E7,2030-01-01
I868311,1959,2.0908110455E8,
I870482,1426,6.640422991E7,2030-01-01
I873614,-942,3.425102935E7,2025-10-15
I874606,-139,1.71452411E7,2025-09-11
I878698,-1954,2.8759589831E8,2025-10-29
I882622,115,1.174783248E7,2030-01-01
I888955,1367,6.760316906E7,
I895753,-640,7.391200989E7,2025-09-11
I896497,-1561,4.747147711E7,2025-09-30
I898721,1423,1.2654717604E8,
I899406,835,3.161532349E7,2030-01-01
I900279,1942,2.830312098E8,2030-01-01
I901828,1653,1.568166905E8,2030-01-01
I905012,427,6.269458935E7,2030-01-01
I910913,694,5.70458655E7,2030-01-01
I915911,-746,7.100146493E7,2025-09-15
I916783,445,5.506258906E7,
I920999,-85,459559.58,2025-10-31
I924316,473,1.428698581E7,
I924760,-1534,1.7812658246E8,2025-10-19
I932181,1293,1.4600639316E8,2030-01-01
I825397,-1909,1.1759110668E8,2025-10-26
I826782,421,2.714433729E7,2030-01-01
I828010,139,1.937947675E7,2030-01-01
I828604,604,5.244518067E7,2030-01-01
I832941,752,5.74560971E7,2030-01-01
I834812,1514,2.652696405E7,2030-01-01
I838856,722,9.75400091E7,2030-01-01
I850360,867,2.912221494E7,2030-01-01
I851175,-1626,4874665.18,2025-10-06
I865170,-106,2877950.35,2025-10-04
I867054,-663,0.0,2025-10-16
I869857,-1119,1.2878971576E8,
I870105,1228,1.7337065413E8,
I870352,-1701,1.7589261631E8,2025-10-11
I877483,765,3.537786121E7,2030-01-01
I884366,-1879,1.9470235002E8,2025-09-27
I885526,-1790,2.011972877E8,2025-09-15
I885901,1992,1.732565369E7,
I888807,1954,5655299.16,2030-01-01
I889092,1492,5.66538304E7,2030-01-01
I889336,637,1.389640878E7,
I890806,-1759,1.2087590025E8,2025-10-05
I892261,664,3.513951602E7,2030-01-01
I894449,-257,3716412.13,2025-10-15
I908379,658,4.05605916E7,
I908717,905,1.03261078E8,
I926974,1351,1.867622912E8,2030-01-01
I927854,334,3.892464024E7,2030-01-01
I928484,757,1.232083729E7,2030-01-01
I929925,657,6.572913587E7,2030-01-01
I930691,670,9.066598143E7,2030-01-01
I936937,-1367,7.374787941E7,2025-09-11
I937682,581,8.009764074E7,2030-01-01
I827132,1158,1.5634281302E8,2030-01-01
I829409,-102,1.316395825E7,2025-10-26
I831566,240,2.809880626E7,2030-01-01
I834820,775,4.685084213E7,2030-01-01
I823495,1294,1.1346793433E8,
I840365,1184,1.1193763374E8,2030-01-01
I842227,304,2293124.07,
I843942,1935,5.855486746E7,2030-01-01
I847583,-949,7.44105266E7,2025-10-15
I849048,544,6.734477879E7,2030-01-01
I849956,-67,3581308.64,2025-10-05
I849970,670,9.68868147E7,2030-01-01
I853957,1306,8.732674426E7,2030-01-01
I857089,1196,2.772757537E7,
I858865,1371,1.8868853661E8,2030-01-01
I859905,1171,1.3076190128E8,2030-01-01
I860200,-1304,1.5062463137E8,2025-10-20
I860981,276,1.751739412E7,2030-01-01
I868772,1902,1.7122417818E8,
I872940,867,4688637.21,2030-01-01
I873145,224,3.27544204E7,2030-01-01
I873383,-1953,2.637526672E7,2025-09-21
I873423,-78,1805024.05,2025-09-14
I875666,939,6.319814334E7,
I877769,1802,2.618561882E7,
I881664,300,2.491752695E7,2030-01-01
I883759,684,6.679330147E7,2030-01-01
I884099,1507,1.6378582327E8,2030-01-01
I887391,1756,1.3796080286E8,2030-01-01
I888031,-489,7476527.62,2025-10-14
I891823,-52,5571260.25,2030-01-01
I893624,398,1425341.46,
I895281,1421,0.0,2030-01-01
I898222,65,7272177.19,2030-01-01
I903039,1451,1.0753354985E8,
I903152,378,1.943085621E7,
I903626,-1411,1.9642115669E8,2025-10-04
I907463,-689,8.593372605E7,2025-09-22
I908203,200,783519.99,2030-01-01
I911590,172,7395005.04,
I912883,607,9703747.37,
I916133,1154,1.1431410116E8,2030-01-01
I917478,-1612,1.846869149E8,2025-09-19
I922156,-680,7.409694459E7,2025-09-04
I923590,1953,2.2390527464E8,2030-01-01
I934289,666,8023372.23,2030-01-01
I824047,-816,2.252366505E7,2025-10-14
I831751,1104,1.224344632E7,2030-01-01
I832854,-89,1.070518784E7,2025-10-11
I824266,1326,1.2307919478E8,
I829985,265,2.703084489E7,
I838501,660,7.478119426E7,
I861966,1439,1.3283394183E8,2030-01-01
I864677,663,5.824050927E7,
I867987,1645,6874282.03,2030-01-01
I874270,-1770,6.259087441E7,2025-09-17
I879107,890,7.372289428E7,2030-01-01
I881372,-1330,1.5042102522E8,2025-09-19
I881721,696,9.980208124E7,
I882558,1197,1.491548088E8,2030-01-01
I900610,155,6164274.07,
I900965,648,4.22845001E7,
I903703,1998,2.6900135723E8,2030-01-01
I905768,-984,1.4355234321E8,2025-10-04
I906622,631,3.851613382E7,2030-01-01
I910512,791,3.00871218E7,
I914024,1520,5.636815338E7,
I915160,1425,3.697447694E7,
I926460,-124,1.271263821E7,2025-09-13
I827937,1482,2.1842873665E8,2030-01-01
I834465,1013,1.1408074719E8,2030-01-01
I840110,382,4.392614622E7,
I854553,-300,2.042250152E7,2025-09-12
I858443,-476,0.0,2025-09-18
I862372,792,9.350562582E7,2030-01-01
I863047,1398,1.8491538671E8,
I865435,1391,1.1266967801E8,
I867093,700,3.500279739E7,2030-01-01
I867621,1297,1.0013507368E8,2030-01-01
I870459,-1479,1.8364726811E8,
I880827,1875,9.610108804E7,2030-01-01
I881459,1751,1.1604744E7,
I881810,1860,1.7546411193E8,
I882798,1801,1.0866546272E8,
I888276,1692,2.3749541144E8,2030-01-01
I889793,1419,1.3287409826E8,
I890553,-829,2.055076806E7,2025-09-17
I891989,595,6.375404726E7,
I900740,-1875,2.2943988701E8,2025-10-01
I905779,594,7.53824704E7,2030-01-01
I915190,1258,1.1941793215E8,
I919553,-578,1.451497765E7,
I923394,1860,5.056706629E7,2030-01-01
I923532,1419,6.269598754E7,2030-01-01
I935325,1362,7.63445921E7,
I936243,259,1.577469544E7,2030-01-01
I827415,-992,5.930714526E7,2025-10-01
I831605,1105,6.007510682E7,2030-01-01
I831368,1471,1.1688953317E8,
I837095,1109,4.753410682E7,2030-01-01
I838475,408,281526.32,
I842273,1835,2.4910853804E8,2030-01-01
I864137,1884,1.6978788827E8,
I872383,536,3.296071823E7,
I873059,-1474,1.4083513137E8,2025-10-21
I880251,319,2.607874651E7,2030-01-01
I882213,-1465,7.286291965E7,2025-10-09
I882830,765,9.7853788E7,
I885181,-979,1.0639651234E8,2025-10-02
I885266,1938,4455271.03,2030-01-01
I892411,1400,6.466696645E7,2030-01-01
I895240,1168,1.512443997E8,2030-01-01
I896503,1116,6.845242993E7,2030-01-01
I915275,441,0.0,
I916151,1330,8.113893369E7,
I920966,1994,1.3752418155E8,2030-01-01
I924398,-871,9.166723628E7,2025-10-14
I927480,1223,1.2123323946E8,
I929629,1723,1.788356611E8,
I936924,253,1.372571879E7,2030-01-01
I937818,-950,8.078819447E7,2025-09-18
I833180,232,1.906494116E7,2030-01-01
I830836,1394,0.0,
I834344,1921,1.9551535893E8,
I845363,428,2.956701509E7,
I845954,-898,4.202022152E7,2025-09-27
I849494,-1305,1.9365660754E8,2025-09-04
I855992,509,7.131749659E7,
I856959,-1338,1.9271129007E8,2025-10-01
I861925,1646,1.1734620555E8,2030-01-01
I863458,-1409,4.804184486E7,2025-09-13
I865594,1519,2.2359920468E8,2030-01-01
I868728,559,2.359458303E7,2030-01-01
I877587,433,8900628.71,2030-01-01
I878871,-1282,2.623714877E7,2025-10-10
I883373,1416,5.388812085E7,2030-01-01
I886357,-292,4.130589035E7,2025-10-04
I891036,386,3.985316356E7,
I896754,776,6.50971276E7,2030-01-01
I901586,1067,4.850714034E7,2030-01-01
I902592,507,6.408596623E7,
I903922,-937,1.3634491221E8,2025-10-18
I904164,-1365,6.056282684E7,2025-09-03
I904842,1289,7443391.21,2030-01-01
I908204,584,7.248871119E7,2030-01-01
I911896,1907,2.7224812916E8,2030-01-01
I913577,-389,2.907644317E7,2025-09-11
I913840,-696,5232369.27,2025-09-23
I922664,1959,1.2360875292E8,
I928383,1022,6.192843877E7,
I931317,-1993,1.1015616904E8,2025-09-01
I936009,-1476,4.461823491E7,2025-09-07
I937327,93,5455615.63,
I823818,957,1.0051165535E8,2030-01-01
I825307,411,3.372782006E7,2030-01-01
I825780,-1724,1.3781326541E8,2025-10-30
I826306,1466,5.101384407E7,2030-01-01
I832420,278,1.554455511E7,2030-01-01
I823697,1497,2.0185286953E8,
I833115,1219,4366976.75,
I836938,334,1.328873633E7,2030-01-01
I838785,441,4.903080771E7,2030-01-01
I845237,1800,8761637.63,2030-01-01
I849409,1155,1.7009461102E8,
I869401,1959,1.4454964879E8,
I872997,-1582,1.6144596715E8,2025-09-14
I873268,1527,1.367050763E8,2030-01-01
I874608,1848,2.0181431916E8,2030-01-01
I874962,-1910,3.018027086E7,2025-10-25
I881470,276,3.96263437E7,
I885029,1217,7.783794743E7,
I886840,863,1.0362135228E8,
I889376,1430,1.2667748335E8,
I896409,1082,5189845.33,
I897630,-1232,1.686841992E7,2025-10-29
I898211,178,6727156.03,2030-01-01
I898260,1152,4.108324197E7,
I899795,-1399,0.0,2025-10-24
I904319,-1023,9.710878008E7,2025-09-06
I904871,924,4.69066951E7,
I905123,-1133,6446582.24,2025-09-23
I907175,691,5.982372553E7,2030-01-01
I907393,1662,1.813169631E8,2030-01-01
I909679,-712,2.997277677E7,2025-09-11
I912788,81,1.082274404E7,
I916254,-390,4.688024008E7,
I928166,1033,1.2274114527E8,
I928940,-613,6.6737996E7,2025-09-02
I931296,1406,1.8248058486E8,2030-01-01
I932308,169,2.363184539E7,2030-01-01
I933034,643,5.493663785E7,2030-01-01
I935240,566,4.183220096E7,2030-01-01
I935865,292,1.984950164E7,2030-01-01
I938630,-1835,2.2317199034E8,2025-10-25
I942523,-1293,1.6673761286E8,2025-09-11
I950623,-185,2.292018918E7,2025-09-25
I939540,809,1.154466299E8,
I947825,1805,1.771961374E7,
I952302,-1685,4.392708805E7,2025-09-08
I952432,1038,7.229180059E7,
I953770,1105,1.902077717E7,
I957320,-1604,2.1427252834E8,2025-10-21
I967195,-1957,0.0,2025-09-02
I971623,-1188,7.96344355E7,2025-10-30
I974399,-855,2.908557804E7,2025-10-08
I974482,1995,1.0780208183E8,2030-01-01
I975678,1113,1.4474936771E8,2030-01-01
I998049,1705,4.565059088E7,
I998629,-1875,6.085625023E7,2025-10-25
I1000368,492,4.991374187E7,2030-01-01
I1002875,676,8.684648066E7,2030-01-01
I1003414,876,2.368958072E7,2030-01-01
I1004200,1831,2.17154913E8,
I1005437,716,2.109531601E7,
I1006164,1645,8.181626985E7,2030-01-01
I943684,802,6.60513E7,2030-01-01
I944127,-1072,1.1653694065E8,2025-09-19
I950512,-1115,1.0762077841E8,2025-10-06
I943481,679,6872111.27,
I946979,595,8.494484224E7,
I949207,1370,1.9534497162E8,
I967359,1499,5.22816047E7,
I969249,-1494,7.009662822E7,2025-10-15
I969519,-62,6479658.23,2025-09-28
I973538,-1290,9.562025411E7,2025-10-08
I975576,-525,4.503801614E7,2025-10-08
I976970,1095,1.4800988449E8,2030-01-01
I977908,1942,2.0715693714E8,2030-01-01
I984201,385,1.397163528E7,
I986269,143,1.338500248E7,2030-01-01
I990848,-1355,4.431756277E7,2025-09-23
I993235,452,7984798.38,2030-01-01
I993417,295,4.301849912E7,
I994594,-1263,1.8561051757E8,2025-09-23
I995108,1280,1.7784997855E8,
I997567,1288,8.394017101E7,
I1001960,1461,9.969660431E7,2030-01-01
I1002953,1171,1.2804188619E8,2030-01-01
I944549,1514,1.8874277405E8,2030-01-01
I948437,1820,7.779910403E7,2030-01-01
I943309,784,8.726294486E7,
I944572,1215,3.421931269E7,
I955427,-1053,2.859743463E7,2025-09-26
I958124,-1403,5.439862336E7,2025-09-21
I960550,1192,3.92396644E7,2030-01-01
I963567,688,9.767942121E7,2030-01-01
I968112,784,3.169684355E7,
I973967,-792,1.134115187E8,2025-10-23
I976532,1120,1.6603574825E8,
I977605,143,2.113380992E7,2030-01-01
I978458,-269,3.088062611E7,2025-09-06
I988092,1702,1.4875322317E8,
I988857,-1976,0.0,2025-10-20
I997717,1976,2.7054663892E8,
I1001441,1559,1.5565614618E8,2030-01-01
I941527,-1021,0.0,2025-10-04
I938804,798,8.597766078E7,
I941873,291,4483057.24,
I954013,1828,2.1214190602E8,2030-01-01
I954437,1276,8.821672482E7,
I954457,-1032,9.98195932E7,
I954610,-632,2.650266958E7,2025-09-05
I956767,906,3.856387467E7,
I963875,-1598,4.320420458E7,2025-10-14
I969387,662,3.138948394E7,
I972220,-663,2.015906252E7,2025-09-12
I976058,-1601,9.181045684E7,2025-10-08
I978754,1037,1.4626296381E8,
I984128,-787,8.274529283E7,2025-09-21
I986779,1804,1.638811772E7,2030-01-01
I987424,1805,2.2977158195E8,
I989900,-708,3.691897176E7,2025-09-09
I990102,-1240,1.1787654854E8,2025-10-28
I991189,524,6.344352981E7,
I992292,271,3.488708339E7,2030-01-01
I992813,-1525,6.296114999E7,2025-10-20
I998782,-1696,4.093164953E7,2025-10-31
I1000123,1935,1.8459153667E8,
I1003988,690,7.657147452E7,
I1006301,-737,8.58508257E7,2025-10-23
I1009664,391,4519961.45,
I943971,-1286,1.9127743214E8,2025-09-20
I945373,-1844,1.5247146589E8,2025-10-21
I947367,1433,1.5145789823E8,2030-01-01
I950023,83,8440123.38,2030-01-01
I945074,1416,2.0947671535E8,
I946914,1408,3.964324924E7,
I958634,776,5.897864852E7,
I961017,329,3645674.3,2030-01-01
I962730,-360,3.982395793E7,2025-10-25
I963275,1279,3.432597806E7,2030-01-01
I967883,-660,8.74805636E7,2025-09-07
I969662,-468,4.688361194E7,2025-10-03
I976330,1679,1.531302404E7,
I995648,1418,1.3124047645E8,2030-01-01
I1002173,1543,3.383721195E7,
I1002358,1270,1.932612489E7,2030-01-01
I1004461,1216,3514621.18,2030-01-01
I1005297,1239,0.0,
I1008219,-1759,9.647566516E7,2025-10-19
I1009216,816,8.447385144E7,2030-01-01
I938906,-63,3598644.17,2025-09-25
I939444,489,6.377044165E7,2030-01-01
I949116,1090,1.0463919361E8,
I951905,339,1.309029334E7,2030-01-01
I958831,149,579293.52,2030-01-01
I959028,1257,3.505235406E7,2030-01-01
I960306,-220,2.002872636E7,2025-09-28
I961659,1212,2005901.1,2030-01-01
I967779,350,1.194323749E7,
I970287,-216,1.794402977E7,2025-10-06
I971297,-922,1.1094844935E8,2025-09-21
I971653,525,2.254639204E7,2030-01-01
I972065,1775,1.8534849646E8,
I979723,1217,0.0,
I985310,-666,2.517916139E7,2025-10-03
I987938,1521,1.226167451E7,2030-01-01
I988188,768,4.683937803E7,2030-01-01
I988551,1398,1.7758052258E8,2030-01-01
I994446,521,2454336.34,2030-01-01
I999677,1515,1.1233691643E8,
I1004424,-942,6.161511272E7,2025-10-22
I1009424,-488,6.102449232E7,2025-10-12
I943415,1145,1.7134907313E8,2030-01-01
I941987,790,9.893064628E7,
I956676,-213,1.084135516E7,2025-09-01
I960790,-1930,1.0265593837E8,2025-09-27
I962350,255,1.939316007E7,2030-01-01
I963100,913,5824490.58,
I968196,96,6139820.38,2030-01-01
I969070,770,4705833.45,2030-01-01
I980646,-836,8.688345873E7,2025-10-25
I982218,-1684,1.4824679093E8,2025-10-08
I993174,-972,1.3729745693E8,2025-09-15
I1000209,1492,1.4142810411E8,2030-01-01
I1003663,630,2.233029512E7,
I1005394,815,4.382328515E7,2030-01-01
I1008012,1255,1.1234391406E8,
I938995,85,1154689.32,2030-01-01
I945281,-1834,1.2925495238E8,2025-10-03
I949398,-495,1.285014928E7,2025-09-25
I939568,1526,7.643083331E7,
I941839,1835,1.2509000557E8,
I951831,-1471,3.638396739E7,
I978915,881,9.806320566E7,
I980939,1414,2.0754059714E8,2030-01-01
I982477,-746,9.015572867E7,2025-09-17
I983934,1379,6.107017373E7,
I991531,475,5.28901809E7,2030-01-01
I994855,543,4.252790475E7,2030-01-01
I995519,1917,1.0808304811E8,2030-01-01
I997746,265,3.682037208E7,2030-01-01
I999244,80,4326684.05,2030-01-01
I999557,-981,3.372536808E7,2025-09-13
I1001460,-615,8.932332614E7,2025-10-19
I1002918,325,2.456600912E7,
I1002979,-948,2.384788673E7,2025-09-09
I1007200,1606,1.9757648617E8,2030-01-01
I1008368,-1219,9.79436446E7,2025-09-26
I938862,-386,6832620.21,2025-10-09
I942677,1272,1.0205457066E8,2030-01-01
I944198,-961,7412368.52,2025-09-06
I951009,293,9926718.17,2030-01-01
I946272,1664,7.009051506E7,
I952825,400,4.32428228E7,
I953608,-1098,1049030.9,2025-10-08
I957701,-797,1.934266025E7,2025-09-20
I958167,-1441,1.1808276489E8,2025-10-28
I960263,864,1.979921573E7,
I960524,-946,1.3350698607E8,2025-10-21
I967481,1523,1.3117830469E8,2030-01-01
I968003,686,9.424882818E7,
I969255,864,1.571816985E7,
I969349,401,3.456197129E7,2030-01-01
I973442,-578,1.128608406E7,2025-10-16
I974692,762,4.735995352E7,2030-01-01
I975595,450,5.908437099E7,2030-01-01
I976774,-1844,7.538059831E7,2025-10-02
I986787,-1403,8.98150723E7,2025-09-10
I988325,634,4.075877704E7,
I992049,1950,1.1951734626E8,2030-01-01
I1000244,1275,8.13924101E7,2030-01-01
I940833,-1292,1.5821521937E8,2025-10-25
I946609,-371,3.748732999E7,2025-09-28
I947276,-735,2.357224902E7,2025-09-23
I947677,1482,2.396722767E7,2030-01-01
I948087,1697,1.0123222442E8,2030-01-01
I943898,549,2.157254014E7,
I946807,1528,8.394563276E7,
I951932,-1484,2.2158002601E8,2025-10-28
I955118,642,4.397223963E7,
I955475,-1647,1.410519134E8,2025-09-07
I972013,1361,1.9375847157E8,
I972352,1547,6.222166954E7,
I975636,-1057,4.788196517E7,2025-09-10
I975741,785,1.969374057E7,
I977314,-1548,2.515857193E7,2025-10-08
I981030,-642,6.734680891E7,2025-09-20
I984795,-1004,1.1765672809E8,
I991011,-1035,7.513305444E7,2025-10-14
I991510,1531,2.0854531587E8,
I998052,1651,2.0493065569E8,
I999366,-1056,8.915398634E7,2030-01-01
I1000175,1968,2.9470801801E8,
I1001566,1405,2.0425953621E8,
I1002463,-1192,2.905880883E7,2025-09-15
I941615,-1865,6.908621388E7,2025-09-19
I941837,1301,1.744044781E8,2030-01-01
I959908,700,2.038139586E7,2030-01-01
I963277,1057,6.90984965E7,
I964087,-310,2.520459788E7,2025-09-29
I971607,1037,0.0,2030-01-01
I973821,-470,0.0,2025-10-23
I976182,179,1.635730647E7,2030-01-01
I976571,-148,1.925267251E7,2025-09-03
I985272,1391,1.1530682742E8,2030-01-01
I990304,1087,3.040026391E7,
I996589,-636,6.147711036E7,2025-09-14
I1004314,1606,1.2589396119E8,
I1008361,1595,7.235306374E7,
I1008615,422,5.304516895E7,2030-01-01
I1008942,1466,4.580058701E7,
I946120,668,3.440196748E7,2030-01-01
I947735,768,913993.95,2030-01-01
I948518,154,1.019542218E7,
I955961,1157,0.0,2030-01-01
I959686,-1982,0.0,2025-10-21
I960960,1191,5.301143514E7,2030-01-01
I963011,750,1.0340321659E8,2030-01-01
I964171,90,1.295876427E7,2030-01-01
I969315,202,1.897709571E7,
I969472,-1650,1.3467949114E8,2025-09-24
I972635,1796,3351251.15,2030-01-01
I976585,1810,2.5186029588E8,2030-01-01
I985100,1339,8.188837459E7,2030-01-01
I989690,-296,4.438089854E7,2025-09-16
I990714,-1632,1.5273884349E8,2025-09-05
I998681,-492,5.253788522E7,2025-10-09
