item_id,units_sold,revenue,sale_date
I12334,-1547,6.991134525E7,2025-10-29
I20732,1737,1.6687744234E8,2030-01-01
I22419,-1153,1.7208688539E8,2025-09-02
I14797,1925,7.400406896E7,
I27857,-1160,1.0497413748E8,2025-10-13
I32720,-1097,1.0721569985E8,2025-10-06
I36691,-71,3206599.77,2025-09-02
I38323,545,1.004699769E7,
I38720,-1544,7.016690105E7,2025-10-29
I40547,676,9.495822957E7,2030-01-01
I45433,734,1.748914518E7,
I45848,857,851046.35,2030-01-01
I49282,1131,1.4535617948E8,
I49369,1486,2.0005390311E8,2030-01-01
I50105,1129,4.552870056E7,
I51582,-1067,1.1714752921E8,2025-10-13
I53605,-1254,1.4876631908E8,2025-10-04
I63093,1602,2.0841210575E8,2030-01-01
I64678,1938,2.5919075947E8,2030-01-01
I65014,-860,1.0209086061E8,2025-09-09
I66177,-1082,1.2076870025E8,2025-10-16
I69004,467,1.168129265E7,
I69138,-1711,2.5139767803E8,2025-09-25
I71746,-210,2.215014524E7,2025-10-09
I73158,1596,4.434546528E7,2030-01-01
I74404,1818,2.1854444521E8,
I86069,1067,1.4907373074E8,2030-01-01
I86482,1473,4.997636935E7,
I88172,1312,3.699882795E7,2030-01-01
I95605,1232,1.6830845755E8,2030-01-01
I98738,-994,8.481956303E7,2025-10-01
I105634,1777,1.2594881468E8,2030-01-01
I112290,1246,1.3927991036E8,2030-01-01
I125071,562,8.112460861E7,2030-01-01
I128093,1108,1.4318390631E8,2030-01-01
I13364,-84,1.015665231E7,2025-10-05
I15726,-435,5.852373993E7,2025-09-02
I18628,-342,5173462.12,2025-10-20
I28304,587,5.809508735E7,
I28546,1508,1.309939886E7,
I30081,1759,1.2531909934E8,
I42423,429,3.170883174E7,2030-01-01
I44518,-767,1.840094268E7,2030-01-01
I46313,288,2.082589097E7,
I51739,594,7.965610946E7,2030-01-01
I54546,-962,1.023483637E7,2025-10-27
I58619,764,2.775804983E7,2030-01-01
I64967,420,4.544125696E7,2030-01-01
I69198,-1573,1.288472168E7,2025-10-23
I77745,-1110,1.256903599E7,2025-09-05
I81526,1662,2.3724371064E8,2030-01-01
I86209,-313,2.906596455E7,2025-09-07
I98396,379,1.404757099E7,
I106035,-514,3.317697722E7,2025-10-02
I107955,-1951,1.755403688E8,2025-10-01
I108580,-1673,5.620755309E7,2025-10-14
I109209,585,3.739016015E7,2030-01-01
I112429,1041,5.873230939E7,
I113916,1585,5.394475846E7,2030-01-01
I125959,-1152,6.594729375E7,2025-09-05
I126608,-579,6.675534053E7,2025-10-09
I11035,-1921,6.385557988E7,2025-09-25
I12849,-1244,1.0769489319E8,2025-10-12
I13332,-1343,1.6841415544E8,2025-09-07
I20714,-225,2511666.38,2025-09-06
I13036,1171,1.4282083433E8,
I17559,1895,6.935205972E7,
I27293,951,1235936.78,
I29516,1298,5896743.77,2030-01-01
I30964,1125,1.3251647527E8,
I31576,-1764,6.92176023E7,2025-10-26
I32615,110,7183568.77,2030-01-01
I35828,-458,3.258043158E7,2025-10-29
I41599,-1004,1.0818929131E8,2025-09-11
I43790,1156,1.6100531374E8,2030-01-01
I46184,1817,1.9582067584E8,2030-01-01
I47059,1115,8366952.63,2030-01-01
I48459,-1018,4.377529229E7,2030-01-01
I49705,1384,1.1057631165E8,2030-01-01
I60536,1842,1.349210614E8,
I65926,1005,2.472954849E7,2030-01-01
I66504,-1474,5.737689228E7,2025-09-10
I71618,-1146,6.036146901E7,2025-10-29
I72775,1746,4.380349658E7,2030-01-01
I77656,1032,6.855565296E7,
I79559,-1628,1.6874556787E8,2025-09-20
I80836,79,1250672.08,2030-01-01
I85182,1820,2.4402729178E8,2030-01-01
I86242,1425,1.9404299252E8,2030-01-01
I94984,1472,5.687099785E7,2030-01-01
I100647,1364,1.4481015609E8,
I101527,895,9.353577801E7,
I103379,344,1.511510103E7,
I103621,-539,1.498764856E7,2030-01-01
I109485,1709,1.2569735893E8,2030-01-01
I110117,368,1.222970476E7,2030-01-01
I113608,1775,2.072997295E7,
I115113,1350,1.4894339922E8,
I116626,1899,2.0528299322E8,
I118134,458,5.662943479E7,2030-01-01
I118540,730,2.620899578E7,2030-01-01
I15204,-874,1.0343502083E8,2025-10-11
I13522,602,7.296748867E7,
I19563,1306,7.147811836E7,
I21287,1796,8.839557564E7,
I23562,406,3.179343679E7,2030-01-01
I25285,1056,4.820326715E7,
I29689,-1889,4.107871566E7,2025-09-08
I32984,1345,3.729196767E7,
I32989,1633,1.2882494571E8,2030-01-01
I39525,-1495,2.573533874E7,2025-09-15
I39651,1879,1.5501256079E8,2030-01-01
I39842,-594,7.073341031E7,2025-10-31
I40020,1559,1.430600866E8,2030-01-01
I42977,1958,8.578330097E7,2030-01-01
I44555,861,5.990028364E7,
I55876,133,1.844195903E7,2030-01-01
I57484,1811,1.6136839412E8,
I61421,-1233,1.7233182941E8,2025-09-09
I62345,1024,5.634958763E7,2030-01-01
I65921,1820,1.6424242722E8,2030-01-01
I66989,1710,2.4821738211E8,2030-01-01
I67184,-1828,2.0430600228E8,2025-10-18
I81202,717,2.144969465E7,2030-01-01
I82152,-1961,6.954260277E7,2025-10-11
I89176,1453,1.2524414225E8,2030-01-01
I90803,1673,6.582830411E7,
I94705,-249,1.767259143E7,2025-10-06
I98075,1397,5.066663016E7,2030-01-01
I100663,-918,5.432214408E7,
I104930,1308,1.7230835267E8,2030-01-01
I106954,373,3.592022952E7,
I108683,676,2.531092443E7,
I110671,-337,2.941728666E7,2025-10-08
I111597,723,6.118657793E7,2030-01-01
I111904,416,5.241456199E7,2030-01-01
I113631,-514,5607192.09,2025-10-08
I114018,248,1723173.5,
I116950,908,3.675085548E7,
I119284,1382,8.505074713E7,
I121878,-1868,1.6944566027E8,2025-10-22
I122254,694,5.090550675E7,
I123259,745,9.529571209E7,
I123303,-1490,2.1122525394E8,2025-10-22
I126181,1877,7.582847974E7,
I13819,1713,1.7276825016E8,2030-01-01
I20050,-347,1.758202458E7,2025-10-24
I17712,522,6.002101516E7,
I18682,1462,9.587965272E7,
I25354,-442,2.050426291E7,2025-09-23
I26778,73,4563632.55,
I28389,1821,2.6828315823E8,2030-01-01
I28785,-183,7046571.81,2025-10-06
I30713,-1158,8.521050621E7,2025-10-13
I32389,1511,3.675046632E7,
I33941,-262,7827414.3,2025-09-27
I37491,335,6793623.53,
I38352,-1955,1.8740029798E8,2025-10-06
I39227,1683,1.7679589387E8,2030-01-01
I40561,-651,8.633450636E7,2030-01-01
I44063,827,1.1837997807E8,2030-01-01
I47435,1635,2.4453035696E8,2030-01-01
I55622,1526,2.0922580707E8,
I59412,1350,1.2512286686E8,2030-01-01
I59470,1676,9.461184764E7,2030-01-01
I62060,-1344,1.3271012366E8,2025-10-28
I63343,-826,1.0921330681E8,2025-10-13
I66761,1533,1.18422837E7,2030-01-01
I69186,1169,9682196.47,2030-01-01
I73516,1900,2.5075860338E8,
I74037,355,9364242.56,
I77231,-175,1.740715688E7,2025-10-02
I77507,-574,7.062639132E7,2025-10-11
I84226,682,3.401066158E7,2030-01-01
I84704,802,963376.25,2030-01-01
I89786,1817,0.0,
I91661,1376,1.029926143E8,
I93371,-905,1.1041339416E8,2025-10-18
I99355,710,1.0039095734E8,2030-01-01
I105801,-1665,2.0261207773E8,2025-09-10
I111829,814,9.94588601E7,2030-01-01
I112690,1008,1.5030559465E8,
I113804,-1337,7.410271222E7,2025-10-14
I116075,1625,2.294777314E8,2030-01-01
I116957,540,5.948753866E7,2030-01-01
I118509,-1107,9.049365005E7,2025-09-23
I119315,-745,9.0524088E7,2025-09-23
I119362,1154,7.920874024E7,
I119690,308,3.675067345E7,2030-01-01
I121368,1325,1.852479494E7,2030-01-01
I122157,-1537,5.042906204E7,2025-09-16
I123974,1270,1.2712496942E8,2030-01-01
I126708,1632,1.9264071495E8,
I126795,1248,6.083698011E7,
I126848,686,8.275790761E7,2030-01-01
I127527,-1546,9.592210686E7,2025-10-31
I11920,-1083,4777124.28,2025-10-30
I13877,810,4.847667023E7,
I25277,-1229,1.627798011E7,2025-10-05
I26797,252,1.725469981E7,2030-01-01
I29241,225,2.587083362E7,2030-01-01
I31071,-1203,4.343066225E7,2025-09-03
I37630,715,1.0212306319E8,2030-01-01
I40239,281,1.837802026E7,
I44138,421,6.059459334E7,
I45077,-259,3.192517292E7,2025-10-16
I47263,-1439,1.1390900336E8,2025-10-22
I48903,1473,1.0177178229E8,
I51631,1466,8.323193405E7,2030-01-01
I51919,1745,4.05187857E7,2030-01-01
I52481,1909,1.8466805867E8,2030-01-01
I52892,1578,2.633931665E7,
I54262,-1443,1.5497164974E8,2025-09-20
I55784,907,1.2848284568E8,
I65891,782,4.465201559E7,2030-01-01
I67211,1565,1.0141337137E8,
I67797,310,4.259719172E7,2030-01-01
I71788,1051,9.95777518E7,
I73783,1541,5.220846678E7,2030-01-01
I82860,116,3745022.15,2030-01-01
I85002,1173,6.59351774E7,2030-01-01
I85162,1471,1.3141472842E8,
I87532,1519,1.9296962103E8,2030-01-01
I91673,-876,7.510560125E7,2025-10-07
I94957,968,9.617775919E7,2030-01-01
I94993,-225,1822469.28,2025-09-26
I97721,478,8904633.74,2030-01-01
I101191,1012,6.879424464E7,2030-01-01
I103529,-830,4052863.92,2025-09-30
I104395,106,3228614.88,2030-01-01
I109619,1700,3.500294364E7,2030-01-01
I112066,314,3.844384053E7,2030-01-01
I113010,-933,1.1598447668E8,2025-10-05
I120433,-1165,1.5619665674E8,2025-09-02
I120639,1762,3.675257851E7,2030-01-01
I123267,-127,3944043.6,2025-10-10
I124698,-1895,6.824173429E7,2025-09-12
I27458,1483,5.852553013E7,2030-01-01
I32798,203,8958668.25,2030-01-01
I37773,1882,2.6527805828E8,2030-01-01
I52167,774,7.081326109E7,
I58860,347,4.29318045E7,
I59363,460,4.760484017E7,2030-01-01
I66440,-1791,1.8977427116E8,2025-10-22
I70199,107,1.098689197E7,2030-01-01
I70279,644,4.101089078E7,2030-01-01
I72385,-754,4.676896887E7,2025-09-29
I94629,900,4.135865659E7,2030-01-01
I95885,-1546,8207798.51,2025-09-18
I97649,249,3.386604738E7,2030-01-01
I98038,65,2226805.75,2030-01-01
I98565,1107,3.729252308E7,
I99919,1684,6.332472066E7,
I103121,318,4.211720452E7,2030-01-01
I107048,-1280,2.889369407E7,2025-09-10
I111954,-1850,1.5241651055E8,2025-10-15
I112823,76,0.0,2030-01-01
I114799,814,4.243082978E7,2030-01-01
I115531,123,7372418.13,2030-01-01
I120427,1805,8.092153943E7,2030-01-01
I120561,1501,1.8549880772E8,
I123139,309,4.254552848E7,2030-01-01
I124246,1163,1.17791227E7,
I126062,274,9192048.2,
I10005,519,4.942574889E7,2030-01-01
I15008,-789,5.636118242E7,2025-09-02
I15197,1335,1.7213539711E8,2030-01-01
I18783,-1542,5129324.94,2025-09-25
I21730,91,7387719.03,
I24043,-1231,1.1866674012E8,2025-10-24
I27621,1743,2.212530152E8,
I29233,509,4.119443386E7,2030-01-01
I30109,388,4.073913878E7,2030-01-01
I30550,-1675,1.969198599E7,2025-09-04
I39685,761,2.199356605E7,
I50860,977,1.3939709861E8,2030-01-01
I57706,-751,9.629575802E7,2025-10-29
I70018,1205,1.646542503E7,2030-01-01
I76425,-825,1.1398468177E8,2025-10-12
I78793,221,6311976.91,
I80927,1296,1.4731169435E8,2030-01-01
I87067,-1359,1.2693666843E8,2025-09-18
I90627,1092,1.03719082E7,
I94144,-618,2091916.85,2025-09-18
I95532,722,6.955157918E7,2030-01-01
I100948,-1218,1.4966759562E8,2025-10-04
I110520,1203,1.5536129766E8,
I113722,1794,8.200098303E7,2030-01-01
I114951,1798,1.9278572015E8,
I19226,-1680,1.8207989934E8,2025-10-14
,126,0.0,2025-10-28
I23426,1218,1.4852266721E8,
I26876,700,9.816634895E7,2030-01-01
I28565,-521,5.499376655E7,2025-10-23
I29038,1122,1.0781852186E8,
I33401,1890,2540388.04,2030-01-01
I44211,580,4.599803812E7,
I46013,-1859,1.2489288084E8,2025-10-30
I56429,329,1.663967752E7,
I58578,1400,6.036389924E7,
I58589,243,2.278531717E7,2030-01-01
I59774,1459,1.5105912095E8,
I60332,1673,2.0863426907E8,2030-01-01
I61021,760,4542168.35,2030-01-01
I68350,1594,8.51600841E7,
I70682,1433,2.733353983E7,
I70854,1308,1.439541186E8,2030-01-01
I71606,1226,1.1688142024E8,
I72824,1346,1.8181440973E8,2030-01-01
I76327,-1220,1.0020127146E8,2025-09-09
I80306,1624,1.4660405677E8,
I85492,476,3.684289244E7,
I88893,-903,3.698222429E7,2025-10-19
I89226,-367,6654956.21,2025-09-13
I90253,356,2089771.3,
I91432,520,2.658312977E7,2030-01-01
I93883,1706,1.2077074815E8,2030-01-01
I95866,-1801,1.783208593E8,2025-10-16
I100352,-1198,1.0897913252E8,2025-09-26
I108113,876,1.2403105179E8,2030-01-01
I109763,-401,3507352.12,2025-09-14
I113728,1440,1.9271055851E8,2030-01-01
I114989,926,1.196196352E8,
I115821,1712,8.465746091E7,
I17050,-1152,1.3876190736E8,2025-09-06
I18229,1167,1.1336867663E8,
I25731,542,4.858406488E7,2030-01-01
I30541,103,3102425.6,
I32231,-1449,2.591466383E7,2025-10-12
I35688,1014,1.3856850715E8,
I36663,837,1.0049729395E8,
I40289,1854,1.9699349385E8,2030-01-01
I44351,1719,1.982402954E8,
I51760,1026,2.709569158E7,2030-01-01
I53652,1046,1.0689852055E8,2030-01-01
I54903,-81,1.088140032E7,2025-10-11
I80123,-1572,5241202.17,2025-10-10
I82448,1048,7.420351347E7,2030-01-01
I91660,1879,2.7176422913E8,2030-01-01
I93757,1744,2.4070208295E8,
I97497,117,2638650.59,
I98499,778,6.300435845E7,2030-01-01
I99438,753,6.20921562E7,2030-01-01
I100349,1296,5.17096283E7,
I106245,-595,1.21601958E7,2025-09-29
I108573,634,3.496891335E7,
I113614,392,2.26421065E7,
I118273,812,3.186887529E7,
I123619,-168,695571.45,2025-10-01
I127599,-510,4.223886929E7,2025-09-30
I14491,-1856,1.4221770463E8,2025-09-01
I16618,970,1588214.28,2030-01-01
I20564,297,3572367.47,2030-01-01
I23260,1924,1.1799788048E8,2030-01-01
I27259,-767,1.107080857E7,2025-09-04
I27396,1547,1.434552787E7,2030-01-01
I31056,-1287,9.532196512E7,2025-09-12
I31536,463,6.382951313E7,2030-01-01
I34307,-1701,1.2629061929E8,2025-09-20
I34664,1544,7.527475186E7,2030-01-01
I34861,-441,2655510.18,2025-09-09
I37164,1100,960645.73,2030-01-01
I41036,1816,7.366480588E7,
I48603,-265,2.184683791E7,2025-10-30
I50807,1016,1.0636642772E8,
I51699,1551,1.2561987599E8,2030-01-01
I55538,-1798,2.378797994E8,2025-10-25
I57034,-1369,1.836433176E8,2025-09-24
I58846,-263,3.895612518E7,2025-10-18
I59515,724,2.445479187E7,
I75184,256,1954960.07,2030-01-01
I77575,1490,1.297062463E7,
I78364,414,8085410.51,2030-01-01
I84011,1074,1.0187871144E8,
I97647,-1151,1.3406369015E8,2025-09-26
I105220,-800,1.1072788059E8,2025-10-09
I115876,-189,5599307.21,2025-09-25
I125868,477,4.818889424E7,2030-01-01
I21465,-1155,1.6542107581E8,2025-09-23
I21823,916,5.436429337E7,
I22741,1318,1.9014493189E8,2030-01-01
I26813,-1832,1.23635286E7,2025-10-09
I34663,1267,2.863864152E7,
I37426,-1723,1.8045405814E8,2025-10-09
I40223,585,8.454169997E7,
I41500,1026,6.52218649E7,2030-01-01
I43032,1915,1.6588213904E8,
I45477,1474,1.308713695E8,2030-01-01
I48451,-474,6.876292275E7,2025-10-16
I49638,1508,4.483322635E7,
I50878,-1567,8835106.27,2025-09-16
I52689,1920,2.0636366705E8,
I53449,390,4.536631219E7,2030-01-01
I54315,494,1.553054652E7,
I63459,-1585,1.9798975775E8,2025-10-13
I74653,89,2613362.89,
I75431,467,5.470329843E7,2030-01-01
I82588,1150,8.886558956E7,
I86205,97,3205681.46,2030-01-01
I88885,1024,9.523851346E7,
I92929,-589,4.690338039E7,2025-10-03
I98461,-1920,2.5485416318E8,2025-09-23
I101658,1275,1.292531317E7,
I104979,-1969,1.8624640934E8,2025-10-30
I107786,1465,2.1647159501E8,2030-01-01
I111547,-206,1.262112429E7,2025-10-30
I113028,1758,6.893319554E7,
I114077,576,2.31487306E7,
I114135,-955,1.2940325149E8,2025-10-15
I115901,-1931,2.8804026721E8,2025-10-23
I121374,1233,6.25894336E7,2030-01-01
I132340,214,1.992838083E7,2030-01-01
I134536,-537,7.32074219E7,2025-10-03
I134886,-724,5.251156877E7,2025-09-07
I140457,1012,1.4807656613E8,2030-01-01
I134279,228,8803529.65,
I142696,-105,6487734.66,2025-09-19
I142975,1169,1.688586187E8,
I148179,189,8872681.74,2030-01-01
I165649,-1207,1.6673948182E8,2025-09-13
I166532,1766,1.9095328285E8,
I170516,-661,2.824596763E7,2025-10-13
I171212,220,6568129.07,2030-01-01
I173297,863,8.688233801E7,2030-01-01
I178640,-836,3.242363103E7,2025-10-25
I179304,-1753,1.8451883269E8,2025-09-10
I183240,-820,6.000137061E7,2025-09-20
I183422,194,2.346264359E7,
I189740,656,3.481898998E7,2030-01-01
I191655,477,6.30422901E7,2030-01-01
I198926,1439,1.7405392532E8,2030-01-01
I199914,807,4.505864226E7,
I204728,-1008,8.908156652E7,2025-09-05
I208909,-1394,1.5971526519E8,2025-09-23
I213684,1255,6.885905597E7,
I214605,644,1.868429917E7,
I217694,641,2.327367164E7,2030-01-01
I233742,793,3.999593242E7,
I138951,1530,1.1750896342E8,2030-01-01
I128413,915,9.116510831E7,
I154396,-681,9.391842418E7,
I154727,-565,2.153536825E7,
I158601,-1095,1.3440796874E8,2025-09-09
I159817,-149,9018275.03,2025-09-07
I159892,1310,2.13722416E7,2030-01-01
I167394,-1953,5.716334263E7,2025-09-27
I170680,1820,5.279181641E7,
I185323,-532,6.421432299E7,2025-09-03
I188113,1517,1.7099870703E8,
I188273,-591,4.957499766E7,2025-10-31
I197294,841,1.2548996776E8,2030-01-01
I197776,-371,4.713177193E7,2025-10-20
I202370,1138,5.162601894E7,2030-01-01
I202870,1447,9.499868085E7,
I205300,-124,7017472.47,2025-09-01
I205471,-222,2.252285778E7,2025-10-26
I207549,1428,1.2681134455E8,2030-01-01
I213580,954,1.0699121905E8,2030-01-01
I214591,425,5.093208468E7,
I216193,943,5.549338458E7,
I217101,215,1.406352282E7,2030-01-01
I218487,-1253,5.175095521E7,2025-10-03
I225066,-834,6.688770109E7,2025-10-22
I225964,1209,1.831202374E7,
I228297,-818,2.768168834E7,2025-10-13
I228778,1341,9.979906646E7,
I234476,1760,2.904989938E7,2030-01-01
I240729,1660,2.1968578581E8,
I243265,307,7804206.95,2030-01-01
I132773,1930,1.899041883E7,2030-01-01
I134298,-901,1.781948214E7,2025-09-10
I135972,1417,8.192252261E7,2030-01-01
I138096,1282,1.6114599158E8,2030-01-01
I135816,703,9.734355892E7,
I140786,-788,8.075049596E7,2025-09-24
I141029,1330,9.999564599E7,
I141442,1731,3.775979361E7,2030-01-01
I149607,1223,9.14361385E7,2030-01-01
I150078,-492,7.017087817E7,2025-09-16
I153797,216,2.838122211E7,2030-01-01
I156732,325,2.565703977E7,
I157367,81,6902326.83,
I159293,892,8.209473905E7,
I163132,-158,1.718692747E7,2025-09-04
I165081,-1690,0.0,2025-09-20
I168132,-823,4.446926085E7,2025-10-28
I168719,1522,5939521.06,
I171359,1652,0.0,2030-01-01
I179553,241,2.464966015E7,2030-01-01
I194673,1862,2.7361330956E8,
I194835,116,3865114.92,2030-01-01
I195057,-557,8.206110537E7,2025-09-10
I195870,692,2.266200633E7,
I196028,275,1.594556967E7,
I200490,-217,5204025.91,2025-10-24
I203980,-1781,1.8840294549E8,2025-10-31
I206374,1465,2.0109409468E8,2030-01-01
I208382,-1610,7.458774152E7,2025-09-14
I209748,1075,8.280848752E7,2030-01-01
I210259,1527,2.1890192181E8,2030-01-01
I210583,590,8.081626545E7,
I212409,-579,3.688398709E7,2025-10-20
I217610,126,1.508082237E7,
I219446,458,8634576.51,
I224946,-379,4.917699856E7,2025-10-03
I229501,339,8392721.63,
I232362,-258,1.38306152E7,2025-09-25
I233037,-917,6.947165615E7,2025-09-22
I236036,-898,5575555.16,2025-10-02
I238304,591,1.172058067E7,2030-01-01
I241561,1922,9483919.89,
I241741,1074,1.2589330213E8,2030-01-01
I132006,557,4060821.45,2030-01-01
I139728,160,1.353786668E7,
I141217,391,5.236198984E7,
I144527,421,1.100303554E7,
I146025,836,1.0448483673E8,2030-01-01
I146101,634,5.781530485E7,
I146717,-665,2.321406487E7,2025-09-16
I148997,101,5894492.34,
I152417,1637,2.1442170922E8,2030-01-01
I153129,253,4783371.9,
I153563,-811,5.188575351E7,2025-09-29
I158688,1859,2671548.82,
I161981,368,3.096290433E7,
I166888,-117,8171373.47,
I168172,-264,2.2530312E7,2025-09-18
I172625,238,1.790768868E7,
I174805,-1800,4.96448822E7,2025-10-11
I184613,1913,2.2034511952E8,2030-01-01
I186765,1011,2.13385655E7,2030-01-01
I187647,-158,2.305302651E7,2025-09-28
I196018,861,1.29105879E7,2030-01-01
I196448,-281,1.395826622E7,2025-10-22
I203512,-610,2.982889081E7,2025-10-06
I204249,-181,9747747.08,2025-10-19
I205171,1271,1.7851751655E8,2030-01-01
I207659,1389,1.7683134631E8,
I209236,-270,2.595694307E7,2025-09-24
I209807,1180,9.909588867E7,
I212615,-1102,0.0,2025-09-05
I216645,-525,3.929452014E7,2025-10-08
I222040,-386,5952514.44,2025-10-11
I224813,1494,0.0,2030-01-01
I227119,1229,5475547.19,2030-01-01
I229044,-678,4.541678296E7,2025-10-11
I229952,1954,5.820030656E7,2030-01-01
I230791,1942,1.6742090987E8,
I232549,982,1.218520043E7,2030-01-01
I233839,-135,1.862112963E7,2025-09-30
I234065,1190,1.4915984396E8,2030-01-01
I238298,-1656,1.934064727E8,2025-10-22
I239362,545,7954180.03,2030-01-01
I241539,1974,1.0680500265E8,
I133233,851,4.856896551E7,2030-01-01
I140526,232,7961015.19,2030-01-01
I145227,-422,5.440894213E7,2025-10-29
I146180,1000,3.507428434E7,2030-01-01
I147008,618,8.397279777E7,2030-01-01
I149768,-1824,1.171226824E8,2025-09-25
I150102,1562,1.6586460517E8,2030-01-01
I164159,940,6.239263012E7,
I165980,1675,4.3337906E7,2030-01-01
I168691,1666,1.9017914932E8,2030-01-01
I169956,1093,3.665428016E7,
I175573,1401,1.0225512155E8,2030-01-01
I175876,713,8047153.42,
I176301,117,6626496.64,
I179940,1258,6.521937152E7,
I181116,-1106,1.1332220606E8,2025-09-13
I184582,-1918,2.382618962E8,2025-10-28
I186188,430,1.01052364E7,
I193456,464,2.16962768E7,2030-01-01
I195488,-448,2.796349636E7,2025-10-29
I196129,-1353,9.67026712E7,2025-09-25
I197334,1764,2.1368462887E8,
I201076,814,1.1453217099E8,
I201266,-1848,1.4989274164E8,2025-10-04
I201361,1435,9.978328047E7,
I204945,1401,5.843320202E7,2030-01-01
I211612,-1894,4.51841475E7,2025-10-09
I217897,-265,1.891892322E7,2025-09-06
I223313,116,4109511.33,
I227643,788,8.948388928E7,2030-01-01
I231671,-363,2.855808043E7,2025-10-07
I232659,1737,2.318479755E7,2030-01-01
I234238,-1327,1.3280979015E8,2025-09-18
I129270,-1213,7.635628009E7,2025-09-05
I130676,-348,1.728847112E7,2025-09-27
I138819,276,1687837.58,2030-01-01
I135761,356,1.387802588E7,
I143069,1693,2.3342718764E8,
I143832,-812,9.50176959E7,2025-10-05
I144981,361,1.193715289E7,
I145809,1605,5.105652948E7,2030-01-01
I147927,1132,6.114476007E7,
I162602,1545,8.517071449E7,2030-01-01
I173521,699,6335199.87,
I181530,-1136,3.338238918E7,2025-09-22
I185594,-1847,6.491930011E7,2025-10-02
I186558,131,5319828.69,
I191169,1587,2.379073747E7,2030-01-01
I195571,-1160,1.378131902E7,2025-09-12
I197769,-890,7.636251907E7,2025-10-04
I199835,1031,2.127132405E7,
I200096,1530,5.767944735E7,2030-01-01
I201842,1024,1.4452112284E8,2030-01-01
I202465,785,5.152882526E7,
I204381,863,8.992785702E7,
I207471,1305,3678669.23,2030-01-01
I215780,-268,3.714821509E7,2025-10-17
I218651,-746,8.09475014E7,2025-10-30
I223240,1962,6.955053318E7,2030-01-01
I227540,1755,9.655533742E7,2030-01-01
I231741,1222,1.111926476E8,2030-01-01
I237217,-143,3888851.48,2025-09-15
I242675,-1712,2.2338995304E8,2025-10-29
I128529,-55,1252134.9,2025-09-10
I133168,703,6.579412252E7,
I136681,1914,2.0099964689E8,
I143095,-1858,1.955322355E7,2025-10-15
I150587,-1291,3.022379391E7,2025-10-01
I158255,499,4.555859024E7,
I178966,-586,3.962109174E7,2025-09-07
I182904,-176,1.8318162E7,2025-10-28
I184278,1374,8.93645044E7,
I185113,-1323,1.1339999813E8,2025-10-27
I188192,930,5.803687177E7,2030-01-01
I189025,1997,2.2732290305E8,2030-01-01
I189804,382,4.760245346E7,2030-01-01
I197074,1100,1.373432731E7,2030-01-01
I199545,-1621,2.0542763944E8,2030-01-01
I212987,928,1.1492662202E8,
I214381,447,6.49489046E7,
I222805,392,2.453622268E7,2030-01-01
I230065,-143,6551361.5,2025-09-04
I230536,1834,1.3833105435E8,
I232745,-1797,2.076288601E7,2025-10-04
I237131,352,4.36560144E7,2030-01-01
I237893,1580,1.1627857393E8,
I145995,-770,9.645040784E7,2025-10-11
I156356,446,4.568786788E7,
I162676,1112,1.268573735E8,
I166208,1195,1.3580049561E8,
I167229,-1906,8.371459124E7,2025-09-26
I167858,942,1.348088407E7,
I173766,-643,8.888194052E7,2025-10-22
I177580,-408,4.71262041E7,2025-09-18
I184099,-162,2.241275167E7,2025-09-20
I188325,1527,1.9738965592E8,2030-01-01
I194709,1538,1.2067058616E8,
I196288,-1081,1.6169020895E8,2025-09-13
I200550,521,5.122431515E7,
I202746,1216,1.2870895941E8,2030-01-01
I208256,-1261,1.1393009442E8,2025-09-15
I209217,1935,3.676183109E7,2030-01-01
I211698,676,2.493519952E7,
I220562,1074,4981278.39,2030-01-01
I223571,-221,7084298.56,2025-09-12
I230493,1792,2.6537801545E8,2030-01-01
I234881,-1344,1.8520440376E8,2025-10-22
I236337,1714,2.3911811739E8,2030-01-01
I241479,-1402,8.196417059E7,2025-10-19
I242543,-1865,3.174030323E7,2025-09-18
I243233,1225,1.3458407838E8,2030-01-01
I128785,849,2.700399268E7,2030-01-01
I130018,-377,8642982.16,2025-10-01
I133169,1256,5710615.01,2030-01-01
I132241,1956,1.6377197305E8,
I141348,1222,3.810116391E7,
I147815,-1648,1.763999097E7,2025-09-23
I157913,1389,6.926784925E7,
I159097,1107,9.755932496E7,2030-01-01
I163552,1371,1.156412478E7,
I164568,980,3.083539823E7,2030-01-01
I164776,-194,2.682634416E7,2025-10-16
I170784,1145,8.417619115E7,
I173731,-820,6.450067923E7,2025-10-10
I173817,1041,1.3091490006E8,
I173863,1520,1.7382850528E8,
I178532,92,1.075927223E7,
I179865,-1422,1.940654064E8,2025-09-05
I179919,-237,2.609991367E7,2025-09-09
I185648,1145,1.3379177886E8,
I193245,1682,1.9662305297E8,2030-01-01
I193903,382,2.697943489E7,2030-01-01
I196109,1526,3.5048269E7,2030-01-01
I199447,-1590,9.720570443E7,2025-09-26
I204289,1944,1.1364348676E8,2030-01-01
I205646,95,3019223.6,2030-01-01
I206178,1936,9.444506399E7,
I207816,745,3.436684823E7,2030-01-01
I209831,200,1.596579244E7,2030-01-01
I211614,1562,2.1573451702E8,2030-01-01
I218101,803,6.542841201E7,
I220618,354,4.263968517E7,2030-01-01
I223830,1497,7.849083416E7,2030-01-01
I223919,1983,2.852482693E7,2030-01-01
I225912,189,2.729326788E7,
I228229,-1500,1.5388942803E8,2025-10-16
I228305,1052,8.561911384E7,
I234607,335,9115897.54,2030-01-01
I237731,1427,5.395802118E7,
I132415,-753,8.912405812E7,2025-09-14
I141980,501,6.784512934E7,
I143359,343,2.239256558E7,
I145393,1063,3.087610613E7,
I150793,-628,5141089.47,2025-09-20
I155243,-1975,1.2342274135E8,2025-09-07
I156500,1260,2.327982058E7,
I156820,-1130,1.3984636184E8,2025-09-29
I158908,1691,1.7901505704E8,2030-01-01
I159544,214,3.025119099E7,2030-01-01
I162969,1600,7.85681237E7,
I165979,805,8.172201093E7,2030-01-01
I168840,1261,9.106529947E7,2030-01-01
I170061,71,7919798.79,2030-01-01
I171632,1413,1.1814311685E8,
I172487,-1481,2.1677761668E8,2025-09-07
I177826,1895,1.5733882366E8,
I177996,-1712,3.114826027E7,2025-10-28
I178769,733,3.701512393E7,
I180808,-1561,2.3206778845E8,2025-10-02
I182032,-1609,1.8616736938E8,2025-10-04
I182208,812,4.027050548E7,
I184809,1480,2.433058783E7,
I185619,-1710,5.781901905E7,2030-01-01
I193864,330,4.688758896E7,
I195737,1246,1.2091499636E8,
I197812,1743,2.1720225546E8,
I198938,431,1.92535482E7,
I204471,1505,1.979961834E7,
I207788,1355,1.5345271636E8,
I209685,-1563,1.0137512967E8,2025-10-07
I209755,-1908,2.5303347003E8,2025-09-27
I211572,1103,7.907673526E7,
I218828,935,2.670856419E7,
I219961,1517,3.430299996E7,
I223221,-1429,3.505048117E7,2025-09-02
I237836,1617,9505770.46,
I243601,-1005,1.4845940383E8,2025-09-22
I243663,1616,3.05824041E7,2030-01-01
I128930,-562,0.0,2025-09-28
I132919,231,2.724991615E7,2030-01-01
I134073,673,9374828.94,
I139144,336,1.308917114E7,
I142940,-1836,7.315256774E7,2025-09-15
I147517,314,1.388531468E7,2030-01-01
I147547,169,3965313.15,2030-01-01
I150673,1524,6.606305326E7,2030-01-01
I154704,837,2.365458059E7,2030-01-01
I155948,365,4.33178312E7,
I156139,1876,0.0,2030-01-01
I157284,-1883,7.562107646E7,2025-09-20
I161326,1543,6.150329299E7,2030-01-01
I166508,1945,1.1955606994E8,
I167181,1564,3.884330255E7,2030-01-01
I175163,1539,1.9813419572E8,2030-01-01
I179213,1882,6.949395896E7,
I180894,1290,9.845227021E7,2030-01-01
I182043,-1453,2546425.25,2025-10-08
I182998,463,1.80899198E7,2030-01-01
I195262,-1415,2.0751087979E8,2025-10-13
I198264,72,7839234.51,
I198869,831,1.1626251085E8,
I206430,1913,1.7411598864E8,
I208553,-1095,1.5132060374E8,2025-09-11
I210450,1009,1.3246050195E8,
I210911,90,7515198.51,2030-01-01
I211197,-1374,6.357261989E7,2025-09-22
I212664,1168,7.826312252E7,2030-01-01
I214902,398,2.967296251E7,
I215031,1330,5.095871217E7,2030-01-01
I216766,-1336,9.502234882E7,2025-10-26
I217585,-935,6.320394211E7,2025-09-28
I218408,-710,5.228457943E7,2025-10-17
I218889,-415,4052853.14,2025-09-28
I222729,947,1.3115886507E8,
I224657,1447,1.4436828136E8,2030-01-01
I227507,-1935,6.906119219E7,2025-09-13
I231054,-983,1.3040335087E8,2025-09-11
I237181,246,6201794.4,
I242505,1169,1.026687443E7,2030-01-01
I133857,-562,7.059100977E7,2025-10-09
I143812,-1157,7.850527231E7,2025-10-24
I153985,-579,3.890149122E7,2025-10-06
I156879,376,4.679086723E7,
I161045,465,2.077784292E7,
I164067,-1852,2.4834954008E8,2025-10-03
I166496,-344,8732243.01,2025-10-10
I169766,-1127,6.706875558E7,2025-09-11
I174247,635,5.373094336E7,
I175192,1491,1.997609092E8,
I176187,-1467,2.0048151437E8,2025-09-26
I179159,185,1.934518362E7,2030-01-01
I179333,-1186,5.48632692E7,2025-09-25
I188414,202,2.164414955E7,
I202399,-1067,1.2287098186E8,2025-09-20
I219628,902,6.740005202E7,2030-01-01
I224682,1900,5.732190887E7,
I227358,479,2.740244339E7,2030-01-01
I233080,241,3.345286388E7,
I235591,1910,2.810391576E7,
I237327,1293,1.0719091627E8,
I240663,763,6.688024014E7,2030-01-01
I244035,1100,4.146198873E7,2030-01-01
I248578,-641,4.280370712E7,2025-09-02
I248637,1990,6.614261361E7,2030-01-01
I251925,-1679,2.220439369E7,2025-09-26
I246369,653,2.499409739E7,
I246715,1442,1.7387723731E8,
I262892,1440,1.9654164232E8,2030-01-01
I266351,-416,3.919925649E7,2025-09-05
I271614,454,5.643374254E7,
I277906,-862,8.880868358E7,2025-10-20
I278918,163,1.893684446E7,2030-01-01
I280605,-1835,4.814367527E7,2025-10-20
I282291,1936,5.243620193E7,
I296687,151,1.184008795E7,
I300393,331,3007009.64,2030-01-01
I307987,-1102,9.005116026E7,2025-10-22
I308216,-213,5013499.51,2025-09-28
I309885,-1811,6.724329649E7,2025-09-18
I319477,1289,1.5670044725E8,2030-01-01
I319710,1356,1.9263841166E8,
I326897,-85,1.099922939E7,2025-10-25
I328635,-271,4.01156891E7,2025-10-11
I329644,1590,1.9946372556E8,2030-01-01
I329876,-817,8.465503313E7,2025-10-14
I331471,-667,9.160372064E7,2025-10-09
I333596,654,6.259728266E7,
I336373,1799,5.155497197E7,2030-01-01
I338704,1344,3075423.87,
I341071,-1010,1.2065444376E8,2025-10-31
I344879,-1962,4.56558888E7,2025-09-26
I344908,656,4.421700039E7,2030-01-01
I345139,-1694,1.7219713748E8,2025-10-26
I345504,317,7525165.49,
I350945,1501,2.1943113591E8,2030-01-01
I354582,-1242,1.218130907E7,2025-09-25
I357309,755,1.0256933633E8,
I357617,1228,8.931135663E7,2030-01-01
I358532,-1660,1.4734513534E8,2025-10-01
I247491,1792,1.5178660427E8,2030-01-01
I248016,-529,1.788719283E7,2025-09-01
I245022,1718,8.059403511E7,
I247673,1748,1.2220463008E8,
I258809,-1348,4.732957202E7,2025-09-21
I259670,1927,2.2940622085E8,2030-01-01
I263539,1415,1.34349448E7,2030-01-01
I265363,798,8.084951791E7,2030-01-01
I265409,1551,7.827842211E7,2030-01-01
I265730,1292,5.632595972E7,2030-01-01
I268047,-1976,1.6503944981E8,2025-09-11
I269666,1635,3473534.43,
I271230,-1968,1.2467022359E8,2025-10-12
I275513,1320,1.5926267467E8,2030-01-01
I275804,142,1.817139999E7,2030-01-01
I282344,-1987,2.0986103265E8,2025-10-13
I287393,906,4.564701485E7,
I293899,1427,4.109463655E7,2030-01-01
I294374,1456,4.632543375E7,
I313090,1359,1010340.87,
I314380,1652,1.3250451043E8,
I316876,1743,4.703193958E7,2030-01-01
I321612,1893,9386351.49,2030-01-01
I324838,647,4.747281687E7,2030-01-01
I324977,-1745,1.3636635483E8,2025-09-07
I328219,1977,4.409901818E7,
I331096,273,1.408794752E7,
I335810,-1622,1.4625609299E8,2025-09-30
I341125,1212,1.5440874497E8,
I352145,-1347,2.184405603E7,2025-10-18
I358232,1526,8.317916575E7,
I244080,1209,1.037049759E7,2030-01-01
I247590,383,4.975318117E7,
I258910,1819,5.117841542E7,
I264234,1566,8.886078418E7,
I266289,725,3.886292001E7,
I273894,-1277,1.181660263E7,2025-09-03
I275620,123,1.497504503E7,2030-01-01
I279664,-664,8.166712049E7,2025-09-24
I281571,707,4.130178329E7,2030-01-01
I286297,-540,2.582963188E7,2025-09-14
I288167,-1009,9.375191294E7,2025-09-26
I288686,-589,4.168579464E7,2025-10-26
I289123,1381,1.6699867906E8,2030-01-01
I301168,815,7.129670759E7,
I301696,1507,1.4091178272E8,
I301850,1048,2.510987206E7,2030-01-01
I312983,1166,4.830961764E7,
I313509,985,0.0,2030-01-01
I318491,1551,3341205.79,
I322962,565,4.332465736E7,
I324718,245,3.331837634E7,2030-01-01
I325529,-1220,7.292407088E7,2025-10-13
I327697,-865,5.673709288E7,2025-09-11
I332321,-1841,0.0,2025-10-30
I334838,1100,0.0,2030-01-01
I336149,1241,4.010754672E7,2030-01-01
I336692,332,5384171.07,
I337053,1669,1.8517149955E8,
I338766,-880,5279486.37,2030-01-01
I340891,818,5.747629901E7,
I347930,1628,2.0073430075E8,2030-01-01
I349627,166,1.926568576E7,
I351387,1728,2.0439113541E8,
I352007,-545,5.804366972E7,2025-09-17
I356317,-1487,4.036962093E7,2025-10-06
I245002,-602,6.864622648E7,2030-01-01
I250136,691,4.916233438E7,2030-01-01
I250873,571,6959007.28,2030-01-01
I253416,507,6.283699013E7,2030-01-01
I246293,1719,7.108071536E7,
I253590,1266,1509302.38,
I258753,1156,1.4819485759E8,
I267103,1304,3.914483004E7,2030-01-01
I268504,-1968,5.172366891E7,2025-10-20
I282082,1368,1.7697363713E8,
I284045,1145,1.5884165086E8,2030-01-01
I286048,1253,1.1019464346E8,
I291802,-1549,1.4780219924E8,2025-09-09
I295159,-1495,4.221855416E7,2025-09-24
I298376,1348,7.296206227E7,2030-01-01
I303961,-752,6.974051359E7,2025-09-04
I309362,255,1.92623402E7,
I309840,119,2161854.57,
I315176,1600,5.915860176E7,2030-01-01
I315942,686,6.002652841E7,2030-01-01
I318287,1699,2.3649823372E8,
I318361,804,9.803039599E7,
I328606,1398,1.121560971E8,2030-01-01
I332353,973,6.704490753E7,2030-01-01
I344246,-594,7.055030162E7,2025-09-27
I344270,248,4473521.07,
I352008,1087,1.4229392992E8,2030-01-01
I354525,-835,1.0553130966E8,2025-10-06
I354805,-485,2.683074562E7,2025-09-26
I358650,-268,670810.01,2025-09-08
I251550,-1281,7518316.05,2025-09-18
I255118,1556,1.3730663383E8,2030-01-01
I257352,1609,2.0307367499E8,2030-01-01
I257556,1190,1.1502161681E8,2030-01-01
I263101,1653,4.264879468E7,2030-01-01
I271255,1394,2.0685947804E8,2030-01-01
I271360,1987,1.589795621E7,2030-01-01
I271852,1476,3.719808919E7,
I281542,53,4787520.3,
I284935,1928,1.6274448577E8,2030-01-01
I285067,1500,1.1967475306E8,
I285438,-644,8557124.88,
I289139,-1267,1.4584139609E8,2025-10-01
I290403,1913,2.845789119E7,2030-01-01
I290869,-911,4.037426365E7,2025-10-24
I291799,660,5.299646452E7,
I296854,79,4030890.4,
I298653,-1246,1.036002756E7,2025-09-15
I305379,203,2.660131199E7,
I305659,980,5.52458698E7,
I312817,279,3.460050126E7,
I313516,377,3.604680024E7,2030-01-01
I317500,1960,1.0226376744E8,
I317620,-633,5167158.24,2025-10-26
I321048,1177,5.371734093E7,
I321576,352,3.199049981E7,
I326853,1813,1.4509278484E8,2030-01-01
I327153,1726,2.126371997E7,2030-01-01
I328365,779,8.208499341E7,2030-01-01
I342061,590,2426599.83,2030-01-01
I342914,1112,1.28091413E7,2030-01-01
I345483,1736,1.0573220832E8,2030-01-01
I353785,-849,1.0577433261E8,2025-09-17
I359328,551,8.22105141E7,2030-01-01
I244230,1760,1.4434354093E8,2030-01-01
I248079,-154,6432383.17,2025-09-18
I251029,1416,1.7473955699E8,
I257510,-1959,1.0830799573E8,2025-09-05
I264810,482,2.622356001E7,2030-01-01
I270486,958,6.871266244E7,
I273342,973,1.710649402E7,2030-01-01
I276122,391,4.024530443E7,
I281703,410,5.62671094E7,
I291502,52,3415484.11,
I293046,-928,7.807479543E7,2025-09-23
I294379,1809,1.0998215373E8,
I296951,473,4.483420698E7,2030-01-01
I303610,105,2713720.55,
I307926,1385,6.34503253E7,
I311187,1196,8.040505586E7,
I312136,1718,1.3314096081E8,
I318461,100,1.038352421E7,
I318862,-1409,9.964641681E7,2025-09-03
I321438,1103,1.134930248E8,2030-01-01
I322013,286,2.716151342E7,
I324703,618,1.067323632E7,
I326156,1637,1.5595754591E8,2030-01-01
I328423,294,3.790595779E7,
I329482,-1833,0.0,2025-09-21
I330567,-357,2.227911133E7,2025-09-14
I333955,-1709,1.312428754E7,2025-09-04
I338495,1740,1.5824218423E8,
I338863,1544,1.49081282E8,
I342886,401,2.456461262E7,2030-01-01
I344882,-735,3199999.29,2025-09-08
I354579,965,1.2413979487E8,
I354987,-1065,1.243065857E7,2025-09-30
I355178,-1688,1.262645332E8,2025-09-10
I357204,1143,3600032.37,2030-01-01
I248896,1332,1.0804780307E8,2030-01-01
I254812,1734,1.284146843E7,2030-01-01
I257000,-460,5.510520104E7,2025-09-03
I261106,708,4.080013474E7,2030-01-01
I262279,95,1465496.88,
I268572,726,0.0,
I283049,-800,1.053029833E7,2025-10-31
I292843,-694,6.790020615E7,
I297335,1979,0.0,
I304750,1584,1.122571732E8,2030-01-01
I305690,1185,1.4857935769E8,
I306577,1457,1.220906419E8,
I313147,1214,4.302497313E7,2030-01-01
I315443,-1842,2.2556261499E8,2025-09-21
I321975,-1087,5.76201437E7,2025-10-29
I325876,-708,8.728327659E7,2025-09-28
I328687,209,2.882767722E7,2030-01-01
I331741,766,4.523171667E7,2030-01-01
I331891,350,3.818149931E7,2030-01-01
I337772,-912,2.260657901E7,2025-09-14
I340363,278,4.140067981E7,2030-01-01
I342060,1088,3.520217773E7,
I342872,-1070,8.090854628E7,2025-09-01
I346606,-501,7.029056683E7,2025-10-09
I354267,1427,6.92963642E7,
I358571,1978,7.598322983E7,
I248116,-657,7.547198347E7,2025-10-12
I248172,-1512,1.0860127347E8,2025-09-14
I252344,995,8.155286389E7,2030-01-01
I254435,871,9829842.6,2030-01-01
I255369,-1408,7.789067943E7,2025-10-06
I260015,634,5.708366324E7,2030-01-01
I261672,-444,6.08625828E7,2025-10-11
I263727,242,2.302156307E7,
I265861,-130,1.322321187E7,2025-09-04
I271094,1646,2.268331586E8,2030-01-01
I280024,1110,1436653.81,2030-01-01
I284957,775,1.54487729E7,
I291342,510,1.558135088E7,2030-01-01
I292486,691,5050644.67,2030-01-01
I292666,-151,1.4776075E7,2025-10-01
I296576,497,7.006351355E7,
I300065,-1441,6.739799429E7,2025-10-01
I300212,1321,1.311957186E8,
I303352,-1961,1.434054072E7,2025-09-13
I305691,-1566,2.2362663735E8,2025-09-14
I312385,999,2.554569E7,
I315001,1836,2.0288340171E8,
I316243,-489,3.483139877E7,2025-09-20
I317336,-384,2.215769704E7,2025-09-30
I319450,-1986,2.0104142492E8,2025-10-29
I319866,1911,3.301654798E7,
I325764,-664,6.805867499E7,2025-10-14
I328658,1386,1.8566242699E8,
I330723,-958,1.0693251682E8,2025-10-22
I333500,-1785,1.0649854398E8,2025-09-25
I338131,1551,1.1323411339E8,2030-01-01
I348191,1112,1710322.1,
I348753,-1715,6.370273666E7,2025-09-18
I352873,160,1.115705673E7,2030-01-01
I353883,1285,9.247724881E7,2030-01-01
I358429,1978,1.6437097001E8,2030-01-01
I358939,1399,1.6550111013E8,2030-01-01
I244381,131,1.1167771E7,2030-01-01
I247758,84,2887352.0,2030-01-01
I249795,382,6592205.06,2030-01-01
I251630,-1940,8.09183122E7,2025-09-13
I253967,-1487,3.624902267E7,2025-10-16
I254777,432,2.241515091E7,2030-01-01
I258733,742,6.563868582E7,
I259139,1927,2.275478368E8,2030-01-01
I262150,1366,2.0463260187E8,
I277223,-1963,2.8109775394E8,2025-10-14
I277344,1095,1.2936038865E8,
I282346,84,5844950.75,
I287651,213,1.887475776E7,2030-01-01
I294929,-480,5.804153505E7,2025-09-25
I296570,650,8.157504798E7,
I302659,767,6894110.55,
I303746,1743,4.791091384E7,
I307399,456,3.859688683E7,2030-01-01
I312163,-164,3413002.99,2025-10-31
I321664,232,2.008698637E7,2030-01-01
I325470,-1362,7.52623957E7,2025-10-22
I329175,1063,1.241784499E8,
I339250,808,7.742458878E7,2030-01-01
I340634,1863,5.457997053E7,
I344373,547,3.213007917E7,2030-01-01
I346615,118,2839006.38,2030-01-01
I347859,1253,1.424563442E8,
I350593,-670,3.648115473E7,2025-10-23
I351748,381,2952190.44,2030-01-01
I351971,-1082,1.0332173252E8,2025-09-13
I354653,-281,9388614.44,2025-09-24
I355197,1414,8.722059592E7,
I357885,813,6.718375477E7,
I244218,85,1.03439487E7,2030-01-01
I248638,261,2.752419766E7,2030-01-01
I259093,-389,3.590732166E7,2025-09-29
I262377,142,2.041120164E7,2030-01-01
I263571,1707,1.9362244798E8,
I264395,-753,0.0,2025-10-07
I264506,-205,2.645813149E7,2025-10-09
I265863,-1696,3.337113888E7,2025-09-11
I277748,-1251,5.154799188E7,2025-09-15
I278157,1782,1.5528369286E8,
I283555,1734,2.2678823178E8,2030-01-01
I286164,1668,2.3508783344E8,
I308109,-1418,1.8210511496E8,2025-09-20
I308131,263,3.935848951E7,2030-01-01
I311151,450,3.459311745E7,
I316202,1538,5.975939761E7,2030-01-01
I319266,1815,2.1778434473E8,
I326200,413,3.445716132E7,
I326807,224,1.210207209E7,
I326895,-314,3.688180776E7,2025-10-08
I327932,807,1.1439952933E8,2030-01-01
I329442,89,4103908.52,2030-01-01
I331421,-884,1.684864167E7,2030-01-01
I331509,595,5.333865569E7,2030-01-01
I333373,1944,2.0188702027E8,
I336699,1338,1.6407783546E8,2030-01-01
I339831,1395,1.4219822175E8,
I340177,557,7.042338409E7,
I340999,-1283,1.4741686307E8,2025-09-01
I342185,658,4.272181538E7,2030-01-01
I343180,1824,2.349476525E8,
I345007,1980,1.2481471192E8,
I346344,1073,0.0,2030-01-01
I347442,-1311,1.5469832547E8,2025-10-05
I348769,385,562150.16,
I354158,1498,1.1142565357E8,
I354998,1824,2.0840010596E8,2030-01-01
I355246,-1085,1.5337861476E8,2025-10-26
I355408,1965,1.567947263E7,2030-01-01
I247800,828,6.459907224E7,2030-01-01
I251213,1351,6.553219763E7,2030-01-01
I250468,1843,1.365167416E7,
I250978,1699,2614991.89,
I254923,1431,3.973460414E7,
I255843,578,1.039956616E7,
I261694,877,5.859347715E7,
I263712,1070,1.322139026E8,
I264288,1752,2.236376425E8,
I271709,1725,1.7239832299E8,
I274210,841,1.2184152815E8,2030-01-01
I278586,-1438,1.0477370647E8,2025-09-19
I285339,-1730,2.1431145458E8,2025-10-18
I288065,1566,6696424.34,2030-01-01
I288326,1039,9.826133999E7,
I289457,987,1.0848773804E8,
I301833,1730,9.797973375E7,
I303602,56,8381628.58,2030-01-01
I303729,1550,1.881441699E7,
I305089,990,1.0153316228E8,2030-01-01
I314338,1842,1.6455891331E8,2030-01-01
I315259,839,7.127743833E7,
I316256,-302,1.84061777E7,2030-01-01
I321599,1449,1.3459208519E8,2030-01-01
I323010,1947,1.1981494122E8,2030-01-01
I324373,-260,1.737314887E7,2025-10-22
I325171,-1797,1.3967835428E8,2025-09-29
I326815,557,1.941119197E7,
I332051,-744,1981877.15,2025-10-12
I332993,968,5.10957472E7,2030-01-01
I333119,508,7446162.85,2030-01-01
I339252,215,1.756369383E7,2030-01-01
I342160,289,1.818224226E7,
I351508,240,3.244502982E7,2030-01-01
I358574,1774,7.414695133E7,2030-01-01
I246592,-946,1.418731878E8,2025-09-07
I252894,-573,4.822639817E7,2025-09-03
I246192,1165,1.4736214734E8,
I258227,1796,9.049438351E7,2030-01-01
I265876,1581,1.7793694893E8,2030-01-01
I267491,386,1.993900586E7,
I278868,1685,4.189395587E7,2030-01-01
I280415,-831,6.467269315E7,2025-09-21
I282534,205,2.599668936E7,2030-01-01
I285625,53,7780699.98,
I286481,1315,4.809632372E7,
I289755,-1227,6.34066814E7,2025-09-05
I293827,1105,1.1566951912E8,
I294176,1204,2.306433984E7,2030-01-01
I299081,724,2.870057458E7,
I303060,1063,5.008329728E7,2030-01-01
I304665,601,8.741610299E7,
I318672,1455,2.122751537E8,2030-01-01
I320113,341,4.198082037E7,2030-01-01
I325586,568,5.329158486E7,2030-01-01
I326924,1446,1.788190507E8,
I328483,-172,2.569791908E7,2025-09-16
I329881,1633,1.550026296E8,
I335287,-508,1.965401291E7,2025-10-28
I336067,-516,7.70470565E7,2025-09-19
I341154,58,5756387.07,2030-01-01
I342935,585,2.112514544E7,2030-01-01
I343047,1844,9.809119309E7,2030-01-01
I343992,330,4683142.29,
I347051,622,4854368.58,2030-01-01
I351881,1686,1.8066072725E8,2030-01-01
I358137,-1660,2.1727569235E8,
I358301,-331,6848225.46,2025-09-19
I360728,538,6.917206681E7,2030-01-01
I361144,-589,0.0,2025-10-27
I367813,-1065,1.3228083521E8,2025-10-18
I362659,1155,1.952750649E7,
I372388,604,6.850856804E7,
I372779,1804,1.921170928E8,2030-01-01
I373548,-469,6.141259903E7,2025-10-10
I375157,715,2.751015428E7,
I377912,-733,6.712083246E7,2025-10-29
I380421,-688,3.29425938E7,2025-10-13
I384831,899,8974284.02,
I385652,1671,1.9102265101E8,2030-01-01
I385777,-403,1252768.88,2025-10-27
I388418,1600,6.361694764E7,
I392441,99,8664451.37,
I394374,-1553,7.996661338E7,2025-09-12
I397707,1052,693954.27,
I402393,1125,8.112930652E7,2030-01-01
I402679,-100,1.423145946E7,2025-09-03
I407343,-1617,5.592042943E7,2025-09-24
I408575,211,2102478.03,2030-01-01
I409530,-1995,1.1252539752E8,2025-10-24
I413163,1664,1.785446221E7,2030-01-01
I415737,-1366,1.2492848581E8,2025-09-18
I420368,914,3.137116372E7,
I427994,1730,5.862714471E7,
I428924,1836,1.0064214522E8,
I431786,1226,1.3327361555E8,2030-01-01
I452711,788,7.395521949E7,
I456642,353,3.904287388E7,2030-01-01
I459591,468,1.334750178E7,
I462774,-482,3.490674382E7,2025-10-02
I466945,1654,7.925417974E7,
I473068,383,1.875434904E7,2030-01-01
I361534,1451,1.627940841E7,2030-01-01
I361627,-1965,1.0031260866E8,2025-10-12
I362609,-746,1.0540943401E8,2025-09-05
I367344,-1301,3.699270015E7,2025-10-01
I365888,357,4.930711528E7,
I374117,-1488,1.4350702262E8,2025-10-16
I374697,213,4775980.12,
I375436,1330,1.6045764064E8,
I381139,-524,4.987478349E7,2025-10-29
I383543,506,1.987236143E7,
I385201,533,5.258051752E7,2030-01-01
I391665,979,3.050985271E7,2030-01-01
I406811,255,3.531998145E7,
I410924,-276,1.099945384E7,2025-10-05
I412282,-236,2.626135792E7,2025-10-12
I415574,-458,4.495578204E7,2025-09-18
I416048,264,9977963.96,2030-01-01
I416622,-297,3.814032688E7,2025-10-30
I418525,1828,1.7192610452E8,2030-01-01
I421340,395,3.052119466E7,
I422630,196,1.891525765E7,
I424921,-420,5.558346775E7,2025-09-23
I426075,-117,1.47023893E7,2025-10-28
I428797,1856,1.1777007056E8,
I429293,1234,1.2638019495E8,2030-01-01
I434678,883,0.0,2030-01-01
I435664,1002,6.125415138E7,
I439236,1442,5.066118138E7,
I439466,457,6.645967479E7,
I445038,693,6.99862952E7,2030-01-01
I455412,712,6.008520965E7,
I458296,1562,0.0,2030-01-01
I460694,1012,5.468831096E7,2030-01-01
I460730,142,7482378.03,2030-01-01
I460988,65,4916705.3,
I464220,389,2.004167916E7,
I465534,-492,5.490916402E7,2025-09-23
I467353,258,2.381229821E7,2030-01-01
I468487,111,1.270418708E7,
I469522,294,1.011488744E7,2030-01-01
I471419,-152,1.378362195E7,2025-10-15
I359935,644,8.742948345E7,2030-01-01
I371883,1618,8.415393568E7,2030-01-01
I372526,1689,1.3759757723E8,2030-01-01
I373930,1183,0.0,2030-01-01
I382276,1267,4.221203482E7,
I384622,1933,2.0774963094E8,2030-01-01
I384989,750,5.088230843E7,2030-01-01
I386061,142,1.199446301E7,
I386368,698,5.430959511E7,
I399638,1595,5.450767767E7,2030-01-01
I414311,1370,1.586770057E8,
I415975,389,2.101046787E7,2030-01-01
I418298,-1276,1.7110822269E8,2025-10-20
I420537,-617,6.86927469E7,2025-10-07
I423144,456,5.085595322E7,2030-01-01
I423553,-157,1.398120171E7,2025-10-23
I423844,-545,2.144791772E7,2025-09-11
I425250,114,1.140779099E7,2030-01-01
I426733,419,3.107755074E7,2030-01-01
I428834,-988,1.1776995968E8,2025-09-06
I429906,256,6328091.49,2030-01-01
I433636,957,5.957183557E7,
I440792,-1601,1.7115222949E8,2025-10-19
I452533,-1532,1.6410242523E8,2025-10-27
I455289,1252,2.334756882E7,
I459629,605,391758.23,2030-01-01
I461920,349,1.466313105E7,
I463276,954,9435119.36,2030-01-01
I470028,1093,5.497898053E7,2030-01-01
I470960,1332,5.938886342E7,2030-01-01
I473907,-156,1.936452392E7,2025-10-19
I474987,982,1.1126452097E8,
I369960,491,6.274778273E7,2030-01-01
I371138,-1868,5.793368929E7,2025-10-09
I367453,1839,1.4073533274E8,
I373918,-850,4.043955325E7,
I375300,777,1.0155325565E8,2030-01-01
I379213,-948,2.602547077E7,2025-09-17
I380335,1232,1.4661272528E8,2030-01-01
I385025,805,3.441964305E7,2030-01-01
I389714,1091,2.825576543E7,2030-01-01
I391387,1915,1.512349672E8,
I398029,1386,1.1603237977E8,2030-01-01
I402715,493,5.025897271E7,
I405430,1912,2.835387245E8,2030-01-01
I405876,1801,1.55471329E7,2030-01-01
I417878,961,9.277984032E7,
I418183,836,7.99985511E7,2030-01-01
I422175,-1877,2.6372322263E8,2025-10-19
I427753,-878,1.2142709139E8,2025-10-18
I428603,-811,4.554957841E7,2025-09-28
I432969,-395,3.17232308E7,2025-10-02
I435056,-397,2.257693047E7,2025-10-26
I436686,1890,7.239759183E7,
I437952,-998,1.228007005E7,2025-10-28
I444035,1550,5.726237434E7,2030-01-01
I445043,811,9.619948829E7,2030-01-01
I448387,266,1.390853077E7,2030-01-01
I450604,590,4.447365871E7,2030-01-01
I451779,684,1.483108229E7,2030-01-01
I456460,83,1.022699215E7,2030-01-01
I459745,-130,1.669189376E7,2025-09-10
I462293,-488,1.059406183E7,2025-09-16
I464494,-941,2.912528746E7,2025-10-01
I466846,1463,3.844750894E7,
I467407,-739,2.684585159E7,2025-10-15
I470170,1747,1.7657698619E8,2030-01-01
I471037,459,550627.64,2030-01-01
I471696,-644,4.207160778E7,2025-09-21
I472903,443,4.844134245E7,2030-01-01
I365617,-1399,1.1234842048E8,2025-10-16
I366735,1961,5.741329059E7,2030-01-01
I370488,1804,2.3894596248E8,2030-01-01
I375906,1286,9.071672847E7,2030-01-01
I378130,265,3.473103609E7,
I379443,340,1.901792083E7,
I383289,-92,1.146892099E7,2025-10-08
I384338,-1072,1.0620642665E8,2025-10-13
I384713,-625,8.153506235E7,2025-09-08
I385612,1242,7.560210823E7,
I388035,163,1.523398659E7,
I388691,-628,1.755480306E7,2025-10-10
I390861,-826,8.794342431E7,2025-10-28
I403915,-502,2.571356274E7,2025-09-23
I407252,785,1.1097207452E8,2030-01-01
I419947,1213,1.4526495607E8,
I426628,518,5.00712093E7,
I433360,-1998,1.5346880897E8,2025-10-08
I435423,1443,1.4993982682E8,2030-01-01
I436254,-1834,1.2864275209E8,2025-10-05
I438756,-1727,6.213523177E7,2025-09-06
I443866,1220,1.0824343932E8,2030-01-01
I446142,839,3.272328499E7,2030-01-01
I449939,-1533,8.231398916E7,2025-09-05
I456033,1355,1.7727242679E8,
I456257,-155,1.269959862E7,2025-09-08
I457719,741,2.930380694E7,2030-01-01
I461130,-1904,2.8016253018E8,2025-09-09
I462753,1412,1.1234873717E8,2030-01-01
I463536,-1784,2.093839623E8,2025-09-09
I464011,1295,8.977386998E7,
I468507,1607,5.101662114E7,2030-01-01
I471882,665,4.110073178E7,
I475470,-965,1.967790684E7,2025-09-13
I366621,-243,3.222031169E7,2025-09-01
I369672,-1531,1.5244044915E8,2025-10-31
I360713,910,2.38498569E7,
I366835,1297,1.812579611E7,
I377564,-1031,5.992139189E7,2025-09-04
I380962,-665,6.635981382E7,2025-09-07
I390779,1850,2.362385815E8,
I396492,488,1.91115431E7,
I397190,179,2.530484263E7,
I400736,1698,2.0458392923E8,2030-01-01
I404224,399,3680806.35,2030-01-01
I407721,1653,2.189814455E8,
I408667,1628,2.273814083E8,
I411644,-1547,4.823003064E7,2025-10-04
I413273,661,6.417627268E7,2030-01-01
I413673,-319,2.168068099E7,2025-10-19
I415519,678,2.352007527E7,2030-01-01
I419169,1180,1.7673289626E8,2030-01-01
I420655,925,1.0605034786E8,2030-01-01
I421283,725,2.990002373E7,2030-01-01
I422991,1925,3.960497221E7,2030-01-01
I429338,-794,9.719388788E7,2025-09-09
I430438,-1704,2.717951071E7,2025-10-02
I431932,-881,4.582639598E7,2025-09-18
I432971,195,1.107220785E7,
I436941,1556,1.9089480584E8,2030-01-01
I439122,1773,2.4244083451E8,
I440932,-1792,5164579.07,2025-10-23
I443919,1799,2.3066350154E8,
I443978,1780,1.7748344599E8,2030-01-01
I450603,199,2.666243568E7,
I450809,-584,0.0,2025-10-24
I462748,-905,0.0,2025-10-19
I468291,1379,1.821898268E7,2030-01-01
I470745,779,0.0,
I368356,1882,5.37218791E7,2030-01-01
I370296,1738,3.138201348E7,2030-01-01
I362907,1358,1.7533473663E8,
I369931,1430,3.439995824E7,
I370620,72,4942899.99,
I373283,-448,6036212.7,2025-10-30
I379038,474,4.199645279E7,
I382409,722,3.227227117E7,
I384149,587,1.833750991E7,2030-01-01
I385263,1416,1.953382309E7,
I389232,363,8940942.18,2030-01-01
I394668,-1686,1.8332148533E8,2025-09-30
I400847,69,4673947.35,2030-01-01
I407992,1225,1.2689352685E8,2030-01-01
I408818,-1898,2.6159411227E8,2025-09-20
I408867,851,1.442076938E7,
I411515,-291,1.879679354E7,2025-10-11
I412763,1468,9.477618645E7,
I413307,238,9559482.21,
I415481,-740,9.922223076E7,2025-10-06
I423732,-424,5.132890129E7,2025-09-09
I425527,755,9.599801929E7,2030-01-01
I436189,-1202,1.265984166E8,2025-09-25
I437156,1488,4.808529575E7,2030-01-01
I437257,1327,1.1923410102E8,2030-01-01
I441867,-238,2.435361949E7,2025-10-03
I450341,-1287,1.944839886E7,2025-09-29
I453734,-1011,5.074588043E7,2025-10-19
I453753,-1429,1.8019533428E8,2025-10-23
I457021,1570,1.5746117378E8,2030-01-01
I461055,1760,5.74377668E7,
I461942,-1128,8025099.39,2025-10-20
I462260,-1665,1.0356421404E8,2025-09-11
I462849,-435,3.573512241E7,2025-09-24
I465204,1287,1.2655749828E8,2030-01-01
I465214,-1814,1.6372657284E8,2025-09-10
I466912,1627,1.45285067E8,
I467728,1700,2.44235636E8,2030-01-01
I471075,-1069,6912833.88,2025-09-27
I471748,-779,6.189128907E7,2025-09-29
I474021,1389,2.0659082133E8,2030-01-01
I365431,1171,3.604561444E7,
I373730,394,7098406.35,2030-01-01
I375435,779,6.512695074E7,
I376980,1994,6.223847748E7,
I378610,1350,1.8950249192E8,
I379052,261,7692617.07,2030-01-01
I379853,463,5.669215353E7,2030-01-01
I381177,1971,2.3387112773E8,2030-01-01
I383399,655,5.52326597E7,2030-01-01
I388249,433,3.511077958E7,2030-01-01
I389633,-204,2.315360925E7,2025-10-18
I396860,358,3.806872921E7,2030-01-01
I399187,-933,1.3992261885E8,2025-10-20
I399504,529,1.291736376E7,
I407633,1220,0.0,
I413681,221,1.287693006E7,2030-01-01
I418405,-468,2.367657601E7,2025-09-04
I427330,-408,1.571903608E7,2025-10-01
I429989,556,4.131318451E7,2030-01-01
I431330,60,699544.87,2030-01-01
I431349,1757,1.4077887082E8,2030-01-01
I432098,1484,1.5095327198E8,
I433768,-253,4245315.19,2025-10-31
I437106,1560,1.0785895878E8,
I438143,1582,2.0259770679E8,
I439769,1188,3.157316424E7,2030-01-01
I442197,1298,8.84531365E7,
I443960,-214,1.870538987E7,2025-10-28
I443968,1213,4.477316547E7,2030-01-01
I450804,1397,1.4783890338E8,
I450887,1396,2917404.44,
I454689,1904,1.5604962398E8,2030-01-01
I455096,1868,0.0,2030-01-01
I455538,-1048,3.345563938E7,2030-01-01
I458807,-1107,2.679329753E7,2025-10-25
I468166,-1130,8.973786504E7,2025-09-17
I472808,-1106,5.231564521E7,2025-10-01
I473327,1585,1.2073990258E8,
I360870,1999,2.0990456356E8,2030-01-01
I362038,975,1.3178752774E8,2030-01-01
I363943,1896,1.704055253E7,2030-01-01
I367394,1993,8.616243831E7,
I370608,1968,1.0482503651E8,
I372922,-1825,1.3174515954E8,2025-09-13
I382801,471,3.802167442E7,2030-01-01
I384571,-175,514089.2,2025-09-17
I388563,1964,2.1552547932E8,
I399841,353,4.222044775E7,2030-01-01
I404375,849,6.68210172E7,
I409614,110,1.084879757E7,2030-01-01
I410555,703,8.601172584E7,
I413345,109,2547551.19,
I418920,-1379,2.398264934E7,2025-09-28
I428787,222,1.170846409E7,
I430987,1183,9862527.95,2030-01-01
I435922,86,3130416.7,2030-01-01
I439511,1420,1.8317749799E8,2030-01-01
I441049,1926,2.2395620407E8,2030-01-01
I443010,1425,4.455494198E7,
I452306,880,9.576239793E7,
I456735,199,1.622565055E7,2030-01-01
I457599,-1536,1.7516564765E8,2030-01-01
I458463,1828,9881824.63,2030-01-01
I461488,-332,5301206.56,2025-10-13
I463597,516,816915.31,
I463747,-320,2533026.15,2025-10-24
I469006,-595,6.194502259E7,2025-09-25
I469342,1502,7.660052203E7,
I469700,1729,1.131465819E8,2030-01-01
I472623,-1599,4364166.21,2025-09-13
I475124,1523,7.419749624E7,2030-01-01
I362637,1448,2.1004821793E8,2030-01-01
I368374,-832,7.61969109E7,2025-09-07
I369973,-1747,9.784794866E7,2025-09-21
I361077,503,6.417897504E7,
I368780,549,3.649707308E7,
I372142,1491,4.015803084E7,
I378914,1062,1.5399516616E8,2030-01-01
I385993,-793,5.069154671E7,2025-09-04
I387612,492,6.545365318E7,2030-01-01
I388770,1797,2.0597409926E8,2030-01-01
I394334,-389,2.845861886E7,2025-10-09
I394357,-1777,1.6005923093E8,2025-10-09
I402929,1959,9.613113633E7,
I409077,458,4.830960655E7,
I409315,-475,1.029355678E7,2025-09-07
I411698,-445,4698911.32,2025-09-05
I414498,1023,1.149797031E7,
I414818,1210,1.7295196516E8,
I425528,213,2293529.67,2030-01-01
I430483,1188,2850040.27,
I433427,1179,3.162202904E7,2030-01-01
I441145,1898,2.2047114366E8,2030-01-01
I458876,1423,1.7350420895E8,
I466087,-1155,5.358186306E7,2025-10-17
I469963,1620,1.3301648346E8,2030-01-01
I472170,1816,7.373641766E7,
I472905,803,1.163261528E7,2030-01-01
I362983,-572,5.908029717E7,2025-10-26
I364235,1372,1.8062516234E8,2030-01-01
I370262,1608,1.4652401454E8,2030-01-01
I362510,952,9.239371806E7,
I374173,-1628,1.6212154675E8,2025-09-28
I377372,1417,5.78391769E7,
I379606,1318,1.075413345E7,
I379675,534,1830493.35,
I393990,1930,1.0943082099E8,
I395169,78,1114155.77,2030-01-01
I400446,-836,1.0819200077E8,2025-09-06
I402109,-1801,2.417009875E8,2025-09-28
I406069,1074,1.5096096115E8,
I411246,-1966,2.1335125755E8,2025-10-21
I415634,-1608,3.617185072E7,2025-09-21
I418433,-1807,2.4028597532E8,2025-10-21
I423910,1311,1.045698768E7,2030-01-01
I424582,232,2295276.61,
I426575,337,1.407625455E7,2030-01-01
I429003,1476,1.758386068E8,2030-01-01
I431865,1640,1.2245870993E8,
I435774,1491,1.3559213368E8,
I441866,1906,1.768974546E7,2030-01-01
I446572,-175,2.376572384E7,2025-09-29
I446713,-1459,1.0980492601E8,2025-09-25
I452989,519,8614734.46,
I453194,568,2.405224427E7,2030-01-01
I454232,1400,1.0051244779E8,2030-01-01
I457062,158,1.044490594E7,
I459685,-1632,1.3403050012E8,2025-09-07
I460670,-1555,8.683406202E7,2025-10-11
I462910,-399,4.956156142E7,2025-09-12
I464713,154,3906215.3,2030-01-01
I471245,873,9.235618165E7,
I472211,-1598,2.0891928032E8,2025-09-16
I474841,957,1.2182851926E8,2030-01-01
I368327,421,2.305967476E7,2030-01-01
I372379,820,0.0,2030-01-01
I376748,820,4.679128797E7,
I377184,818,4.505477979E7,2030-01-01
I379306,326,4.798297517E7,2030-01-01
I381233,268,3014211.77,
I391517,1897,1.9458901383E8,2030-01-01
I392201,1199,1.1681519508E8,2030-01-01
I397825,207,2.523314064E7,
I400653,1214,1.4535590583E8,2030-01-01
I401743,1326,1.8642656656E8,
I406964,-811,2.848848469E7,2025-10-05
I417981,958,9.281886949E7,2030-01-01
I421139,1542,1.4392909469E8,2030-01-01
I426294,-428,3.687047285E7,2025-09-11
I428768,870,1.1170627642E8,
I429794,1228,2.460797615E7,
I432481,-88,1.218077485E7,2025-10-17
I434955,-1501,8.465500752E7,2025-10-17
I442146,-1328,1.9091443816E8,2025-09-29
I446220,609,7.511939029E7,
I459450,1446,1.3956259913E8,2030-01-01
I460518,1631,1.3562753448E8,2030-01-01
I461343,-1401,9.21730794E7,2025-09-26
I462481,-569,950016.33,2025-10-04
I462693,1255,1.5090294441E8,2030-01-01
I463592,195,2.83400599E7,
I464415,1081,5450910.18,2030-01-01
I468938,334,1.052036278E7,2030-01-01
I478922,413,4.585361192E7,2030-01-01
I480775,1541,2.627691017E7,2030-01-01
I483406,-371,2.720475531E7,2025-10-28
I488007,-1109,1.0553929162E8,2025-09-05
I486076,1644,1.9443933247E8,
I490936,898,8.062387232E7,2030-01-01
I490937,270,1.695387665E7,
I491323,-297,5034018.26,2025-09-09
I495106,-1669,1.1500820464E8,2025-09-04
I497595,618,6.693624444E7,
I499297,490,0.0,2030-01-01
I499766,1840,4.131477163E7,2030-01-01
I505066,-638,9.413063914E7,2025-09-12
I510163,-932,0.0,2025-09-15
I516167,1257,6.854672342E7,
I518808,54,2876905.73,
I522111,-99,5149973.89,2025-09-07
I523860,869,4.673463588E7,
I528622,775,1.400679269E7,2030-01-01
I533367,-589,8.343018366E7,2025-10-25
I537737,-1361,5.976399036E7,2025-10-11
I537824,-1565,3.57198715E7,2025-10-08
I538516,-518,6.911212995E7,2025-10-02
I540569,-1315,1.1829681202E8,2025-10-02
I545657,1444,9.305900423E7,
I553277,1035,1.5194631284E8,2030-01-01
I565765,1491,1.5953952404E8,
I568113,1572,4.411685931E7,2030-01-01
I574474,1726,2.416763362E7,2030-01-01
I576118,1926,1.7124727082E8,2030-01-01
I579430,532,7.581019167E7,
I584163,-405,2.428371585E7,2025-09-12
I476057,-1789,2.0776260488E8,2025-10-15
I478041,-1579,4523774.94,2025-09-15
I486086,1999,3.008959111E7,2030-01-01
I487460,135,1.968365457E7,2030-01-01
I488015,-1338,1.919385702E7,2025-10-17
I487429,595,5055936.87,
I491106,-903,3.893776063E7,2025-10-14
I491888,-1770,1.9748059456E8,2025-09-29
I493405,-1524,9.232385646E7,2025-09-11
I494921,-891,0.0,2025-10-20
I495364,-1579,2.3036459568E8,2025-10-23
I499628,1531,9.156966019E7,
I511800,98,1169685.39,2030-01-01
I512308,-402,1.795092771E7,2025-09-11
I514504,346,7556165.14,
I515171,1319,1.8480470363E8,2030-01-01
I518480,-367,3.466033991E7,2025-09-03
I523205,768,7.05569969E7,
I525339,669,6.606237043E7,
I525646,1472,1.8784117568E8,2030-01-01
I532390,760,1.004810197E7,
I540570,204,2.348665534E7,2030-01-01
I541643,1668,8.2496164E7,2030-01-01
I543556,732,1.295789589E7,
I545527,-564,8.294603884E7,2025-10-24
I546323,1764,2.2372618838E8,2030-01-01
I549756,-113,4550380.57,2025-10-10
I550274,1406,5.446382679E7,2030-01-01
I551336,363,4355337.09,2030-01-01
I562215,1879,9.029402039E7,2030-01-01
I562641,-180,1.655910309E7,2025-09-06
I564800,1884,2.4668243756E8,2030-01-01
I570893,592,6.813060039E7,2030-01-01
I576852,68,0.0,
I581765,1182,1.385715894E7,2030-01-01
I582742,-202,4903191.57,2025-10-17
I583066,112,6292533.12,2030-01-01
I583861,1080,5.008250856E7,
I588752,1042,1.2635171021E8,
I481544,1098,1.6049117206E8,2030-01-01
I488318,80,1.167909857E7,
I489721,1038,1.3289823743E8,2030-01-01
I490987,-1152,5.355523222E7,2025-10-12
I491371,-1172,1.4378024732E8,2025-10-03
I492299,-1854,2.3053951653E8,2025-09-12
I492611,400,3477313.82,
I494687,-1344,9.645598417E7,2025-10-21
I496555,1252,1.899514926E7,
I496716,1148,1.964686581E7,2030-01-01
I498389,742,5.316451412E7,
I499727,-445,5.590964097E7,2025-09-03
I499789,-261,3.661229461E7,2025-09-03
I503544,1633,1.0472841129E8,
I505164,418,1.414286458E7,2030-01-01
I511025,-1814,1.8981552847E8,2025-09-01
I515307,438,4.067119428E7,2030-01-01
I517135,-895,1.0413069874E8,2025-10-15
I517656,662,4.821216416E7,2030-01-01
I523101,-1358,1.356915602E7,2025-09-07
I526602,811,1.663801778E7,
I532283,387,5.675316221E7,2030-01-01
I536947,787,1.753012015E7,2030-01-01
I540517,1347,1.8912613176E8,
I542447,1791,2.6792439316E8,
I543937,-984,6.383317467E7,2025-10-08
I545179,1048,8029136.04,
I545966,1387,1.2005395697E8,
I549197,-1898,9.410481079E7,2025-10-17
I554282,1911,6.4705887E7,2030-01-01
I559707,1772,1.8314346911E8,
I560042,-466,5.019746388E7,2025-09-16
I560071,1111,1.4078458726E8,2030-01-01
I561589,1102,2.445144389E7,
I578520,1848,2.335027838E8,
I582708,962,8.478181151E7,
I480372,536,1.718465778E7,2030-01-01
I487681,-394,5011413.47,2025-09-17
I488492,-792,1.483759499E7,2025-10-15
I491001,1491,1.1559008896E8,
I494670,-103,5443583.7,2025-09-13
I502434,-1060,1.2806868547E8,2025-09-21
I515287,584,5.351514527E7,2030-01-01
I515559,545,0.0,
I519850,1572,2.1623169763E8,
I520052,1993,1.0609598559E8,
I523145,-439,2.595967372E7,2025-10-04
I523857,-1762,2.076978421E8,2025-09-12
I524195,-812,7.995694777E7,2025-09-08
I526316,397,1.266449827E7,
I527714,-578,6.185960197E7,2025-09-09
I528044,-1478,1.0909963884E8,2025-09-03
I533118,-322,7284878.04,2025-10-08
I539917,-1718,9.192680612E7,2025-09-12
I546654,1748,2.0683973087E8,2030-01-01
I549836,754,3.533276582E7,
I549970,-649,7667864.16,2025-10-13
I551808,286,3.101025983E7,
I552932,-1985,2.3347647762E8,2025-09-03
I562558,1934,2.3254852232E8,2030-01-01
I563627,-1792,5329667.62,2025-09-13
I564354,1698,1.2924618778E8,
I564528,1649,2.0737359793E8,
I568943,1229,5.315773303E7,
I572770,353,4.477478934E7,2030-01-01
I576935,-837,7.333723553E7,
I579396,714,6.144922927E7,
I581365,-1110,1.2811125924E8,2025-10-29
I581554,-1737,1.4661335913E8,2025-10-01
I584816,-1560,1.153408522E8,2025-09-09
I585609,129,9738576.66,
I591378,-1301,5.520140966E7,2025-09-09
I480560,-1863,2.3124859127E8,2025-10-26
I484411,306,1.199957016E7,2030-01-01
I484751,-1241,5841619.17,2025-09-28
I496429,-227,2.708845818E7,2025-09-18
I501520,-365,1.691674377E7,2025-09-28
I518689,-1925,8.157015232E7,2025-09-18
I519571,1155,5.545266202E7,2030-01-01
I524377,-882,9.099280224E7,2025-09-15
I526219,-1406,7824681.45,2025-09-03
I532859,-1429,1.1342676607E8,2025-09-08
I535923,1300,7.442444834E7,2030-01-01
I538513,1289,1.6085693017E8,
I548794,739,6.948135692E7,2030-01-01
I551942,86,1.256219864E7,
I552315,64,1006119.01,2030-01-01
I552347,1231,1.3302407356E8,2030-01-01
I554616,647,1356673.87,
I555451,988,1.3321524844E8,
I555792,-490,1.890502406E7,2025-10-20
I555869,1093,1.0071648222E8,
I559337,1321,2.12189967E7,
I561208,816,6.670750187E7,2030-01-01
I563273,610,5.682583874E7,
I569885,583,3.834979128E7,
I577808,-728,8.160845675E7,2025-10-08
I579239,-421,3.96573892E7,2025-10-27
I579748,1622,1.4554186139E8,
I582016,204,1.559203435E7,2030-01-01
I582550,52,322800.86,
I589211,1622,2.868901217E7,2030-01-01
I481870,-1901,9.313503338E7,2025-09-05
I487693,-729,1.367430174E7,2025-09-04
I485646,1825,4.792107229E7,
I488941,961,1.0454534782E8,2030-01-01
I489810,-1633,1.7153866303E8,2025-09-14
I497213,-556,5445847.26,2025-10-13
I497586,-372,2.571510682E7,2025-10-14
I498182,880,1.1709814807E8,
I499433,-94,85239.24,2025-09-10
I500698,1414,6.620986066E7,2030-01-01
I503665,1684,1.4939442727E8,
I504769,594,1.741443725E7,
I510977,1273,4.83513903E7,2030-01-01
I511560,1142,1.162343194E8,2030-01-01
I517565,190,2.578534211E7,2030-01-01
I519170,1587,1.9131455296E8,
I519282,1261,3.647659639E7,
I519296,639,4.963562073E7,
I520048,1408,2.0713167711E8,
I521928,1707,7.98503762E7,2030-01-01
I527987,770,1.0127530985E8,2030-01-01
I530767,-1487,1.772681495E7,2025-09-14
I531788,-1005,2.350198872E7,2025-10-19
I546193,-1040,7.201271632E7,2025-09-02
I547094,1811,1.9237981956E8,
I547630,-1362,6.244877084E7,2025-10-21
I548465,-739,8407475.57,2025-10-09
I552118,1260,1.474491154E8,
I561218,510,5030801.77,2030-01-01
I565803,-754,3.293227234E7,2025-10-24
I568567,-1681,6.317325605E7,2025-10-16
I568887,-181,7418988.56,2025-09-06
I569289,1204,9.903486667E7,2030-01-01
I571079,1757,1.284471184E8,
I578772,-372,2.718069766E7,2025-09-26
I579144,1681,4.045783976E7,
I580518,557,4798650.46,
I580527,668,2.316716382E7,2030-01-01
I582510,876,5.751192488E7,2030-01-01
I585287,772,9.09398494E7,
I589326,1033,1.2638867616E8,2030-01-01
I590848,1259,8.27653099E7,
I476312,-70,2048674.91,2025-09-04
I478509,267,2.599300894E7,2030-01-01
I478830,-1259,3.172904175E7,2025-10-07
I483342,-1288,1.921167266E7,2025-10-25
I487582,-1018,1.4330974162E8,2025-09-10
I488040,-1979,2.920447651E8,2025-09-19
I476613,1670,2.2833704167E8,
I477902,943,5.526081152E7,
I478006,1445,2.1611608166E8,
I493609,1890,1.1486266418E8,
I497018,-862,6.143599833E7,2025-10-05
I501163,-1716,2.158066762E8,2025-10-14
I504438,595,2.997922913E7,2030-01-01
I506573,-322,8960953.1,2025-10-16
I509148,833,9.851236354E7,2030-01-01
I510318,-1349,9.019995385E7,2025-10-19
I515454,206,1.192491196E7,
I517296,330,3.135087881E7,
I523414,498,1.842362733E7,
I526083,-925,7.759665455E7,2025-09-22
I527036,-126,1.867116154E7,2025-10-05
I533113,-1094,4.12573423E7,2025-10-18
I534680,-1053,6.749870586E7,2025-09-18
I548457,1459,1.3369466154E8,
I548663,-1917,1.6239041445E8,2025-10-14
I552707,1519,2.0022721289E8,2030-01-01
I552917,-555,2.108295941E7,2025-09-20
I555062,-1005,8.668995585E7,2025-09-17
I555151,333,4.08263812E7,
I559521,-1485,6327684.22,2025-10-11
I561393,846,8.859140063E7,2030-01-01
I568470,-432,2.82387412E7,2025-09-26
I570995,-116,4339969.53,2025-09-05
I573491,423,3.832453739E7,
I574927,935,2.715255115E7,
I580574,550,4251643.21,
I585002,912,2.54521608E7,2030-01-01
I586528,1678,852778.86,2030-01-01
I588837,-885,6.001007802E7,2025-09-30
I589920,1923,2.8122677994E8,
I479887,-1687,1.896414933E8,2025-09-22
I486265,102,1.360343078E7,2030-01-01
I489039,1585,1.709347614E8,
I491491,-194,2.892312214E7,2025-09-30
I493200,-996,8.644489168E7,2025-10-01
I498311,-1636,5.408869178E7,2025-10-14
I498339,-409,4.247901845E7,2025-10-10
I502351,1477,1.0026687459E8,
I505685,-1708,1.3367896716E8,2025-10-26
I505786,634,6.381177703E7,2030-01-01
I508911,114,1.217464997E7,
I511090,1974,1.1991546125E8,2030-01-01
I516395,359,4.433600335E7,2030-01-01
I516527,-1672,2.176567165E8,2025-09-27
I523448,-394,4.782241382E7,2025-10-22
I524382,-917,3.997389131E7,2025-09-07
I525768,-123,824271.27,2025-10-24
I527169,1936,2.0843387814E8,2030-01-01
I528318,1966,1.526691519E8,
I528375,914,1.0999517413E8,
I531841,1469,1.761013171E7,2030-01-01
I532758,1442,9.872237792E7,2030-01-01
I534716,1250,1.5867539223E8,
I535517,545,3.89937331E7,
I538145,-1973,1.3070703059E8,2025-10-13
I539151,652,1.803551197E7,
I541992,1990,5.244839327E7,2030-01-01
I543113,-866,4.326883774E7,2025-10-08
I545684,-1464,1.5199297623E8,2025-10-04
I556900,807,1.1386527847E8,2030-01-01
I557379,1872,8.805653342E7,2030-01-01
I565616,429,2.185035353E7,2030-01-01
I585427,1120,7.676261806E7,
I588790,1823,2.2131239193E8,2030-01-01
I488041,-430,4.651147314E7,2025-10-15
I476470,619,2.737292463E7,
I487817,1217,1.707435371E7,
I490294,-1942,1.7623889828E8,2025-10-02
I498164,89,4218807.28,2030-01-01
I504702,1522,2.549039636E7,
I506879,-342,1.74239348E7,2025-09-15
I507378,1746,1.7687715812E8,
I508304,-1197,1.422401226E8,2025-09-07
I514293,482,5.181384807E7,2030-01-01
I515439,583,5.196485504E7,2030-01-01
I516032,1188,2.018008088E7,2030-01-01
I518244,-1193,5.524517084E7,2025-10-04
I521000,709,4.62511933E7,
I521101,-1730,2.1790774686E8,2025-09-22
I526927,-1777,2.1679807531E8,2025-09-27
I526970,249,1.847301762E7,2030-01-01
I530068,1335,1.9721178868E8,2030-01-01
I535132,-1306,1.6187664755E8,2025-10-06
I536662,-1717,5.80870005E7,2025-10-27
I549829,666,6.349325201E7,
I551685,-514,2.053982147E7,2025-10-09
I552626,-588,1.858097491E7,2025-10-14
I557833,-1286,1.2727439529E8,2025-09-03
I558325,-960,9.273865621E7,2025-10-11
I562015,1138,1.6481231938E8,2030-01-01
I579879,1221,3.612272467E7,
I580910,225,4015886.13,2030-01-01
I581157,1622,1.335314184E7,2030-01-01
I582826,1352,1.0231557729E8,
I583773,676,1.45963058E7,
I585134,313,1.2612896E7,
I587532,1346,8.581701445E7,
I488874,538,3.541854751E7,
I497986,1129,2.777206782E7,
I502253,-1910,9.140643006E7,2025-09-09
I504629,-1212,1.781260712E7,2025-10-02
I505260,593,4.083537592E7,2030-01-01
I506370,-846,0.0,2025-09-05
I512978,1225,1.4320668251E8,2030-01-01
I513498,-1928,1.461238681E8,
I521353,1956,1.2532651874E8,
I522947,614,4.513427096E7,
I523128,-1158,1.3088837571E8,2025-10-04
I537143,138,1.512461768E7,2030-01-01
I537510,-1687,1.182312731E8,2025-10-19
I548978,1289,4.767074857E7,2030-01-01
I553980,1391,2.77296757E7,2030-01-01
I561641,230,2.23346323E7,2030-01-01
I565595,-797,3.952410745E7,2025-09-11
I565974,1120,1.463354884E8,
I569027,574,3.123842146E7,2030-01-01
I571611,1923,1.3359174642E8,
I571652,1963,2.4019826115E8,
I574825,-871,7.966316784E7,2025-10-29
I576486,-956,1.357576728E7,2025-10-28
I583700,844,1.091822251E7,
I584775,1740,2.3794045236E8,2030-01-01
I591146,1287,3.332786673E7,
I477242,1963,1.8337412055E8,2030-01-01
I480574,-1377,1.2187996417E8,2025-09-22
I480808,-520,9538119.83,2025-09-01
I485479,1633,1.3074661031E8,2030-01-01
I483021,1975,2.703381936E8,
I490464,698,4.123909361E7,2030-01-01
I492271,1075,1.3147473305E8,
I500183,1045,2.545224132E7,2030-01-01
I500792,1412,1.475365536E8,2030-01-01
I504148,1694,9096869.22,
I507605,1796,1.5825512378E8,
I510967,-144,2.065042888E7,2025-09-11
I513223,778,7.31520381E7,
I526494,347,3.667201935E7,2030-01-01
I531615,1096,2.045097358E7,
I542846,-229,1.178928399E7,2025-10-16
I545138,472,5.974986728E7,
I558429,-826,2.036834962E7,2025-10-30
I559598,634,7.977031909E7,
I559675,-725,7.058807326E7,2025-10-26
I560682,526,6025836.68,
I562904,-1554,1.5968180119E8,2025-09-02
I567643,-1480,8283163.89,2025-09-18
I570169,-1623,4.36106949E7,2025-10-13
I574089,998,4.69205701E7,2030-01-01
I581927,273,3.253207426E7,2030-01-01
I583048,-1177,9.970676129E7,2025-09-08
I589293,906,2.436708253E7,
I589337,436,0.0,
I590296,910,8.162381307E7,
I482207,1075,933404.34,2030-01-01
I484296,-242,1.298006432E7,2025-10-13
I493321,-1223,1.4435979253E8,2030-01-01
I497228,-271,7500937.92,2025-09-22
I499031,1604,1.7010336883E8,
I501982,385,1.80131439E7,
I504481,672,6.550526781E7,
I507072,78,852906.71,
I510017,136,8666712.96,
I514291,936,8.785368669E7,2030-01-01
I516564,55,806873.21,2030-01-01
I516572,1521,6520635.01,
I517931,1310,4.468291201E7,2030-01-01
I524371,-1201,1.1226373207E8,2025-10-09
I525500,1405,1.887744245E8,2030-01-01
I525535,203,2.548423679E7,
I532162,588,8.079976593E7,
I532180,1367,6.277454993E7,2030-01-01
I532218,-293,7793743.27,2025-10-02
I535853,300,6005840.24,2030-01-01
I538497,1626,1.2056876131E8,2030-01-01
I544709,1087,0.0,2030-01-01
I548884,-152,2.0077999E7,2025-10-29
I553298,-604,5.098061316E7,2025-09-22
I553894,1277,1.7352816096E8,2030-01-01
I555518,268,1.649609494E7,
I563941,778,1571323.53,
I565772,414,1.586722136E7,
I578835,1545,2.275663454E7,2030-01-01
I579397,293,1040642.56,2030-01-01
I580385,640,7.888915233E7,2030-01-01
I583891,1215,1.3726803846E8,
I583982,-197,5747441.43,2025-10-26
I584252,514,2332348.39,2030-01-01
I585530,-722,7.028491835E7,2025-09-06
I586251,411,3.899847533E7,2030-01-01
I590777,-414,1.664767453E7,2025-09-15
I595386,-806,7.245133837E7,2025-09-25
I598011,626,9.361000583E7,2030-01-01
I600281,-1858,2234016.13,2025-09-07
I594344,1166,8.78914445E7,
I601183,1202,6.379206299E7,
I613211,1369,8.744519453E7,
I614282,1477,1.0645176405E8,
I615088,1130,5.176748781E7,
I616119,1644,1.0534996685E8,
I626353,657,4.182848628E7,
I630005,1142,1.0487737575E8,
I640057,-458,3487659.95,2025-10-08
I643135,298,3.255966845E7,
I646550,1134,1.6758617745E8,
I647252,1799,2.5790456932E8,2030-01-01
I649616,-1987,2.2030938851E8,2025-09-17
I653082,565,2.334833397E7,
I655919,-580,6.390742652E7,2025-09-12
I657104,-1891,2.0466543283E8,2025-09-01
I658418,1305,3.451984802E7,2030-01-01
I659511,1151,8.542445175E7,2030-01-01
I660445,1921,8.035784407E7,
I661227,-531,6.17783837E7,2025-10-05
I662940,-1855,2.0116097472E8,2025-09-09
I666383,-157,2.071101967E7,2025-09-30
I668307,1089,1.1615063015E8,2030-01-01
I670943,1343,7.436437445E7,
I673186,1539,1.6158018279E8,2030-01-01
I675167,1581,1.4510604067E8,
I687797,80,5947617.37,2030-01-01
I690784,-1529,1.7823638529E8,2025-10-17
I691971,71,3401301.49,
I695901,1304,5.254385419E7,2030-01-01
I699376,572,8.155589948E7,
I706456,-1762,1.1915111077E8,2025-09-04
I591750,-719,3.872853197E7,2025-09-06
I591760,-913,2846810.71,2025-09-05
I599655,1973,1.1829221484E8,2030-01-01
I601502,-312,3.430272164E7,2025-09-05
I603242,-1378,2.0255466345E8,2025-10-29
I603648,1703,0.0,2030-01-01
I605738,843,4.489415495E7,2030-01-01
I606379,1003,1.0056896076E8,2030-01-01
I606732,836,6.021277727E7,
I610450,1700,1.1516871025E8,2030-01-01
I611674,1566,8.169228895E7,2030-01-01
I621261,209,1.251505263E7,
I622711,673,6.147870127E7,2030-01-01
I624275,792,9.992053889E7,2030-01-01
I628660,1336,1.5901317656E8,
I631377,1694,1.5787801218E8,2030-01-01
I635139,1717,9.123196128E7,2030-01-01
I635844,823,2.928422666E7,2030-01-01
I643658,1150,1.1228165138E8,2030-01-01
I646767,866,7.405893898E7,
I649103,1894,2.659792007E8,2030-01-01
I657912,599,6.080092496E7,
I658378,109,4843393.94,
I658972,406,5.962566278E7,2030-01-01
I661350,718,2.602405374E7,
I661723,1680,2.0571198046E8,2030-01-01
I662709,166,1.676739591E7,
I672194,-89,3280959.79,2025-10-08
I672814,735,4.203032939E7,
I675451,-1469,1.6495220644E8,2025-10-29
I683342,694,1.066377485E7,2030-01-01
I683884,1585,1.029128321E8,
I685427,292,3.791226196E7,
I685603,1518,1.5283691951E8,
I686875,-844,1150575.98,2025-10-02
I690274,679,4.717229091E7,2030-01-01
I697874,81,6615408.97,
I699793,-1708,1.7473066038E8,2025-10-26
I699811,1057,8.017729689E7,
I705654,-1599,1.268404623E8,2025-10-13
I591526,-1874,7.901597794E7,2025-09-01
I595219,-1559,1.0852672832E8,2025-09-10
I597515,718,7.948605447E7,2030-01-01
I609736,1069,1.2251587114E8,
I614047,1913,2.2373946922E8,
I619069,-210,2.915011818E7,2025-10-08
I619191,-560,1.863554834E7,2025-10-17
I619381,1376,2.0196499486E8,
I619519,-1699,1.2065364311E8,2025-10-09
I623726,363,4.553336651E7,2030-01-01
I625359,102,8861148.61,
I626313,1680,1.873585295E7,2030-01-01
I634359,-174,654502.87,2025-09-25
I637692,89,9839988.94,2030-01-01
I639719,1612,1.403858244E7,
I641702,782,1.372167212E7,2030-01-01
I643619,563,6.769639061E7,2030-01-01
I644797,-1960,1.1439296868E8,2025-10-05
I646194,691,8.973793565E7,
I647781,892,2.537856411E7,2030-01-01
I653875,961,5.588799973E7,
I655401,1583,1.7006596599E8,
I656916,1705,1.500276344E7,2030-01-01
I659318,385,1.760665687E7,
I663086,495,4.031520984E7,
I671009,-1662,5.507724696E7,2025-10-11
I672620,1452,1.5936444431E8,2030-01-01
I673652,913,7.853974728E7,
I675166,221,1.48166593E7,
I676056,-1093,1.5873111446E8,2025-10-17
I683491,-1106,1.054645265E8,2025-10-29
I690207,1634,1.9188290653E8,2030-01-01
I691255,-997,1.4374972179E8,2025-09-16
I694825,285,3.366892882E7,2030-01-01
I698047,-276,3.505308831E7,2025-09-15
I701421,1049,8.796537993E7,
I706517,96,1479854.64,2030-01-01
I706909,-1857,1.032967673E8,2025-10-09
I592252,1262,1.290169446E7,2030-01-01
I600838,-928,6.507428066E7,2025-10-26
I601879,451,6998894.95,2030-01-01
I602415,1457,1.7230734256E8,2030-01-01
I603957,-1745,1.0188729343E8,2025-10-29
I610562,1994,2.395391345E8,2030-01-01
I613027,214,2.725899404E7,
I613937,-1272,1.3477372295E8,2025-09-03
I615035,1373,1.3607821725E8,
I615341,-1747,7874312.64,
I617986,-372,3.304840897E7,2025-10-30
I620242,760,6.166084853E7,
I630020,931,1.0094085166E8,2030-01-01
I632632,-1664,4.700701583E7,2025-09-15
I634773,1554,6786713.51,
I641109,-552,5437252.87,2025-09-13
I647592,-1906,2.3465876526E8,2025-09-21
I659745,1049,1.405517945E7,2030-01-01
I667943,490,2.112266209E7,
I673625,-98,9782361.81,2025-10-10
I675195,-1992,5.1632999E7,2025-10-25
I675829,645,6.124072596E7,
I685101,-931,9.439553874E7,2025-10-19
I692637,526,2.588548689E7,
I697369,1755,4.884899544E7,2030-01-01
I700993,-1393,1.6618430706E8,2025-10-09
I706915,-1058,1.2683992936E8,2025-09-29
I603211,-557,7.717873826E7,2025-10-09
I593617,-1821,1.5581030723E8,
I601286,863,5362333.49,
I605163,-1891,6.44897456E7,2025-09-21
I607094,337,8568495.84,
I609724,841,3876170.7,2030-01-01
I613616,-1575,1.20759928E8,2025-09-17
I619361,1091,4.037993556E7,2030-01-01
I627849,277,1.822168297E7,
I630576,1351,6.715732046E7,
I633861,-105,107641.56,2025-10-21
I634454,1762,1.8643092374E8,
I641314,1340,3.353792252E7,
I643990,-1554,1.0948818156E8,2025-10-01
I644358,-1059,1.2678907193E8,2025-10-09
I645391,1835,2.429276134E8,
I646485,1818,4274312.36,2030-01-01
I647543,930,8.642358164E7,
I650257,1147,1.5598032223E8,
I662549,356,9582577.08,
I662917,-585,3.85777362E7,2025-10-15
I667578,-778,7.200710855E7,2025-10-15
I667660,1439,9454222.91,
I667832,91,8239909.43,
I669522,1556,2.3294011033E8,
I677056,1790,1.4851655409E8,2030-01-01
I682489,-1072,2.49268985E7,2025-09-22
I684456,-163,2.317510838E7,2025-10-19
I687850,-1016,7.183198075E7,2025-10-12
I688606,503,4.795083542E7,
I692313,186,1.377211798E7,
I693396,1791,9.894399385E7,2030-01-01
I694122,471,5.33580906E7,2030-01-01
I695300,1163,1.6991756893E8,2030-01-01
I697049,274,9296886.56,2030-01-01
I697351,580,8.064289568E7,
I702817,482,5632481.93,2030-01-01
I705241,-1046,1.2956588696E8,2025-09-24
I705799,1618,0.0,2030-01-01
I706680,60,3976154.75,
I596301,-276,4368492.45,2025-09-01
I598818,-725,3.935041733E7,2025-09-19
I607694,1621,3.213106461E7,
I610387,1879,2.6407856014E8,
I611220,655,8.518691512E7,2030-01-01
I627475,-794,9.288533809E7,2025-09-26
I631266,929,9.177788952E7,2030-01-01
I633870,-680,8.465565172E7,2025-10-29
I640912,802,8.406787061E7,
I642318,1213,4.563547793E7,
I643305,1822,4.442296283E7,2030-01-01
I646662,1681,1.1752027811E8,
I648056,-1763,1.4045535409E8,2025-09-12
I648587,-816,1.183197483E7,2025-10-03
I648620,464,764276.96,
I662244,1610,1.6718007428E8,2030-01-01
I669587,-1286,1646825.56,2025-09-02
I670498,-992,3.427366525E7,2025-10-04
I671327,1091,1.4806799549E8,2030-01-01
I673869,655,4.158163348E7,2030-01-01
I675617,-1984,8.105463706E7,2025-10-08
I684704,326,953323.57,
I691604,-1886,4.808874187E7,2025-09-08
I692828,1761,2.450641655E8,
I697697,979,1.4423427218E8,2030-01-01
I701578,588,3.386991828E7,2030-01-01
I703332,427,5.261488681E7,2030-01-01
I703492,1880,2.4399069051E8,
I704124,-975,4.690503302E7,
I705640,-590,3.216747664E7,2025-09-14
I596212,571,4.338276296E7,2030-01-01
I597040,-1908,2.7417332017E8,2025-10-07
I598000,676,5.490987877E7,2030-01-01
I599594,-1807,1.879989045E7,2025-09-06
I602008,403,5.029076268E7,2030-01-01
I611508,245,3.561381988E7,
I618352,-476,4.93957612E7,2025-09-06
I618878,1143,9.560152108E7,2030-01-01
I625344,-343,1.100120229E7,2025-10-20
I625908,1706,1.1234248867E8,
I633207,960,1.2943816962E8,2030-01-01
I636247,1007,2.016070566E7,2030-01-01
I641291,931,2.948066573E7,
I641311,1632,1.570666888E8,
I645662,1325,9.242957701E7,
I647098,528,4.883898428E7,2030-01-01
I648305,-754,8.849920725E7,2025-10-04
I650319,1453,3.940334747E7,
I672450,1166,5.204174719E7,2030-01-01
I673850,2000,1.8288993617E8,2030-01-01
I674992,1990,1.621903829E7,
I681720,1930,1.3007370879E8,2030-01-01
I681829,447,1.003415572E7,2030-01-01
I684206,-1176,1.1655034018E8,2025-10-15
I685110,-1563,1.1139628304E8,2025-10-01
I685505,1486,1.3403761941E8,
I689844,1265,7.75669066E7,2030-01-01
I591605,1056,2.046645878E7,2030-01-01
I592019,1800,2.4954578851E8,2030-01-01
I592192,1470,1.405929077E7,2030-01-01
I593059,719,8.234637823E7,2030-01-01
I599243,75,9296480.03,2030-01-01
I592503,603,1.461250815E7,
I599677,1919,2.6912922025E8,
I603414,-1716,2.368066809E8,2025-10-10
I604363,1130,5.408514707E7,
I605427,1276,1.0991140309E8,2030-01-01
I606472,1826,2.3905713286E8,
I607408,611,692237.54,
I612551,-1050,1.519429445E8,2025-10-17
I613456,1546,1.7305378118E8,2030-01-01
I619876,-1574,3.018697412E7,2025-09-03
I623498,-960,9.160281017E7,2025-10-07
I627176,1362,1.3864550306E8,
I627468,1487,4.383767879E7,
I631127,-822,1.825398316E7,2025-10-21
I633938,52,6652029.86,
I635378,-917,7.824516173E7,2025-10-07
I636128,1648,6.779462513E7,
I638342,1501,1.1267992632E8,
I642935,-1574,1.7424665736E8,2025-09-09
I646049,807,5.818329055E7,2030-01-01
I646223,-1610,2.1629600493E8,2025-09-02
I652131,1978,1.5229800332E8,
I652722,1466,8.669506506E7,
I654092,1780,1.3994822677E8,
I656441,801,6.553605212E7,2030-01-01
I657566,-891,1.202536257E8,2025-10-28
I659960,-302,1822905.1,2025-10-16
I674605,1442,2.0020060987E8,2030-01-01
I679025,498,0.0,
I681188,-558,6.421868513E7,2025-09-09
I681596,-918,2.153375276E7,2030-01-01
I688173,-1732,1.4760072692E8,2025-09-20
I689987,-1954,7578440.42,2025-09-22
I694757,-1795,2.4947794298E8,2025-09-22
I703050,1322,1.4491820138E8,
I593158,-74,2772807.04,2025-09-06
I600423,-1413,3.606278041E7,2025-09-13
I604642,1234,2.640990186E7,2030-01-01
I604924,314,2345308.34,2030-01-01
I612402,230,1.409579775E7,
I617652,-1217,1.058511202E8,2025-09-05
I622240,-1518,2.2314186011E8,2025-10-12
I631055,488,6.565430442E7,2030-01-01
I632913,-613,2.048766432E7,2025-10-18
I632958,571,2.676216201E7,
I634419,1061,7.833041535E7,
I636234,1490,2.520290434E7,2030-01-01
I638226,1683,2.844383806E7,2030-01-01
I640419,1860,5.554704957E7,2030-01-01
I641089,1858,1.8251675365E8,
I645036,-412,1.202475414E7,2025-10-14
I646675,-231,3.279119038E7,2025-10-20
I647179,1466,9.605365296E7,2030-01-01
I662446,-150,1.22877306E7,2025-10-03
I671142,427,5.192061627E7,
I671267,1242,1.1704703893E8,
I672502,-1535,3.446462501E7,2025-09-20
I673428,-1639,4.006986081E7,2025-10-10
I674170,-1232,1.7020987502E8,2025-10-07
I678019,410,2.181494544E7,2030-01-01
I679671,-1325,4.209384013E7,2025-10-20
I681078,270,1.082044584E7,2030-01-01
I682525,-526,5.493497254E7,2025-09-17
I687053,1992,1.1178605183E8,
I688179,-1129,1.417649445E8,2025-09-16
I690697,264,1213991.37,2030-01-01
I691565,1731,9.895932623E7,2030-01-01
I692272,-864,3.07922278E7,2025-09-30
I693962,1114,5.797518866E7,2030-01-01
I695361,271,4.000012336E7,
I695611,1766,1.4664694E7,2030-01-01
I698461,1784,4.197288244E7,2030-01-01
I702549,-517,737625.05,2025-09-22
I593489,574,2.56077502E7,2030-01-01
I596687,1282,1.3288141541E8,2030-01-01
I599238,-1518,1.3392126986E8,2025-10-29
I600133,642,5.625161677E7,
I613988,74,1994032.11,
I618882,965,1.3373486529E8,2030-01-01
I628273,545,5.640959784E7,2030-01-01
I638274,566,7.324585764E7,
I639037,213,1.674563429E7,2030-01-01
I646982,-1416,6.269679445E7,2025-10-24
I652623,1132,1.496999986E7,
I656779,140,1337811.66,
I658825,-1174,2.570429873E7,2025-10-06
I659592,632,6.73467112E7,
I669542,-453,4.915405378E7,2025-09-11
I672823,-1255,0.0,2025-09-13
I673021,1615,9.856098977E7,
I673549,-122,3758948.39,2025-10-01
I673951,699,1.923711936E7,
I677279,-1983,2.1900539269E8,2025-09-08
I677536,130,1.823423197E7,
I680961,-1883,6992521.47,2025-10-31
I681670,245,1.787161995E7,2030-01-01
I686394,1603,1.3073984572E8,2030-01-01
I687401,906,1.192649558E7,2030-01-01
I697898,1067,1.4703479994E8,2030-01-01
I703333,1436,9.003991075E7,
I704319,1325,1.3471463457E8,2030-01-01
I605544,223,2.702055555E7,
I609884,-55,3008313.99,
I614859,252,8071627.27,
I623992,1935,5.125075338E7,2030-01-01
I625987,-149,8571924.38,2025-09-01
I632094,420,8281949.71,
I640302,-1121,8.642851593E7,2025-09-05
I643051,401,4.623810027E7,2030-01-01
I647139,250,3.502938065E7,2030-01-01
I647214,-1807,0.0,2025-10-23
I648710,798,5.96808398E7,2030-01-01
I649665,-212,2532226.94,2025-09-04
I651132,103,3222878.11,
I653475,-731,7.075107098E7,2025-09-10
I658632,-1982,2.0634877415E8,2025-10-17
I662996,883,6.431609607E7,2030-01-01
I664358,747,1.1066867294E8,
I666514,780,0.0,
I667295,1196,1.11350073E7,
I667806,-1979,4.249863282E7,2025-09-27
I668835,-319,8713612.38,2030-01-01
I670916,-1035,8.430951088E7,2025-09-06
I673714,-1689,8.856358482E7,2025-09-28
I674255,1678,1.6818759138E8,2030-01-01
I676091,-1693,1.2819420542E8,2025-09-28
I683671,1729,1.5839210385E8,2030-01-01
I685140,-1454,1.2024953796E8,2025-09-02
I685471,1601,6.414577836E7,
I689108,1057,2.551431946E7,2030-01-01
I692961,-968,5.648966292E7,2025-10-06
I693760,1438,1.8239759239E8,2030-01-01
I695833,1742,2.1206299986E8,
I696702,1512,1.0811809756E8,2030-01-01
I697761,1216,3.392429678E7,2030-01-01
I704787,201,2.782391099E7,2030-01-01
I705357,1545,1.3320095059E8,2030-01-01
I598110,-1643,8.117796444E7,2025-09-02
I600400,1498,1.4571636667E8,2030-01-01
I607590,348,4.64693888E7,
I612147,-892,1.1782820639E8,2025-09-13
I613818,-1816,1.7127783776E8,2025-09-25
I616253,1353,2.24575756E7,
I628234,-603,8.093445345E7,2025-10-12
I643938,252,9612053.38,2030-01-01
I644642,1686,2.1556288672E8,2030-01-01
I650558,957,3.4567791E7,
I652972,-1435,1.0220864138E8,2025-09-05
I653144,-874,9.053007571E7,2025-09-02
I657452,-923,8.859869074E7,2025-09-09
I657958,1296,1.0124516462E8,
I659107,-928,8.332123313E7,2025-09-14
I663077,914,9.669619205E7,2030-01-01
I667255,1794,1868406.67,2030-01-01
I669124,297,3.084159975E7,2030-01-01
I673776,1895,2.3073010672E8,2030-01-01
I685309,591,8.440032269E7,2030-01-01
I692023,573,7408201.54,
I692818,-789,5.521470614E7,2025-09-22
I697364,-1951,1.5862314244E8,2025-09-27
I697893,304,5790759.76,
I700195,629,4.405259308E7,
I700333,574,4.355253097E7,
I705782,699,4.940330648E7,
I707218,-879,2.608009077E7,2025-09-30
I727118,1381,774534.22,
I731983,620,3.046093695E7,
I733147,-687,2.486757606E7,2025-09-27
I733459,-643,2.898866688E7,2025-09-26
I736358,1341,1.3425464694E8,2030-01-01
I740506,-376,8351480.83,2025-10-22
I742030,81,4840869.65,2030-01-01
I744596,-831,7.652053545E7,2025-10-28
I748092,-1324,8.476825723E7,2025-09-17
I748222,1201,1.0304075666E8,
I758666,-1876,5.102423838E7,2025-10-24
I759428,-664,7.97502983E7,2025-10-31
I771017,1166,9434841.95,
I771884,-1693,1.3829097492E8,
I775334,1826,3.964994326E7,
I776004,-1099,1.426394125E8,2025-09-12
I781661,340,3.372946064E7,
I790200,1376,9.261555877E7,
I795611,804,4102863.68,
I797710,710,5.753186597E7,2030-01-01
I800732,1517,2.1270073376E8,2030-01-01
I801682,-1541,7.676936049E7,2025-10-27
I802649,1598,1.9824760825E8,
I803582,1880,7.666792577E7,2030-01-01
I805496,1507,1.1084605364E8,2030-01-01
I815898,1404,1.9052183419E8,2030-01-01
I816501,-1057,2617441.33,2025-10-14
I817784,-1863,1.7733279029E8,2025-09-23
I818622,1446,1.6473122057E8,2030-01-01
I819707,-1761,2.3213424425E8,2025-10-22
I820401,1362,1.2444137324E8,2030-01-01
I821690,1063,1.4720883285E8,2030-01-01
I710039,-126,1.00020771E7,2025-09-01
I715329,930,8209354.55,2030-01-01
I719409,602,7.936484519E7,
I727631,1891,7.641807729E7,2030-01-01
I729331,561,6962943.95,
I731452,-900,7.841109452E7,2025-10-31
I738531,1651,8.363020446E7,2030-01-01
I740350,-1390,9.511100165E7,2025-10-09
I741621,1886,2.7700615248E8,
I743308,1341,1.3937773959E8,2030-01-01
I743383,667,9.354081576E7,
I745265,206,2.533948196E7,
I748606,118,8897063.79,
I750768,1899,1.9642036067E8,2030-01-01
I754901,-539,5.199774204E7,2025-09-28
I755445,1926,2.8095523801E8,
I769584,1681,5.194372195E7,2030-01-01
I772162,-1919,1.874483221E7,2025-09-18
I778854,-1060,1.5614659184E8,2025-09-16
I781777,-382,3.592955467E7,2025-09-15
I785094,1856,3.650699341E7,2030-01-01
I785487,145,7631953.44,
I789641,-569,6.201787221E7,2025-09-14
I790163,548,1.528457272E7,
I791786,-416,4.704991874E7,2025-10-25
I791873,-1322,2.674616716E7,2025-10-11
I793039,1414,6.438405251E7,
I799702,599,2.135241833E7,2030-01-01
I801176,826,6.588153837E7,2030-01-01
I810976,-324,2.944351173E7,2025-10-13
I812673,1005,1.2987637354E8,2030-01-01
I818475,-1215,1.6456138479E8,2025-09-25
I707566,-992,2.073125536E7,2025-10-06
I709071,-1831,1.8301545489E8,2025-10-15
I712810,1002,7.677108746E7,
I713241,1893,2.1578725419E8,
I715860,801,7897609.82,
I717712,1419,3.899791912E7,
I722486,-1946,2.176742987E7,2025-10-28
I735577,-1901,4.971171649E7,
I737195,210,5048037.24,2030-01-01
I737462,-1887,1.215126671E8,2025-10-12
I738907,95,352806.89,2030-01-01
I743658,-1820,1.729323866E7,2025-10-31
I744195,-1324,1.3772168678E8,2025-10-17
I746553,521,3.438467414E7,
I760169,1847,2.1128050397E8,
I760886,1078,6.387063958E7,2030-01-01
I761278,-684,9527437.39,2025-10-29
I761522,1418,1.7349675803E8,2030-01-01
I761917,863,1.2654398137E8,2030-01-01
I765996,-689,2.543551259E7,2025-10-21
I770669,-1181,9.44790665E7,2025-10-23
I772816,1903,4.088733167E7,2030-01-01
I773929,105,1.013442543E7,2030-01-01
I775114,-419,4.907551737E7,2025-10-10
I775282,-394,3.074521753E7,2025-10-25
I779076,1617,1.7397740525E8,2030-01-01
I783865,202,1980138.83,2030-01-01
I786162,-1814,1.237860583E8,2025-09-06
I786244,1300,1.5224944271E8,
I789226,-952,6.969483928E7,2025-09-14
I792333,-1574,9.464969021E7,2025-09-14
I792633,105,1.421109689E7,
I796000,-1826,9.535014794E7,2025-09-25
I799485,879,4.504903082E7,
I805891,402,4.4895489E7,2030-01-01
I815464,1699,1.2061865774E8,
I816617,-145,1.563176184E7,2025-10-11
I816715,1987,1.5238542861E8,
I819333,1464,2.215257637E7,2030-01-01
I819451,82,1.071196213E7,2030-01-01
I710821,1789,2.3425544043E8,2030-01-01
I713368,-1801,2.2559550001E8,2025-09-01
I713687,537,1.497024171E7,2030-01-01
I713228,879,5.802299736E7,
I718692,583,5.85829713E7,
I723142,1133,1.6358882811E8,2030-01-01
I725298,1368,4.981566925E7,
I726206,659,4.244626765E7,
I736587,657,2.840084989E7,2030-01-01
I745217,-684,7147054.45,2025-10-01
I748062,-1501,2.1797509418E8,2025-10-13
I752258,-1023,8.73658353E7,2025-10-01
I753920,590,2.767627808E7,
I755817,-1346,1.033002203E8,2025-10-12
I764060,-631,7.698881218E7,2030-01-01
I770318,819,2.636326013E7,2030-01-01
I771175,287,2.869146955E7,
I772068,-308,1.570605721E7,2025-10-07
I772139,1686,7.765699642E7,
I774897,-182,1.441656922E7,2025-09-15
I776898,-1850,1.6642225091E8,2025-10-31
I778842,724,8.608134024E7,
I779701,1592,1.3037172271E8,2030-01-01
I785183,1126,7.458082383E7,
I788132,-678,8.272459268E7,2025-09-02
I796910,213,2.894285492E7,
I799825,1141,0.0,
I801142,-1659,8.712363861E7,2025-09-17
I804386,173,8168723.63,
I804430,1122,8.005414913E7,2030-01-01
I807728,-1124,1.5457800793E8,2025-09-23
I807781,-1989,8.95645681E7,2025-10-05
I812014,543,6.951227955E7,2030-01-01
I813327,766,1.0436357185E8,
I818067,1034,1.272275245E8,2030-01-01
I821701,1405,4491656.33,
I821876,359,1.350028504E7,2030-01-01
I713437,1300,1.4770189179E8,2030-01-01
I710929,1036,4.27927099E7,
I719549,865,6.408408795E7,
I720739,132,2264138.15,
I721913,61,5626567.0,2030-01-01
I722057,-426,5.574962026E7,2025-09-27
I724705,1374,1.8043768608E8,2030-01-01
I727404,-551,7.980052899E7,2025-10-21
I727582,-75,3331155.06,2025-10-01
I732749,-1686,3449798.18,2025-10-24
I733813,-1873,1.3273810453E8,2025-10-23
I734703,821,1.0946749435E8,2030-01-01
I737723,1692,1.4589062438E8,2030-01-01
I739112,-724,6.257896048E7,2025-10-03
I739695,-72,6409406.69,2025-09-02
I741490,671,3.736885752E7,
I749673,-1317,1.8628075649E8,2025-09-17
I753399,921,5.180654988E7,2030-01-01
I755613,1934,2.075282645E8,
I759212,1407,1.4341639846E8,
I776939,713,6.643681527E7,
I777173,458,4.368646405E7,
I778043,-1764,1.8730114216E8,2025-09-27
I778484,-1999,1.271195062E8,2025-10-17
I783843,-586,2.18366761E7,2025-09-30
I788458,-1476,2.1436134409E8,2025-10-15
I794312,1766,1.5285409253E8,
I795582,201,2.760666034E7,
I798741,1091,1.6261860908E8,
I799693,1557,2.0324824842E8,
I799835,-1319,1.7601036345E8,2025-09-11
I802384,1407,1.0484935454E8,2030-01-01
I803940,1823,1.4909059469E8,
I805501,1719,2.0620589719E8,2030-01-01
I808398,-1120,6.862788368E7,2025-10-19
I820344,525,2.806400185E7,
I713603,-560,1.514716288E7,2025-09-29
I709990,382,3.373219969E7,
I715787,1331,6.166272994E7,
I726449,970,2.77248307E7,2030-01-01
I726685,1928,1.9573525683E8,2030-01-01
I729846,-1109,0.0,2025-09-23
I736185,322,4.827019172E7,2030-01-01
I736565,1174,1.6917065681E8,
I737617,515,7.303321087E7,
I740476,406,2.743168798E7,2030-01-01
I740914,-1762,9.626557749E7,2025-10-12
I740969,1390,1.6263573707E8,2030-01-01
I741444,1066,3.634538707E7,
I741515,119,1.388575233E7,2030-01-01
I743041,574,2.60574977E7,
I743228,-1887,2.2241339924E8,2025-09-26
I747755,1855,2.4438373645E8,2030-01-01
I750255,-706,7.275131135E7,2025-09-02
I754891,-837,9.865059645E7,2025-09-14
I755218,500,6.964305033E7,
I758607,248,1.456806771E7,2030-01-01
I760359,1249,1.0717223059E8,
I764043,-1499,2.1208912613E8,2025-10-13
I767220,385,3.016941723E7,
I779020,203,1.947458992E7,2030-01-01
I788642,-201,2.263331917E7,2025-09-09
I796216,-1489,3.204846433E7,2025-09-08
I796400,597,2.779369667E7,
I799464,-1610,1.589702698E7,2025-10-18
I799497,-960,1.2092073766E8,2025-09-30
I804124,1133,1.5388488549E8,2030-01-01
I810194,642,3.964532904E7,
I812251,195,2925864.81,
I812963,-1028,5.881627648E7,2025-09-25
I813572,1892,1.813744961E8,
I816164,974,0.0,2030-01-01
I821387,446,4.007411475E7,2030-01-01
I707499,-1237,1.7716399426E8,2025-10-23
I709074,1281,1.8291501874E8,
I723908,1646,9621921.57,
I728700,-1075,1.0802814225E8,2025-09-13
I729797,1182,1.664974101E7,2030-01-01
I730260,-1035,1.1624052181E8,2025-09-30
I731866,-965,6.182947156E7,2025-09-20
I732896,-640,5.698826639E7,2025-10-16
I743720,76,1.017274253E7,2030-01-01
I753650,1477,1.9826485799E8,2030-01-01
I756586,120,1.578599234E7,2030-01-01
I760523,1295,1.3791082528E8,2030-01-01
I764052,774,8771763.68,
I765708,-342,2.431117342E7,2025-09-12
I768140,248,1370439.39,2030-01-01
I768611,-113,7444947.73,2025-09-24
I776715,1532,1.0503101874E8,2030-01-01
I782960,-1332,5.167723944E7,2025-10-31
I783700,1993,2.2826100165E8,2030-01-01
I783799,1838,9.696895717E7,2030-01-01
I783849,468,4.765050101E7,
I785375,435,8943640.84,
I786608,613,8.357275688E7,2030-01-01
I789316,-745,7876102.19,2025-09-20
I789358,1178,1.5201925138E8,
I790772,919,1.0438179255E8,
I793963,849,7.573535068E7,2030-01-01
I798992,-1748,1.8946190077E8,2025-09-17
I800562,633,2.458888584E7,
I803360,1273,1.5295326623E8,2030-01-01
I803702,1501,2.211602888E7,
I804107,1555,8.324619588E7,2030-01-01
I806851,-1268,8.049170015E7,2025-09-05
I809012,-123,4951376.06,2025-10-29
I812188,703,3.407292755E7,
I812691,918,3.13453503E7,2030-01-01
I813034,-1862,1.1109296783E8,2025-10-14
I815665,113,1.5037263E7,
I816212,567,5.83279435E7,
I820041,-383,2.861733249E7,2025-10-31
I820732,982,1.261956558E8,2030-01-01
I822990,408,5.991510871E7,
I718492,652,9.55937881E7,2030-01-01
I709106,1526,1.0639143984E8,
I711473,1988,1.5831574025E8,
I716675,530,1.681949004E7,
I720353,-1882,4.799412231E7,2025-10-07
I723265,-637,7.171294009E7,2025-09-27
I734414,544,4.996157322E7,2030-01-01
I736708,-1810,1.0596594342E8,2025-09-24
I748143,1549,1.7914677701E8,
I748887,475,4.6397849E7,2030-01-01
I752432,-1938,1.0516213864E8,2030-01-01
I764923,1884,1.0784778164E8,2030-01-01
I767113,1275,8.628987267E7,
I773985,935,1.0551844574E8,
I774447,1054,1.4419430085E8,2030-01-01
I782522,594,4435388.1,
I784705,473,5.034137524E7,
I788812,-877,8.085259506E7,2025-10-04
I792079,637,7.122161592E7,
I804423,977,7.884782967E7,
I805237,1754,0.0,
I808460,1037,1.013243948E8,
I813219,1084,5.069795803E7,
I818955,-1075,1.0174902106E8,2025-09-08
I820457,616,1.114404585E7,2030-01-01
I821131,-932,1.144006365E7,2025-09-24
I716328,-1853,5.124124389E7,2025-09-30
I715552,934,9.848102401E7,
I718562,1986,2.0325714459E8,
I720141,-1802,0.0,2025-09-17
I720293,1737,8.07919765E7,
I722418,110,3398658.59,2030-01-01
I726775,1369,1.8997729294E8,2030-01-01
I736743,1760,1.8950406608E8,
I744341,-112,9143011.93,2025-09-12
I748106,1365,3.252870749E7,
I748323,1330,1.5313505056E8,2030-01-01
I748504,1629,9.972641064E7,2030-01-01
I748918,-1521,0.0,2025-10-05
I751446,261,3.109844627E7,2030-01-01
I757085,1387,1.2685348317E8,
I762508,-986,5.899823467E7,2025-10-04
I763027,206,1.572831446E7,
I763251,-919,7.932288199E7,2025-09-06
I763761,1381,8.401456301E7,2030-01-01
I765808,1479,6.087039714E7,2030-01-01
I766971,222,2.849875344E7,2030-01-01
I767653,324,3.231910241E7,
I769956,994,1.2851955196E8,2030-01-01
I773490,719,7974257.35,2030-01-01
I780481,484,1.903995221E7,2030-01-01
I782386,1887,8.347667699E7,2030-01-01
I787072,1228,1.7073737801E8,2030-01-01
I791789,-1086,7.520534022E7,2025-10-14
I801388,-1091,5.232152952E7,2025-09-21
I802830,218,2.620646666E7,
I803917,988,1.1251732012E8,
I804592,634,4.817507058E7,
I810609,1396,1.3331991504E8,
I811611,1064,3.546991738E7,
I819373,1112,8.444788684E7,2030-01-01
I710716,987,1.1723023522E8,2030-01-01
I719729,-500,9104692.22,2025-09-10
I720901,-1846,8.471966906E7,2025-10-27
I721791,660,5.111739871E7,2030-01-01
I723757,926,5.411580594E7,2030-01-01
I729213,1102,2.195756675E7,2030-01-01
I732869,-401,8952461.27,2025-10-30
I734466,494,3.219610298E7,2030-01-01
I740277,962,1.0819756626E8,
I743617,-393,3.048582257E7,2025-09-23
I743802,-1771,1.7366512773E8,2025-09-25
I745468,1535,8.645617854E7,2030-01-01
I748860,1672,5.602517286E7,
I750152,-919,4.098256639E7,2025-10-07
I750451,1313,3.014749915E7,2030-01-01
I751286,1179,5.433011176E7,2030-01-01
I760014,326,3.285541509E7,2030-01-01
I761675,1300,5.047689581E7,2030-01-01
I764778,316,3.220191667E7,
I766014,1668,6.468999093E7,2030-01-01
I767783,176,2.308382978E7,2030-01-01
I770866,-636,2952888.55,2025-09-18
I777592,948,5.212358501E7,2030-01-01
I782868,956,1.0757447055E8,2030-01-01
I784389,-257,3.764711708E7,2025-09-15
I785107,791,6.110921991E7,2030-01-01
I790310,-555,2407223.28,2025-10-12
I795823,-1949,8.640796597E7,2025-09-10
I799785,849,3.823838315E7,2030-01-01
I800042,474,1.948360416E7,
I801927,-542,4.073080233E7,2025-09-21
I802258,-1052,2.237035745E7,2025-09-15
I802284,-1051,1.2152471517E8,2025-10-22
I805054,1066,9.564348119E7,
I810864,250,1.396374018E7,
I811933,-1839,1.8283596232E8,2025-10-21
I819194,338,4.781442249E7,
I819559,-898,1.877073684E7,2025-09-06
I821473,1814,1.495182582E7,
I707330,-1883,2.7637754155E8,2025-10-05
I710223,-1314,9.710605683E7,2025-10-14
I713923,-885,7.602641755E7,2025-09-22
I716154,1940,4.76639424E7,2030-01-01
I711881,-353,2.238847942E7,2025-09-29
I716662,122,1.71311311E7,
I721548,72,5460122.71,2030-01-01
I724054,1384,2.99006266E7,2030-01-01
I725913,-1677,1.5345224598E8,2025-10-12
I728007,845,1.962453492E7,
I728852,1017,5.684084014E7,2030-01-01
I735350,669,9.004804435E7,
I737266,316,2.942210332E7,
I741255,1810,2.172435969E8,
I745795,496,1.938743797E7,2030-01-01
I745882,-880,1.2888076005E8,2025-10-31
I752019,1008,5.372914403E7,2030-01-01
I752657,-861,5.03510423E7,2025-09-21
I760592,954,2.338850606E7,2030-01-01
I763691,614,7.454458358E7,2030-01-01
I764961,909,1.2757295051E8,
I766124,1770,1.024490651E8,2030-01-01
I766328,-1793,1.008674529E7,2025-09-29
I767335,-291,3.335672279E7,2025-09-02
I767928,735,1.0101133603E8,
I776886,-1149,4.643321386E7,2025-09-23
I787706,962,1.662099679E7,2030-01-01
I789212,-237,2.429657405E7,2025-10-27
I794539,-1529,7.597322804E7,2025-10-01
I795085,-1278,9.381198805E7,2025-10-05
I796840,1417,4.901034047E7,2030-01-01
I803228,1111,1.900984872E7,2030-01-01
I805440,-646,2057730.23,2025-09-23
I806785,1985,1.9595521802E8,
I812100,-93,9017090.28,2025-09-26
I822478,-418,1.099150704E7,2025-09-12
I707872,1205,7.94931466E7,2030-01-01
I708819,1422,6.664583127E7,2030-01-01
I726012,1753,1.3563496993E8,2030-01-01
I726511,582,2.282509588E7,2030-01-01
I732960,1877,2.483357223E8,
I733529,248,3.288427287E7,
I734924,-1184,3.868359823E7,2025-10-16
I737072,1557,4.219810183E7,
I737698,524,5.547529827E7,
I742402,-1890,7.639401685E7,2025-10-13
I744944,183,2.055843205E7,2030-01-01
I757434,-1617,3.121042894E7,2025-09-22
I761519,411,4.240652987E7,
I762241,1653,3.664483185E7,
I773969,1009,6.770317045E7,
I780460,1850,6.438535324E7,
I789247,-1875,2.2676592282E8,2025-09-26
I795675,561,5.37577707E7,2030-01-01
I797291,-1223,1.2719936784E8,2025-09-06
I801437,1506,3.326917051E7,
I804680,435,1.336687421E7,2030-01-01
I808569,657,7.956736739E7,
I810919,839,8.028149065E7,
I815302,86,5023242.79,2030-01-01
I818691,545,5.908965943E7,
I820484,-1816,1.6090397671E8,2025-10-07
I828666,1931,2.734499277E8,2030-01-01
I831588,617,3.609297236E7,2030-01-01
I838504,1328,9.814196357E7,2030-01-01
I841510,1695,2.2295301742E8,2030-01-01
I846974,-240,5616125.55,2025-09-03
I847664,-1391,6.665115292E7,2025-09-01
I848002,874,9.0743742E7,2030-01-01
I848536,-1850,1.4955990129E8,
I848742,1519,1.4125871484E8,
I851246,724,5.881338328E7,2030-01-01
I861250,-220,5949103.36,2025-10-22
I866543,-1740,2.5951866402E8,2025-10-12
I869484,-1149,4.600302872E7,2025-10-26
I870676,-397,1.107564169E7,2025-09-29
I871073,-1103,4.718446586E7,2025-09-03
I871376,-723,7.074277753E7,2025-10-18
I876563,1197,4.868517474E7,2030-01-01
I876932,-734,1.817831728E7,2025-09-17
I879242,1905,6.519512114E7,2030-01-01
I883883,-1152,1.6975915015E8,2025-09-24
I888539,755,1945904.76,2030-01-01
I891892,-1325,3.290554773E7,2025-10-14
I896036,-1599,3.870153267E7,2025-09-22
I897721,-454,5.16362246E7,2025-09-30
I900689,1816,7.057920766E7,
I900785,1970,2.149091536E7,
I913662,-914,5.460437447E7,2025-10-01
I914943,963,1.0092760908E8,2030-01-01
I917326,-1040,1.2116586097E8,2025-09-05
I917794,1144,1.410730624E8,2030-01-01
I923691,421,5.177268764E7,2030-01-01
I927010,1087,1.2981764739E8,
I931511,-1495,4.245781769E7,2025-09-05
I936372,662,8134130.67,
I936405,132,5687894.15,2030-01-01
I937051,1331,1.1616794183E8,
I828569,1441,1.0313658891E8,2030-01-01
I830246,-302,4060815.64,2025-10-08
I826941,116,1.193701357E7,
I827060,736,1.0250382222E8,
I830304,411,2.757650138E7,
I833079,882,7.963617429E7,
I835346,-892,8.148987891E7,
I840066,-1576,1.5336373701E8,2025-09-14
I842455,379,1.971193025E7,2030-01-01
I844579,755,3.103148812E7,
I847991,51,1560308.68,
I867370,273,3.286784885E7,2030-01-01
I867560,-1481,1.3795555723E8,2025-09-14
I872234,-73,5149291.03,2025-09-29
I877872,1309,5.027643219E7,
I878837,362,1.761641023E7,2030-01-01
I884586,627,8.62382649E7,
I887050,1866,9.106746291E7,
I887586,-82,1.196127407E7,2025-09-01
I890251,-365,1.095193813E7,2025-10-13
I894066,-763,1.585338608E7,2025-10-11
I898136,246,1.933159732E7,2030-01-01
I898809,-1656,3.243297477E7,2025-09-06
I901397,-1927,2.0089567238E8,2025-10-28
I901913,719,9.947501256E7,2030-01-01
I903867,-541,4189163.39,2025-10-25
I904121,-1837,2.2635376184E8,2025-10-25
I905031,683,1.004920602E7,
I909571,1188,1.3002526919E8,
I911306,72,7033554.25,2030-01-01
I921089,1444,3.661757721E7,2030-01-01
I925919,-139,1.962454682E7,2025-09-13
I928203,1801,8.000926008E7,
I932370,1178,1.1824430968E8,2030-01-01
I933016,1497,1.2846843116E8,2030-01-01
I937707,670,3.894023828E7,2030-01-01
I825450,902,1.1694339563E8,2030-01-01
I827096,-1468,1.0647606941E8,2025-10-07
I828975,1984,2.440682068E8,2030-01-01
I831186,1976,2.9154311609E8,2030-01-01
I826937,1946,2.8513848089E8,
I840042,424,5.597702631E7,
I840916,1190,8.231148796E7,
I841858,204,4545853.91,
I862929,571,1313785.28,2030-01-01
I877882,916,1.0767732056E8,2030-01-01
I878765,-1911,3.326193628E7,2025-10-20
I879698,850,1.639191269E7,2030-01-01
I879732,1320,2.697885819E7,2030-01-01
I882281,-1273,7.649925015E7,2025-10-31
I888890,1054,3.564435917E7,
I888891,151,1.13617685E7,2030-01-01
I891997,-1206,8.134512781E7,2025-09-09
I900522,1138,1.4619154131E8,
I901055,281,1.665079267E7,
I908269,-635,4.173645397E7,2025-10-02
I912937,650,4.327491954E7,
I915958,-127,953302.36,2025-09-24
I916467,1553,1.7372833866E8,2030-01-01
I922699,-848,5.175290402E7,2025-09-04
I926957,-830,0.0,2025-10-23
I934277,685,3.815046238E7,
I938401,-1340,1.5102689185E8,2025-09-20
I823333,933,3.217338524E7,2030-01-01
I824239,-290,3.430618647E7,2025-09-23
I828348,-954,6.421610774E7,2025-10-29
I831876,-822,4.365292556E7,2025-10-12
I832430,-857,3.71958442E7,2025-09-03
I823864,1233,5.689012904E7,
I829228,881,1.0537512741E8,
I830313,1211,1.4422827428E8,
I832691,643,1987850.18,
I835810,-1548,1.929184054E7,2025-10-26
I849405,1193,7.388775847E7,2030-01-01
I854003,762,1543569.58,
I855822,1526,1.5802165099E8,
I860280,-974,1.734908651E7,2025-10-15
I861955,-1853,1.3243366962E8,2025-10-13
I862452,1605,1.685596339E8,2030-01-01
I864991,1884,1.621661E8,2030-01-01
I871275,1651,2.0599663831E8,2030-01-01
I874157,-910,3.26025977E7,2025-09-18
I877271,-258,1814050.15,
I880202,-1364,4008051.96,2025-10-22
I888093,-1316,1.9153838276E8,2025-09-27
I890001,715,3.893089229E7,
I891205,-1854,9.904975606E7,2025-10-26
I896645,-141,1.954728922E7,2025-09-16
I899738,-1047,4.188451716E7,2025-09-04
I906748,494,5741513.97,2030-01-01
I914098,1005,2.098015863E7,2030-01-01
I917296,-106,1.583739845E7,2025-10-12
I931445,-282,4.223789244E7,2025-10-10
I935035,1737,2.472647998E8,2030-01-01
I935369,-814,5.209935876E7,2025-09-18
I936369,1511,1.8220627708E8,2030-01-01
I938467,1129,1.513726759E8,
I825613,1156,9.04937734E7,
I828167,660,5.109012736E7,
I834934,1709,1.2341520282E8,
I840797,-1804,2.4631432663E8,2025-10-24
I841914,-1221,1.604147225E8,2025-10-04
I842381,1420,2.707150108E7,2030-01-01
I842680,-1857,1.6242855102E8,2025-09-18
I850480,-1607,6.01187945E7,2025-09-07
I851759,585,2.866092647E7,
I853087,1913,9.190014676E7,
I861572,-1020,1.4482203527E8,2025-09-16
I875469,1854,1.4592802574E8,
I880972,1941,2.3868185075E8,2030-01-01
I882525,-1435,2.1183564688E8,2025-10-04
I884143,593,9497939.03,2030-01-01
I884581,1881,2.4789368143E8,2030-01-01
I885256,-1206,1.1062239888E8,2025-09-24
I887534,-1021,1.4772632672E8,2025-10-20
I889556,1940,5.060032888E7,
I890748,-394,1.148212498E7,2025-10-16
I891057,886,1.0634023463E8,
I896361,1811,8.720340585E7,
I907747,1752,4.944478601E7,2030-01-01
I920816,-802,1.1389582629E8,2025-10-28
I921268,-495,5.086037514E7,2025-10-18
I923739,1029,3.697507076E7,2030-01-01
I927528,659,5.149148354E7,
I930715,-1910,1.8330239121E8,2025-09-28
I936834,911,1.3008939909E8,2030-01-01
I826718,-1024,1.3255955823E8,2025-09-01
I826371,1764,4686147.55,
I841060,-1219,2.827085291E7,2025-10-21
I846412,1646,2.3774837313E8,2030-01-01
I846876,557,6.16654409E7,
I853416,1436,1.1703539505E8,
I854630,759,2.815005972E7,2030-01-01
I857916,865,9.891766566E7,
I861283,-50,2824579.25,2025-09-12
I866152,861,4.8191308E7,2030-01-01
I866296,-1989,1.8641448607E8,2025-09-17
I866639,-1043,5.886930545E7,2025-09-29
I867744,-1387,5.017861912E7,2025-10-25
I871677,1808,2.1795415573E8,
I872272,1534,2.2197233247E8,2030-01-01
I882631,123,3782400.4,
I884315,187,4231398.34,
I886077,1443,4.783456806E7,2030-01-01
I890302,1760,2.1442293067E8,2030-01-01
I893903,-745,4.626910168E7,2025-10-31
I900617,-1265,1.528821977E7,2025-09-14
I902327,-757,5.609212789E7,2025-09-25
I908638,-1891,2.3096347462E8,2025-10-08
I918203,342,3.597914435E7,2030-01-01
I922322,1602,1.459262345E8,2030-01-01
I923044,586,1.078871646E7,
I924059,230,1.553284994E7,
I926924,569,5.199925925E7,
I927395,1566,2.0534812638E8,
I823625,-783,1.0420232614E8,2025-10-02
I824661,-1134,1.3011479481E8,2025-09-02
I827544,891,3.128602357E7,2030-01-01
I841246,-651,5.989010073E7,2025-10-02
I842480,1030,1.519273739E8,2030-01-01
I843168,1719,1.1352889036E8,2030-01-01
I846315,209,3699534.64,
I849221,1344,1.982921812E8,2030-01-01
I851801,1687,0.0,
I859052,-341,5.046142437E7,2025-09-24
I862190,1997,2.1042087705E8,
I870504,1735,7.701932298E7,2030-01-01
I871550,1917,6.264451104E7,
I872960,814,3.711834378E7,
I877442,339,0.0,2030-01-01
I877729,1869,1.976522897E7,2030-01-01
I880075,645,9600307.57,2030-01-01
I885596,406,5.573812218E7,
I887916,659,9.002843075E7,2030-01-01
I891853,1796,1.92069125E8,2030-01-01
I897654,1696,2.3849439261E8,
I905968,1348,1.5860656673E8,
I907813,-1647,1.183023063E7,2025-10-25
I907904,-405,2.531578127E7,2025-09-25
I910651,680,6.139617205E7,2030-01-01
I917759,-1845,8.101823889E7,2025-10-20
I919384,362,4.687104926E7,2030-01-01
I925861,676,5.145104809E7,2030-01-01
I929414,1096,9.128194326E7,
I931601,-261,3.065365057E7,2025-09-17
I935444,109,9698963.96,2030-01-01
I826954,1610,1.7043492188E8,2030-01-01
I844851,1364,1.4487654571E8,2030-01-01
I846439,-1052,5.838937434E7,2025-10-10
I848395,1313,1.7516060661E8,
I851809,-1294,1.8556299202E8,2025-10-27
I855351,241,1.865017912E7,2030-01-01
I858052,-1484,3.870737061E7,2025-09-05
I860107,839,5711419.89,2030-01-01
I861725,406,7089425.04,2030-01-01
I865352,301,2.753967047E7,2030-01-01
I867611,1577,4303028.82,
I867626,407,3.460426546E7,
I880046,-1809,7.760955418E7,2025-09-10
I880914,-432,5.489238123E7,2025-10-23
I881235,-1251,9380690.38,2025-09-03
I882073,399,5.156428244E7,2030-01-01
I883874,232,2.746626019E7,2030-01-01
I890224,1975,1.999564218E8,
I895047,721,1.0741271408E8,
I896211,1838,5.211997499E7,2030-01-01
I903433,516,4.86405908E7,2030-01-01
I904090,298,1.754265503E7,2030-01-01
I904828,1045,7.681302071E7,2030-01-01
I905585,-523,6.95660823E7,2025-09-27
I905724,839,5.235570008E7,
I912944,446,3.799809831E7,
I922645,-1167,1.4542303566E8,2025-09-20
I927005,-1166,9.234708607E7,2025-10-28
I935856,-83,3339795.01,2025-09-13
I938642,996,1.775790321E7,2030-01-01
I938743,1895,1.2706013352E8,
I832254,-1415,1.5744275861E8,2025-09-05
I832471,591,1.097557181E7,
I839878,658,5373679.14,2030-01-01
I841255,1603,2.955439641E7,
I845492,1759,2.3044509082E8,2030-01-01
I847983,870,1.2416351652E8,
I856376,-1881,2.456209592E8,2025-10-16
I857491,781,1.625673799E7,
I859323,176,1.401184901E7,2030-01-01
I859983,-602,7.133724116E7,2025-10-19
I863888,1699,1.574909052E8,2030-01-01
I869539,1526,1.2609681225E8,
I884206,-80,1823671.29,2030-01-01
I885630,1957,9.551332774E7,2030-01-01
I886018,1791,3.809349416E7,2030-01-01
I887945,839,2.363577202E7,
I889351,1855,2.7540030915E8,
I892003,1084,4.207464202E7,
I904391,1402,1.0400485135E8,2030-01-01
I910227,631,6.757973238E7,
I912487,863,6.23213298E7,2030-01-01
I914159,-1755,1.4237398693E8,2025-09-17
I918941,705,9.566781225E7,
I934031,1779,1.3780920843E8,
I934376,-1010,1.4493331254E8,2025-09-24
I936737,1605,3.206727129E7,
I937668,1633,2.125454095E7,
I830094,-1681,2.4055700089E8,2025-10-29
I831710,-438,4.470966765E7,2025-10-20
I836793,1754,5.442051854E7,2030-01-01
I837118,-1584,1.947699098E7,2025-09-13
I838194,-178,2.041909213E7,2025-09-08
I843791,-1196,4.602460124E7,2025-10-26
I850140,-1873,1.4841477069E8,2025-10-16
I850452,717,1.0253191692E8,
I852663,-1782,2.113760167E7,2025-09-12
I855806,-801,1.1280550517E8,2025-10-18
I862699,1964,6.440615814E7,
I869970,355,5.046599984E7,
I872167,1012,3.475639381E7,
I872731,139,1.978749154E7,2030-01-01
I874258,-331,6322349.29,2025-10-07
I883323,1971,3.396878906E7,2030-01-01
I884794,1679,2.0823852275E8,2030-01-01
I884877,1282,8.150916803E7,
I885000,609,7.317608146E7,2030-01-01
I889907,-1448,2.1607645281E8,2025-10-24
I891056,96,7949404.8,2030-01-01
I900940,483,6.599280117E7,
I909611,1555,6255195.66,2030-01-01
I920567,253,922621.77,2030-01-01
I927901,485,4.177812243E7,2030-01-01
I937333,986,1.4254770591E8,2030-01-01
I823676,1809,9.844562413E7,2030-01-01
I830809,-62,7062476.46,2025-09-16
I824004,1408,2.355567862E7,
I826313,143,9887524.57,
I829330,1517,2.908259605E7,
I832233,1354,1.6677884204E8,
I843224,972,1.442488378E8,2030-01-01
I850489,532,7.257260268E7,2030-01-01
I860671,254,6629549.92,
I864669,780,6.115081624E7,2030-01-01
I865493,922,2325766.24,
I866076,692,3.434871332E7,
I873357,-1446,5.75243022E7,2025-10-11
I874180,-1681,1.9999444623E8,2025-10-06
I877130,1065,1.3926194909E8,
I880071,592,5.522073137E7,
I883017,1897,1.6044672884E8,2030-01-01
I885566,-1682,7.996785848E7,2025-10-25
I886313,888,1.739430834E7,2030-01-01
I897818,819,1.200980031E8,
I899598,988,1.883357049E7,
I899931,419,1.361625748E7,
I901519,-859,3.623561742E7,2025-09-15
I901591,338,3.46586468E7,
I905941,-1456,0.0,2025-10-08
I915485,328,3.960193316E7,2030-01-01
I916089,-488,0.0,2025-10-17
I916353,-527,6.315781891E7,2025-09-17
I921179,412,5.931813772E7,2030-01-01
I922449,1629,1.4525445237E8,
I924988,-1868,2.2903982795E8,2025-10-07
I927425,-1239,7.953812917E7,2025-10-25
I928083,398,1.596840643E7,2030-01-01
I930805,365,4.720077167E7,
I935170,-1603,7.654521036E7,2025-10-07
I935871,787,7.405527919E7,2030-01-01
I937086,1881,5.6686329E7,
I937472,520,6.380295841E7,2030-01-01
I835492,1241,1706685.67,
I839893,1950,1.6544307919E8,
I846044,100,327830.59,2030-01-01
I847142,-1229,1.0789341462E8,2030-01-01
I855904,-598,5.276887561E7,2025-10-06
I866944,506,5.739579445E7,
I869089,1454,1.8585339836E8,2030-01-01
I871089,1746,9.411852563E7,
I875315,1538,7.072346349E7,
I880774,1744,2.4276792534E8,
I885935,-1500,2.1187141678E8,2025-10-26
I893672,-1164,4.456054352E7,2025-10-18
I895171,-392,6157095.99,2025-09-24
I895459,202,176045.97,
I896303,141,1.711484745E7,
I904698,-1552,2.3131101414E8,2025-09-12
I908387,1147,1.5566425189E8,2030-01-01
I916827,1245,1.5196683292E8,
I918054,1188,4.913956117E7,
I918226,-1953,2.3713518338E8,2030-01-01
I918650,1101,1.0247619841E8,
I920980,-844,3.421187878E7,2025-10-17
I923578,-864,1.2561467961E8,2025-09-12
I924860,-1851,1.275729011E8,2025-10-09
I941043,-1039,0.0,2025-09-01
I945579,-279,3.582380689E7,2025-10-14
I950304,98,5535882.75,2030-01-01
I939618,310,3.505982589E7,
I945024,993,7.446051081E7,
I947546,495,9123861.53,
I952969,1450,1.8106940354E8,2030-01-01
I958274,262,3.285610704E7,
I966197,-492,2.821441611E7,2025-09-02
I967844,82,4295540.37,
I971473,-386,4.216583463E7,2025-10-04
I975254,-1494,7.245182957E7,2025-09-15
I977269,1732,5.214291227E7,2030-01-01
I979509,1038,4.745102379E7,2030-01-01
I980195,1053,1.0917862847E8,
I983493,1696,1.340398153E7,2030-01-01
I985703,1664,1.3597491349E8,
I986789,810,1.0318805166E8,2030-01-01
I987248,1060,5.532569202E7,
I994681,1876,2.6296085394E8,2030-01-01
I996546,683,1.138944171E7,2030-01-01
I996813,-349,5.011317042E7,2025-10-05
I1002505,482,2.129136516E7,2030-01-01
I1002784,1500,1.5960176173E8,2030-01-01
I1003348,-1898,9.813475338E7,2025-10-30
I1004164,562,4.589451391E7,2030-01-01
I940190,1502,1.3292554859E8,2030-01-01
I946967,-1838,9.263263373E7,2025-09-12
I947304,1589,1.0339579605E8,2030-01-01
I950575,1831,1.9904121885E8,2030-01-01
I941884,683,6.282199752E7,
I942569,-1765,1.1871198296E8,
I943841,162,9511145.58,
I961971,-631,2.125409705E7,2025-10-10
I962997,-448,6.021504701E7,2025-09-28
I965290,1637,2.377368364E8,2030-01-01
I975190,1045,4.938735024E7,2030-01-01
I981495,-101,2168845.49,2025-09-18
I984360,1431,5.263076367E7,
I991029,1890,2.1768156926E8,
I991218,1801,9.121288706E7,
I991610,578,4.273938552E7,
I992448,1528,6.771712731E7,2030-01-01
I1000852,1765,6683127.97,
I1007300,931,1.3587840185E8,
I946626,339,1.862403652E7,2030-01-01
I953867,1946,2.6914307973E8,2030-01-01
I954447,-451,0.0,2025-10-27
I958719,726,1.446873323E7,2030-01-01
I966429,248,2.545597659E7,2030-01-01
I975599,1293,9.851121058E7,
I977263,-874,3.851643664E7,2025-10-31
I985066,707,3691494.04,2030-01-01
I996215,370,2.51354423E7,
I998766,599,4027304.9,2030-01-01
I999535,-783,1.0243255815E8,2025-10-08
I999841,903,7.776340768E7,2030-01-01
I1000729,-796,5.44117906E7,2025-10-19
I1004072,1409,6.360014152E7,2030-01-01
I1006113,462,2.90474881E7,2030-01-01
I1007313,-1456,2.0243072726E8,2025-09-23
I1007723,-868,1.90280001E7,2025-09-21
I1008084,712,1.0603218041E8,
I1008403,-381,5.284533429E7,2025-09-12
I943298,740,8.918562697E7,2030-01-01
I944116,-1920,5569515.6,2025-10-15
I949607,89,8628667.07,2030-01-01
I951003,-1944,2.635660254E7,2025-09-15
I955104,566,2405821.35,2030-01-01
I955285,1440,1.2593353681E8,
I957033,-214,2.636074261E7,2025-09-17
I957766,1118,3.244743722E7,
I960602,-931,2.366298377E7,2025-09-15
I960821,296,3.60228427E7,2030-01-01
I963094,731,3.289427856E7,2030-01-01
I964187,-816,2.986426737E7,2025-10-02
I965476,1808,9.402745696E7,
I968285,1847,2.727145095E7,2030-01-01
I975442,181,8038229.36,
I978340,782,5.572918021E7,
I978955,1237,1.958295324E7,
I986300,441,6.366264631E7,2030-01-01
I990010,-133,1.556375007E7,2025-10-26
I990720,213,1.301315311E7,
I950001,451,2.008469321E7,2030-01-01
I948436,133,1.244515073E7,
I951391,-596,1.421029693E7,2025-09-22
I958801,924,7.451578221E7,
I959096,1809,2.241331788E8,
I960617,654,9476539.93,
I964689,1197,2.520441801E7,
I968577,1082,5.845150882E7,2030-01-01
I974702,-1407,4.408815284E7,2025-10-07
I980727,380,1145066.47,2030-01-01
I984075,1705,3.624049674E7,
I985899,631,5.901939906E7,
I986614,-1693,1.1024218105E8,2025-10-24
I987368,1038,1.420932233E8,
I992414,534,7.797916372E7,
I996885,1464,1.9712904975E8,
I1006989,904,1.099467726E8,
I951060,-1769,3.886280361E7,2025-10-12
I941560,1360,1.3767502853E8,
I941936,1350,9.011536059E7,
I943182,638,6.736853526E7,
I955011,233,2.960359553E7,
I955713,258,4242338.92,2030-01-01
I959374,783,1.747239843E7,
I964010,1119,1.2594743672E8,2030-01-01
I969772,-726,3.322770874E7,2025-10-15
I970308,-686,2.332879347E7,2025-09-14
I971710,526,1.898658556E7,
I977480,-1830,1.2270833292E8,2025-09-25
I977825,-1981,2.5740283246E8,2025-09-04
I987258,751,0.0,2030-01-01
I991056,-799,2.678573172E7,2025-09-26
I993153,-1926,6.917017208E7,2025-10-30
I994518,-1225,3.465408683E7,2025-09-07
I995336,-1133,3.662086453E7,2025-09-21
I998537,399,5.198086172E7,2030-01-01
I998940,580,8.117987681E7,
I999216,1654,2.361981411E7,2030-01-01
I999946,142,8720523.46,2030-01-01
I1006889,1103,7.063411743E7,
I946340,914,3620624.67,2030-01-01
I946651,-1487,5.262109658E7,2025-10-30
I939009,1968,2537760.94,
I939760,1599,2.2599685274E8,
I940956,1200,8.500998629E7,
I948868,1610,1.2919803938E8,
I953628,1052,7.887260703E7,
I955256,639,7.338588047E7,
I956190,1939,1.0633913673E8,2030-01-01
I958984,-352,3.213939049E7,2025-10-05
I960254,1159,1.5326176653E8,
I964071,1609,4.582122165E7,2030-01-01
I968352,1396,8.196049513E7,2030-01-01
I973610,1657,1.2952563136E8,2030-01-01
I976887,1300,1.2688998691E8,2030-01-01
I982360,-68,423690.64,2025-10-25
I983925,-1888,7.442102242E7,2025-09-27
I987928,976,1.266420139E7,
I989054,-1017,1.138124893E7,2025-09-29
I989233,461,3.295574394E7,2030-01-01
I990192,-1267,1.6115609788E8,2025-09-01
I993478,1370,1.3347438796E8,
I995280,1422,1.465906779E8,2030-01-01
I1000536,1179,6714990.11,
I1005068,1748,8.883751446E7,
I941051,-50,6649648.53,2025-10-27
I942866,1254,1.5736311152E8,2030-01-01
I944666,1024,3.042603172E7,2030-01-01
I950771,-800,1.1186295277E8,2025-10-20
I950171,655,8.115889867E7,
I952119,859,1.1879386908E8,2030-01-01
I957762,-1577,1.5681852698E8,2025-10-18
I958558,440,6032024.99,2030-01-01
I960400,-1636,2421551.33,2025-10-11
I963494,1334,5.600308151E7,2030-01-01
I966476,505,6.098047638E7,2030-01-01
I969681,706,7.582504004E7,
I969916,1026,1.1934304864E8,2030-01-01
I974992,1964,2.0996313086E8,
I975713,1539,1.1109165585E8,2030-01-01
I975921,603,6.1279368E7,
I977270,414,0.0,
I977304,-902,3.821086302E7,2025-09-01
I987959,-168,1.645379282E7,2030-01-01
I988097,1418,1.937897964E8,2030-01-01
I994921,1225,6.700852198E7,
I995207,1753,1.2353813065E8,
I998257,1632,2.2141759921E8,2030-01-01
I998907,167,1899259.1,2030-01-01
I1002410,1572,2.0726198762E8,
I1007243,1322,1.4534868377E8,2030-01-01
I944381,1591,0.0,2030-01-01
I948924,843,9.015987075E7,
I950459,1191,9.055115127E7,
I958892,206,1.351966934E7,2030-01-01
I961561,1715,1.6525859064E8,
I976148,1907,1.2162316941E8,
I976827,-1696,1.3153591585E8,2025-09-10
I980540,494,3.312345467E7,2030-01-01
I982791,373,2.136478018E7,2030-01-01
I989433,1225,4.271229228E7,2030-01-01
I995426,1589,1.2345122079E8,
I995826,-583,3.129674427E7,2025-09-13
I998820,-217,1.536709627E7,2025-10-29
I1005636,1346,6.343813631E7,2030-01-01
I1009016,-156,6754041.7,2025-10-04
I946125,1191,7.970488877E7,2030-01-01
I949892,1911,7.15540598E7,2030-01-01
I942394,1506,1.496884924E7,
I950394,1782,2.2988408577E8,
I952673,1004,9.002429729E7,2030-01-01
I953849,-57,44694.93,2025-09-02
I954998,-1606,1.2253106132E8,2025-10-16
I956384,343,4.019574972E7,2030-01-01
I965830,858,8.07609445E7,2030-01-01
I973089,231,1.055654567E7,2030-01-01
I977755,-1996,1.8223969277E8,2025-09-14
I978619,1473,1.1416170871E8,2030-01-01
I979771,726,1.556667646E7,
I981612,594,4.178580481E7,
I983735,1154,7.896246597E7,2030-01-01
I984277,-794,1.860129258E7,
I984422,553,4.728087907E7,
I985737,919,2334430.87,2030-01-01
I990240,-834,1.1988383113E8,2025-10-05
I991635,1354,6.484280578E7,2030-01-01
I992109,858,1.2458325199E8,2030-01-01
I998845,1461,2.0621159723E8,2030-01-01
I1000938,1370,6.556488391E7,
I1001377,436,937230.35,2030-01-01
I1002389,879,8.222116579E7,2030-01-01
I1004518,-173,5285833.67,2025-09-07
I943369,-1208,6.918748595E7,2025-10-17
I951833,1799,1.420407195E8,
I953758,-374,1.492602602E7,2025-10-10
I954668,1464,1.3218705302E8,2030-01-01
I960497,754,6.65743085E7,
I962423,1513,1.2619303056E8,2030-01-01
I963177,-1431,7.521924894E7,2025-10-22
I974322,-917,1.0364203604E8,2030-01-01
I974507,-1144,5.412572649E7,2025-09-12
I977686,1667,2.3563567051E8,
I987148,1620,1.5584006353E8,2030-01-01
I994890,428,3.081869034E7,2030-01-01
I995972,1175,5.229216872E7,
I998308,347,5808070.0,
I1002160,-1334,4.415080659E7,2025-09-08
I1002948,-396,5.299945304E7,2025-10-05
I1006132,1852,1.4982736557E8,
I1008405,-1528,8.521237709E7,2025-09-06
I1009645,-1384,5.996549795E7,2025-10-10
I942536,-1567,2.1271279821E8,2025-09-24
I947445,318,3.43976865E7,2030-01-01
I947904,316,2.783669593E7,2030-01-01
I948755,-421,3.98027774E7,2025-10-19
I950068,977,3.356475312E7,2030-01-01
I952346,-1911,2.7539007557E8,2025-10-19
I956047,-141,837565.24,2025-10-22
I961451,644,2.469538532E7,2030-01-01
I971646,-801,7.891448033E7,2025-10-03
I971820,1401,3.893335359E7,2030-01-01
I972385,483,1168686.87,2030-01-01
I977627,476,2.378817428E7,2030-01-01
I987092,1880,1.5144621843E8,2030-01-01
I988523,204,7731125.75,
I989033,785,7.031592564E7,
I989470,-1018,1.3525626339E8,2025-10-13
I999401,377,2.356820957E7,
I1004702,1012,1.1144444156E8,
I1008052,-1808,3930333.81,2025-10-19
