item_id,units_sold,revenue,sale_date
I12543,516,2.331449645E7,2030-01-01
I18400,-695,4.078238297E7,2025-10-31
I21800,1013,3.523387761E7,2030-01-01
I24050,1616,4.311463866E7,
I26851,1149,1.3282062948E8,2030-01-01
I32527,-1261,1.6983842954E8,2025-10-05
I34895,719,8.602891225E7,2030-01-01
I35908,1131,4.379405774E7,2030-01-01
I42105,-1319,4.588475668E7,2025-09-24
I42829,-369,1552380.74,2025-09-17
I43978,670,1.732178336E7,2030-01-01
I53910,1789,0.0,
I59819,757,9.540023147E7,
I60521,841,3.896655914E7,
I63694,789,6.871401158E7,2030-01-01
I63853,259,1.368874977E7,2030-01-01
I65893,1463,1.0373868679E8,2030-01-01
I66142,1066,3.285442386E7,
I66539,402,1084074.39,2030-01-01
I71418,1663,9.549554844E7,2030-01-01
I75338,636,0.0,
I77113,1752,1.7165250509E8,
I83342,1938,9.506158889E7,
I88576,-974,5.604226835E7,2025-09-12
I97696,223,3.276089312E7,2030-01-01
I98887,-1081,9.541198053E7,2025-09-13
I99717,-1871,2.3956110285E8,2025-09-12
I102375,-1093,8.383835468E7,2025-10-04
I107098,-446,9565435.97,2025-10-03
I108545,-1944,2.290588598E8,2025-10-18
I109740,1719,7.86992938E7,
I110349,-591,7.176115851E7,2025-10-23
I115357,331,2.506911173E7,2030-01-01
I18315,1322,1.282682243E8,2030-01-01
I17855,1400,1.9975426691E8,
I23495,687,1.0227900345E8,
I23725,1298,1.9437650308E8,2030-01-01
I23759,66,5343646.56,
I29692,-813,1.1278316643E8,2025-09-01
I30390,-758,4.035421584E7,2025-09-04
I31982,1694,5.637062834E7,2030-01-01
I45675,657,7.369014191E7,
I47790,929,1.041307738E7,
I52763,-1788,2.821925643E7,2025-10-12
I55295,-1262,1.687569311E7,2025-10-19
I59480,581,7.846810018E7,2030-01-01
I59865,-1430,3.38658156E7,2025-09-22
I60424,229,2.620558191E7,
I63069,805,1.1206209591E8,2030-01-01
I64573,1565,1.444151766E7,
I67466,1930,2.6103970519E8,
I69857,-1883,1.8978452457E8,2025-09-21
I73051,818,1.1552277821E8,2030-01-01
I76609,-1578,4.761769176E7,2025-10-25
I89634,-1583,1.7400227682E8,2025-10-11
I99737,-1639,1.4505876674E8,2025-09-13
I100511,383,3.977203987E7,
I103603,753,1.1012044683E8,2030-01-01
I104874,-1797,1.1072578081E8,2025-10-20
I105728,-581,2.570473004E7,2025-10-22
I106843,496,4.842544788E7,
I112786,896,3.615204577E7,
I113316,-820,1.458699197E7,2025-10-02
I117857,1821,7.143450214E7,
I118194,422,3.809139539E7,2030-01-01
I121520,1028,6.406452867E7,2030-01-01
I125616,1703,4.752753043E7,
I125648,1516,2.200863269E7,
I126601,-1271,6937561.33,2025-09-26
I21928,-372,2.017198296E7,2030-01-01
I12073,1667,2.02675846E7,
I13759,331,8493984.59,
I15004,1949,9.802933091E7,
I23299,-1095,3.630057258E7,2025-10-14
I32764,-1670,1.4586111425E8,2025-10-04
I34535,1664,2.1649692692E8,
I37440,507,4739902.18,2030-01-01
I40726,1227,2249707.42,
I40736,-462,2951319.72,2025-10-06
I45805,-678,5.065884695E7,2025-09-11
I51612,-193,1.676025731E7,2025-10-19
I57758,-1993,8.308832998E7,2025-09-16
I60700,1386,1.5813286501E8,
I63992,298,3.812649258E7,
I64015,-492,1.017306148E7,2025-09-13
I66636,-98,7432660.84,2025-09-07
I70531,260,1.454645174E7,
I71696,761,8.484178744E7,2030-01-01
I79038,1994,9.329025706E7,
I84982,904,6.384099488E7,
I93241,-1349,8.880325596E7,2025-09-14
I95167,106,3198115.57,2030-01-01
I96896,1642,1.1162265229E8,
I101445,-683,9.362290212E7,2025-10-17
I106139,1130,1.3950780712E8,
I112949,-1756,4.991061331E7,2025-10-02
I115037,-504,5.986196113E7,2025-10-12
I117928,-1559,1.2342711984E8,2025-10-06
I10355,-658,1.655690218E7,2025-10-21
I10564,291,1.087992423E7,2030-01-01
I13988,-1303,1.139707979E7,2025-10-06
I15346,1414,1.933239423E8,2030-01-01
I20676,-427,4.256410748E7,2025-09-29
I11030,1379,3.600003973E7,
I31696,-1388,1.5270911916E8,2025-09-02
I34346,1150,4.311843599E7,2030-01-01
I41793,486,1.444979154E7,
I43943,1631,6.970110774E7,2030-01-01
I47521,440,4.993724168E7,2030-01-01
I49722,-879,8.381379059E7,2025-09-15
I59027,556,1.329234944E7,2030-01-01
I64436,-1900,4.130302098E7,2025-10-04
I66160,-990,1.3121224328E8,2025-10-31
I69457,-1945,1.8585720934E8,2025-09-16
I70640,1922,3.29901948E7,
I88256,1018,8.988389506E7,
I91471,1518,5.745660668E7,2030-01-01
I93752,1896,2.2909164372E8,2030-01-01
I96339,1943,1.5088381012E8,
I97928,-1114,4.011748087E7,2025-10-13
I98913,-1135,1.4684063507E8,2025-10-20
I100106,1423,1.333030732E7,
I102768,1643,9.392984193E7,2030-01-01
I103297,441,2.0990124E7,
I103709,742,8.680014665E7,2030-01-01
I106871,977,5.41278985E7,
I109970,117,9936572.91,2030-01-01
I122134,-519,5.898113327E7,2025-10-11
I122717,647,8987241.72,2030-01-01
I125028,-1560,1.418398635E7,2025-09-06
I125149,369,1.509435497E7,2030-01-01
I10266,-1831,2.4737113931E8,2025-10-17
I10891,-1296,1.4814370277E8,2025-10-20
I10784,682,2.513499104E7,
,1613,1.0196600677E8,2025-10-19
I25271,1136,9.373717242E7,
I25368,447,4.387648593E7,2030-01-01
I28394,-1788,5.665861432E7,2025-09-13
I30068,925,1.626384389E7,
I32481,-1911,1.351800568E7,2025-10-29
I34461,1431,6.363554927E7,2030-01-01
I42887,1189,1.412605285E7,
I43687,167,2.434667295E7,2030-01-01
I43896,1948,2.2158260254E8,2030-01-01
I50148,-54,2336360.75,2025-09-17
I58701,1265,7.297915718E7,
I59019,-421,8976223.83,2025-10-03
I61683,902,2.970208472E7,2030-01-01
I67448,1310,7.303652779E7,
I74254,-1286,1.3597588167E8,2025-10-15
I77179,986,5.774038057E7,
I85009,999,8.803706411E7,2030-01-01
I89565,1414,9.746802231E7,
I96098,-1071,1.4710607363E8,2025-10-27
I98568,1562,1.8323546343E8,
I99107,302,0.0,
I100148,-419,5.805093647E7,2025-10-25
I106115,184,7119619.16,2030-01-01
I111289,-1608,3.673137478E7,2025-09-05
I124802,891,4.673408699E7,2030-01-01
I125045,-1205,1.772979281E7,2025-09-11
I125674,595,1.6582142E7,
I126157,382,3.640805231E7,2030-01-01
I127210,1605,1.6321279094E8,2030-01-01
I128016,-683,6.679996127E7,2025-10-21
I16045,-1110,8.333145942E7,2025-10-30
I19325,-1710,1.7050835273E8,2025-09-06
I21948,491,4.42638537E7,2030-01-01
,1482,1.2234731868E8,2025-09-15
I12638,547,5.769291009E7,
I22199,1436,1.5145185262E8,
I33060,1969,2.1812147E7,
I33665,473,6.675273455E7,2030-01-01
I37878,-1866,3.1586063E7,2025-09-23
I44202,1018,1.1572649836E8,
I49114,-1446,1.829990452E8,2025-10-04
I53517,582,4.947887968E7,2030-01-01
I54105,1887,1.3664683964E8,
I54673,1377,8.132057581E7,2030-01-01
I55064,1033,8.497421899E7,
I56633,492,6.099540802E7,2030-01-01
I57375,-1980,2.1169961081E8,2025-09-25
I57595,-1511,2.138076889E7,2025-10-25
I75705,603,6.261665806E7,
I79373,1516,1.130522568E7,
I90178,-525,3.99110388E7,2025-09-20
I93707,-1082,1.927592013E7,2025-10-23
I98929,-852,0.0,2025-09-02
I107585,183,1.495906322E7,
I113900,-378,5.370249273E7,2025-10-02
I117691,664,8.538848201E7,2030-01-01
I118173,791,3.797662519E7,
I118885,569,2.036144277E7,
I119387,-1326,1.2578429967E8,2025-10-06
I122566,-949,1.1486724246E8,2025-10-16
I123358,340,1.84071264E7,2030-01-01
I125122,-1849,1.2313847038E8,2025-10-29
I10100,-156,2.242598635E7,2025-10-02
I11105,-907,1.540695351E7,2025-10-14
I19758,-1426,1.3613760467E8,2025-10-09
I15912,1032,7.585255952E7,
I20867,1422,1.3543140017E8,
I22113,1240,1.275913893E8,
I30419,1544,1.8909806678E8,2030-01-01
I36206,-158,7423696.17,2025-10-26
I43327,396,5.489014046E7,2030-01-01
I47858,1966,0.0,
I49460,1077,3.32751318E7,2030-01-01
I60919,-1639,1.2907622398E8,2025-09-30
I62427,1995,1.8446199984E8,2030-01-01
I63100,-183,9381581.9,2025-09-27
I75979,-1600,1.7847970359E8,2025-10-28
I76890,-1674,1.5962965733E8,2025-10-07
I81076,-1541,1.1703573961E8,2025-10-08
I82017,-1632,1.013996534E7,2025-10-06
I85740,1067,7.067064846E7,
I91497,1555,3.142284361E7,2030-01-01
I92886,-1863,2.2149326701E8,2025-10-23
I93735,-1263,9874987.83,2025-09-12
I97516,1366,7.422072008E7,2030-01-01
I102285,266,2.035041651E7,
I113202,1903,2.3224300035E8,
I115932,1730,2.2716158362E8,2030-01-01
I121901,1402,6.756655669E7,2030-01-01
I125600,-954,1.1725416367E8,2025-10-02
I14566,-585,2.193340987E7,2025-09-18
I16601,-1153,5.002090447E7,2025-09-03
I17113,846,7.820878265E7,2030-01-01
I16186,811,2.603298702E7,
I25178,524,1.368123634E7,
I27281,184,1.34882379E7,
I27776,-1833,1.5513677231E8,2025-10-28
I28216,756,3.479937536E7,2030-01-01
I33085,-738,5.204957575E7,2025-09-27
I33565,-166,2.067932023E7,2025-10-13
I34624,-1884,2.201248346E7,2025-09-08
I36373,1582,8.111462451E7,
I49814,-1701,2.1953964495E8,2025-10-25
I50812,-1675,1.4590359697E8,2025-09-02
I52775,536,2.805038515E7,
I57008,907,1.1653439306E8,
I58012,123,117552.08,
I59897,712,0.0,
I67388,-520,5.674577089E7,2025-10-01
I70285,-1589,2.294717782E8,2025-09-06
I77450,1981,6.422854681E7,2030-01-01
I78736,1659,2.540287326E7,
I79161,1096,4.296919173E7,
I81374,-379,2.319161164E7,2025-09-11
I85641,645,1001984.21,
I89316,318,6347690.97,2030-01-01
I89344,1581,1.4887118468E8,
I91271,1499,3324857.33,
I102811,169,1891292.24,
I108954,1923,2.4437587713E8,2030-01-01
I112753,1372,1.104164563E7,
I113962,-1612,1.4498305534E8,2025-10-14
I117558,1621,1.901548218E7,2030-01-01
I122894,349,0.0,
I126557,585,3.597730909E7,
I127800,1502,1.4206348382E8,2030-01-01
I24601,566,2.204814724E7,2030-01-01
I25142,1977,4.293394017E7,
I25647,1729,1.226265094E8,
I30488,-1670,3.981984578E7,2025-10-30
I31203,155,2.212911611E7,2030-01-01
I33292,-1852,4.876170349E7,
I44376,192,0.0,2030-01-01
I46455,1492,9.541222165E7,
I48171,1954,1.4181253379E8,2030-01-01
I55177,1017,3.316604152E7,
I56505,373,3.409188474E7,
I58302,143,1.089580456E7,2030-01-01
I58616,1168,9.167546933E7,2030-01-01
I59780,-457,4.403914719E7,2025-10-15
I64523,1375,9.569174457E7,
I65388,1947,1.2569547208E8,
I71422,256,2.174534368E7,
I72331,-782,8.871133769E7,2025-10-22
I75947,620,3.536484422E7,
I84789,-831,1.1986789998E8,2025-10-30
I92159,719,9.108061856E7,
I92674,800,1.1135881053E8,
I95859,-1126,7.661222062E7,2025-10-18
I100039,-669,4.354678733E7,2025-10-01
I100818,1747,5842032.67,2030-01-01
I106535,549,2.894564005E7,2030-01-01
I13916,699,5.687189949E7,2030-01-01
I16375,610,6.283107655E7,2030-01-01
I17289,-1817,5.269591158E7,2025-09-19
I11151,956,1.1620381976E8,
I14256,772,7.817259049E7,
I23372,901,2.611196857E7,2030-01-01
I23579,-107,2166121.23,2025-10-25
I24851,1056,5705941.23,
I26271,-1855,2.2043343341E8,2025-09-05
I29053,1033,1.4884194604E8,
I30130,405,2.025785428E7,
I31471,-504,7.375024402E7,2025-09-01
I33533,-1925,2.526186155E8,2025-10-03
I34274,705,8.614156705E7,
I43812,1003,1.12772587E7,2030-01-01
I44448,89,5061556.93,
I46459,-1082,1.2538709771E8,2025-09-13
I46853,1661,1.1963618327E8,
I48293,826,1.389232426E7,2030-01-01
I50464,509,3.453771966E7,
I51623,1471,7.024548018E7,2030-01-01
I51942,-1833,1.0744980026E8,2025-09-07
I54631,752,3.757848413E7,
I58260,-1951,2.5580201759E8,
I60170,1772,1.932484518E8,
I61613,180,1.078423276E7,
I74337,1200,7.143862523E7,
I74886,691,9.618986521E7,
I78972,981,1.0499229185E8,2030-01-01
I79901,1650,1.7499595567E8,
I83270,-566,4.337776658E7,2025-09-09
I84139,773,5.830857152E7,
I89561,-1702,1.2983976487E8,2025-09-20
I92739,-652,5.845972933E7,2025-09-18
I99689,-1342,8.312513976E7,2025-10-23
I101615,-1470,2.395291642E7,2025-10-13
I109642,-69,2414227.93,2030-01-01
I112890,706,9.292499035E7,
I116939,-1927,2.0791974967E8,2025-10-18
I117866,1493,6.869211807E7,
I15419,-1609,1.633893171E7,2025-09-26
I18823,1888,1.694308426E7,
I22378,778,3.674235756E7,
I26580,728,1.0801088329E8,
I34566,1558,2.1885026371E8,
I34907,-589,6382882.42,2030-01-01
I39008,-1280,6.064661817E7,2025-09-06
I41063,-930,1.0060991708E8,2025-09-25
I41833,1174,4.904662038E7,2030-01-01
I47895,975,9707481.98,
I53086,912,1.1912603028E8,
I53323,-633,8325756.02,2025-10-13
I55100,1106,1.4682831914E8,2030-01-01
I56316,-1068,3.994608335E7,2025-09-17
I56340,725,6.99707103E7,2030-01-01
I67977,959,1.720863869E7,2030-01-01
I69042,636,8017724.56,2030-01-01
I70655,1152,1.492872575E8,2030-01-01
I71429,-731,9.223928162E7,2025-09-13
I74962,193,7924341.11,
I76355,1826,1.5956197315E8,
I76385,462,5.058108434E7,
I77358,-1737,1.3660823302E8,2025-09-05
I85497,339,2.433192049E7,2030-01-01
I88417,688,9.330331991E7,2030-01-01
I89656,1338,1.1805266412E8,
I95787,721,1.042426442E7,
I100748,420,2.878459159E7,
I101596,-1226,1.7282841043E8,2025-09-19
I101702,-1347,2.376084E7,2025-10-27
I106132,-516,2.215580585E7,2025-09-07
I106967,930,7.452440454E7,
I115809,1819,5.722644139E7,2030-01-01
I117314,1715,2.5479084082E8,
I119853,154,9709354.55,2030-01-01
I10203,764,1.071998948E7,2030-01-01
I17133,1957,2.6591153695E8,2030-01-01
I20964,1396,8.279084169E7,2030-01-01
,1100,1.6120399099E8,2025-10-24
,1369,1.198029537E8,2025-10-22
I26721,408,4.258102222E7,2030-01-01
I28083,270,3.043295522E7,
I33494,-1868,1.2975496913E8,2025-09-13
I36174,992,3.15170128E7,
I37393,-579,1.962276211E7,2025-10-19
I44191,1997,2.3912532635E8,2030-01-01
I47465,338,4.632536184E7,
I55751,-1083,2.534830888E7,2025-09-06
I62832,-1254,2.129817159E7,2025-10-15
I63440,-1675,2.0477870182E8,2025-10-05
I64810,1923,4.503545373E7,
I67976,776,1.0101532313E8,
I71222,-272,4790424.74,2025-09-04
I79428,-1687,1.8732200158E8,2025-10-09
I80512,-1869,2.341055586E8,2025-10-29
I80729,565,5.638190395E7,2030-01-01
I82053,191,1.523211437E7,2030-01-01
I84286,594,1.136773084E7,2030-01-01
I90458,-981,1.3250358077E8,2025-09-02
I90497,719,4.167045218E7,2030-01-01
I92745,449,4.116878274E7,2030-01-01
I92789,1213,1.6426593818E8,2030-01-01
I92901,493,4.488745448E7,
I100175,948,3.39597365E7,
I104089,429,5.129216513E7,
I106904,1144,1.6918221884E8,2030-01-01
I108799,1601,1.6173539625E8,
I112120,490,1.96146946E7,2030-01-01
I116495,1779,1.3607910597E8,
I118265,1544,3.616223696E7,2030-01-01
I126117,1775,1.294710401E7,2030-01-01
I126979,659,2.837154404E7,2030-01-01
I128580,1680,1.1071355455E8,2030-01-01
I135562,747,9.729791439E7,2030-01-01
I138970,1284,1.8208436878E8,
I142664,1704,8.847961228E7,2030-01-01
I143406,-507,2.154470568E7,2025-09-02
I144125,1647,1.532619033E8,2030-01-01
I145787,1868,2.2174668249E8,
I152346,1338,7.089160185E7,2030-01-01
I158203,-514,2.3561108E7,
I160098,1287,9.031744921E7,
I171919,372,3.188147127E7,2030-01-01
I171995,-1087,6.595082362E7,2025-10-28
I173490,94,1.174089947E7,2030-01-01
I178317,881,1.0420436599E8,2030-01-01
I179990,1580,0.0,
I184277,1490,1.0927367654E8,2030-01-01
I193750,308,2.740855541E7,2030-01-01
I197886,1855,9600041.47,
I198124,-1581,1.1712655859E8,2025-10-12
I199014,1378,8.656224763E7,2030-01-01
I199501,-625,4.736863737E7,2025-09-29
I202558,-165,0.0,2025-10-10
I206239,-921,4.588247058E7,2025-10-17
I207381,148,3404618.97,
I216472,-1527,1.7842559373E8,2025-09-13
I219533,1390,3.197155526E7,2030-01-01
I220363,-1640,0.0,2025-10-07
I222598,1888,5.72991969E7,
I223247,1792,1.4071391255E8,2030-01-01
I226225,1746,1.616137584E8,
I230413,1390,7.502788485E7,2030-01-01
I234813,-325,2.350375073E7,2025-09-03
I237681,-897,2.075293128E7,2025-10-17
I239308,257,4971338.59,2030-01-01
I239326,-1884,6497470.16,2025-10-24
I129687,1996,2.0459269769E8,2030-01-01
I132403,-858,5.690330809E7,2025-09-14
I137677,284,2.114448624E7,2030-01-01
I129521,1623,2.3076384113E8,
I134554,193,2.071859209E7,
I140416,1165,9.215463906E7,
I156205,987,1.0887096712E8,2030-01-01
I156709,772,6660503.91,
I157744,358,4.487721156E7,
I157965,847,1.817799909E7,
I158113,1571,1.7822560794E8,
I158862,-373,1.296868141E7,2025-09-28
I160047,-381,2.240070641E7,2025-10-10
I170352,1111,2.004309506E7,
I170846,-1612,4.993367417E7,2025-09-18
I173295,1076,1.1108745777E8,2030-01-01
I174525,-1280,1.1972041418E8,2025-09-22
I184219,1925,1.2595735131E8,
I186958,-1489,1.5242325848E8,2025-10-04
I189705,96,8457051.26,2030-01-01
I191715,1181,1.278227427E7,
I197862,355,3.977166596E7,2030-01-01
I208310,792,9.211629441E7,
I210167,305,2.603377231E7,2030-01-01
I211652,-1341,1.5923065763E8,2025-10-02
I216731,-1240,1.1541343172E8,2025-10-20
I217827,-1834,1.5868494059E8,2025-09-15
I218791,1959,2.5106258489E8,
I221265,-747,1.424006842E7,2025-09-19
I226221,1681,2.952752831E7,2030-01-01
I227140,-1185,4.237092949E7,2025-09-17
I231199,903,2.18763136E7,
I235946,858,1.091017898E7,2030-01-01
I237570,-1625,1.656904909E8,2025-09-19
I128327,-968,1.972554976E7,2025-10-09
I128503,1119,8.022760226E7,2030-01-01
I128708,1406,2.0645253326E8,2030-01-01
I132904,1221,1.3391695463E8,2030-01-01
I134981,676,2.63392922E7,2030-01-01
I135639,1451,1.8290130578E8,2030-01-01
I137152,1130,8.641022344E7,2030-01-01
I131274,664,9.647989168E7,
I140296,572,5.653034626E7,
I141476,-1154,1.1103567312E8,2025-09-12
I148609,342,4.362972831E7,2030-01-01
I155393,1830,2.3239210784E8,
I155615,540,1.167026328E7,
I156558,242,5803406.65,
I157996,-509,1.999823138E7,2025-09-30
I170774,-917,9056479.39,2025-09-19
I171159,-431,2.371145568E7,2025-09-03
I173586,-419,6.037877657E7,2025-09-29
I177252,765,7.28834399E7,
I180610,1127,1.1369573807E8,
I181131,-268,0.0,2025-10-20
I183394,1877,2.266722166E8,
I185037,1086,5.045286186E7,2030-01-01
I186140,-993,1.4003742774E8,2025-10-17
I188972,-51,1229024.46,
I190192,1458,1.695288874E7,
I196808,582,3.924317094E7,
I197100,-585,5.496270097E7,2025-09-03
I199880,1794,2.6584702019E8,2030-01-01
I200009,920,8.16011578E7,2030-01-01
I201804,-1626,1.8638299553E8,2025-10-18
I212201,1586,1.0195293228E8,2030-01-01
I215560,364,4.555080391E7,2030-01-01
I216537,1504,3597921.98,
I217603,-1759,1.2520703013E8,2025-09-24
I232313,1663,5.9367303E7,2030-01-01
I238810,-1641,2.3137571575E8,2025-09-04
I243558,702,2.112666582E7,2030-01-01
I130610,-761,7.526247448E7,2025-09-24
I131003,-570,7.052688081E7,2025-10-26
I137804,1342,1.2531277152E8,2030-01-01
I138092,-1079,1.5495638502E8,2025-10-28
I130495,183,4183966.69,
I136242,1145,2.98502205E7,
I140724,1683,1.3864182282E8,
I152318,1340,3.817345302E7,2030-01-01
I153244,-702,9.454077937E7,2025-09-01
I158409,171,2.209731446E7,
I170103,-631,7.787067734E7,2025-09-13
I175545,-1029,2.906544985E7,2025-09-24
I179486,1398,2.0089905796E8,2030-01-01
I181176,1682,2.4920846332E8,2030-01-01
I181988,125,9457528.78,
I182159,-732,9.356596423E7,2025-09-30
I185500,-1927,1.0973755394E8,2025-10-27
I187580,1086,1.588391561E8,
I189466,174,531610.77,2030-01-01
I189691,-735,2.532311911E7,2025-09-01
I203820,643,6.651233903E7,
I204567,1119,4124340.2,
I208358,1103,2.139048433E7,2030-01-01
I211018,-1485,1.278236655E7,2025-10-05
I212299,1300,6.68682449E7,2030-01-01
I225288,763,6.245229863E7,2030-01-01
I226393,-322,0.0,2025-09-14
I234570,1751,1.0051613345E8,
I237102,969,1.2060454797E8,
I238714,281,4235631.5,2030-01-01
I241677,-1658,9.2841073E7,2025-10-13
I243944,376,1.55626117E7,2030-01-01
I133787,1421,1.249663684E8,2030-01-01
I137331,-189,2.494845703E7,2025-10-28
I140096,1008,1.0119598924E8,2030-01-01
I140684,-1769,2.1204939765E8,2025-10-29
I139949,966,0.0,
I142173,-1411,1.9218141417E8,2025-10-24
I147779,779,6.289077414E7,
I150911,1224,1.1096050939E8,
I151235,497,4.637988914E7,
I157773,1630,1.4570993436E8,
I161518,-89,1.283198107E7,2025-10-05
I164061,1555,7.279519924E7,
I172687,-501,2.273668218E7,2025-09-09
I175144,1924,4.147167902E7,
I182610,1276,1.8625152479E8,2030-01-01
I184548,1890,1.498678305E7,
I189383,1602,5.933429542E7,
I197129,462,6.88701342E7,2030-01-01
I200834,1743,2.134256699E8,2030-01-01
I201311,-941,3.880998817E7,2025-09-06
I207136,-1912,1.2064649307E8,2025-10-08
I210403,-1458,5.093175454E7,2025-10-17
I214409,828,4.365799105E7,
I214930,94,0.0,2030-01-01
I217142,-730,3.89229615E7,2025-10-29
I218266,-1441,1.4995670168E8,2025-09-10
I218785,-149,1.632465007E7,2025-10-04
I219020,-284,1.425626836E7,2025-10-26
I223522,504,7.119226767E7,
I224022,1489,8.596360645E7,2030-01-01
I224360,-1226,8.874494389E7,2025-09-30
I224431,-1246,6.086799186E7,2025-09-11
I225465,1096,8.962551799E7,2030-01-01
I233492,-835,6.492111473E7,2025-10-20
I238213,1523,1.945048861E7,2030-01-01
I239419,-1982,1.6039470484E8,2025-09-08
I240719,1925,1.7618522982E8,
I242400,-1271,1.0221805945E8,2025-10-08
I130204,658,1.77433584E7,2030-01-01
I129093,1693,1.0836635266E8,
I133584,1371,1.5930888195E8,
I141264,1370,2.269945592E7,2030-01-01
I143767,515,8076397.26,
I143810,-282,3.087609183E7,2025-10-12
I144959,1565,1.0814694514E8,2030-01-01
I145950,1670,2.1217467358E8,
I151331,-487,5.54219688E7,2025-10-20
I160653,-760,1.813452819E7,2025-09-25
I163781,506,2.137799751E7,2030-01-01
I164332,723,8.765992653E7,
I172536,200,2.106340255E7,
I178980,223,8143549.21,2030-01-01
I182006,1140,1.1440943883E8,2030-01-01
I183068,85,8076728.56,2030-01-01
I183964,1199,9.503023018E7,
I185535,556,6.942420618E7,2030-01-01
I186980,-1955,1.847735415E8,2025-10-05
I190284,390,1.113804945E7,2030-01-01
I206770,668,5.626253101E7,2030-01-01
I209761,78,8942972.68,
I210327,364,3.00063138E7,
I215163,1809,9.73759608E7,
I220660,1852,9589878.74,
I229002,-1495,8763923.46,2025-10-11
I233763,1823,1.1813059696E8,
I234911,148,7346277.13,2030-01-01
I235579,602,4.253552562E7,2030-01-01
I236101,993,9.619500053E7,
I238256,970,5.659609297E7,2030-01-01
I240611,-428,3.619279014E7,2025-09-16
I131553,1749,1.3558751132E8,2030-01-01
I136929,1360,9.055557951E7,2030-01-01
I141123,160,1.720682895E7,2030-01-01
I144363,-1978,8.515276396E7,2025-10-22
I147982,1898,6640528.1,2030-01-01
I148335,1354,9.008699676E7,
I149243,1864,1.9342716776E8,
I150016,1555,3.05417454E7,
I151339,973,9.45631694E7,
I153476,1140,1.6984577326E8,
I153945,568,7.017359845E7,
I155985,1547,1.367951061E8,2030-01-01
I158949,984,2.764283753E7,2030-01-01
I161048,1626,1.5140031884E8,
I163235,-728,3.63351182E7,2025-10-08
I163934,-994,2.951937971E7,2025-09-23
I165303,303,2788426.42,2030-01-01
I165354,1172,1.1562266785E8,
I169872,67,6318862.63,
I171117,1079,5.679907245E7,2030-01-01
I179529,751,3.48269988E7,
I187541,-355,1.977398279E7,2025-10-15
I190309,1049,1.2576241476E8,
I197348,1281,1.5002865026E8,
I204651,805,1.1213927149E8,
I208431,1957,0.0,2030-01-01
I212714,749,6.825184876E7,2030-01-01
I215634,-517,5.073059889E7,2025-10-31
I216268,-232,3.049132041E7,2025-10-17
I218120,395,3.105528107E7,
I221282,712,7.577654319E7,2030-01-01
I222226,417,4.870242621E7,
I223584,1472,1.3715062544E8,2030-01-01
I226817,1864,1.9825600454E8,2030-01-01
I232416,1802,1.09554939E7,
I237872,-906,1.0071992272E8,2025-09-18
I238538,116,4524838.44,2030-01-01
I240304,-1594,9.924886041E7,2025-09-21
I243688,107,1.227510781E7,
I133920,931,8.691081763E7,2030-01-01
I135004,119,1.670267057E7,2030-01-01
I136705,1843,1.1098871099E8,2030-01-01
I140029,-437,5.934487013E7,2025-10-10
I140391,1897,5.824927043E7,2030-01-01
I137406,336,2.097741945E7,
I138387,1343,9.233990048E7,
I139530,1637,5.160701033E7,
I141289,-600,7.874601516E7,2025-09-03
I142449,-974,2.054929762E7,2025-09-09
I142784,1786,8.377525896E7,2030-01-01
I143442,1021,2.511127266E7,
I144325,1029,1.375547338E8,
I152051,1887,1.0552098589E8,
I161921,-1759,2.1464761054E8,
I166709,169,2998425.39,
I168903,532,1.614842675E7,2030-01-01
I169189,508,3.310560646E7,2030-01-01
I175297,-1811,2.4369669391E8,2025-10-19
I179973,-1092,9.909872415E7,2025-10-24
I183259,-1112,7.017961829E7,2025-09-17
I183512,-1003,5.195327803E7,2025-09-30
I188368,1252,1.3123515549E8,
I191166,-515,4783561.64,2025-10-26
I195800,1053,2.572262059E7,
I198276,-1035,1.5313842518E8,2025-09-02
I204334,1332,7.38050754E7,
I205731,162,3405634.92,2030-01-01
I208097,1852,5.860959118E7,
I209380,-1474,1.4102221708E8,2025-09-09
I211079,-261,1.522913877E7,2025-10-09
I211972,219,3.182626209E7,2030-01-01
I214515,1488,6463717.33,
I231097,753,2.326481719E7,
I236795,57,5931534.6,2030-01-01
I236810,203,2.310547202E7,
I238614,1649,1.8116147063E8,
I240512,-334,3.039329202E7,2025-10-30
I129881,826,1.2042535056E8,2030-01-01
I130173,-777,6.56131336E7,2025-09-28
I131836,1731,5.723007897E7,2030-01-01
I133427,1498,4.513087318E7,2030-01-01
I135568,-1120,5.476865149E7,2025-10-17
I138123,-308,1.86201427E7,2025-09-19
I141808,1719,1.7630870808E8,2030-01-01
I141878,1097,6.085344503E7,
I144071,1551,1.2216087141E8,2030-01-01
I155052,1322,1.1670122533E8,
I156452,1665,1.4840878818E8,
I161398,-691,1.0203601576E8,2025-10-22
I166528,676,7.094497081E7,
I182189,1658,1.2827836271E8,2030-01-01
I183471,-1864,8.2218981E7,2025-09-26
I183525,292,2.135149068E7,
I185075,123,1.509294245E7,
I199866,1977,2.5411343055E8,2030-01-01
I211370,1171,6.056757887E7,2030-01-01
I213970,1216,4.527415319E7,2030-01-01
I221394,-638,6.962549545E7,2025-09-06
I229791,-1865,1.9868804078E8,2025-09-07
I229839,-1988,2.6464810643E8,2025-09-20
I230163,-1756,7.479261848E7,2025-09-08
I233373,78,4901851.69,
I143271,-1297,1.223243556E8,2025-09-28
I149427,-1512,2.172584395E7,2025-10-18
I149989,996,1.4042140629E8,2030-01-01
I150724,1665,2.119437988E7,2030-01-01
I152560,-302,1.458567964E7,2025-09-16
I154839,1604,6.76700894E7,2030-01-01
I166133,988,1.1582650447E8,2030-01-01
I166138,1105,8.586244043E7,2030-01-01
I166243,1858,6.925595955E7,
I166950,-322,1.32437219E7,2025-09-16
I186914,1541,1.9835464322E8,2030-01-01
I196224,-436,3.743881365E7,2025-09-28
I196266,318,3.75758913E7,2030-01-01
I201869,603,5.032632025E7,
I208709,-679,4.560005714E7,2025-10-11
I211680,1711,4.874571584E7,2030-01-01
I221364,-628,3.285569975E7,2025-09-13
I232438,55,4882418.19,
I238335,55,5928438.05,
I241375,1068,0.0,
I241688,-947,5336301.38,2025-10-14
I128793,596,1.613000426E7,2030-01-01
I130638,-1502,1.7145385806E8,2025-10-20
I134515,-1287,6.34029869E7,2025-10-14
I134742,986,5.800712525E7,2030-01-01
I138019,1640,2.891730782E7,2030-01-01
I128840,68,8227289.52,
I145400,1690,1.0615244478E8,2030-01-01
I154995,-1930,7.823551806E7,2025-09-19
I155580,1008,9.357641174E7,
I156024,1728,2.2679546009E8,2030-01-01
I157550,-1122,1.6654767763E8,2025-09-18
I161762,-1300,3.237175991E7,2025-10-26
I162697,962,1.413540578E7,
I165494,-1882,1.373306638E8,2025-09-09
I166027,-1271,8.178458657E7,2025-09-19
I169340,890,1.2114763527E8,
I169408,-1214,2.25164831E7,2025-10-03
I171931,1685,1.900733597E8,2030-01-01
I186016,-1899,2.4558032849E8,2025-09-15
I191123,-328,2.754662362E7,2025-10-23
I194057,1438,1.257379224E7,
I196324,1654,1.795102041E7,2030-01-01
I198842,1063,815401.65,2030-01-01
I200840,-689,3.106708967E7,2025-09-22
I203878,1537,1.4865747517E8,
I209875,647,4.728828865E7,
I217329,1536,7.09276694E7,2030-01-01
I218107,893,7.075098662E7,
I219980,1817,2.666102162E8,
I222066,-1737,5.515872324E7,2025-09-28
I225335,363,6989340.3,
I225978,1042,0.0,
I239349,-1826,3.922604816E7,2025-10-28
I132636,1278,6.009336791E7,2030-01-01
I130692,1425,3.721699065E7,
I139147,960,6209823.81,
I142946,1583,1.1417318235E8,
I148977,-789,5.346701955E7,2025-10-17
I152698,1304,1.888618216E7,2030-01-01
I157951,1362,1.1130896317E8,2030-01-01
I160341,1689,8.121897343E7,
I160703,707,1589515.99,
I161074,518,4.693972059E7,
I171805,-256,2.121982054E7,2025-09-23
I173479,1328,2.351768903E7,
I174869,994,9.419840238E7,2030-01-01
I176133,951,5.041597242E7,2030-01-01
I177458,1733,2.0825857334E8,2030-01-01
I181262,-1068,8.143519482E7,2025-09-25
I185596,1170,5.78927854E7,2030-01-01
I190140,-1845,1.6788220031E8,2025-10-04
I190563,139,1.12221072E7,2030-01-01
I198633,-570,1.19014099E7,2025-09-08
I205485,1005,3291085.37,2030-01-01
I206597,696,9.643894754E7,2030-01-01
I208187,999,9.998638838E7,
I212702,-409,1.272089774E7,
I214241,87,6896469.75,2030-01-01
I220071,920,9.989621185E7,
I220371,-1229,1.806097332E7,2025-10-28
I231453,-1286,1.321465503E8,2025-10-27
I232236,946,4.024228297E7,
I234398,1535,1.8984616274E8,2030-01-01
I235221,958,7.104179327E7,
I240194,551,2.704377235E7,
I240536,-640,7.884944598E7,2025-10-17
I254974,763,6.87545546E7,2030-01-01
I255841,1993,1.202867361E7,2030-01-01
I262247,1211,7.824213533E7,2030-01-01
I265733,1764,1.9271148008E8,2030-01-01
I269815,1404,5.206693219E7,
I276339,276,3282786.64,
I276527,1723,2.5075688905E8,
I279862,966,1.3833246362E8,2030-01-01
I280227,214,1853999.73,
I281054,-1577,2.337792464E7,2025-10-22
I281994,-1854,1.5151657201E8,2025-10-17
I286180,1613,1.6333456581E8,2030-01-01
I292374,173,8097843.94,2030-01-01
I292850,-873,1.258325994E7,2025-09-09
I294036,1900,1.4219292041E8,2030-01-01
I299555,-1761,8.876821159E7,2025-10-07
I303246,1851,1.0909332294E8,
I304031,1094,3.740072481E7,
I304683,-647,1.531024638E7,2025-10-18
I309701,-1877,1.406924376E7,2025-10-14
I320180,844,2.920762458E7,2030-01-01
I321397,-242,2.468380168E7,2025-10-08
I326659,1486,1.7324655419E8,
I335162,-760,1.315760835E7,2025-09-23
I337394,586,2.430263119E7,
I339426,-716,6625125.53,2025-09-16
I339659,814,1.1880157617E8,
I340743,1196,4.930863416E7,
I343759,-1126,1.2234365797E8,2025-09-10
I344187,-1973,7588155.26,2025-10-01
I345426,1857,1.0860054518E8,
I349806,550,3.412525532E7,2030-01-01
I356904,864,4.005234288E7,
I249517,-1485,8.478051966E7,2025-09-13
I250444,-857,8.6921598E7,2025-09-22
I250803,66,3852355.34,2030-01-01
I251175,1310,5.682317809E7,2030-01-01
I253345,-651,3.739925121E7,2025-10-09
I254004,-1784,9.45841723E7,2025-09-23
I255180,1190,0.0,
I256729,-1414,1.706838642E7,2025-09-26
I263806,1600,8.327267466E7,2030-01-01
I264179,-1210,5.485490797E7,2025-10-19
I270090,251,3.030985423E7,2030-01-01
I270916,-1398,8.395487294E7,2025-10-23
I273276,1147,1.4604675731E8,2030-01-01
I274215,-1793,3.946482157E7,2025-10-20
I274940,1471,7.717445311E7,2030-01-01
I275359,781,1.124613773E7,2030-01-01
I276683,-1132,1.2969451157E8,2025-09-09
I276891,714,8.096973802E7,2030-01-01
I278382,-1200,4.636363546E7,2025-10-02
I281642,1580,1.694901484E8,
I287387,943,7.888662751E7,
I297024,-1019,1.640590648E7,2030-01-01
I303300,-185,8725851.46,2025-10-29
I314172,62,8700056.95,
I315284,-343,5.062681568E7,2025-10-10
I321386,-1415,2.0449789487E8,2025-09-22
I326441,1462,2.0760483133E8,
I332796,-884,3.272540531E7,2025-09-13
I334976,-1751,1.3846019271E8,2025-09-22
I336036,1708,1.5010132827E8,
I340350,-314,4.021791217E7,2025-09-06
I340810,1001,8285490.7,
I340922,861,1.1138440529E8,
I341031,53,6015297.64,
I346259,378,1.82354187E7,
I348044,763,6.013162803E7,2030-01-01
I353321,112,1.529828167E7,2030-01-01
I354123,-1187,5.784038571E7,2025-10-29
I359082,1368,2.351758837E7,2030-01-01
I248557,283,3.946257225E7,2030-01-01
I248724,895,7.22551865E7,2030-01-01
I256173,1166,1.4333029452E8,2030-01-01
I255922,1263,1.3782667615E8,
I263750,616,8.768806557E7,2030-01-01
I265472,1011,3.330124891E7,2030-01-01
I269470,-1445,9.843521398E7,2025-10-03
I271847,1463,1.9442014183E8,2030-01-01
I272754,455,5.370238006E7,2030-01-01
I273028,1895,4.591021424E7,
I275680,716,3.468570334E7,2030-01-01
I276581,-1307,1.047541698E7,2025-09-10
I287381,750,2.581896057E7,2030-01-01
I291037,480,4.659659609E7,
I297012,1298,1.1441988576E8,
I298708,1674,1.526560111E8,
I303550,-511,1954494.54,2025-09-12
I307902,-1284,1.4266625672E8,2025-10-15
I312185,417,1.821324163E7,
I315218,1936,2.3333522451E8,2030-01-01
I317554,961,1.3594692614E8,2030-01-01
I323262,1972,1.2476808362E8,2030-01-01
I324520,114,5322823.31,
I334381,-442,5.881003712E7,2025-09-12
I335851,1486,1.8891690269E8,2030-01-01
I337263,-235,3.195445907E7,2025-09-14
I337588,875,8513069.35,2030-01-01
I345866,334,2.776764312E7,
I347525,-1479,5.931678234E7,2025-10-16
I357752,610,2.117304008E7,2030-01-01
I247121,-188,1.616962511E7,2025-09-02
I251758,-959,1.3832640701E8,2025-09-01
I262943,1518,3.389813883E7,
I263316,-127,1.213174277E7,2025-09-24
I263844,-1696,1.3519388823E8,2025-09-13
I266163,347,1.051667735E7,2030-01-01
I275610,-1610,8.96740996E7,
I286435,-855,4.852782936E7,2025-09-03
I294070,938,1.912993631E7,2030-01-01
I298937,1358,3.891714103E7,
I299720,1737,2.5316343665E8,2030-01-01
I307216,598,5.529061595E7,2030-01-01
I309560,1221,3.387329727E7,2030-01-01
I312485,-862,3.887356077E7,2025-09-19
I316775,572,7.036450232E7,2030-01-01
I329784,-653,6.84026487E7,2025-10-31
I335966,-863,3617836.4,2025-09-14
I338464,-1191,5.407335076E7,2025-10-26
I338702,-1641,1.3313967208E8,2025-10-19
I343792,-175,2.196411192E7,2025-09-26
I347390,-987,1.715530458E7,2025-10-07
I357709,1660,1.32488848E7,
I358034,548,0.0,2030-01-01
I358744,1859,8.683901117E7,2030-01-01
I247861,961,8.406611617E7,2030-01-01
I245541,304,1.813331403E7,
I253653,649,2.295322956E7,
I258323,1695,9.814814376E7,
I264829,1654,2.451727504E8,2030-01-01
I265794,-1128,1.960035729E7,2025-09-16
I267208,-675,9.045736615E7,2025-10-12
I267710,-80,6860548.88,2025-09-07
I277519,-1378,9.320575509E7,2025-09-29
I279222,1193,7.961955138E7,
I280965,1109,1.0886767329E8,2030-01-01
I283965,1767,1.6374069629E8,
I284211,-114,1314469.42,2025-09-19
I285474,1511,1.5875908525E8,2030-01-01
I286915,932,1.265285551E8,
I288910,1522,3.778726344E7,
I292095,-1355,1.7717842547E8,2025-09-30
I293470,177,1.535094135E7,2030-01-01
I294094,-376,4.454416981E7,2025-10-01
I295890,118,851658.98,2030-01-01
I296178,-615,9.094416897E7,2025-09-04
I298893,-81,2436750.91,2025-10-31
I298918,-827,2.89302742E7,2025-10-24
I306120,-1317,3.280634616E7,2025-09-17
I308588,-1061,1.0670859412E8,2025-09-26
I313273,-840,2.972528008E7,2025-09-15
I313858,486,1.203523104E7,
I314123,633,8.737214619E7,2030-01-01
I317924,-735,4.141112437E7,2025-10-16
I322971,-1681,7.77819064E7,
I323702,337,1795239.33,
I333347,1876,4.571297262E7,
I334317,1448,2.471632264E7,
I336102,915,8.943203887E7,
I347287,380,5.010259051E7,2030-01-01
I352646,480,2.403285175E7,2030-01-01
I352703,-291,8830028.55,2025-10-25
I356162,1263,5.033070514E7,
I250408,887,9.40670895E7,
I251728,1213,7527762.72,
I255767,203,8152390.3,
I259216,284,2.375573837E7,2030-01-01
I272097,1662,9.969110605E7,
I272267,869,3.514407381E7,2030-01-01
I273996,-717,5524867.07,2025-09-05
I277367,1331,7.91023055E7,
I280520,-1920,2.3710572741E8,2025-09-11
I285656,-1891,4.937937698E7,2025-09-26
I290893,1381,1.3291506303E8,2030-01-01
I290923,1787,4206432.45,2030-01-01
I295306,979,1.3148273127E8,2030-01-01
I300267,1737,2.0258392722E8,
I300780,-701,1.37156197E7,
I305425,133,9640630.27,2030-01-01
I305699,556,3.436584688E7,2030-01-01
I311871,1356,1.9486558194E8,2030-01-01
I318976,-1695,1.2396134838E8,2025-09-24
I321960,450,3.353174445E7,2030-01-01
I323735,-299,1.245220474E7,2025-09-27
I325259,-142,1.011076093E7,2025-09-06
I327363,1636,6.869396896E7,
I328282,1572,1.959319464E8,
I333687,171,5836202.49,
I336702,612,2.773143494E7,
I338763,-651,8.187957424E7,2025-09-11
I340931,540,3.657747993E7,2030-01-01
I346054,1219,1.0075284326E8,2030-01-01
I348705,1002,9.070003253E7,
I351280,135,275624.22,2030-01-01
I355042,-794,6.178615854E7,2025-10-05
I359457,1101,1.3735819901E8,2030-01-01
I247994,588,2.815815906E7,2030-01-01
I248081,-1534,4.200937804E7,2025-10-18
I248208,586,1.40788741E7,2030-01-01
I249919,789,4.303387485E7,2030-01-01
I252075,-228,4661479.07,2025-09-10
I252416,1035,3.933087741E7,2030-01-01
I255900,1080,7.314125254E7,2030-01-01
I248164,264,2760937.92,
I258444,702,7.474797129E7,
I258708,360,4155196.98,
I261858,249,0.0,
I265044,1700,3.44227285E7,
I267805,1920,6.853552336E7,
I273425,1037,1.1194256426E8,2030-01-01
I274326,-1536,9266695.78,2025-09-22
I275353,337,1.864605384E7,
I275789,1233,2.38922615E7,2030-01-01
I278430,-537,1.859595763E7,2025-09-19
I281293,-773,5.971712372E7,2025-10-06
I282454,-1491,1.5022569474E8,2025-10-05
I283106,479,4820530.53,
I284870,-381,4.922692651E7,2025-09-09
I287180,1883,1.096385534E7,2030-01-01
I289332,422,4.605619439E7,
I289435,1977,3.676778593E7,
I290248,565,4.590707847E7,2030-01-01
I291264,-1138,5.346007256E7,2025-09-17
I293074,-1662,4291877.38,2025-10-23
I298983,-1272,7.027911734E7,2025-09-26
I302221,616,6.447859874E7,2030-01-01
I303103,830,8.403734881E7,2030-01-01
I305743,1452,6.324970377E7,
I311140,-666,3.431050964E7,2025-09-17
I315790,1999,1.6937147879E8,2030-01-01
I324804,1279,1.5515484101E8,
I326291,1630,2.3683735371E8,2030-01-01
I327997,1746,1.6765966437E8,2030-01-01
I331598,925,2.882443217E7,
I333097,1450,1.5157364199E8,
I333954,1559,3.523250228E7,2030-01-01
I335004,330,4.315109357E7,2030-01-01
I336423,-616,1.704510596E7,2025-10-29
I344171,884,3372860.34,
I344746,-404,2.193673474E7,2025-10-23
I346647,173,1.944548805E7,2030-01-01
I348701,-851,5.085557189E7,2025-09-05
I349545,-906,5.398624271E7,2025-10-31
I354216,1680,2.4777566213E8,
I354754,-1253,1.3852231534E8,2025-10-07
I359607,1248,3798155.36,2030-01-01
I248460,284,2.086900995E7,2030-01-01
I254991,1039,1.707312384E7,
I255488,680,5.722922801E7,
I260870,1325,6.396900382E7,
I261294,1765,0.0,2030-01-01
I278011,312,4808464.31,2030-01-01
I278631,1969,1.819674E7,2030-01-01
I286548,-202,2.889096136E7,2025-09-04
I292199,-687,6.143174951E7,2025-10-08
I296794,1999,1.0743492897E8,
I298868,1699,2.0688217581E8,2030-01-01
I299913,1931,1.8868812033E8,2030-01-01
I308646,-1107,1.1778812465E8,2030-01-01
I309751,981,2506191.13,2030-01-01
I313118,449,6.672876355E7,
I318710,1430,1.5030561722E8,2030-01-01
I319031,-1437,5558764.11,2025-09-16
I321454,-1105,3.959170461E7,2025-10-09
I325134,1408,1.0260423172E8,
I326636,-1026,3.294033029E7,2025-09-11
I329519,1164,6284755.59,
I332127,-1395,5.417208471E7,2025-09-30
I333372,872,2.541724625E7,2030-01-01
I335795,535,4.100003416E7,
I336813,1147,2.995204409E7,2030-01-01
I347010,1640,0.0,
I348073,1592,4131133.08,
I358701,814,1.1765928364E8,
I245070,161,6166363.64,2030-01-01
I248740,300,2.309182806E7,2030-01-01
I256468,746,7.918312115E7,
I259356,1451,7.033562942E7,
I267868,1845,2.187037845E7,2030-01-01
I270044,223,3.246384205E7,
I275836,332,4.361733368E7,2030-01-01
I301545,362,3.861606248E7,
I301975,512,3.638952018E7,2030-01-01
I305789,622,7.137820499E7,
I310245,-172,1.653775619E7,2025-09-11
I319693,-206,2831183.25,2025-10-29
I326875,1033,7.009469951E7,2030-01-01
I328793,240,1.07274909E7,2030-01-01
I337063,656,5.168367488E7,2030-01-01
I338179,-1889,2.7172030948E8,2025-09-13
I340542,599,9381283.9,
I351877,226,2.840281898E7,2030-01-01
I352197,1520,8.552470705E7,
I250843,426,1.731262591E7,2030-01-01
I251007,-915,4.568392834E7,2025-10-25
I256439,-660,9.897422659E7,2025-09-19
I252038,1122,2.53121889E7,
I260462,-291,3.823451907E7,2025-10-07
I264792,1879,2.2987283428E8,2030-01-01
I266140,-737,7.777776348E7,2025-09-10
I268455,-1921,2.4086813468E8,2025-09-28
I270152,1832,1.6937344238E8,
I278626,1054,7.12163878E7,
I279792,-1330,1.2338728509E8,2025-10-23
I281890,100,9600483.4,
I282796,-299,9415703.23,2025-09-07
I282934,1441,7.454513897E7,2030-01-01
I285549,1764,1.134455419E7,2030-01-01
I290295,-1898,1.2257426484E8,2025-10-22
I294728,1222,3.503198991E7,2030-01-01
I298919,1369,1.0438331791E8,2030-01-01
I300419,162,489770.99,
I302656,1274,1.8740479683E8,
I308690,-729,7227725.03,2025-10-14
I313820,-59,8380592.28,2025-10-03
I316495,1148,7.493976313E7,2030-01-01
I317786,1891,7.733946349E7,2030-01-01
I335382,718,4.149748252E7,
I341519,68,953907.41,
I344240,-1099,1.1163327893E8,2025-10-06
I354122,-1141,6.897036964E7,2025-10-07
I357781,994,8.066064184E7,2030-01-01
I249717,-1831,7.100640989E7,2025-09-23
I251306,1008,1.934005996E7,2030-01-01
I247858,62,4195600.84,
I257066,1854,1.0120159631E8,
I259983,1601,6.342166127E7,
I260251,1283,2.783516119E7,2030-01-01
I261263,-851,7.280317341E7,2025-10-04
I265736,1929,4.891317866E7,2030-01-01
I266972,-263,8631322.19,2025-10-02
I273665,1426,7.324235187E7,2030-01-01
I276480,393,1044800.94,2030-01-01
I283459,1446,1.9650229941E8,
I287799,114,1581457.8,2030-01-01
I288772,111,2880906.22,2030-01-01
I291914,556,2.804695442E7,
I294218,1651,1.1400143832E8,2030-01-01
I297924,623,1.029479271E7,2030-01-01
I302375,378,1.106101134E7,2030-01-01
I304518,635,7.686222166E7,2030-01-01
I305491,-94,6874779.4,2025-09-09
I306028,-897,1.1006299144E8,2025-09-02
I308171,-1771,1.4585210548E8,2025-10-03
I315421,1222,1.805534943E7,2030-01-01
I319133,-917,1.3298598914E8,2025-09-18
I320501,1838,1.5591723394E8,2030-01-01
I322776,931,1.3294216978E8,2030-01-01
I325946,660,2.544371654E7,
I326759,1789,1.459967845E7,
I327843,-1015,1.2807432571E8,2025-10-08
I331343,-1619,5.652912513E7,2025-09-07
I331818,1699,1.5733485949E8,
I334398,1353,5.030372212E7,
I339968,1901,2.7169399035E8,
I344484,979,4.461267767E7,2030-01-01
I344518,1559,1.1505779563E8,2030-01-01
I352435,1652,3146804.05,
I354503,1436,1.0044262372E8,2030-01-01
I249217,66,7050509.85,2030-01-01
I256295,-1043,1.4612120152E8,2025-10-11
I257390,295,0.0,2030-01-01
I265026,-1398,8.429756293E7,2025-09-17
I271265,-358,4.589467496E7,2025-10-01
I272821,1797,2.3270688774E8,
I286014,-1653,9.924424068E7,2025-10-22
I293239,1970,8.105604257E7,
I293384,1828,1.7532408521E8,2030-01-01
I294006,-1575,1.7389295431E8,2025-09-24
I294041,445,4.947138374E7,2030-01-01
I294970,-417,5.904406747E7,2025-10-05
I299691,542,0.0,
I316967,920,6.709052392E7,
I317497,394,2.443159114E7,2030-01-01
I322369,350,3.062498997E7,2030-01-01
I331469,1841,6.838765644E7,2030-01-01
I343917,-157,4304844.83,2025-10-19
I347260,883,6.32441972E7,
I350250,1386,4.289601802E7,
I352841,255,2.651882703E7,
I357973,1580,1.7661933968E8,2030-01-01
I359496,410,4008605.35,2030-01-01
I362727,-1339,1.5536624905E8,2025-10-05
I362992,-1460,2.0593511567E8,2025-10-27
I364972,-927,7.468253445E7,2025-09-09
I365081,-396,3.859853977E7,2025-10-04
I367576,-494,3.531890186E7,2025-09-04
I368841,1429,2.0586386743E8,2030-01-01
I373206,-498,7.466421868E7,2025-10-21
I376561,-1040,5.086927439E7,2025-09-06
I379793,893,9.578412109E7,
I381476,1676,9.768308773E7,2030-01-01
I381541,484,7456963.41,
I383535,1684,1.6886301149E8,
I383607,-537,1808438.98,2025-10-10
I385275,1853,4.663391056E7,
I387510,1165,7.402352436E7,2030-01-01
I389581,923,1.176582091E7,2030-01-01
I399757,-490,3990719.2,2025-10-08
I400455,-1763,1.1416274543E8,2025-10-04
I403352,1911,1.8282190966E8,2030-01-01
I415867,-1650,9.223610778E7,2025-09-11
I417366,-383,2.841736533E7,2025-09-08
I419898,1501,1.6418845024E8,2030-01-01
I421803,152,1.122914153E7,
I425058,-190,7344857.8,2025-10-15
I426318,-1473,8.822297339E7,2025-09-11
I432632,210,1.018086204E7,2030-01-01
I433952,1438,8.634479743E7,2030-01-01
I441900,907,9.716404643E7,
I447263,-1353,9.535820592E7,2025-09-25
I450816,-560,8.059179106E7,2025-10-23
I451507,-1783,6.268510636E7,2025-10-19
I451990,-211,1.812464569E7,2025-09-20
I455868,1691,2.243775123E8,2030-01-01
I458138,1475,1.2737797184E8,2030-01-01
I458677,1043,7.914868904E7,
I465358,671,1.171360925E7,
I465442,420,5.853626137E7,
I362944,1056,7.081114E7,2030-01-01
I363558,-1919,2.6591143147E8,2025-10-02
I369185,-1755,2.0243495107E8,2025-09-01
I367414,1268,4.643885436E7,
I386590,-72,9103936.79,2025-09-04
I390330,925,2.357133295E7,2030-01-01
I390373,714,7.210198132E7,2030-01-01
I391273,1895,1.2896583539E8,
I392258,-1310,1.1321956624E8,2025-10-18
I398562,-1788,7.959202716E7,2025-09-22
I400211,359,2.973820447E7,2030-01-01
I402382,-623,3.295408664E7,2025-10-08
I403054,-1735,3.08663303E7,2025-10-26
I413567,-213,3.159094124E7,2025-10-09
I419778,810,5.264779375E7,
I431841,-1317,1.5758273339E8,2025-09-08
I436021,1253,2.275058735E7,2030-01-01
I436248,1536,8.3655039E7,2030-01-01
I436984,-1018,3.104951249E7,2025-10-09
I437187,173,2.42411167E7,2030-01-01
I439980,-874,2.70287926E7,2025-09-27
I447851,876,1.1972397605E8,2030-01-01
I449881,592,4.032179558E7,2030-01-01
I451849,-1095,1.5477623367E8,2025-09-11
I456766,402,2.660901941E7,
I469336,1090,7.349475185E7,2030-01-01
I471505,965,8758239.8,2030-01-01
I471598,-1460,6.327401096E7,2025-10-24
I362251,1688,1.2967980502E8,2030-01-01
I369355,-1339,1.1773936337E8,2025-10-01
I369506,-1509,2.2262666933E8,2025-09-23
I370916,1416,1.4862782125E8,2030-01-01
I362855,1590,1.9067590214E8,
I373553,1666,6.540399548E7,
I379955,-1775,2.6272220973E8,2025-09-10
I381297,-1071,2.18415073E7,2025-10-03
I385036,825,8.741139342E7,2030-01-01
I387208,1764,2.4222129506E8,2030-01-01
I389090,1452,2.1346828642E8,
I392267,-1889,1.2634095973E8,2025-09-02
I392771,-1619,2.3930009371E8,2025-09-02
I393524,1470,5.972477123E7,2030-01-01
I398111,1379,9.877321849E7,
I410189,-1007,3.526195452E7,2025-09-23
I413235,770,1.658927638E7,
I414935,-1538,1.4836951472E8,2025-09-05
I416194,1164,1.0923717806E8,
I417843,1185,1.0650762603E8,2030-01-01
I431144,1074,5.423137489E7,2030-01-01
I431781,1980,2.5921387018E8,2030-01-01
I436692,871,3.600406367E7,
I436776,628,6.304225859E7,2030-01-01
I437697,-1477,1.24095248E8,2025-10-06
I439480,1906,8.931905825E7,
I440904,1613,2.3538700562E8,
I450714,-921,4.782962682E7,2025-10-27
I451776,1549,2.3201688552E8,2030-01-01
I460115,1987,2.7211175131E8,
I462792,1227,3211401.01,
I466502,1459,1494407.89,
I468334,-914,8.670246737E7,2025-10-12
I475294,105,2205132.35,
I361149,358,5.265843924E7,2030-01-01
I364686,1270,0.0,
I365880,377,3.448013225E7,
I370637,108,9733734.93,
I371316,1905,1.1319801553E8,
I379464,1572,1.1992680528E8,2030-01-01
I388920,1879,1.2229344256E8,2030-01-01
I390108,421,4.545429705E7,
I390570,201,7737637.47,
I393140,1438,6.776505241E7,2030-01-01
I394025,1255,7.891713572E7,2030-01-01
I396400,435,3.812826105E7,
I397621,296,1933467.43,2030-01-01
I403382,1479,3304943.07,2030-01-01
I411045,-1145,1.0337740429E8,2025-09-15
I419630,1797,2.1879958692E8,
I434986,1848,5.787541135E7,2030-01-01
I437423,-376,2.326930631E7,2025-09-06
I439729,-977,1612477.97,2025-10-22
I441150,-690,7.49888709E7,2025-09-21
I441345,-329,2.81397776E7,2025-09-28
I449889,745,3.469961918E7,2030-01-01
I452972,-1138,1.2392845898E8,2025-09-28
I455191,1064,8.130286379E7,
I458189,80,880277.53,
I461311,1986,6.078487821E7,
I462846,1079,1.0993394705E8,
I463346,-1243,1.6347013494E8,
I465603,1920,2.937705704E7,2030-01-01
I469015,691,1.64646309E7,
I470296,1360,1.0930652976E8,
I471109,1846,1.9680013707E8,2030-01-01
I369835,1342,4.20241609E7,
I374731,-1478,1.8094483442E8,2025-09-06
I374960,1901,2.29951765E8,
I376516,1339,7.270199969E7,
I380221,154,1181544.68,2030-01-01
I390650,843,4.440884068E7,2030-01-01
I390844,1169,1.7119832642E8,
I392774,-771,4.835000875E7,2025-10-08
I392991,1844,1.9572403053E8,2030-01-01
I393387,-1677,9673365.32,2025-09-17
I403687,1986,2.2408862463E8,
I404749,1122,2.424609254E7,2030-01-01
I405401,641,4.898466555E7,
I408311,-463,2.477784171E7,2030-01-01
I409624,-445,0.0,2025-10-10
I413696,654,9.328932531E7,
I420458,-301,8989038.05,2025-09-06
I420844,1563,2.2959665396E8,2030-01-01
I421141,1132,1.4215789086E8,2030-01-01
I427037,1500,9.221544286E7,2030-01-01
I429308,496,5.122681686E7,2030-01-01
I430626,-1988,2.4908273951E8,2025-10-16
I438415,-708,7.899082252E7,2025-10-07
I439751,319,711655.96,
I451740,-1045,3.412682823E7,2025-10-09
I452253,-1591,3.075436663E7,2025-09-28
I455202,1206,9.843704742E7,
I455528,904,9.145911713E7,2030-01-01
I458716,1214,1.0630766716E8,
I463412,1815,2.5690851816E8,2030-01-01
I464549,1747,9.402185638E7,
I467531,1834,9.35413321E7,
I469565,1870,2.325758672E8,2030-01-01
I470416,-1392,3.449906343E7,2025-10-06
I365772,-1058,1.3681674035E8,2025-09-26
I369910,1138,1.4693688306E8,2030-01-01
I374700,-821,5.094732331E7,2025-09-12
I376606,123,4587945.71,2030-01-01
I379374,1619,4.67408565E7,
I380958,1268,1.5191329092E8,2030-01-01
I387583,-517,1.814791095E7,2025-10-06
I395547,1747,1.3283237467E8,
I402639,-556,2.877595645E7,2025-09-20
I408144,-1978,2.3978989823E8,2025-10-07
I410907,1680,2.1361577879E8,
I411531,-91,1824931.08,2030-01-01
I411986,1241,9.513894672E7,2030-01-01
I414376,1245,9.374457084E7,2030-01-01
I416725,-1825,3.434430675E7,2025-10-13
I417304,1162,3.761403311E7,
I425519,-716,1.543975623E7,2025-09-28
I426661,400,1.598109261E7,
I427324,-1005,6.81440098E7,2025-09-20
I428238,91,8463637.51,
I428786,-1215,1.1460832306E8,2025-09-21
I429209,640,3.69777136E7,2030-01-01
I430777,637,9.340210468E7,
I430804,1190,5.647030408E7,
I432233,-1178,6.020082146E7,2025-10-01
I437058,476,4.199251772E7,2030-01-01
I438175,-1269,1.5670025497E8,2025-10-21
I439546,-472,5.388929044E7,2025-10-11
I439807,-149,6673078.6,2025-09-16
I446578,879,9640413.0,2030-01-01
I461716,-1646,6.671596682E7,2025-10-23
I465124,1308,8612154.66,
I471485,1950,1.061357056E7,
I367133,1221,1.6490864566E8,2030-01-01
I369700,1987,1.5319166284E8,2030-01-01
I373354,-1928,9.342045237E7,2025-09-08
I376613,1566,2.1946754111E8,2030-01-01
I377486,1186,1215471.41,2030-01-01
I379032,918,1.3396431257E8,
I383901,1000,1.1197630899E8,2030-01-01
I385690,-798,3.761832553E7,2025-10-22
I388022,-1660,1.5201618215E8,2025-09-06
I389798,1994,6.041736902E7,2030-01-01
I391514,-1230,3.004299916E7,2025-10-06
I393244,1563,1.0812403828E8,2030-01-01
I394483,-1083,9.211860901E7,2025-09-21
I395957,-1893,1895455.81,2025-10-31
I397216,182,2.159118424E7,
I400727,1762,2.0254859118E8,2030-01-01
I401864,-116,6616598.59,2025-10-27
I402089,-171,1.758065621E7,2025-10-03
I406035,-393,1.22105683E7,2025-10-26
I406249,1587,3.276925721E7,2030-01-01
I409839,259,1.248823615E7,2030-01-01
I412691,-1338,8.183132695E7,2025-10-11
I418725,-1598,2.023424494E7,2030-01-01
I421001,-1415,1.5664599987E8,2025-10-22
I421823,1714,1.4087951035E8,2030-01-01
I429637,639,6.623276807E7,
I429809,671,3.802634299E7,
I432116,1383,1.0290835217E8,
I436181,-1489,1.7621180928E8,2025-10-05
I459570,1489,7.219447077E7,
I460673,-1061,1.2019119045E8,2025-10-20
I462037,820,1.0487399724E8,
I462413,1401,6899194.37,2030-01-01
I465563,-1760,2.0328970665E8,2025-10-12
I466457,-1568,1.8614727986E8,2025-10-28
I473344,270,5801442.82,2030-01-01
I371823,1645,1.1616385597E8,2030-01-01
I362887,1769,1.1678876274E8,
I367678,479,6259110.1,
I372780,184,886261.32,2030-01-01
I379681,-1755,1.0688965964E8,2025-10-27
I380251,-252,0.0,2025-09-02
I380866,623,6639465.27,
I387885,611,1.793946122E7,2030-01-01
I388767,1598,1.228160898E7,
I395418,1056,1.4511764091E8,2030-01-01
I395571,640,5.557207546E7,2030-01-01
I403176,763,1.728463358E7,2030-01-01
I405163,1533,3.773561818E7,2030-01-01
I416953,1246,1.1097584262E8,
I420763,314,1.863140057E7,2030-01-01
I421997,1122,0.0,2030-01-01
I430301,-867,4.731854906E7,2025-09-13
I434702,1327,6.607745447E7,2030-01-01
I435484,-1930,1.78702236E8,2025-09-07
I435896,-1853,2.4188398447E8,2025-09-04
I438071,893,7.103073683E7,
I439302,-387,2.102504433E7,2025-09-30
I439315,504,6.741680425E7,2030-01-01
I440712,173,1385366.27,2030-01-01
I441097,-1625,1.7191608084E8,2025-09-28
I443520,466,3.25358194E7,
I444969,392,2.86562654E7,2030-01-01
I445879,231,993146.26,
I455965,1482,1.3557280791E8,2030-01-01
I458575,1151,5.275361946E7,2030-01-01
I460352,1674,8.34086394E7,2030-01-01
I461572,-1243,1.2715435447E8,2025-10-05
I461647,635,7836048.03,
I463594,-120,7334128.95,2025-10-07
I465515,1811,6.908061096E7,2030-01-01
I468354,532,7.507126318E7,
I472297,798,1.948370153E7,2030-01-01
I368316,1919,6.369494556E7,2030-01-01
I370587,1498,1.9175825308E8,2030-01-01
I362239,357,1.462746424E7,
I368766,1700,0.0,
I377128,-1545,0.0,2025-09-19
I378296,1284,5.817031439E7,
I379051,-239,3.354012012E7,2025-09-21
I379994,-478,1.272992628E7,2025-09-11
I386323,106,1.177535579E7,2030-01-01
I397259,1416,4505255.91,
I402953,466,3056372.2,
I404080,621,7.677112978E7,
I408222,298,1.370734008E7,2030-01-01
I408527,87,4759133.38,2030-01-01
I412588,1272,1.2665257233E8,
I416743,277,1.200182863E7,
I421948,-647,4.204093581E7,2025-09-05
I435852,911,7.441897885E7,
I436075,948,3.924727027E7,2030-01-01
I436973,-970,9.173257429E7,2025-09-26
I437604,-783,9.146846195E7,2025-09-05
I438367,604,6.839882664E7,2030-01-01
I446285,1083,2.588232937E7,2030-01-01
I448817,1223,7.476172874E7,2030-01-01
I449938,-548,1.499422132E7,2025-09-25
I458008,864,1.1117809935E8,2030-01-01
I461599,-851,3.420639205E7,2025-09-01
I462434,-1661,7.652129446E7,2025-09-26
I462856,1546,1.9671170767E8,2030-01-01
I466149,-456,2.424656483E7,2025-10-10
I472389,536,5.559875516E7,
I361546,-1882,1.1043032153E8,2025-09-16
I363275,1910,2.0398748872E8,2030-01-01
I368313,1737,1.059525838E7,
I379868,450,5401112.17,2030-01-01
I387505,-1810,1.2288645347E8,2025-10-07
I396004,1272,1.254762503E7,2030-01-01
I397567,163,2457166.43,
I398202,-1046,2.755624775E7,2030-01-01
I398322,-1042,1.5246834388E8,2025-10-12
I401341,1347,4161261.58,
I403464,839,9.742546975E7,2030-01-01
I404238,1933,9794515.85,2030-01-01
I408632,-1900,6.043311716E7,2025-09-12
I411600,701,1.706958577E7,2030-01-01
I411775,994,4.881606698E7,
I412882,-182,1.269903934E7,2025-10-05
I414120,1685,1.6120190046E8,
I414610,1949,1.7401003425E8,
I420427,1170,1.4893462823E8,
I424492,1478,1.6588631524E8,
I427971,1825,1.5279382427E8,
I430381,-301,1.85353074E7,2025-09-12
I446552,1263,7.172128941E7,
I447439,-581,8.274085698E7,2025-09-14
I448162,224,1.519908846E7,
I450927,631,3.639179639E7,
I451908,-1132,3.098914466E7,2025-09-15
I454759,1245,7.233837487E7,2030-01-01
I457662,-1253,1.4990742494E8,2025-09-16
I457979,167,1.587627478E7,2030-01-01
I460065,996,4322263.24,2030-01-01
I462169,-270,3.853395871E7,2025-10-05
I463549,202,1.263966039E7,2030-01-01
I470495,1459,2.0943869313E8,2030-01-01
I471572,-333,3.701071856E7,2025-10-17
I472723,-760,7938600.49,2025-09-17
I474943,-1470,1.7345196361E8,2025-09-28
I475191,-1490,2.1260235858E8,2025-10-11
I362175,118,2454723.83,2030-01-01
I363541,-189,0.0,2025-10-08
I361017,1868,2.422733491E7,
I380718,-722,7.487839933E7,2025-09-26
I387009,894,1.1876931218E8,
I389441,1402,3.220469845E7,
I394664,1875,1.4248371335E8,
I395530,812,1.0248820736E8,2030-01-01
I400180,1741,1.8834029226E8,2030-01-01
I402925,355,1.512307004E7,
I403697,1526,3.100244404E7,2030-01-01
I405560,-1384,7801721.31,2025-10-30
I413452,-1913,1.7528648138E8,2025-09-24
I422673,180,1.051956544E7,
I423780,734,5.469935785E7,2030-01-01
I427461,752,7.321155661E7,2030-01-01
I430142,1251,1.858070471E8,
I434117,921,8.30849967E7,
I435489,-1058,1.3070034844E8,2025-10-08
I436828,1978,2.568405902E7,
I437250,1131,1.1577201639E8,2030-01-01
I445319,-1045,8990412.22,2025-09-01
I453623,1563,1.436559476E7,2030-01-01
I454197,1093,1.5191559274E8,2030-01-01
I454977,655,8.244347311E7,
I459903,-1382,3.091727338E7,2025-09-02
I464419,825,3.431104273E7,2030-01-01
I464565,1264,9.46707535E7,
I470808,-440,4.060447679E7,2025-09-29
I472335,1875,1.9599889249E8,2030-01-01
I369858,1580,1.9013532706E8,2030-01-01
I370978,760,9.925132668E7,2030-01-01
I369658,1018,1.1762852926E8,
I374261,600,8.85010369E7,
I374913,-377,3.43278218E7,2025-10-02
I377308,1860,4.922394932E7,2030-01-01
I379352,1427,8.605209989E7,2030-01-01
I379962,1490,1.9743221032E8,2030-01-01
I381918,573,6.488746722E7,2030-01-01
I387964,986,7.60599862E7,
I389355,-405,5.157423008E7,2025-09-14
I399016,-1980,1.3127296645E8,2025-10-12
I404611,1380,1.2201590558E8,2030-01-01
I406319,-1930,1.8995993092E8,2025-09-19
I407257,113,5277405.06,
I409138,1079,6.020987523E7,2030-01-01
I413173,1353,1.3851010174E8,
I414402,-1727,1.096322934E8,2025-09-29
I414653,-501,5.29100147E7,2025-09-30
I415708,549,3.356793652E7,2030-01-01
I423630,647,3.907847434E7,2030-01-01
I426551,1617,2.3360655633E8,
I431562,811,2.229468538E7,2030-01-01
I432223,-418,5.541809193E7,2025-10-08
I433101,-1888,2.125902205E7,2025-09-03
I434761,893,1.1137487825E8,2030-01-01
I437340,-255,3.139876976E7,2025-10-05
I448215,1271,2156395.92,
I450199,1433,1.113728157E8,
I456294,-546,2.856956786E7,2025-10-21
I461122,67,0.0,
I461910,1659,8.537401324E7,
I473873,438,7372075.14,2030-01-01
I474140,1627,1.6153784725E8,
I474240,1305,1.78614433E8,
I480177,296,1.856807723E7,2030-01-01
I491505,-1254,9.521082255E7,2025-10-08
I492704,1796,1.2717420585E8,2030-01-01
I493130,-1293,7.548578409E7,2030-01-01
I493294,330,4.653529919E7,
I498403,-74,580928.61,2025-10-24
I500068,-829,3943097.66,2025-10-20
I504857,-1346,5.56658095E7,2025-09-14
I511525,681,1.05203137E7,
I521154,-238,1.91832182E7,2025-10-23
I531601,427,6.237434014E7,2030-01-01
I531836,97,1.367399706E7,2030-01-01
I539945,-201,1.029165047E7,2025-10-07
I540989,1552,4597879.65,2030-01-01
I541756,1445,4.316783887E7,
I543901,-1020,5985371.0,2025-10-27
I545892,1599,1.114243927E8,
I549422,-129,1147799.41,2025-10-17
I550234,60,6741544.6,
I553279,1690,1.5128549675E8,
I554568,1765,8.578881274E7,2030-01-01
I559864,369,2.052412084E7,2030-01-01
I561062,-1870,2.1568656721E8,2025-09-08
I572955,-698,2.345634166E7,2025-10-24
I578446,1004,1.1006761731E8,2030-01-01
I582663,-409,3385261.9,2025-09-06
I583292,98,1845013.21,
I584655,944,8.344258288E7,
I585240,1064,1.2358062701E8,
I585467,987,7.788485934E7,2030-01-01
I589648,1512,2.1122344557E8,
I589721,-1064,1.1996707592E8,2025-10-08
I590686,1702,2.3506521541E8,
I478370,-664,1.40604988E7,2025-10-27
I479260,-1540,1.4773274986E8,2025-09-17
I488042,-1751,1.8566503096E8,
I490491,-1831,1.7265090033E8,2025-10-07
I500304,1451,1.5817928699E8,2030-01-01
I506790,-1824,2825941.49,2025-10-09
I508346,-1163,1.819288467E7,2025-10-19
I510961,703,5.647158078E7,
I511695,943,1.204028808E7,
I514133,1848,4.608762069E7,
I520314,-209,3.016812593E7,2025-10-10
I526532,-1014,4.861306526E7,2025-09-02
I531112,1961,1.0046185397E8,
I531176,1231,4.810481876E7,2030-01-01
I547908,122,7473704.17,
I548114,868,6.942853602E7,
I551540,739,7.682164404E7,
I558614,-1684,1.0711875952E8,2025-10-14
I568505,342,6575373.29,2030-01-01
I572897,-1049,5.08838551E7,2025-10-13
I581413,1983,2.0643230589E8,
I478243,919,7786032.16,2030-01-01
I482105,-1839,2.4776799156E8,2025-09-04
I476824,1420,1.2126163771E8,
I489394,1443,1.137646153E7,2030-01-01
I489833,1481,2.1965691712E8,
I491697,1867,4.655876202E7,
I494541,868,7.9275124E7,2030-01-01
I497351,740,5.208830899E7,2030-01-01
I501070,490,7014475.07,2030-01-01
I502952,1063,1.5033038579E8,2030-01-01
I503991,-646,2.19846884E7,2025-09-22
I508333,-1670,1.9868542551E8,2025-10-03
I509406,995,5.703453059E7,
I511786,1768,1.3009097333E8,
I512754,1484,2.0933339039E8,2030-01-01
I518511,686,9.602741953E7,
I518908,-1396,1.8083036885E8,2025-09-23
I520733,1299,7707332.19,
I521636,1138,0.0,
I522450,-1509,2.1634491523E8,2025-09-28
I523936,1016,5.589037322E7,
I524671,-1864,1.6801861453E8,2025-09-01
I527954,1795,1.8362856471E8,2030-01-01
I529285,-488,2662432.22,2025-09-20
I529714,-1542,1.6136577428E8,2025-10-07
I535627,735,2.159383409E7,2030-01-01
I538441,-116,5935490.51,2025-09-07
I538645,-774,3.782450954E7,2025-10-01
I540632,-530,6086695.8,2025-09-01
I553482,448,5.752146335E7,
I557834,1107,3909919.05,2030-01-01
I558345,-831,3.595162864E7,2025-10-02
I559110,1886,2.19462735E7,2030-01-01
I562201,930,9.497313763E7,
I562227,1500,7558201.5,
I563118,-1931,2.0271332269E8,2025-09-20
I567369,1499,1.4896294353E8,
I568344,-927,8.957544378E7,2025-10-04
I572097,-1518,0.0,2025-09-05
I576610,1818,1.7412781485E8,2030-01-01
I581339,166,1.927734307E7,
I587248,1507,1.6969273011E8,2030-01-01
I588732,517,6452125.91,2030-01-01
I477634,-1808,2.4234573346E8,2025-10-01
I479072,1749,1.6437104554E8,2030-01-01
I480579,-431,4825691.38,2025-09-29
I479005,387,4.186154243E7,
I479290,178,7911752.63,
I488464,212,2376834.96,
I488666,1775,2.0868227066E8,2030-01-01
I493959,-1041,5781940.32,2025-09-14
I504892,442,6.239346095E7,2030-01-01
I506054,904,2.503042542E7,
I507769,-408,5.831978279E7,2025-10-31
I509808,1690,1.917270759E7,2030-01-01
I510384,-60,8589033.82,2025-09-23
I514482,1276,8034724.46,2030-01-01
I516305,223,3.134024068E7,
I518590,593,6.018142367E7,
I521280,82,0.0,
I532115,1487,5.374851345E7,
I532367,-1171,1.4954853067E8,2025-09-06
I549866,-1723,2.1479976291E8,2025-09-07
I554543,1081,1.0374755426E8,
I556861,1285,7940476.87,
I560677,343,1.408258932E7,
I569103,-356,1.674560221E7,2030-01-01
I570238,1759,3.02092262E7,
I572230,52,0.0,2030-01-01
I577323,1950,1.356981482E7,
I582726,313,3.600463312E7,2030-01-01
I479675,1548,3.116676166E7,2030-01-01
I477262,722,4.604661529E7,
I483639,1596,2.624277141E7,
I491784,1820,1.02854709E8,
I497796,1445,4.347349059E7,
I498018,1524,2.2762432581E8,2030-01-01
I499329,254,4323966.92,
I502274,801,8.666175738E7,
I507346,-1665,2.4520754954E8,2025-09-18
I515557,1289,1.2405538894E8,
I517543,655,6493319.48,2030-01-01
I517910,1192,1.1547300096E8,
I521858,-876,1.243522303E7,2025-09-15
I524473,1485,1.3884738726E8,
I532028,225,1.416477007E7,
I535532,578,3.404820023E7,2030-01-01
I536270,-1553,1.604128917E8,2025-10-25
I540318,1359,1.4418850208E8,
I542591,-1790,9.588806969E7,2025-09-14
I544743,-818,5.713837022E7,2025-09-07
I546712,497,3.402992476E7,2030-01-01
I549459,554,7.348390433E7,2030-01-01
I556641,1176,4.627038457E7,
I560356,1825,1.9100981848E8,
I563285,-623,3.494917672E7,2025-10-04
I571970,-1657,2.3308360764E8,2025-10-26
I575354,-1695,0.0,2025-10-12
I580884,-436,2.31040616E7,2025-09-24
I485908,-1382,2.884399438E7,2025-09-06
I487844,991,1.2696208377E8,2030-01-01
I479026,208,0.0,
I489323,-925,5.080390631E7,2025-10-16
I491831,374,2801736.32,
I492822,-1400,0.0,2025-09-30
I497303,736,0.0,
I497643,-450,1.801220632E7,2025-09-25
I498461,290,3.471883126E7,
I503326,-1298,1.4795090669E8,2025-10-21
I507242,-353,0.0,2025-10-28
I512907,365,2.272837454E7,2030-01-01
I515166,1585,1.0142871037E8,
I516181,1818,2.21458667E8,2030-01-01
I516351,545,5.054246304E7,2030-01-01
I523907,496,2.882135331E7,
I528261,-1632,1.3174501891E8,2025-10-27
I530260,819,1.88350572E7,
I532949,-734,6.644799305E7,2025-09-03
I537590,687,6.095385776E7,
I538318,279,3518104.8,
I540687,-710,7.273865656E7,2025-10-05
I542416,1515,4808453.71,2030-01-01
I546488,482,3.422345546E7,2030-01-01
I547295,566,8.168867567E7,
I548853,503,5.020451088E7,
I551953,607,4.366785334E7,2030-01-01
I552802,1389,1.708798877E8,
I553510,1983,1.1748618315E8,
I554578,338,1.653012903E7,
I561445,-1105,5.924533825E7,2025-10-05
I576803,-78,1.034815528E7,2025-09-26
I577914,1064,8.622388799E7,
I579342,-1456,1.1106547852E8,2025-10-09
I582631,-1348,1.8320854001E8,2025-10-15
I582934,1461,2.782682428E7,
I585823,-1293,8.964139162E7,2025-09-21
I588320,1477,1.6663208988E8,
I590995,-817,1.0592162042E8,2025-09-25
I485387,447,4.005120688E7,2030-01-01
I483591,62,1516500.89,
I486306,1445,3.177589099E7,
I496493,300,686975.75,
I497077,-307,4641249.61,2025-09-20
I503889,1879,6.331721872E7,2030-01-01
I504357,-348,2.772236116E7,2025-09-07
I505776,-718,9.955691335E7,2025-09-30
I506319,645,3.429853127E7,2030-01-01
I507797,704,8.137828785E7,
I519823,-743,2242379.41,2025-09-11
I534166,-1993,1.1883966995E8,2025-09-13
I536379,781,3.127753253E7,
I543188,1533,1.1874110713E8,2030-01-01
I546547,-1304,1.1065908773E8,2025-09-19
I547026,-1960,2914349.65,2025-09-27
I549473,-1302,2.210891886E7,2025-10-15
I553317,268,1.12828885E7,2030-01-01
I556254,541,1.965572454E7,2030-01-01
I557335,1833,0.0,2030-01-01
I567212,1044,2.812962682E7,
I569781,1422,1.271874918E8,2030-01-01
I570671,379,3271482.0,2030-01-01
I581172,-627,5.952090135E7,2025-09-10
I581603,1171,4.943557303E7,
I584743,-1757,8.886594734E7,2025-10-29
I591246,-1196,1.3860612525E8,2025-09-19
I477731,665,3.088011235E7,2030-01-01
I484128,-1355,9.087772638E7,2025-10-16
I486925,-66,9503289.75,2025-09-24
I489342,1156,1.5192145841E8,
I493458,176,8610908.66,
I498583,1074,1.1822371996E8,
I507565,-1906,6.279593891E7,2025-10-28
I508274,1241,1.683948765E8,
I508688,-1681,2.2084229892E8,2025-10-18
I509972,-1027,1.662092532E7,2025-10-06
I516300,-449,5.129479808E7,2025-09-20
I521456,-703,7.020010564E7,2025-09-14
I524125,1472,1.7869790887E8,
I529223,573,5.310932536E7,2030-01-01
I536989,1654,2.0500523329E8,2030-01-01
I538401,522,5.678012276E7,2030-01-01
I539508,672,3.384173613E7,
I539514,1818,1.531792523E8,
I540361,152,4141698.71,
I542755,-213,4806892.61,2025-09-22
I544259,-793,9.250433368E7,2025-10-08
I548142,1366,1.135069489E8,
I553480,1103,4886634.67,
I560036,-1694,2.78658242E7,2025-10-03
I560795,-1636,1.4024967782E8,2025-10-21
I561359,94,1.246576514E7,
I571926,197,3193951.68,
I578148,-1761,2.6099536069E8,2025-10-27
I578740,313,7418784.86,
I584858,1565,9.821422448E7,2030-01-01
I479483,-1080,8384722.2,2025-09-06
I481782,1137,1.231219555E8,2030-01-01
I482509,1975,2.5042944588E8,2030-01-01
I483377,-1268,1.5790929867E8,2030-01-01
I484762,1426,9.282037702E7,2030-01-01
I475803,65,7380555.5,
I490356,822,8.493416782E7,
I490394,-167,2.06940402E7,2025-10-08
I492014,-83,1209647.56,2025-09-19
I494140,677,1.82351215E7,
I497425,795,1.0875418817E8,2030-01-01
I500316,387,1.35281612E7,
I504049,-1263,5.433040116E7,2025-09-07
I505799,323,1.508880146E7,2030-01-01
I506257,733,7.023158926E7,
I509264,-1953,1.5866741699E8,2025-10-09
I510224,260,2091662.9,2030-01-01
I520457,354,3.930203492E7,2030-01-01
I525412,1308,7920904.57,2030-01-01
I534466,-1573,1.3645669912E8,2025-10-11
I536759,297,3.268842953E7,
I552750,-105,7130231.29,2025-09-15
I556427,1588,6.564805995E7,2030-01-01
I556776,1273,6.344579808E7,
I557057,946,1.1862830763E8,2030-01-01
I560193,-1520,2853259.69,2025-10-31
I562775,1085,1.6234689868E8,2030-01-01
I566092,1617,1.5485605214E8,2030-01-01
I566670,-721,5.086636278E7,2025-09-06
I568572,1964,1.6070942045E8,
I572670,-1128,3.225607901E7,2025-09-26
I581547,-204,1.572770163E7,2025-10-21
I585348,563,869674.01,
I585726,1763,1.5244869589E8,
I586218,-502,4.394114419E7,2025-10-23
I586265,196,1.207134308E7,2030-01-01
I476021,769,3.360737599E7,2030-01-01
I477769,430,5.604694947E7,2030-01-01
I480669,376,3.120671838E7,
I482035,653,6.696576733E7,
I486737,1445,2.0307095484E8,
I488928,-962,6.465199484E7,2025-10-11
I498947,1029,1.3095920353E8,
I502126,353,1.537530008E7,2030-01-01
I505757,1581,2.1062365153E8,
I515896,-1302,1.2563940927E8,2025-10-04
I517173,1622,5.75460091E7,2030-01-01
I521318,764,0.0,2030-01-01
I521673,589,7.325185734E7,2030-01-01
I525201,1947,7.31485762E7,
I528899,-911,5.61794535E7,2025-09-07
I528959,1099,8.518396475E7,
I532295,-187,9092483.02,2025-10-17
I535240,1685,2.2535588206E8,2030-01-01
I536580,-1733,2.4541025916E8,
I538769,1241,1.818689687E7,
I540298,614,5.886084469E7,
I541682,1833,1.7917781866E8,2030-01-01
I542049,-381,0.0,2025-09-28
I546424,-90,5963546.71,2025-09-15
I551907,-178,1.788079714E7,2025-09-23
I551996,1705,2.4307381519E8,2030-01-01
I552940,1727,4.890143501E7,2030-01-01
I556306,191,2.672484814E7,
I560836,470,4.802094253E7,2030-01-01
I566439,1414,2.006942721E8,
I567543,362,1.463059159E7,
I568724,774,9174882.29,
I568830,-1769,1.377595143E8,2025-09-02
I569025,-1346,2.233711071E7,2025-10-30
I571382,63,5659617.66,
I572563,975,1.1762101828E8,
I580370,542,7.618699982E7,
I583978,1440,3.626746964E7,2030-01-01
I591046,1581,1.331127343E8,
I475760,353,496990.94,2030-01-01
I478753,-82,1.134063455E7,2025-10-18
I478248,94,8294423.75,
I484642,1168,3.784979419E7,
I500283,1511,1.1357853648E8,2030-01-01
I507640,825,2.912138049E7,2030-01-01
I508038,1604,1.3701056027E8,
I510781,-854,4.780274745E7,2025-10-24
I511124,-977,6.669113919E7,2025-09-12
I512832,-905,1.2322685422E8,2025-10-10
I514935,-1212,6.103104254E7,2025-10-08
I517397,-1588,1.6567096726E8,2025-10-11
I518011,864,6.184770016E7,2030-01-01
I521289,-1639,1.966964572E8,2025-09-10
I522109,-395,1.19419556E7,2025-09-27
I526816,-69,2134284.91,2030-01-01
I530706,485,5.24053978E7,2030-01-01
I534948,-1015,2.784683724E7,2025-09-26
I539875,1028,5.069786519E7,
I543384,636,1.302654155E7,2030-01-01
I543719,1412,5.725014993E7,
I544166,1436,1.4880969275E8,
I554692,-1210,1.2158156194E8,2025-10-28
I558266,385,1.865334111E7,2030-01-01
I558501,767,4683481.97,2030-01-01
I560703,-458,1.416683032E7,2025-09-22
I563777,269,327102.66,2030-01-01
I567206,218,1.119849188E7,2030-01-01
I570702,-678,2.156004071E7,2025-10-10
I572187,-802,6.674796333E7,2030-01-01
I572245,-1303,3.882388202E7,2025-10-15
I574475,1698,2.5093248364E8,2030-01-01
I576367,-496,4.107580933E7,2025-09-11
I576862,-570,3.699997705E7,2025-09-15
I580995,1417,6.314326039E7,
I581834,-1700,2.0408714852E8,2025-09-28
I582352,-1044,1.2644391213E8,2025-09-13
I582628,-1850,5.102662707E7,2025-09-04
I582694,327,4.078201151E7,
I583816,214,1.937192802E7,2030-01-01
I588835,-1014,8.241321346E7,2025-10-23
I475988,661,7.795302878E7,2030-01-01
I484657,-463,5.424639743E7,2025-10-18
I485560,1500,3.899603649E7,2030-01-01
I483384,428,4.859256809E7,
I485615,364,2.751760637E7,
I488713,1609,1.6393758033E8,2030-01-01
I497001,-1784,2.4163088843E8,2025-09-03
I498044,-594,2.64272788E7,2025-09-05
I501294,1340,8.536319212E7,
I503407,-968,1.0309853469E8,2025-09-17
I507055,-1895,3.33306675E7,2025-10-25
I507210,-1689,1.9118018159E8,2025-10-02
I507944,903,9.3810683E7,2030-01-01
I509576,437,4.348599058E7,2030-01-01
I509821,729,0.0,2030-01-01
I512089,1670,1.2344952682E8,2030-01-01
I516714,1752,2.019136981E8,
I518432,772,1.0892005346E8,2030-01-01
I521918,265,2.752597729E7,
I523644,102,5629413.32,
I525116,1600,6.131806902E7,2030-01-01
I525991,-1232,2612934.82,2025-10-17
I526742,-1594,1.3718582159E8,2025-10-28
I529756,1352,2.530229006E7,2030-01-01
I530084,484,3.402522158E7,
I534379,-88,1543656.89,2025-10-08
I538604,-1459,1.1127452339E8,2025-09-28
I538839,1855,2.26253256E7,2030-01-01
I539718,842,8.519850997E7,
I540156,-807,6.419618934E7,2025-09-19
I540806,77,5640438.65,2030-01-01
I541905,1633,8.94910871E7,
I542455,-1690,1.0876448814E8,2025-10-09
I548553,-768,1.1084826354E8,2025-09-29
I548605,-1012,6.32602612E7,2025-09-22
I550052,1311,0.0,2030-01-01
I552742,-657,8.958111632E7,2025-09-01
I552768,1827,1.6077559428E8,
I555737,1440,2.744305392E7,
I559764,-225,1.799142639E7,2025-09-17
I563563,434,5.92229366E7,
I569595,-55,6490766.09,2025-10-14
I571118,167,1.068177072E7,
I573354,-1340,1.720162409E8,2025-09-07
I581587,-277,2.545468532E7,2025-10-15
I583220,1501,1.6301221503E8,2030-01-01
I584434,1124,7.101892242E7,
I601090,-1468,1.0955785554E8,2025-09-18
I603860,345,2.633304242E7,2030-01-01
I601691,-830,4.905550522E7,
I604964,923,2.92909404E7,2030-01-01
I605772,-132,1.170214329E7,2030-01-01
I607004,1729,2.1459386931E8,2030-01-01
I607196,599,3.231286321E7,2030-01-01
I613052,396,5.639730919E7,2030-01-01
I613743,1262,1.1473771214E8,
I624468,1275,4.099860197E7,2030-01-01
I624844,-667,2.100647657E7,2025-09-20
I626311,1795,2.3407600002E8,
I627477,1395,6.377046941E7,
I627857,103,4809402.79,
I628822,1785,1.5872237133E8,
I632611,1912,2.5181688702E8,
I633488,-1085,1.2020075564E8,2025-09-11
I642936,1813,5.493015848E7,2030-01-01
I644027,62,1797708.16,
I648437,958,4.92228649E7,
I649092,577,7.709336387E7,
I651348,1426,9.691346191E7,2030-01-01
I655005,1875,2.5067928451E8,2030-01-01
I660046,449,5.133616365E7,
I663023,1522,1.9555853143E8,2030-01-01
I666986,948,1.1311492286E8,2030-01-01
I672280,1535,1707196.9,
I673151,-829,3.174529953E7,2025-09-03
I678064,-1645,1.6558640972E8,2025-10-10
I684192,943,4.170628911E7,
I684476,-455,5.774098814E7,2025-10-29
I694113,868,7.775728169E7,2030-01-01
I694661,1943,1.9924327901E8,
I697853,-1336,1.8007057259E8,2025-10-16
I701782,185,5319151.88,
I702143,-339,4.028594509E7,2025-09-23
I704958,-1969,1.6120084824E8,2025-10-16
I705957,748,9.276852121E7,2030-01-01
I598198,910,1.0282664256E8,
I613300,494,6.77753682E7,2030-01-01
I613986,-1264,1.4744300283E8,2025-09-25
I614853,433,4218343.11,2030-01-01
I623336,1846,2.2383379068E8,
I629221,443,5920246.8,2030-01-01
I629515,1275,1.7829285062E8,2030-01-01
I632785,1372,1.487611471E8,
I634735,322,1.687429977E7,2030-01-01
I653886,1180,6.341634857E7,
I677879,1403,4.681568818E7,2030-01-01
I688547,-582,1.484693131E7,2025-09-26
I689208,1190,1.355499766E8,
I689531,-51,2145083.69,2025-09-26
I691880,146,6484238.46,
I692985,353,3.038832704E7,2030-01-01
I601100,-902,8.087098341E7,2025-09-30
I598345,1558,2.2466145125E8,
I609563,1098,2692173.96,2030-01-01
I610225,252,6895486.08,2030-01-01
I619947,1958,1.0800427155E8,
I622373,228,1.653562017E7,2030-01-01
I625638,1235,1.4901929875E8,
I626046,377,2.989042885E7,
I628913,1725,1.2660835887E8,2030-01-01
I633437,1688,1.7229904387E8,2030-01-01
I640417,-243,3.241340485E7,2025-09-10
I641743,1872,1.2766880067E8,
I643549,-880,1.53255236E7,2025-10-05
I645363,1266,1.8685852654E8,
I646000,-778,1.0777272884E8,2025-10-04
I648457,-1686,1.1488930539E8,2025-09-12
I649885,-1140,1.28987958E8,2025-10-24
I660102,1002,3.464913993E7,
I660198,-62,5927905.6,2025-09-27
I662178,290,1.476522573E7,
I663134,1990,2.0486187836E8,
I669909,744,417025.49,
I675772,363,3.351746752E7,2030-01-01
I687582,350,2.672482515E7,2030-01-01
I692220,-1175,1.1946956271E8,2025-10-07
I694232,517,5.630403451E7,
I696795,519,4.226947652E7,
I697231,-1224,1.0342453761E8,2025-09-16
I699333,-1878,1.2586362765E8,2025-09-29
I700057,1471,8.769866862E7,
I704199,1398,3.360929996E7,2030-01-01
I704637,495,7.320208686E7,2030-01-01
I706661,-1491,6.305636903E7,
I591450,-888,3.497376755E7,2025-09-26
I597674,998,6.420301648E7,2030-01-01
I598786,-234,6435989.26,2025-09-02
I603161,-387,6119190.09,2025-09-17
I592225,1589,1.2139223645E8,
I594553,908,5.837528277E7,
I605284,1330,1.829703461E8,
I606656,-1231,1.0910616669E8,2025-09-08
I619565,-864,1.1889018909E8,2025-09-20
I629770,1345,8.868811554E7,
I630465,1136,1.4973451913E8,2030-01-01
I633424,1172,8.611875666E7,2030-01-01
I636297,-1785,4.843232397E7,2025-10-07
I637909,-1343,5.971930167E7,2025-10-25
I640837,826,9.26275366E7,
I647043,1453,1.566110471E7,
I660710,588,3.89819012E7,
I664970,512,2500261.3,
I666372,-1921,3.132051552E7,2025-10-14
I671510,1008,5.252066716E7,
I677561,1277,1.7354526668E8,2030-01-01
I679611,354,1.899529892E7,2030-01-01
I680661,793,5.149181283E7,
I684351,-93,1828457.67,2025-10-16
I685170,453,2.513037399E7,2030-01-01
I691351,-964,4.74955115E7,2025-10-21
I696157,520,3.90354778E7,
I697465,1479,1.3646779322E8,
I697857,1830,2.1934775751E8,
I703781,464,8650291.26,
I600997,960,7.479075948E7,2030-01-01
I594038,488,2.830170671E7,
I604475,1813,2.0699964769E8,
I610170,480,2.045662451E7,
I611936,1333,1.7166591354E8,2030-01-01
I625571,738,1.0871150194E8,
I625934,312,3.424318265E7,
I625943,1219,5.414126212E7,
I626335,1240,1.2047023184E8,2030-01-01
I628693,940,9677656.44,
I633271,-1346,1.3693663699E8,2025-09-18
I640250,1138,9658351.45,
I642639,122,1.729565739E7,2030-01-01
I643710,1465,9.697477083E7,
I645559,-167,2.313140952E7,2025-09-18
I646764,-1070,2.007833574E7,2025-09-06
I647097,-1019,1.2569500823E8,2025-09-27
I652614,1068,8.056170013E7,
I653449,1774,1.3980242227E8,
I655239,-368,3.374069549E7,2025-10-24
I658732,-715,4.651747226E7,2025-10-10
I667609,-611,8.806267335E7,2025-09-04
I670975,-236,6962215.11,2025-10-23
I675202,-1607,5.755911716E7,2025-10-06
I676318,-1070,2.759822349E7,2025-09-24
I677755,800,1.328395262E7,2030-01-01
I681293,-1715,1.2776050026E8,2025-09-03
I684578,1800,2.5771833576E8,
I684880,-937,8.94463394E7,2025-09-22
I686003,802,9.037863321E7,
I686333,-400,2.831389745E7,2025-09-12
I690172,1625,1.2614232532E8,
I693576,411,1.79054297E7,2030-01-01
I698434,1820,1.0339972944E8,
I701082,-259,2.380440881E7,2025-09-03
I701155,253,272247.88,
I701433,-1623,1.8850080262E8,2025-10-19
I701452,313,1.560141587E7,
I595247,-1815,7.980491243E7,2025-10-05
I602755,1340,1.2090452461E8,2030-01-01
I599478,1720,2.1989758331E8,
I609219,-1515,1.9119773997E8,2025-09-29
I615490,-1964,2.0423618138E8,2025-10-27
I619392,-140,1.535566794E7,2025-09-07
I621349,1954,1.0378576351E8,
I627058,87,3614252.0,2030-01-01
I629284,1472,1.1557085228E8,2030-01-01
I632239,-118,4640790.05,2025-09-02
I635204,1471,1.9904826326E8,2030-01-01
I638109,218,3918794.88,
I644532,-312,4115990.32,2025-10-03
I644758,733,7.275049835E7,
I646289,456,5.374999009E7,
I649806,1496,1.2425644395E8,2030-01-01
I659802,1159,1.642450349E8,
I668154,587,6.925329046E7,
I671243,217,3.213647227E7,
I671912,1794,2.2041811888E8,
I675072,-258,9780122.82,2025-10-18
I680382,-869,1.1043916787E8,2025-10-07
I683061,1245,1.6515131545E8,
I686431,442,3876163.58,
I689507,-1651,1.8731002027E8,2025-10-17
I691661,355,2485281.82,
I693915,1942,1.6374970838E8,2030-01-01
I696991,-745,3.730066671E7,2025-09-18
I697611,-1274,1.1784827803E8,2025-10-09
I698069,-1419,9.191468238E7,2025-09-13
I699252,1038,4026782.81,
I703029,-914,1.2956288252E8,2025-09-02
I706181,1462,1.7937625203E8,
I595599,190,1.284212681E7,2030-01-01
I596992,-1319,4.765287667E7,2025-09-09
I597266,1005,6.567363941E7,2030-01-01
I598202,-1286,2.270258404E7,2025-09-27
I600708,488,7.275730003E7,2030-01-01
I608275,-1767,1.5061283491E8,2025-10-25
I614121,1830,1.9145118842E8,
I618718,1747,2.0787686722E8,2030-01-01
I621195,752,1.1049795848E8,
I621323,-745,8.968190093E7,2025-10-27
I622919,874,1.60990598E7,2030-01-01
I630697,1036,1.4288695E7,
I639626,-866,1.2804136798E8,2025-10-20
I644823,143,1.282325666E7,2030-01-01
I645996,-1802,1.4486609963E8,2025-10-16
I647576,229,480346.35,
I658360,1805,2385994.53,
I660949,-794,4.486695519E7,2025-09-24
I661210,1893,2.1946830825E8,2030-01-01
I665408,-933,5.679695391E7,2025-09-11
I669358,1125,7.818253593E7,
I669488,-879,1.1968868888E8,2025-10-22
I671337,-403,1.148529115E7,2025-09-12
I672934,-1513,5.678555253E7,2025-09-30
I676487,1045,1.0679805473E8,2030-01-01
I679820,1516,3.140024529E7,
I680508,1708,8.958824021E7,2030-01-01
I683669,-164,1.335302122E7,2025-09-16
I685649,-1384,6.171903477E7,2025-09-08
I686660,534,5.468071005E7,2030-01-01
I687007,-613,2.025037503E7,2025-09-09
I687019,1083,7.75470112E7,2030-01-01
I692523,-1260,5.731087572E7,2025-09-21
I696284,1146,1.0614238235E8,2030-01-01
I697447,866,9.207605702E7,2030-01-01
I702105,1082,7.64706757E7,2030-01-01
I702759,1256,4.295540537E7,
I703997,-1079,3.047945323E7,2025-09-17
I593184,-668,9.11874993E7,2025-09-15
I596833,-1571,2.0164502793E8,2025-09-17
I599106,375,2.668913155E7,
I606324,568,4.516657556E7,2030-01-01
I612116,1715,2954075.38,
I613478,-687,8.245511052E7,2025-10-02
I613696,-1880,0.0,2025-10-22
I613816,1534,4.197190477E7,
I613820,-1023,1.2354127256E8,2025-10-23
I631646,-832,1.0574822183E8,2025-10-27
I633272,-1111,1.4044921688E8,2025-10-19
I636969,628,0.0,
I641354,1376,4.159442987E7,
I644352,-1901,2.7468973662E8,2025-09-23
I647764,1757,1.0732581251E8,2030-01-01
I648098,1173,1.1006829277E8,2030-01-01
I651660,-1564,4.742937857E7,2025-09-29
I652119,112,2272886.54,2030-01-01
I668836,1676,1.9470258993E8,2030-01-01
I670272,139,958990.79,
I670908,564,7.272495567E7,2030-01-01
I674230,-130,1319555.53,2025-09-07
I684883,320,3.288774969E7,2030-01-01
I696286,-1026,3.943517191E7,2025-09-25
I704280,272,3.023030187E7,
I591887,669,9.680037397E7,2030-01-01
I599628,-1387,5.683457759E7,2025-10-15
I595477,1910,1.3609485509E8,
I597301,1861,2.1569331452E8,
I607151,-522,5.002819333E7,2025-09-23
I610360,1878,4.366942153E7,
I611504,-156,2.310726186E7,2025-10-12
I616297,1659,1.2660025101E8,
I631475,-141,3811795.51,2025-09-03
I634434,-855,3.757939077E7,2030-01-01
I634591,155,5106944.01,
I636041,1902,2.503277125E8,
I643391,535,1.939579922E7,2030-01-01
I647051,1558,1.952840213E7,
I654897,804,5477210.04,
I657782,398,8256347.73,
I659623,1256,8.662175047E7,2030-01-01
I666780,1550,7.799479729E7,
I667730,657,1.400419617E7,2030-01-01
I672269,-306,2.061117142E7,2025-09-05
I672667,1223,1.7435902813E8,2030-01-01
I673720,-1841,2.5199335999E8,2025-10-26
I674022,-1831,2.3023974469E8,2025-09-05
I676563,179,1.500135514E7,
I679808,926,5.084824008E7,2030-01-01
I681779,980,4.520794824E7,2030-01-01
I685911,-1394,1.1021170417E8,2025-09-29
I687607,-1826,1.5461450152E8,2025-09-14
I689088,-1039,1.302253158E8,2025-10-07
I689570,-1900,9.389056939E7,2025-10-20
I690394,1480,1.1562460624E8,
I691245,-1214,1.7637308471E8,2025-10-19
I704564,1341,1.2388106952E8,
I706176,1271,1.1612977739E8,
I593372,1818,2.5221290791E8,2030-01-01
I593826,-1391,1.9085434991E8,2025-10-24
I598784,-264,1.446295939E7,2025-10-20
I591736,178,1354025.68,
I603109,542,4.251709003E7,
I605591,1440,4.163748005E7,2030-01-01
I605831,-331,1.44102623E7,2025-10-09
I607040,-485,1.752019977E7,2025-10-20
I623025,1656,1.348319603E8,2030-01-01
I623775,-1879,2.194237215E7,2025-09-13
I625025,324,4.747199638E7,2030-01-01
I632381,1586,1.0210264858E8,
I632403,-1746,1.3590510273E8,2025-09-08
I636381,-451,6.567262161E7,2025-10-29
I650433,-907,3362983.43,2025-09-17
I652836,134,6852715.65,2030-01-01
I653680,1281,1.3683886312E8,2030-01-01
I661795,121,1.167557507E7,
I665064,-244,3852555.18,2025-09-18
I670530,1590,1.847796448E8,2030-01-01
I674729,339,4.511980259E7,2030-01-01
I679146,-425,5.515927278E7,2025-09-17
I685546,411,5.32579873E7,
I686706,1579,1.3863157252E8,
I687174,-1651,4.577067171E7,2025-09-21
I687865,1397,1.1064949919E8,
I694364,-1601,8.46197921E7,2025-09-06
I695041,-295,1.495747169E7,2025-09-01
I699773,493,1.119963799E7,
I603472,1749,1.2886512545E8,2030-01-01
I602524,1714,2.333511621E7,
I603477,-251,311772.98,
I605419,-1806,1.7831630473E8,2025-10-05
I608264,-1970,9340188.21,2025-10-10
I611877,398,4.325639524E7,2030-01-01
I614426,1676,988843.68,
I624650,1167,2.954989949E7,
I626130,1235,8.449311288E7,2030-01-01
I627540,1674,2.1720798312E8,2030-01-01
I634716,-107,1367634.94,2025-09-10
I636733,1573,1.970425591E8,2030-01-01
I644547,566,9907841.98,
I644562,1190,2.783984703E7,2030-01-01
I661274,688,2.868314196E7,
I664855,-1503,2.0453678092E8,2025-09-03
I669029,-1570,1.3829954613E8,2025-09-09
I670196,305,4.268210058E7,
I671840,212,2.90371145E7,2030-01-01
I682559,70,5290018.66,2030-01-01
I685799,1199,6.128929549E7,
I690458,291,991019.16,2030-01-01
I706700,1877,4.245343029E7,2030-01-01
I594826,-1052,0.0,2025-09-20
I596707,1070,3.433634344E7,2030-01-01
I602829,-765,7.58037548E7,2025-09-23
I592684,1300,2.737843926E7,
I601655,293,8881752.31,
I621941,593,8496829.96,2030-01-01
I622803,1985,9.737604273E7,2030-01-01
I623762,362,0.0,2030-01-01
I624833,1958,2.4522417077E8,
I626306,617,6.84038567E7,
I626593,1873,6.226011948E7,
I627721,1925,1.5190809479E8,
I630098,1100,1.5209249453E8,2030-01-01
I630496,1321,1.2533835696E8,2030-01-01
I631219,1065,9.811759486E7,2030-01-01
I641100,-953,1.437360958E7,2025-09-04
I649334,889,3.865172982E7,
I650867,-826,1.013299657E7,2025-09-03
I654432,1610,1.4704370223E8,
I656564,734,8.132141145E7,
I657963,-1243,2.331538731E7,2025-10-31
I668077,-1045,6.858418829E7,
I671714,1916,2.3589935908E8,2030-01-01
I673031,-581,1.457169847E7,2025-10-08
I673319,1561,1.3375220272E8,2030-01-01
I673469,1015,1.111229646E7,2030-01-01
I682369,1294,7.217488666E7,2030-01-01
I683009,127,1.536682729E7,2030-01-01
I686678,548,6.691772454E7,2030-01-01
I687525,-207,2.393636052E7,2025-10-02
I687784,-121,0.0,2025-10-08
I689642,1668,2.0995589677E8,
I692705,-707,4425886.6,2025-10-20
I695216,1385,2.0601635167E8,
I714524,1890,4712834.88,
I717726,1340,1.1324872585E8,
I720283,1442,1.8065437955E8,
I720829,-236,2.314569837E7,2025-10-30
I723823,1817,7.883785225E7,
I728626,767,7.788534372E7,
I729995,996,8.890467856E7,2030-01-01
I731101,1659,2.0701087162E8,
I731565,-1074,1589696.06,2025-10-05
I738172,835,1.0232871934E8,
I739495,544,7.437038989E7,
I740908,1666,4.392663952E7,
I742486,957,8.385591434E7,
I754789,-1067,1.461888408E8,2025-10-28
I757298,577,5.380463267E7,
I760285,1749,2.0253712924E8,2030-01-01
I762293,1409,4.700543953E7,2030-01-01
I762983,960,5.184844754E7,2030-01-01
I764208,549,5.972173031E7,
I767788,-1910,2.7069204867E8,2025-10-04
I771424,1133,5.224655972E7,2030-01-01
I771760,346,3.188726681E7,
I774882,942,9.158568973E7,2030-01-01
I777842,466,6.875372066E7,2030-01-01
I778966,-877,0.0,2025-10-09
I780504,-168,1.417714401E7,2025-10-26
I785392,-112,4656765.15,2025-09-20
I789914,1657,2.4044912536E8,
I794664,1142,6.377296846E7,2030-01-01
I794748,1144,7.583972122E7,
I796743,602,1.340000436E7,
I798133,868,8.236811154E7,2030-01-01
I801532,1394,1.1224602637E8,
I807064,61,3716810.1,2030-01-01
I807881,1080,6.651122111E7,2030-01-01
I809091,-1193,8.36667534E7,2025-09-26
I810166,73,850841.59,2030-01-01
I822679,-497,6.62763427E7,2025-10-26
I717270,-1033,1.2107994819E8,2025-09-01
I717929,-311,2.754699238E7,2025-09-14
I709304,1816,2.5419056556E8,
I722054,-1269,1.8532881148E8,2025-09-26
I727793,1805,1.8235112942E8,2030-01-01
I733860,1985,1.7634591949E8,
I735927,1629,1.9341103682E8,
I737410,1133,8.995808544E7,
I737672,1816,1.9610514919E8,
I738442,592,2.822676303E7,
I740376,1488,1.9916139047E8,2030-01-01
I741870,-237,1.476882573E7,
I753703,1783,2.225599729E8,
I757761,1822,9.123243343E7,
I763555,-1461,1.5028675117E8,2025-09-09
I763940,1208,4.252946893E7,2030-01-01
I765631,-664,4627290.44,2025-09-18
I770649,723,1.0019620582E8,2030-01-01
I773552,-192,1.320425404E7,2025-09-15
I773646,-1027,3.463335897E7,2025-10-19
I776139,1425,5.930992948E7,2030-01-01
I778230,679,7.941784465E7,
I780230,-584,2.503474234E7,2025-09-10
I780360,228,2.910652688E7,
I791558,1456,1.7086436021E8,2030-01-01
I793513,647,1.747237062E7,2030-01-01
I795747,-689,2.969692351E7,2025-09-25
I799101,1411,6.049162639E7,2030-01-01
I800622,-1641,2.4379289071E8,2025-10-22
I802612,1031,1.929136007E7,
I803199,1289,1.9120605559E8,
I806038,796,1.072376666E8,
I807053,720,6.458963848E7,2030-01-01
I812523,1935,2.3392693917E8,
I816049,-636,6.722753942E7,2025-10-19
I819000,1913,2.917513686E7,2030-01-01
I821228,1848,1.1047384809E8,2030-01-01
I822324,957,9.447019215E7,2030-01-01
I711884,1557,1.464065305E8,
I718178,162,1.108874799E7,
I723254,310,1.606726499E7,
I723985,375,5.055110863E7,2030-01-01
I725580,1980,1.389612985E8,2030-01-01
I731256,1802,2.3410470258E8,
I732260,-605,2.478860486E7,2025-10-21
I735560,1862,9.465788876E7,2030-01-01
I736462,-970,4.722357837E7,2025-09-11
I738481,-372,2.100981216E7,2025-09-29
I740720,-191,2.719912817E7,2025-10-05
I744679,1729,1.6109921951E8,
I747403,1313,7.006240905E7,2030-01-01
I749839,1480,1.8026018669E8,2030-01-01
I750349,-1378,1.002679764E8,2025-10-15
I760456,1706,8.986577315E7,
I769841,-1983,2.5456355729E8,2025-10-04
I776303,690,2.681203674E7,
I777464,-465,6.882585451E7,2025-10-27
I780242,-1534,1.4640020818E8,2025-10-13
I790495,601,1.344238462E7,2030-01-01
I793711,1731,6136118.2,2030-01-01
I797719,1548,6.595068358E7,
I803143,1911,1.8152501334E8,2030-01-01
I804747,-1297,2.748021012E7,2025-10-10
I813928,-385,4.638043658E7,2025-10-20
I815022,-437,6.400864414E7,2025-10-18
I818923,380,2.146813592E7,
I820150,-748,9.916993354E7,2025-09-23
I710679,908,6355693.69,2030-01-01
I711149,-1786,8.125074585E7,2025-10-28
I713423,-454,3.079874013E7,2025-10-25
I719705,-852,4.523608261E7,2025-09-26
I720669,-1082,1.6015398547E8,2025-09-09
I727122,1133,6.530712306E7,2030-01-01
I727774,-1862,2.0029399579E8,2025-09-19
I730990,1026,2.77871942E7,
I741377,649,7.46774849E7,2030-01-01
I742079,1840,2.2743191865E8,
I745112,351,4.628731276E7,2030-01-01
I745949,1701,1.1917991137E8,
I747688,613,8.586746173E7,2030-01-01
I749573,980,5.626592281E7,2030-01-01
I749931,986,4.230473477E7,2030-01-01
I761676,1261,5.638413153E7,
I764558,1708,6.053736762E7,
I775510,1442,1.5579644439E8,2030-01-01
I777023,889,6.021607981E7,
I785370,-1396,2.0088351522E8,2025-10-17
I791575,969,8.730704964E7,
I794890,-1594,1.4664423537E8,2025-10-15
I802812,1922,9.508290111E7,2030-01-01
I805677,-1130,7.258983192E7,2025-09-10
I809413,-579,6.722872012E7,2025-10-09
I812056,-231,2.139601019E7,2025-10-16
I812806,1209,6.298771031E7,2030-01-01
I708051,-1099,1.1887767819E8,2025-09-14
I711227,-247,1.376093114E7,2025-10-31
I712272,1981,7.863920455E7,2030-01-01
I713757,1406,5.155315738E7,2030-01-01
I708314,1341,1.8638147103E8,
I720535,205,3.066761691E7,
I722754,-231,2.038296723E7,2025-09-17
I730666,1173,1.1099239474E8,
I730776,1946,7.307747968E7,
I737563,-791,1.045812767E8,2025-09-14
I742479,-1878,3.12287267E7,2025-10-04
I742808,1019,4.262652723E7,2030-01-01
I746073,752,7.808460521E7,
I746230,1655,2.1436840354E8,
I757439,911,7.701793599E7,
I759885,1449,1.3968176809E8,
I760060,-1053,2.01819861E7,2025-10-25
I761969,1915,2.0109775107E8,2030-01-01
I766484,111,1.155068987E7,2030-01-01
I767224,1729,2.5400473879E8,
I769412,-1165,1.923203154E7,2025-10-03
I770346,1681,2.3913637005E8,2030-01-01
I775706,1613,2.3143439698E8,
I780408,681,0.0,2030-01-01
I781760,1111,4442966.04,
I784270,599,8.34084506E7,
I786916,1176,6.181512321E7,2030-01-01
I789614,-1396,1.2644025076E8,2025-09-30
I794822,431,1.875306861E7,2030-01-01
I797231,1365,1.5635928967E8,
I802261,-103,66367.43,2025-09-20
I803616,-289,1.50728767E7,2025-09-29
I805987,946,2.527649924E7,
I806334,1637,1.2523664611E8,
I810319,232,1599552.81,
I811313,340,4.281336054E7,
I816721,1794,2.753914889E7,2030-01-01
I717114,-1686,2.103979485E7,2025-10-21
I711001,1031,1.1736184812E8,
I711037,1786,8083840.64,
I711313,1517,1.5167508962E8,
I714547,1433,0.0,
I719280,774,1.1605388244E8,
I719707,-1713,5.918716562E7,2025-10-16
I728086,194,1.151647373E7,
I733079,972,4.963744361E7,2030-01-01
I739292,314,2.685550643E7,
I742440,1927,1.374340957E8,2030-01-01
I750721,826,1.2094169763E8,2030-01-01
I754039,1918,7.119401495E7,2030-01-01
I759152,-1086,2.038926821E7,2025-09-15
I770538,982,2.376886754E7,
I770696,892,8.881868921E7,
I772347,182,1.66735263E7,2030-01-01
I777299,-1041,1.4456824266E8,2025-09-01
I781907,-878,5764685.04,2025-09-27
I788679,739,2.644425746E7,
I789609,213,6987107.04,2030-01-01
I790285,-1225,2.600789798E7,
I790995,889,4.092806788E7,2030-01-01
I791225,946,1.0066252257E8,
I793308,835,0.0,2030-01-01
I797209,-1002,7.367642792E7,2025-09-15
I797939,-1636,2.3201537702E8,2025-10-15
I800570,-437,5.132843618E7,2025-09-30
I808289,-1174,1.0211260017E8,2025-09-14
I810220,-997,4.070657281E7,2025-10-12
I815938,900,1.0363752033E8,2030-01-01
I819733,1953,1.4085039215E8,
I822111,538,2.714904053E7,
I709158,-1472,7.597643464E7,2025-09-17
I726126,1934,7.914961188E7,2030-01-01
I729398,86,5925735.19,
I734730,-421,2.65453286E7,2025-10-01
I739028,386,2.637758077E7,
I745693,-154,6759824.58,2025-10-30
I751059,428,5.935581691E7,2030-01-01
I751288,-982,1.2178145398E8,2025-10-21
I752214,-1103,1.109153392E8,2025-09-14
I754426,851,8842699.64,2030-01-01
I762115,-1254,1.6538737079E8,2025-10-06
I763047,1653,2.4705501702E8,
I768309,958,1455485.45,2030-01-01
I781070,50,2709883.42,
I781220,683,4.732957539E7,2030-01-01
I784362,-1877,1.1789740894E8,2025-10-24
I786590,1130,1.4036531161E8,2030-01-01
I790102,1880,1.3757717477E8,2030-01-01
I790419,-86,8931297.64,2025-10-31
I804540,1340,1.7245071774E8,2030-01-01
I811588,245,3.507729746E7,2030-01-01
I813247,61,2374849.17,
I816656,1093,1.2595968888E8,
I816815,1007,2516531.05,2030-01-01
I817451,1101,7.233329233E7,2030-01-01
I818433,-874,1.0067371598E8,2025-09-02
I710270,1329,1.648014693E8,2030-01-01
I714369,130,1.948713152E7,2030-01-01
I718689,-1615,2.2361387388E8,2025-10-28
I709339,827,9.238356959E7,
I710238,1199,2.268494721E7,
I721783,1146,6.060532644E7,
I722423,55,7136594.17,2030-01-01
I735226,1822,2.4681372738E8,
I737907,-224,2.262296684E7,2025-09-16
I748982,136,1.164261331E7,
I749018,-1327,1.2893279265E8,2025-09-21
I761290,846,7922340.6,2030-01-01
I763837,1414,8.119754221E7,2030-01-01
I768168,-224,7048320.74,2025-09-03
I769453,1392,1.1189574997E8,2030-01-01
I777717,241,5372250.3,2030-01-01
I779922,576,1.952237116E7,
I782359,-1144,1.2306332863E8,2025-09-29
I783891,-602,3958205.73,2025-09-14
I785974,493,3.893878791E7,2030-01-01
I787994,394,4.268685345E7,
I791381,1215,9985962.76,2030-01-01
I794088,-1434,1.629094422E7,2025-10-21
I801634,547,1.107679026E7,
I802755,1212,8.393750554E7,2030-01-01
I806362,327,8054666.03,
I808679,227,1.547425329E7,2030-01-01
I808744,-667,7.170231222E7,2025-10-19
I813500,1251,0.0,2030-01-01
I815000,-1796,1.1585682391E8,2025-10-30
I815609,-1803,1.785807288E8,2025-10-04
I816591,845,1.1840410309E8,
I818857,1039,3.970016116E7,
I819991,-1966,2.9241735E8,
I707865,-192,7487902.11,2025-09-02
I712344,-716,7.317505598E7,2025-09-10
I715517,1118,6.314543227E7,2030-01-01
I716875,63,3820000.53,2030-01-01
I712598,1178,1.004745388E8,
I734842,-1080,4.653213647E7,2025-10-04
I736930,618,5.92833058E7,
I740166,275,2.116463996E7,2030-01-01
I746142,943,6.638393684E7,
I756099,1202,7.921858249E7,2030-01-01
I766438,986,1.2464194113E8,
I767032,1763,2.795577674E7,
I778417,1329,7.252424137E7,
I785093,636,6.987990833E7,2030-01-01
I785676,-1778,8.587292198E7,2025-10-12
I788468,355,0.0,2030-01-01
I794389,1244,2.821032043E7,2030-01-01
I803745,-1681,2.254626162E7,2025-10-19
I804663,-710,4.77758956E7,2025-10-07
I806234,1150,8.515308408E7,
I807849,297,2682937.03,
I812521,1430,1.4010138034E8,2030-01-01
I813383,-1038,7.577470224E7,2025-10-18
I821956,-1772,2.4549914545E8,2025-09-20
I708586,-818,6.232505987E7,2025-10-28
I710717,61,6582476.14,2030-01-01
I711043,-1554,3.772418181E7,2025-10-11
I715803,-515,4.45003138E7,2025-09-27
I718236,-144,8661650.49,2025-10-09
I726018,-644,2.546208801E7,2025-09-19
I726810,1961,2.2472343128E8,
I730615,143,1.090108712E7,2030-01-01
I731479,1991,2.275045674E8,
I731499,398,5.772414136E7,
I732308,-1352,2.0275549006E8,2025-10-27
I739247,651,4.415846309E7,2030-01-01
I742438,-588,6.398190219E7,2025-10-03
I744501,738,9.191157321E7,2030-01-01
I746486,1459,1.1589022029E8,2030-01-01
I747859,749,6.614538914E7,
I749117,305,2.182621951E7,2030-01-01
I750789,261,8916803.26,
I751912,-1774,2.0626817467E8,2025-10-23
I754049,1351,1.6098370001E8,
I756339,686,7.365131553E7,2030-01-01
I760501,1019,3.624490521E7,
I762060,-1150,4.281478192E7,2025-10-01
I766031,-1321,1.7996497976E8,2025-09-23
I768593,436,8884342.89,
I770221,-1308,1.014090759E8,2025-10-02
I775631,355,3.921234556E7,2030-01-01
I778033,218,2.113649007E7,
I782693,794,5.300631016E7,
I783900,665,8.360732944E7,
I789002,-1022,5.336594089E7,2025-09-15
I794872,-1854,4.781579338E7,2025-09-04
I795694,725,6.678007616E7,2030-01-01
I803520,338,473661.82,
I807126,1655,2.218869757E7,
I812406,-1423,6.72964757E7,2025-10-26
I812801,1007,1.0941713253E8,2030-01-01
I814075,1777,8.773958739E7,2030-01-01
I818145,513,6.54985002E7,
I710285,-1373,8.221768577E7,2025-10-18
I715444,476,4.668438182E7,
I719771,1712,9.476518209E7,
I723412,1033,3.10023103E7,2030-01-01
I725750,1110,6713611.38,
I726297,272,3.603916593E7,
I728778,-960,2.990875766E7,2025-10-30
I731254,-1635,1.5533015765E8,2025-10-24
I735242,1461,5.014465843E7,2030-01-01
I735629,864,7.474029399E7,
I740563,1044,1.4901663508E8,2030-01-01
I740986,480,1.888916545E7,
I741072,1895,9.897419242E7,2030-01-01
I746172,1063,4.68941525E7,
I749829,-1175,1.5941063604E8,2025-10-21
I751231,129,1.370867762E7,
I751852,-444,4.554683438E7,2025-09-16
I752049,1285,1.1508538106E8,2030-01-01
I752556,909,8.55608614E7,2030-01-01
I752934,-1981,2.3122783381E8,2025-09-06
I755790,317,1.937760143E7,2030-01-01
I756093,1840,2.418295929E7,
I756184,352,2.2921625E7,
I756856,-1730,1.7525052218E8,2025-10-25
I760831,1306,1.0641212384E8,
I761840,-1022,4.78728559E7,2025-10-06
I762621,1070,7865064.43,
I766930,-1137,1.4967666326E8,2025-09-08
I775538,1249,1.620761546E7,
I780015,1148,1.3349716731E8,
I781096,1281,3.531176665E7,
I781690,-825,9.847154614E7,2025-09-30
I781835,-1821,2.230079979E8,2025-10-11
I783936,191,2.247854159E7,
I787948,1962,2.0640703044E8,
I791034,-271,1.175198957E7,2025-09-17
I792827,-845,6.413628851E7,2025-10-08
I801768,-238,3.373850463E7,2025-09-03
I802329,1805,2.604853826E7,
I807027,-1978,1.9264945914E8,2025-09-02
I810539,1080,1.472263908E7,
I812529,1811,1.7993769395E8,2030-01-01
I814149,1578,1.2932271226E8,2030-01-01
I816644,1838,0.0,
I819119,1960,6.320987999E7,
I713718,1232,6.08975227E7,2030-01-01
I720893,1489,0.0,2030-01-01
I721630,1727,2.1359219027E8,
I722820,217,1.363961416E7,
I723287,1250,9.947125332E7,
I738516,-591,7.272708932E7,2025-10-02
I745138,1674,2.076877045E7,
I748769,-1272,1.1109660278E8,2025-10-20
I749628,-536,7.706006306E7,2025-09-13
I752863,1729,3.0842236E7,
I756110,-1220,1.4354892232E8,2025-10-23
I756976,1832,2.6902944693E8,2030-01-01
I757396,-662,3.597974507E7,2025-10-28
I757878,803,4.430743809E7,
I760293,282,2.269117338E7,
I762528,-1374,1.5657287526E8,2025-10-03
I773209,-184,4654745.68,2025-09-21
I781287,1045,2.269599445E7,2030-01-01
I782219,1060,6.429787483E7,
I785005,749,5.931325278E7,2030-01-01
I788658,81,6347443.61,2030-01-01
I788665,1778,1.6426001919E8,2030-01-01
I789093,1983,2.1371410317E8,
I790494,1364,1.7724740849E8,2030-01-01
I791027,-1185,1.0608572985E8,2025-10-24
I791286,783,4.598380478E7,
I793072,330,4.077438101E7,
I800301,1190,5.980990089E7,
I802024,-1638,1.2782574286E8,2025-09-05
I803975,-1543,9.839323551E7,2025-09-18
I804066,147,1.88012698E7,2030-01-01
I805750,1701,0.0,2030-01-01
I811513,1485,1.6881448684E8,
I825956,-1991,8.413096922E7,2025-10-19
I829211,-1646,1.4267244475E8,2025-10-22
I830197,1557,1.2886883652E8,
I836594,468,3702744.58,
I854037,-109,6424213.13,2025-09-24
I857605,1186,3.846672261E7,
I858839,1180,1.6929700511E8,2030-01-01
I869915,-803,7296084.02,2025-10-28
I869936,1638,8219046.87,2030-01-01
I871059,1862,2.7230010963E8,2030-01-01
I871899,1039,5774834.67,2030-01-01
I881814,-422,2.590733443E7,2025-10-31
I883835,-1607,2.095506042E8,2025-09-21
I886966,638,1.948885094E7,2030-01-01
I896442,1283,3.110539239E7,2030-01-01
I900786,749,7.047324715E7,2030-01-01
I916575,-666,4589368.63,2025-09-01
I919694,398,5.926806439E7,
I920135,252,7344941.95,2030-01-01
I920688,678,9444230.39,2030-01-01
I921042,1797,1.552389522E7,
I921664,487,3.97084697E7,2030-01-01
I928528,830,3.401052575E7,2030-01-01
I935541,684,9.31359464E7,2030-01-01
I824295,-1105,1.3901223382E8,2025-10-20
I827904,-1607,2.1278190393E8,2025-10-19
I834771,-511,1.467929477E7,2025-10-06
I830930,1229,1.1106933475E8,
I833068,682,1.009914173E8,
I841276,1443,8.575175059E7,2030-01-01
I842271,-1255,1.6572906887E8,
I843420,-1957,9.990552416E7,2025-10-22
I846553,874,1.0644453137E8,
I847562,457,5.610422308E7,2030-01-01
I849776,1188,5.111152262E7,2030-01-01
I851648,1031,2.404347573E7,2030-01-01
I855524,766,5.1350888E7,
I869985,1374,1.4325103841E8,2030-01-01
I870659,-1720,1.2434101577E8,2025-10-19
I871416,595,7.286930503E7,2030-01-01
I879216,-1149,1417285.83,2025-10-28
I882158,-639,3.288612761E7,2025-09-06
I892545,-1118,5.188733805E7,2025-09-29
I897073,1736,1.0397968172E8,2030-01-01
I905539,-1754,1.510538641E7,2025-09-23
I909120,608,0.0,
I911633,1011,4.331218862E7,
I919671,-712,3.354282554E7,2025-10-21
I921349,219,3.073829033E7,
I922781,948,4.913960134E7,
I923092,1794,1.2806942366E8,2030-01-01
I928793,237,3.067201712E7,
I929617,246,3.405466794E7,
I935790,-1494,2.172759794E7,2025-10-16
I937425,981,1.0096476527E8,
I823019,1662,4.097165477E7,2030-01-01
I825117,-1969,2.0771959159E8,2025-09-25
I834690,1099,7.045510941E7,2030-01-01
I835090,1006,9.644865341E7,2030-01-01
I839513,-1318,1.3323261538E8,2025-10-31
I840091,912,1.2349599206E8,
I840935,-1115,3.249673961E7,2025-10-07
I841934,-1649,1.9701335457E8,2025-10-26
I843770,-753,8.193534178E7,2025-09-03
I848707,-1903,1.8491323001E8,2025-10-02
I848753,178,1.515322159E7,2030-01-01
I852363,-1736,1.3335641822E8,2025-10-05
I858177,-1172,1.3656002139E8,2025-10-27
I858434,-1370,2.049476924E7,2025-09-18
I860583,1086,1.203931925E8,2030-01-01
I862500,-250,2.615577454E7,2025-10-17
I869469,-1521,1.8483990716E8,2025-10-28
I870514,1633,2.1858795294E8,
I872396,2000,1.8527510805E8,
I886438,938,1.427933168E7,2030-01-01
I888404,1766,1.6520688157E8,2030-01-01
I893718,-317,4.70755142E7,2025-09-29
I895838,356,4.546834011E7,2030-01-01
I896265,1070,2.415561107E7,2030-01-01
I898002,1855,2.2377098643E8,
I900330,-79,0.0,2025-10-12
I901203,892,2.939650742E7,2030-01-01
I901265,1144,5.633726529E7,2030-01-01
I906138,1957,2.3706822818E8,2030-01-01
I906670,1377,5.387023767E7,
I909550,1841,2.7582262776E8,2030-01-01
I909690,1884,2.6218572346E8,
I914916,159,1.640490453E7,2030-01-01
I921107,1118,3.481372019E7,2030-01-01
I921545,1101,1.1629095155E8,2030-01-01
I924685,1207,3.318756662E7,
I925185,1198,1.0792255296E8,
I926962,1773,1.7724428799E8,2030-01-01
I927288,272,3.96257292E7,2030-01-01
I928692,320,1853540.92,2030-01-01
I825658,-1878,6.875110157E7,2025-09-06
I826611,-339,4.687639263E7,2025-09-04
I834590,-694,9.124518221E7,2025-09-23
I843923,1366,1.2441905895E8,2030-01-01
I845852,-386,2.664271118E7,2025-10-18
I857153,232,4142774.94,2030-01-01
I857196,705,9.643799816E7,2030-01-01
I860517,675,7.633906286E7,2030-01-01
I863349,1012,6.81276991E7,
I864497,-1342,1.8252190866E8,2025-09-25
I865161,1569,1.4832992543E8,
I868814,772,3.387212145E7,
I870298,1259,2.698322331E7,2030-01-01
I873183,1090,1.4872686695E8,
I875122,1552,1.9241458091E8,2030-01-01
I875990,-904,9.854121365E7,
I876881,-1758,1.5630669198E8,2025-10-31
I881925,821,1.190808476E7,
I886540,1206,4.739738422E7,2030-01-01
I891919,-1331,1.2249993304E8,2025-10-24
I900270,946,1.1816521982E8,
I900572,1097,7.856546392E7,2030-01-01
I901492,-706,2.38001319E7,2025-10-18
I902686,-1909,1.0872002191E8,2025-10-29
I904145,-779,9546715.76,2025-10-02
I906217,1774,1.7909898487E8,2030-01-01
I908248,-397,4.011375738E7,2025-09-24
I916489,1660,1.1294560231E8,2030-01-01
I922906,957,1.0999730356E8,2030-01-01
I926442,-315,3.032159834E7,2025-10-15
I926645,1952,2.6594602343E8,
I933778,565,5.522063085E7,2030-01-01
I934152,1082,1.0147363111E8,2030-01-01
I937153,119,924898.47,
I828094,1856,7.25685789E7,
I841798,-1516,1.0050603078E8,2025-09-26
I847071,1364,5.368918143E7,2030-01-01
I847540,1356,6.548025396E7,2030-01-01
I848131,665,3.710644239E7,2030-01-01
I850476,958,2.604669877E7,2030-01-01
I851298,-1518,2.2692894292E8,2025-10-29
I853781,1129,1.484621717E7,
I853901,1981,9.985158298E7,
I855325,-1849,1.834522161E8,2025-10-31
I856305,-1741,2.3010603641E8,2025-09-22
I861892,-581,5.114773002E7,2025-10-02
I863197,675,5.109358375E7,
I863944,259,1.989376532E7,2030-01-01
I866547,-523,4012937.02,2025-10-25
I866679,1212,1.115589599E7,
I877487,1526,1.4270935647E8,2030-01-01
I877730,-689,9.094031782E7,2025-10-18
I882303,1508,2.692771707E7,2030-01-01
I889777,1968,2.7361742226E8,
I907029,-938,8.536249933E7,2025-10-09
I909722,-1442,1.6919659967E8,2025-09-07
I914434,1751,0.0,
I916257,171,8270107.19,2030-01-01
I919489,114,4782745.65,
I923228,1542,2.3066879227E8,2030-01-01
I924011,1888,1.6083368578E8,2030-01-01
I924117,-1923,2.4793655958E8,2025-09-14
I927268,1318,2.064965413E7,2030-01-01
I930744,1645,1.6900503626E8,2030-01-01
I931290,1673,1.0287094392E8,
I826246,1641,2.1721688689E8,2030-01-01
I826334,429,4.652442789E7,2030-01-01
I827451,1355,6.471500149E7,2030-01-01
I832304,1190,4.26049882E7,2030-01-01
I828011,1309,1.173828371E8,
I830553,1723,1.859540369E8,
I830727,1516,4.909328338E7,
I839530,-1303,5.846617366E7,2025-09-26
I848698,1373,1.5593294984E8,2030-01-01
I852574,913,8.54854099E7,2030-01-01
I852688,1834,2.2148840626E8,2030-01-01
I857307,1304,1.3831828348E8,2030-01-01
I859528,1962,5.659105198E7,
I866867,521,9390484.39,
I866970,-512,2.87601692E7,
I867868,818,6.540314276E7,
I871082,283,5303457.24,2030-01-01
I873821,1219,4.608550571E7,2030-01-01
I875451,821,0.0,
I876581,-1741,2.1842105393E8,2025-10-02
I880609,-822,9.904620921E7,2025-09-04
I885376,-1099,7456728.04,2025-09-18
I886532,503,1.888583276E7,2030-01-01
I892390,1019,8.643811929E7,2030-01-01
I900187,949,1.2931313799E8,2030-01-01
I903120,-1544,1.6660760373E8,2025-10-26
I904825,-175,1012316.15,2025-10-01
I907977,333,1.480054616E7,
I916683,499,4.788671766E7,
I917011,350,0.0,2030-01-01
I921065,1141,9.831901542E7,
I922501,-323,3.664965509E7,2025-10-02
I928067,389,3.234222482E7,
I931641,1900,1.9013597015E8,2030-01-01
I936582,-454,3.931617647E7,2025-10-16
I828272,243,1.953114314E7,2030-01-01
I833844,-663,5.472877544E7,2025-09-01
I837409,-700,1.683741365E7,2030-01-01
I840454,1981,2.3282060833E8,
I844385,-1233,871145.91,2025-10-17
I844665,-1220,1.7153699256E8,2025-10-20
I844979,1227,9.93844704E7,2030-01-01
I845175,-770,0.0,2025-09-07
I846513,-925,1.0267888625E8,2025-09-02
I848834,-1808,1.9348377238E8,2025-09-28
I855936,-689,7.192931441E7,2025-09-26
I856809,484,2.20525731E7,
I857148,477,2.545765986E7,
I857286,-1384,1.7816487604E8,2025-09-04
I857628,-594,6.805574024E7,2025-09-15
I864898,1744,2.1891057306E8,
I866205,1026,1.3388111634E8,
I866937,1157,1.816166512E7,2030-01-01
I872859,-1235,6.220911398E7,2025-09-27
I885579,1515,8.671873858E7,
I887516,1847,1.2240289086E8,2030-01-01
I888153,749,8.325105332E7,
I893732,599,6.178546812E7,2030-01-01
I894901,286,2.840147507E7,
I895561,1149,1.1817049578E8,
I895689,-1367,1.4385352985E8,2025-09-15
I898429,629,7.144373584E7,2030-01-01
I906047,460,1.095723354E7,
I906692,-1895,1.036839934E7,2025-10-09
I908738,1039,6.222834268E7,
I918223,974,0.0,
I923570,451,2.075624944E7,2030-01-01
I929480,1654,6.467109265E7,2030-01-01
I930019,1999,2.7534989495E8,
I930697,237,2.049316311E7,2030-01-01
I930864,578,5.827975226E7,
I936027,433,1.253741486E7,2030-01-01
I830768,-282,2.623733546E7,2025-09-04
I835912,-1693,2.0798634699E8,2025-09-02
I840604,-688,8.229039798E7,2025-09-22
I841553,-1228,5.613770761E7,2025-09-10
I843081,813,9.814992167E7,
I852104,569,3.761559667E7,2030-01-01
I854624,-237,1.926675549E7,2025-09-24
I854929,1772,2.082362558E7,
I860399,-133,1.005454317E7,2025-09-19
I869992,270,3.50413283E7,
I871382,-1523,1.3919329656E8,2025-09-27
I871959,1842,5.683501975E7,
I873359,-181,2.560589703E7,2025-09-25
I873629,1234,1.4878681289E8,2030-01-01
I880049,-1905,1.0518689969E8,2025-10-31
I881160,-1346,1.4416492171E8,2025-09-08
I895117,188,1.366375181E7,
I895417,1142,1.3121957192E8,2030-01-01
I895749,-1434,1.6582757416E8,2025-09-08
I898094,1254,4.347941147E7,2030-01-01
I899310,-419,1.619539167E7,2025-10-20
I902879,1464,8.784516669E7,2030-01-01
I907268,1241,9.557606581E7,2030-01-01
I907512,728,7.518896868E7,2030-01-01
I913243,291,1892814.26,
I917590,-343,1.074932652E7,2025-09-29
I923788,1213,2.756568672E7,
I926375,862,1.142176331E8,2030-01-01
I926928,273,1.060774359E7,2030-01-01
I927334,-649,5.120443337E7,2025-10-25
I927500,1135,1.3379213397E8,
I931660,-1808,6.606542096E7,2025-10-18
I931946,-1347,4.27147793E7,2025-10-30
I933173,133,1.256797182E7,
I824743,-1760,1.7130476187E8,2025-09-21
I826807,1662,1.4175628283E8,2030-01-01
I839084,1683,2.2188618366E8,2030-01-01
I842771,1667,1.7673056679E8,
I847621,-1760,9.421677235E7,2025-10-06
I860526,1284,9.267356031E7,
I862797,771,5930595.61,
I863237,1639,2.3988436115E8,
I871145,-1297,3.927767652E7,2025-09-09
I876601,-376,2.511117137E7,2025-09-10
I877359,-1872,2.3657604529E8,2025-10-13
I878519,644,9.00785715E7,
I886322,-392,1.359826326E7,2025-10-16
I896796,1775,1.0874287067E8,2030-01-01
I898734,1770,2.4306901576E8,
I900931,1068,1.3274702758E8,2030-01-01
I903016,877,1.0725753923E8,
I903451,1175,1.553627194E8,2030-01-01
I913524,1400,7.178711076E7,
I920623,-1365,1.6510207053E8,2025-09-11
I922146,969,856294.77,
I928979,330,3.583949163E7,
I930248,200,1.174340652E7,2030-01-01
I938692,1936,1.0977867964E8,
I828174,1850,4.416264643E7,2030-01-01
I831383,-587,5.861246698E7,2025-10-23
I832442,-543,5370230.5,2025-09-19
I833972,587,1.184163438E7,2030-01-01
I840733,-1208,1.79075804E8,2025-10-23
I844299,1761,4.232346724E7,2030-01-01
I850233,548,5.037237294E7,2030-01-01
I850766,1424,1.6729181264E8,
I853186,1754,2.6094904805E8,2030-01-01
I857602,1925,8.779374241E7,
I859360,1256,4.892630825E7,
I865386,-355,3.627526147E7,2025-10-13
I865604,429,1076412.77,
I867546,1500,1.3525658949E8,2030-01-01
I869217,-1874,8.449138287E7,2025-10-16
I879885,-1144,1.5613704544E8,2025-09-15
I881456,-1405,7.138011137E7,2025-09-04
I889973,1921,3.650180385E7,
I892248,1081,1.3504650334E8,
I901645,1882,6.575486327E7,
I902417,723,9.370265353E7,
I902951,1476,2.001676999E8,2030-01-01
I906264,1774,1.7656868743E8,2030-01-01
I909596,-1733,1.3995115638E8,2025-10-27
I914360,-1559,1.2749165904E8,2025-09-18
I915008,795,6.343375524E7,2030-01-01
I920258,1602,2.3245735523E8,
I920976,158,5081338.91,
I924188,-458,2.99047035E7,2025-10-05
I926284,117,1.111138123E7,
I933268,-1992,2.7783891132E8,2025-09-08
I933870,1851,2.1396886709E8,
I935862,-1597,1.6993524722E8,2025-09-22
I824155,285,7045758.59,2030-01-01
I825362,349,5.002948512E7,
I831267,701,3.651404616E7,
I834220,1210,1.4499794022E8,
I835758,1281,4.397831741E7,2030-01-01
I840155,-693,5.246336753E7,2025-09-11
I842908,-1662,1.8920857867E8,2025-09-22
I843803,-1086,2.029205883E7,2025-09-13
I844069,736,0.0,2030-01-01
I844122,881,1.917936412E7,
I848280,1683,2.0882815012E8,2030-01-01
I848600,1187,1.2518483397E8,
I853347,1899,2.3898787495E8,2030-01-01
I855292,-145,1.769771863E7,2025-10-16
I857293,1671,1.2020127795E8,
I860323,1939,2.8135641697E8,
I880776,1059,1.2116428126E8,2030-01-01
I883516,1801,1.0523979092E8,
I886956,-331,3.377770031E7,2025-10-12
I899917,634,6.902627737E7,2030-01-01
I900289,-1222,6.252188576E7,2025-09-28
I903385,1105,1.4174873489E8,2030-01-01
I916832,365,387137.57,2030-01-01
I922917,371,2.291701665E7,
I926378,-517,6.688055052E7,2025-10-16
I930224,59,601663.38,2030-01-01
I931777,-95,1210800.59,2025-09-22
I933663,455,4.045066456E7,
I934388,1957,2.6772711714E8,2030-01-01
I936394,-619,7.556593359E7,2025-09-17
I829010,-1601,1.255808906E8,2025-09-29
I829052,-1656,7.920032669E7,2025-10-11
I829240,1573,7.620263533E7,2030-01-01
I829803,890,7.979283415E7,
I836425,1397,1.0715989047E8,
I837612,552,3.477598435E7,2030-01-01
I838362,-829,8.988014203E7,2025-10-24
I839039,361,4261514.7,
I839186,403,1652577.29,2030-01-01
I841633,1712,1.8153895423E8,
I846860,1623,2444017.01,
I851026,1224,9.72266415E7,
I853077,-1980,2.4471703E7,2025-10-01
I860356,1529,1.5734395553E8,2030-01-01
I860884,1688,1.8377747531E8,2030-01-01
I861913,869,1.1547634618E8,
I865487,645,3573648.49,
I865795,1876,1.2986541811E8,
I869070,1137,3.56232077E7,
I879288,1068,7.938036011E7,2030-01-01
I887889,-264,1.075870514E7,2025-09-24
I891914,104,1.134680206E7,
I892615,1202,1.6623939124E8,
I894732,1262,6.945590371E7,2030-01-01
I903654,766,8.313052268E7,
I908678,897,8243948.87,
I909659,1170,1.1964906256E8,2030-01-01
I911201,-72,1256835.59,2025-10-13
I911602,1659,9.290792807E7,2030-01-01
I913527,-772,1.081382559E7,2025-09-15
I916098,-1129,1.4265234726E8,2025-10-23
I920877,839,1.1206800719E8,2030-01-01
I923564,1874,5.243184643E7,
I926507,1734,3.621656286E7,
I927290,1088,1.0236863593E8,
I934687,1331,1.2693382027E8,2030-01-01
I935308,1367,6.114881841E7,2030-01-01
I939899,1483,3.459730964E7,2030-01-01
I944762,-480,8710835.63,2025-10-04
I946785,-890,1.2121862853E8,2025-10-10
I958421,-1875,2.8015620083E8,2025-10-12
I961353,1064,1.56723263E8,
I963382,-51,3066717.69,2025-10-17
I965219,1617,5.795668966E7,2030-01-01
I969756,213,2.112331165E7,2030-01-01
I970630,-1590,1.7143425742E8,
I972638,253,3.110893141E7,
I981180,-1141,4.711823762E7,2025-10-19
I982599,-558,2101858.52,2025-09-15
I983200,299,7410416.18,2030-01-01
I992650,1180,3889751.17,2030-01-01
I1003181,1847,8.287835844E7,
I1003272,-639,1.506601662E7,2025-09-19
I945369,1347,4.956188104E7,2030-01-01
I945512,626,6912888.87,2030-01-01
I945925,179,1.279583195E7,
I951426,1811,7421546.66,2030-01-01
I955121,195,1.868443297E7,
I955704,-805,7.655135359E7,2025-10-16
I958014,277,3.319477323E7,
I963623,-1345,7.961883256E7,2025-09-23
I966250,-1569,1.3764759563E8,2025-10-26
I970587,158,1.838685515E7,2030-01-01
I972686,1538,6.301829785E7,2030-01-01
I986120,315,4.237493161E7,2030-01-01
I987686,-1406,3.485499594E7,2025-09-13
I988927,83,4969459.81,2030-01-01
I1003125,-1966,2.1932534344E8,2025-09-05
I1007513,1633,2.443778658E8,2030-01-01
I1008857,1056,2.633419189E7,2030-01-01
I946170,-277,1.772266488E7,2025-10-24
I947372,1557,2.0388078699E8,
I958525,-1116,1.126951426E7,2025-10-10
I964270,1263,1.4506974497E8,2030-01-01
I965867,1840,1.6712684214E8,2030-01-01
I968247,601,1.221828859E7,2030-01-01
I968622,-402,3918221.55,2025-09-07
I969512,-252,8092710.41,2025-10-02
I975334,1799,1.8777961254E8,2030-01-01
I975649,1149,1.105070387E7,2030-01-01
I979501,622,3.660590737E7,2030-01-01
I982124,394,7314657.12,
I982927,249,2.786057225E7,
I985582,1417,1.164198226E8,
I986469,399,4.274726115E7,
I987461,-1945,2.1370475211E8,2025-09-09
I993213,1846,1.2230926984E8,
I998538,63,5194365.99,
I1000090,94,1.296039951E7,2030-01-01
I1005812,1254,6.867936243E7,2030-01-01
I946698,175,1714518.76,2030-01-01
I943414,833,1.0847340533E8,
I950200,1300,1.34821376E8,
I958021,1671,4.368539902E7,
I966829,672,3.147814819E7,2030-01-01
I973817,1494,1.9666838089E8,2030-01-01
I976364,332,2.747822149E7,
I980500,1021,1.050114288E8,
I984690,-1885,2.5723734679E8,2025-09-16
I987763,1207,1.7622596844E8,2030-01-01
I991393,-1218,8.014575116E7,2025-10-19
I991676,1394,1.6185533817E8,
I992678,-823,2.569781869E7,2025-09-12
I992736,-1975,2.8655732518E8,2025-10-08
I995154,1190,7.58338684E7,2030-01-01
I995341,1480,1.7794347417E8,
I996237,-82,1.217106363E7,2025-10-26
I998391,695,2.097742686E7,
I1000788,827,4.328583213E7,
I1002741,1808,2650891.2,2030-01-01
I946890,-574,3.058194103E7,2025-10-03
I948937,1619,1.2776600699E8,2030-01-01
I950409,1004,1.133218706E8,
I951637,799,1.372026455E7,
I954798,1021,1.4813476736E8,
I965207,551,6.00802483E7,2030-01-01
I966917,1696,7.942087709E7,
I967446,1894,1.6452707802E8,
I975723,-921,7.42378377E7,2025-10-28
I978811,1562,2.230972031E7,
I984435,1963,1.789213992E8,2030-01-01
I984639,58,7167319.77,
I995494,-1367,1.555984873E7,2025-09-11
I996163,120,516567.99,2030-01-01
I999193,90,1.097664325E7,2030-01-01
I1002382,-356,8998587.77,2025-09-06
I1006292,606,6.156980132E7,
I1008179,1025,8.698292414E7,
I1009386,1921,2.8440557855E8,2030-01-01
I1009824,-1180,1.7031249716E8,2025-10-11
I941233,-1184,1.2988674594E8,2025-10-10
I943529,822,4.12033411E7,2030-01-01
I947335,-499,7.407208323E7,2025-09-10
I941244,761,1.0200276254E8,
I953946,771,2.249908489E7,2030-01-01
I958453,367,3.312113995E7,
I962554,-1225,1.3523299948E8,2025-10-13
I976240,716,2.331780727E7,
I977811,1720,1.8861786977E8,
I983943,481,4.95500992E7,
I986338,522,2.829469578E7,
I987125,1515,3.149428918E7,
I992352,611,4.317639387E7,
I1000050,1022,1.901113549E7,
I1001639,1241,8.128478186E7,
I1001686,573,5.251010016E7,
I1003381,-70,2369992.95,2025-09-08
I1005749,-337,1.437215149E7,2025-10-29
I939289,1520,2.108416985E7,2030-01-01
I939643,494,1.109617009E7,2030-01-01
I940955,-414,4.264640041E7,2025-09-19
I944844,1013,4.117713946E7,2030-01-01
I946566,123,1.624733268E7,2030-01-01
I947177,1967,3.294886468E7,2030-01-01
I951738,593,0.0,2030-01-01
I953878,1818,1.3048423431E8,2030-01-01
I959209,1491,1.0948282382E8,
I960346,-74,3970933.44,2025-09-21
I964923,232,2.884758806E7,2030-01-01
I965404,764,9.830362444E7,2030-01-01
I969305,1753,1.2648948815E8,
I969656,1487,1.3436271004E8,2030-01-01
I972856,1523,1.5489293299E8,
I976078,1668,2.1457191089E8,2030-01-01
I980074,-1505,8.752082644E7,2025-09-06
I986082,391,1.203337506E7,2030-01-01
I991850,1892,2.7192204676E8,
I992209,-1935,2.999881664E7,2025-10-26
I995313,1065,7.852480605E7,2030-01-01
I998806,1289,2.935700576E7,2030-01-01
I1003391,-958,1.2963798249E8,2025-09-12
I953490,1157,1.6495465455E8,2030-01-01
I960433,1507,8.919657359E7,2030-01-01
I963486,1920,2.6490945607E8,2030-01-01
I970193,1477,1.0261059547E8,
I976189,208,1.310260886E7,2030-01-01
I977233,-1249,1.7392853049E8,2025-10-11
I977580,1352,1.2636085894E8,2030-01-01
I979037,-1815,5.142177161E7,2025-10-26
I979175,595,6.024468962E7,
I982034,1573,9.716518413E7,
I986560,1188,1.7439586403E8,
I986617,711,2.499921319E7,
I1005021,1576,1.3895535769E8,
I1009371,1223,1.5047760833E8,
I948105,1404,0.0,2030-01-01
I941799,1339,8.747302152E7,
I954186,247,2.357678822E7,
I957513,1527,9.308808918E7,2030-01-01
I958097,1579,1.5941991968E8,2030-01-01
I962081,421,1.32716811E7,2030-01-01
I965268,357,3.145224644E7,2030-01-01
I973279,1834,2.4398359933E8,2030-01-01
I979393,-791,0.0,2025-09-03
I981989,-1680,2.936214796E7,2025-10-21
I983088,1291,1.7004456076E8,2030-01-01
I991220,857,1.268881539E7,2030-01-01
I997526,-851,2.280255823E7,2025-09-16
I998638,1519,2.035600497E7,
I1005929,1376,9.186139457E7,2030-01-01
I1009416,1385,6.560711349E7,2030-01-01
I957205,1527,2.2820185097E8,2030-01-01
I962306,1509,1.2855885099E8,
I970764,-1935,1.228673133E8,2025-09-16
I978578,-480,3.182557108E7,2030-01-01
I981335,624,6.574914741E7,2030-01-01
I982842,-1508,1.8907506888E8,2025-09-04
I985894,962,4.384167498E7,2030-01-01
I986012,-747,2.01050693E7,2025-09-01
I987699,506,6.257356588E7,
I993097,-1461,8.93337104E7,2025-10-06
I996314,-747,1.0703475717E8,2025-10-14
I1003612,967,5190040.84,2030-01-01
I1008441,105,705598.27,2030-01-01
I943578,399,2.934876015E7,2030-01-01
I945864,791,2.073141767E7,2030-01-01
I946991,1669,8.928007711E7,
I952573,684,2.248474207E7,2030-01-01
I953196,1462,1.4857365839E8,
I958774,1752,6.509030058E7,
I961809,1445,0.0,2030-01-01
I962207,151,1224870.21,2030-01-01
I965502,1630,4.393796634E7,2030-01-01
I974250,1206,1.0725985298E8,2030-01-01
I975920,-598,9434203.59,2025-10-29
I976742,1925,1.7552774477E8,2030-01-01
I982222,491,4.156110556E7,2030-01-01
I985586,98,1.229800231E7,
I986349,-153,1.630564689E7,2025-10-08
I989584,1334,2.641924716E7,2030-01-01
I1000330,760,9.07557068E7,
I1007993,714,6.357322788E7,2030-01-01
I941333,1165,5.33793843E7,2030-01-01
I944737,1551,2.0882118174E8,2030-01-01
I949233,1097,1.736232727E7,2030-01-01
I954426,1705,1.5151661225E8,
I958085,1538,2.0028195725E8,2030-01-01
I959656,-1965,6.000741565E7,2025-09-25
I960948,626,1.191183516E7,2030-01-01
I961797,-339,3.058098391E7,2025-10-26
I961916,1080,1.06580235E7,2030-01-01
I964410,660,1.883782223E7,2030-01-01
I965663,1123,2.852899368E7,
I970417,625,4.652529094E7,2030-01-01
I972533,518,2.489392707E7,2030-01-01
I974315,1006,8.412744271E7,2030-01-01
I975282,919,8.598422382E7,2030-01-01
I975751,-582,1.722564144E7,2025-10-01
I978444,1600,1.444018746E8,
I981108,582,1.432902963E7,2030-01-01
I987197,-349,2.901697803E7,2025-10-20
I996745,-1576,1.9484504365E8,2025-10-23
I999412,976,6.235704385E7,2030-01-01
I1002014,1211,1.5495438596E8,2030-01-01
I1004900,1294,1.217221093E7,2030-01-01
I1005703,-363,5.114114145E7,2025-10-15
I1007034,1812,1.8964437455E8,2030-01-01
