item_id,units_sold,revenue,sale_date
I16524,670,2.921288241E7,2030-01-01
I16912,-295,3.934809774E7,2025-10-11
I30061,505,2150423.84,
I30248,798,5.605615934E7,
I32503,81,2109351.32,
I38974,-841,8.419905543E7,2025-09-04
I39730,-1162,1.443400942E8,2025-09-20
I42690,1162,1.4920823468E8,
I44159,401,3.17797567E7,2030-01-01
I47179,1257,1.1011439389E8,
I59958,-1506,2.0649560395E8,2025-09-24
I63162,652,4.52102909E7,2030-01-01
I65237,986,3.934127326E7,2030-01-01
I68925,-1256,9.572545304E7,2025-09-05
I69389,-1222,6.676568441E7,2025-10-10
I71132,405,2.259823113E7,2030-01-01
I82072,1036,1.5078327624E8,2030-01-01
I86972,1220,3.570239775E7,
I98338,1133,1.4370114789E8,2030-01-01
I98831,1231,9.687122999E7,2030-01-01
I103320,1200,6946811.02,
I105491,-626,2.827493186E7,2025-10-13
I106037,1153,3.339429709E7,2030-01-01
I106957,1566,1.3160657454E8,2030-01-01
I110097,1207,1.404629917E7,2030-01-01
I111923,1015,1.4790184251E8,2030-01-01
I116104,1280,1.1654379562E8,2030-01-01
I116263,1707,2.2107061257E8,
I118497,1051,1.5743811286E8,2030-01-01
I120580,-927,5428306.3,2030-01-01
I12214,1511,1.2420462527E8,2030-01-01
I15479,-1910,2.4865276052E8,2025-09-07
I21164,1742,1.1157839259E8,2030-01-01
,281,8826345.1,2025-09-17
I23881,446,6.582590504E7,
I39717,-1258,3.783414415E7,2025-10-04
I53895,1631,1.9693873839E8,2030-01-01
I59938,1178,1.280489727E7,2030-01-01
I60467,147,6394986.51,
I61200,1613,1.3985114555E8,
I61394,1099,1.3533205561E8,2030-01-01
I65711,-1303,1.7206759511E8,2025-10-03
I66731,1644,1.0339318047E8,
I71058,930,6.757518116E7,
I71712,-669,9535072.81,2025-09-06
I72941,1161,1.601795257E8,
I74931,589,1.486275505E7,
I79273,197,2.704592272E7,
I85114,1144,8.281340868E7,2030-01-01
I85426,802,4.228582272E7,2030-01-01
I86030,-1522,5951261.11,2025-09-23
I94174,-470,3.261292705E7,2025-10-07
I95145,622,7.868225145E7,2030-01-01
I96713,1879,4.654724021E7,2030-01-01
I101086,822,1.1532069783E8,
I104845,1378,3.717288372E7,
I109341,415,8629772.22,2030-01-01
I112873,98,1.223243715E7,
I115627,-601,4.627472998E7,2025-09-05
I118031,1932,2.0564589759E8,2030-01-01
I119289,1355,1.6378903343E8,
I120965,160,1.490238961E7,
I122042,1133,6.035060996E7,2030-01-01
I123025,-1825,1.3750904713E8,2025-09-18
I22734,1256,0.0,2030-01-01
I23468,1460,1.0543779427E8,2030-01-01
I25701,1279,1.0993073774E8,2030-01-01
I27629,546,7.601105245E7,2030-01-01
I33594,1479,6.140099862E7,2030-01-01
I33598,-948,6.030679004E7,2025-09-03
I34856,1624,1.04803066E7,2030-01-01
I41625,-1251,5.487691782E7,2025-10-28
I42324,1952,1.1073364E8,
I42632,1035,9.219178903E7,
I45520,709,8.095318061E7,
I47168,-1337,1.9532851497E8,2025-09-18
I51791,-1658,2.2593447597E8,2025-10-23
I53673,-1395,1.1987486315E8,2025-09-29
I55761,-577,2.426025567E7,2025-09-13
I57326,432,4.39522247E7,
I58123,1202,8.483399959E7,
I60116,1684,1.7214024566E8,2030-01-01
I65442,1506,1.6852853934E8,
I67570,690,9.433854996E7,
I72350,-1142,3.850122207E7,2025-10-14
I73704,1816,2.5523208519E8,
I74925,521,3.70996258E7,
I77809,1617,2947918.39,
I84331,-905,6.583210826E7,2025-10-28
I85744,-346,4.695812253E7,2025-09-24
I91650,1884,0.0,
I91745,1414,1.2501557987E8,
I106610,-801,3.649370762E7,2025-10-10
I108361,1177,6.971950401E7,2030-01-01
I113260,1640,0.0,
I122649,-337,3295951.45,2025-10-15
I10597,-838,1.1352172503E8,2025-10-04
I16031,-1586,1.620727303E7,2025-10-21
I17903,-726,1.0279591972E8,2025-10-15
I20746,1226,1.4717733384E8,2030-01-01
I19644,1369,1.0832536972E8,
I32528,746,6.320359661E7,
I34994,1181,1.505777146E7,2030-01-01
I55053,-108,9636882.54,2025-09-16
I56573,322,1266371.1,
I58306,1826,2.6199420108E8,2030-01-01
I67085,-198,2.276046062E7,2025-10-23
I73302,-1942,1.5292623204E8,2025-09-03
I77662,1141,1.4893790775E8,2030-01-01
I81221,-1619,2.122089659E7,2025-10-19
I88458,892,4.034851877E7,2030-01-01
I88734,921,1.016443799E8,2030-01-01
I89334,1879,2.872708823E7,
I90575,-1529,1.8485471029E8,2025-09-18
I91399,-544,7.498315937E7,2025-09-24
I94075,-277,3.665132414E7,2025-09-08
I94495,238,1.4073732E7,2030-01-01
I97216,1248,7.344418745E7,2030-01-01
I102717,-894,5.311230366E7,2025-10-08
I107441,504,4.112891008E7,
I109896,872,7.095559615E7,2030-01-01
I117330,-1992,5.983897322E7,2025-09-28
I16788,1492,0.0,2030-01-01
I18528,-437,5.666856032E7,2025-10-25
I19478,-490,2.175718805E7,2025-10-04
I12913,350,2.186135344E7,
I21232,1305,3.87204541E7,
I22616,1790,4.626746545E7,2030-01-01
I23396,1576,1.0325420091E8,
I30428,1687,2.4989655811E8,
I33553,-1336,3.91116659E7,2025-10-01
I36627,318,2.749283562E7,2030-01-01
I37242,1976,1.104855751E7,
I38476,1682,2.1617484365E8,2030-01-01
I40700,1799,1.5744598504E8,2030-01-01
I40927,316,4.584374157E7,2030-01-01
I41973,401,4.37683902E7,
I42767,-464,2.519548413E7,2025-09-24
I44505,1869,7.370008854E7,
I46603,293,3.404838247E7,
I47055,494,2.801257403E7,2030-01-01
I48260,1706,1.8733410042E8,2030-01-01
I60568,1362,1.9137691469E8,
I62152,-701,3.611553792E7,2025-09-25
I64914,-1042,4.322593132E7,2025-09-20
I65330,-848,3.129779356E7,2025-09-10
I66348,1230,9.190034608E7,2030-01-01
I70317,-1489,8.417214665E7,2025-10-02
I71239,-576,5983188.04,2025-09-03
I71592,1168,1.5067461096E8,2030-01-01
I76860,-314,2.227009582E7,2025-09-30
I78639,1953,2.2608945669E8,
I91683,1114,1.4951142015E8,
I93249,555,5.425983667E7,2030-01-01
I97541,738,1.0946220372E8,2030-01-01
I99726,884,4.491857497E7,2030-01-01
I106185,-596,2.066701951E7,2025-09-02
I109557,-585,6.651867145E7,2025-09-28
I109890,1483,3477237.71,2030-01-01
I115165,1076,9.19412078E7,2030-01-01
I116884,814,7478662.13,
I11911,277,1.127391133E7,2030-01-01
I15734,-966,3.468528569E7,2025-09-26
I16456,-664,3.057365354E7,2025-09-08
I21691,-217,3.029205239E7,2025-09-13
I12520,524,5.134685336E7,
I15098,469,4.745840094E7,
I20494,1871,1.089317171E8,
I21116,1135,1.606169558E7,
I24904,1058,1.381890599E7,2030-01-01
I31022,1019,1.0710194219E8,2030-01-01
I33463,-187,1.629831639E7,2025-09-27
I33487,-211,1.42698018E7,2025-09-05
I37522,444,1.732393678E7,2030-01-01
I44918,407,3.307632673E7,2030-01-01
I45202,-580,7.09580774E7,2025-10-08
I48431,1108,1.2958185344E8,2030-01-01
I48897,-1982,3.743030738E7,2025-09-16
I50413,1291,1.7943471345E8,2030-01-01
I54737,1757,1.5607438389E8,
I57865,1931,7.595691244E7,
I58333,909,7.218496022E7,2030-01-01
I60248,-1356,2.005892964E7,2025-09-03
I62047,145,1.004169175E7,
I67660,-1707,2.1279950721E8,2025-09-05
I73132,-1320,8.730170711E7,2025-09-08
I75940,1649,0.0,
I79432,1929,1.1076137593E8,2030-01-01
I81249,-218,2.333102209E7,2025-10-15
I86296,1231,1.6750967685E8,2030-01-01
I90691,1847,1.5121647064E8,2030-01-01
I92129,457,2.206932779E7,2030-01-01
I93731,1633,6.832607954E7,2030-01-01
I98363,1819,4.911205764E7,
I98659,1609,2.3941666598E8,
I99714,-1064,1.0305698486E8,2025-09-22
I101840,269,3327361.08,2030-01-01
I102101,1883,2.3415300509E8,
I104725,-296,1.308712501E7,2025-10-29
I104740,1395,1.9426016679E8,2030-01-01
I115910,-574,6.873459322E7,2025-09-21
I117209,716,2886718.59,2030-01-01
I12231,888,2.4600533E7,2030-01-01
I13329,1582,2.1947776954E8,2030-01-01
I19669,860,7565621.17,2030-01-01
I13981,1266,1936664.65,
I23893,1923,1.7270636475E8,
I24394,-914,5.292540965E7,2025-10-06
I24621,-432,2.386863955E7,2025-10-19
I29647,-439,5.007612678E7,2025-09-15
I29842,-1901,2.0940808054E8,2025-09-08
I31902,-1449,1.0041662276E8,2025-10-26
I34600,1607,5.517797549E7,2030-01-01
I36102,743,6.697850274E7,
I37908,-1424,1.9305465957E8,2025-10-18
I43921,-1081,9.683458528E7,2025-09-17
I44018,-443,4810164.98,2025-10-31
I49339,-712,8.13018261E7,2025-09-21
I56112,163,857421.5,2030-01-01
I56607,433,3.919706493E7,2030-01-01
I66243,536,3.353906947E7,
I75019,-1230,6.711868467E7,2025-10-21
I76064,-1958,2.8849767201E8,2025-10-24
I76640,1055,5.476658248E7,2030-01-01
I86157,782,5.527919569E7,
I87697,392,6761413.33,2030-01-01
I90625,98,2662165.33,
I92747,1109,7.79183917E7,2030-01-01
I97409,112,213007.47,2030-01-01
I105841,-766,1.1050362245E8,2030-01-01
I110298,-1909,1.8502182351E8,2025-09-28
I113425,-1988,2.3986620365E8,2025-10-21
I117966,1195,4.216491717E7,2030-01-01
I118241,1459,7.466586673E7,2030-01-01
I118391,729,9065922.94,2030-01-01
I121583,1696,1.9121666199E8,2030-01-01
I11066,941,1.805020975E7,2030-01-01
I11078,-96,6109643.52,2025-09-10
I14790,1346,6.865963047E7,2030-01-01
I15316,-805,2.892242757E7,2025-10-26
I19932,-214,4475569.97,2025-09-10
I14156,1928,2.2104172897E8,
,1349,1.1826244494E8,2025-10-11
I22485,245,3.15419849E7,
I23529,661,2.637366297E7,
I24817,636,2.589532224E7,
I38981,-1076,8.532383433E7,2025-10-29
I41406,1301,1.0592381207E8,2030-01-01
I43501,791,6.895110348E7,2030-01-01
I45508,-1634,5.94560893E7,
I52287,372,4.433913937E7,
I63714,1775,1.249510849E7,
I64320,-199,2.692037294E7,2025-09-09
I75290,1936,4.898198776E7,2030-01-01
I76433,851,1.354273286E7,
I76711,-388,1.447613013E7,2025-09-10
I92360,1234,1.7913624897E8,2030-01-01
I101923,-944,5627407.3,2025-10-21
I105493,1659,2.4391877031E8,2030-01-01
I113596,-1958,2.1254828764E8,2025-09-19
I119639,1162,1.1599910964E8,2030-01-01
I124619,1404,1.1721260067E8,2030-01-01
I124880,821,3.488970106E7,2030-01-01
I126260,1640,8.178568885E7,2030-01-01
I126494,1269,1.901799326E7,
I21353,1039,9.448105408E7,
I22078,623,1.694105059E7,
I26400,-1894,8.871781447E7,2025-09-08
I27876,1940,4.3105986E7,
I28681,1427,7.253206263E7,2030-01-01
I41921,1743,3.547174159E7,
I49817,807,4.98853905E7,
I55827,1317,1.3640022507E8,2030-01-01
I56164,978,5.718694427E7,
I56355,536,5.402784847E7,2030-01-01
I57986,220,1.615291018E7,2030-01-01
I61311,-1751,6.158613051E7,2025-09-07
I65553,1250,3.6626663E7,2030-01-01
I71016,850,1.1336274798E8,
I74899,-306,4.132904528E7,2025-10-31
I78588,538,0.0,
I84332,1747,8.940392234E7,
I91941,1236,1.06794392E7,
I103976,1965,8.042111652E7,
I108347,980,6.421093836E7,
I114281,-112,1778768.24,2025-10-22
I117544,-894,3.478078484E7,2025-10-05
I118807,748,8.673429926E7,
I123058,949,1.3269620237E8,2030-01-01
I126345,1600,2.2003024439E8,2030-01-01
I16167,-70,9694040.38,2025-09-19
I16391,1399,8.690325381E7,2030-01-01
I17081,372,1619446.37,2030-01-01
,1881,6.053940608E7,2025-10-31
I17798,1735,2.2305129568E8,
I19432,1708,2.0236892028E8,
I25707,979,1.3095810139E8,
I34229,-1524,2.1917376833E8,2025-10-13
I37982,-1598,1.775254223E8,2025-09-10
I44585,628,2.81517988E7,2030-01-01
I45300,1038,1.2478788385E8,
I47586,619,2.432184576E7,2030-01-01
I51576,210,2.545813606E7,2030-01-01
I61658,1812,1.1688040883E8,
I64822,1317,6.346292263E7,2030-01-01
I64946,1692,1.6429458411E8,
I65537,1048,4.350894656E7,2030-01-01
I66890,-1648,6.423009495E7,2025-09-20
I73898,-1628,1.7388628914E8,2025-09-25
I81098,1540,1.234437561E7,2030-01-01
I83975,136,1.69586015E7,
I92668,1320,1.6083516128E8,2030-01-01
I92773,-1316,1.5597118981E8,2025-10-28
I97086,-392,5.746280133E7,2025-10-09
I102723,691,7.137111081E7,2030-01-01
I114892,1541,6.12943504E7,2030-01-01
I120573,1349,1.9675677887E8,2030-01-01
I122168,1575,1.870470851E7,
I128032,-1601,2.2104296586E8,2025-09-03
I10600,-654,2.604303711E7,2025-10-31
I10601,-674,4665973.83,2030-01-01
I19956,-1220,8.538496995E7,2025-10-05
I21784,1771,2.4261693593E8,
I22721,1956,1.3443569003E8,
I24084,-1783,0.0,2025-09-16
I53115,-1966,4.046370113E7,2025-10-15
I53304,865,8.501051748E7,
I54574,-1654,1.728258483E7,2025-09-13
I56215,1010,7.139282739E7,
I56236,1214,1.513177491E8,2030-01-01
I67618,1243,1.419656396E7,2030-01-01
I69259,-672,1.285682562E7,2025-10-04
I73296,909,6323659.13,2030-01-01
I76830,1666,2.0768648071E8,2030-01-01
I80121,743,6000398.49,
I83992,1996,2.3430435147E8,
I84646,-1647,9.328371673E7,2025-10-07
I85186,603,7.970183871E7,2030-01-01
I91177,-1227,6.093633546E7,2025-10-29
I101495,1827,1.4946908179E8,2030-01-01
I103250,-686,2.797068653E7,2025-09-15
I109630,1602,1.7178560747E8,
I112218,1435,1.020302431E8,2030-01-01
I112926,1758,2.95463204E7,2030-01-01
I113479,204,1.660968536E7,
I117723,620,4.867757282E7,2030-01-01
I121767,-1115,8.107620298E7,2025-09-08
I123015,-1325,1.6188839708E8,2025-09-29
I18372,857,7.093743316E7,2030-01-01
,136,8361131.43,2025-09-08
I16517,288,6346745.93,
I20249,-1724,6430433.83,
I21654,1351,4.747154357E7,
I23941,1136,1.1422574562E8,
I25088,1071,6.019465186E7,
I26330,-135,1131505.83,2025-10-07
I34466,1727,7.013843029E7,
I36826,1185,1.1299094197E8,2030-01-01
I40575,1299,7387055.63,2030-01-01
I42975,1748,1.906792286E7,
I43392,443,1.682951629E7,2030-01-01
I45244,-697,8.425854458E7,2025-10-13
I50013,1225,1.3739097814E8,2030-01-01
I57608,-341,1.352629346E7,2025-09-26
I58931,-984,1.2470922385E8,2025-10-15
I62070,96,1.14457842E7,2030-01-01
I64731,-788,1441302.67,2025-10-06
I68060,374,4.750521958E7,
I68781,660,4.277954587E7,2030-01-01
I71660,1924,2.3188472087E8,2030-01-01
I77139,409,2.177257448E7,2030-01-01
I77692,-433,6958435.48,2025-10-25
I82762,668,3.236183809E7,
I88616,688,6.45285587E7,2030-01-01
I88701,742,1.562947468E7,
I89553,1472,9.486674405E7,2030-01-01
I90390,1578,1.1530558295E8,2030-01-01
I91343,-261,2.868561791E7,2025-09-25
I96773,526,4.442845921E7,2030-01-01
I102196,1206,8.397562696E7,2030-01-01
I105401,575,7.735075933E7,
I108023,-1393,3.39477498E7,2025-09-08
I108061,58,5609289.57,2030-01-01
I114400,-1787,2.3907697085E8,2025-09-05
I114862,980,3.921112629E7,2030-01-01
I116008,637,5.746671783E7,
I120885,-951,8.032858976E7,2025-10-14
I122287,253,2.619713011E7,2030-01-01
I122352,1754,1.964443745E8,
I126495,841,9.11785404E7,
I138575,-1930,1.5664843517E8,2025-09-21
I131759,1902,1.4477220746E8,
I141232,1329,5.674707793E7,2030-01-01
I141877,-556,1.874163715E7,2025-10-18
I146721,1819,2.409951004E8,2030-01-01
I153288,1525,1.1076552051E8,2030-01-01
I153527,234,3.132275114E7,2030-01-01
I154675,-57,1789813.88,2025-09-23
I155450,326,1.254721018E7,
I156786,-708,6.995445767E7,2025-09-02
I157803,1348,1.0098733661E8,2030-01-01
I159483,-1692,3.015677141E7,2025-10-27
I163457,1973,1.6064033966E8,
I165459,191,2757540.42,
I170446,819,5.452077775E7,
I173453,-871,1.2227049705E8,
I181323,1459,1.5941886424E8,
I184322,853,4.827867545E7,
I189146,-608,5.184813506E7,2025-10-13
I192829,549,7.077107177E7,2030-01-01
I197511,-136,3589216.29,2025-10-17
I200649,-1128,1.997977274E7,2025-10-08
I200876,157,2280206.85,2030-01-01
I202035,1548,3.045713929E7,
I203351,389,4.44849446E7,
I215765,603,5.800344863E7,2030-01-01
I218188,311,1.558032694E7,
I225221,-400,2.370871182E7,2025-09-15
I225998,1283,1.7461750728E8,
I227061,745,1.1082550554E8,2030-01-01
I227811,971,9.955942162E7,
I230321,1035,6.218764506E7,
I234903,-1191,1.695366094E8,2025-10-01
I238966,433,4.086527912E7,2030-01-01
I131359,-1249,1.519765548E8,2025-09-06
I136908,1869,1.5754261601E8,2030-01-01
I137865,-1076,7.814578728E7,2025-10-12
I136278,516,6.05262758E7,
I138673,1705,6.622943885E7,
I143377,498,1.402617387E7,2030-01-01
I143717,732,2.870863021E7,
I147469,1767,1.1422274678E8,
I158628,916,3.499573758E7,
I161490,1582,3.969886964E7,2030-01-01
I165634,133,1.721964627E7,2030-01-01
I166466,815,1.276894446E7,2030-01-01
I170130,1067,4.976174633E7,
I174344,646,2.090091559E7,2030-01-01
I178716,1306,1.8738203547E8,2030-01-01
I181654,-564,5.221661621E7,2025-09-19
I186835,1889,0.0,
I187256,1364,1.9938994066E8,2030-01-01
I189699,464,5.852807714E7,2030-01-01
I191563,104,1.312590091E7,2030-01-01
I199583,690,5.747387097E7,
I203393,858,6.410392712E7,
I204905,-1777,8.065408705E7,2025-10-24
I212385,274,3.655836185E7,
I213835,1112,1.0283982392E8,2030-01-01
I219388,1134,3.210974599E7,2030-01-01
I220501,-1896,7.32014233E7,2025-09-12
I221129,-552,2.366563959E7,2025-09-07
I221164,1361,1.4522656078E8,2030-01-01
I221201,743,7.153153664E7,2030-01-01
I229522,-234,8151737.79,2025-10-26
I229524,1172,1.730437395E7,2030-01-01
I237091,-1109,2.813661394E7,2025-10-13
I240829,1663,1.322853645E7,2030-01-01
I242007,-1278,1.6893367533E8,2025-10-21
I141172,1233,1.033477788E8,2030-01-01
I145280,-844,2.830567338E7,2025-10-22
I153543,-519,4239735.97,2025-10-20
I153782,-1563,1.8782734738E8,2025-09-15
I156293,765,1.0504790353E8,2030-01-01
I162934,1182,3.884653208E7,2030-01-01
I167157,-124,1.526231304E7,2025-09-25
I170779,1259,5.940353063E7,
I185567,684,1.553118334E7,2030-01-01
I188513,-1925,3.231534295E7,2025-10-06
I193162,1464,1.7618486653E8,
I195933,957,7.124051123E7,2030-01-01
I196893,-274,1.559525244E7,2025-10-24
I205724,133,2872979.15,2030-01-01
I208661,1214,1.0737887558E8,
I209873,1600,6.506457843E7,2030-01-01
I213731,-410,2.921477824E7,2025-09-13
I214560,-1383,5.971238033E7,2025-09-29
I217396,-1382,2.0574590644E8,2025-10-04
I219735,-1381,2.377402994E7,2025-10-23
I225797,-1011,1.0543936677E8,2025-09-24
I237824,843,3.069193529E7,2030-01-01
I128260,400,5.363141269E7,2030-01-01
I136127,767,5.480057537E7,2030-01-01
I130703,889,5.865864598E7,
I132209,832,5.421570865E7,
I140359,1761,1.2834461591E8,
I146287,1642,1.6660022455E8,2030-01-01
I148563,1856,2.7767204014E8,2030-01-01
I149446,1118,1.1153755198E8,
I150634,1145,3.583981617E7,
I151384,-1171,2844877.05,2025-09-02
I151927,1928,3.797450259E7,
I153359,806,7.446259138E7,2030-01-01
I155785,-1825,2.3469345084E8,2025-09-17
I164137,-1675,1.4196845351E8,2025-10-26
I164432,339,4.866243803E7,
I165065,1647,1.5525368439E8,2030-01-01
I165532,1937,2.72538789E8,2030-01-01
I168681,-298,3.351085537E7,2025-09-14
I169841,-1806,1.419531157E7,2025-09-02
I172441,740,2505954.86,2030-01-01
I176075,-1944,6.310143505E7,2025-10-03
I177008,1118,1.6386739155E8,
I178108,1795,2.5706294805E8,2030-01-01
I179422,1062,0.0,
I182103,425,5.562824786E7,2030-01-01
I183307,139,1.983738461E7,
I183945,1277,1.0864506919E8,
I191041,187,1.47484125E7,
I196021,1485,4946091.09,2030-01-01
I198186,1713,2.2105691399E8,2030-01-01
I199423,621,7.58557437E7,
I204216,1812,1.680675229E7,2030-01-01
I207757,1019,1.0537581493E8,2030-01-01
I209422,1367,1.0724612106E8,
I210597,1443,4.462172756E7,
I211406,992,1.4728538372E8,
I216808,408,2.857047006E7,
I218676,-1039,1.050615536E7,2025-10-23
I224278,-636,2.06151799E7,2025-10-11
I224753,804,4.27658972E7,2030-01-01
I224976,1026,9.36424687E7,
I226088,-126,9925859.58,2025-10-20
I226447,1933,0.0,2030-01-01
I233902,1891,1.6038394987E8,
I238529,1340,1.8297960416E8,
I242128,657,4.786873E7,
I242625,-1157,7.249988146E7,2025-09-24
I131732,1812,1.5177331785E8,2030-01-01
I132110,-1254,3.946568647E7,2025-10-22
I141001,1733,2.2870088097E8,
I145547,1142,1.6677894333E8,2030-01-01
I158561,198,1.295724431E7,
I158602,1048,6.508707016E7,
I159522,1864,1.0955163759E8,
I160912,1002,7.13440065E7,2030-01-01
I165946,696,0.0,
I170115,1807,7.454654078E7,
I175423,621,7.914227145E7,2030-01-01
I177638,-650,9.276114471E7,2025-10-16
I179565,1451,5.462476722E7,2030-01-01
I180659,1688,6.561998468E7,
I191124,93,2147003.68,
I191365,1300,3.313965758E7,
I197478,59,1633734.67,
I201345,-1313,8.184391605E7,2025-10-15
I202751,1322,3.243116106E7,2030-01-01
I203704,-1691,2.3399147395E8,2025-09-12
I220094,549,1.915252965E7,
I220306,266,1407252.74,
I222619,1208,2.190564209E7,
I226622,445,3.162843761E7,2030-01-01
I227494,-646,3.902735784E7,2025-10-17
I227829,-1056,9.05891178E7,2025-09-24
I229763,-315,679204.16,2025-09-10
I231649,704,8160122.73,2030-01-01
I232922,-1258,3.572247999E7,2025-10-24
I233859,330,1.500820082E7,
I238940,-357,8061403.64,2025-10-22
I239057,906,1.1921320597E8,2030-01-01
I242609,148,2.205563266E7,2030-01-01
I130809,-1651,4.948351061E7,2025-09-14
I132428,-1873,4.719103525E7,2025-10-18
I137729,78,4304419.57,2030-01-01
I144624,1214,8.147578777E7,2030-01-01
I154928,205,1.487331764E7,2030-01-01
I155235,1434,2.555201523E7,2030-01-01
I155694,1842,4.203147757E7,
I157470,833,6.110534803E7,2030-01-01
I164740,-51,7495791.68,2025-10-25
I165114,-1322,9.57591466E7,2025-10-19
I172303,-393,3.524502055E7,2025-09-15
I172840,354,4.424940122E7,
I174732,-739,1.0739645361E8,2025-10-26
I175020,842,1.0098971934E8,2030-01-01
I175308,-381,3.515986755E7,2025-09-17
I176814,1663,1.2784608015E8,2030-01-01
I179993,-1001,3.799826871E7,2025-10-18
I182703,-937,6.969984801E7,2025-10-05
I187838,-231,5762557.25,
I196345,-1586,6.416658232E7,2025-10-30
I197961,952,8.84574238E7,
I199364,1518,1.6638688889E8,2030-01-01
I199614,672,6.880219983E7,
I202516,1933,2.055106416E7,
I209043,1651,1.3459484682E8,2030-01-01
I216125,1647,2.0342757157E8,
I216468,593,5.79741012E7,2030-01-01
I220911,552,0.0,
I221348,750,1.0910223175E8,2030-01-01
I229573,702,7174643.13,
I231202,347,1.434933657E7,2030-01-01
I232771,403,3.591120661E7,2030-01-01
I234993,1161,6.492483788E7,
I132172,1449,7.906492261E7,2030-01-01
I138778,-1030,4.534412362E7,2025-09-08
I138971,1444,1.9237683713E8,2030-01-01
I138429,478,3.933704164E7,
I141685,-1765,2257917.19,2025-10-25
I142999,-231,1.817334351E7,2025-09-21
I157956,-83,1.227831023E7,2025-09-22
I160540,1287,1.7401706714E8,2030-01-01
I166805,841,2.612847473E7,
I166840,1134,3.990914329E7,
I167329,-1245,1.710130457E7,2025-10-26
I178698,-1172,9.871175371E7,2025-09-08
I179027,1614,2.2859087633E8,
I186269,482,3.75789888E7,2030-01-01
I187319,1773,0.0,
I190059,1318,2.68478284E7,
I191144,814,3.90476985E7,
I193949,1886,1.7080042829E8,
I198970,-627,3007852.04,2025-10-22
I199117,289,2.373904219E7,
I205391,-1885,1.4307006073E8,2025-09-02
I208159,195,713871.51,2030-01-01
I208633,296,3.242917004E7,
I209520,694,7.49141826E7,2030-01-01
I212517,1099,1.3273050778E8,2030-01-01
I213493,386,3.150631404E7,
I225186,-807,9.453875986E7,2025-09-27
I226783,551,6466248.26,
I239232,1555,9.591453108E7,
I129437,-1878,2.799718951E8,2025-09-21
I129893,986,3.528806159E7,2030-01-01
I140260,829,1.1837247198E8,
I140711,-1350,2.846241164E7,2025-09-07
I146377,-241,3.302758299E7,2025-10-29
I147116,-1144,1.6370249827E8,2025-10-07
I150443,-1020,2878821.86,2025-10-25
I150708,1168,1.064271916E8,
I151727,-1402,1.582096889E7,2025-10-11
I152192,1540,1.1029670967E8,2030-01-01
I158248,1020,8.978097531E7,2030-01-01
I160359,1881,1.992279297E8,
I164101,1595,2.202708657E7,
I167160,221,1.371210108E7,2030-01-01
I168345,1784,1.8690258396E8,2030-01-01
I171600,208,2887331.98,
I177256,1760,1.4425730702E8,
I180769,-1730,1.7135062846E8,2030-01-01
I181579,-1839,2.114121782E8,2025-10-24
I184741,284,3.495986388E7,
I185018,-1297,3.85818645E7,2025-09-25
I186247,789,6.60602579E7,
I189255,826,4.659158293E7,
I190648,1262,1.8545729196E8,
I192358,463,3836603.56,2030-01-01
I195918,1152,6.250555408E7,
I199005,605,6886869.62,
I205763,-154,1.124413545E7,2025-10-03
I206654,-963,7.953869412E7,2025-10-03
I212810,508,2.324027988E7,2030-01-01
I213391,-798,4.2667791E7,2025-10-06
I214407,1213,4.051667155E7,
I214535,115,1.348600185E7,2030-01-01
I215729,-554,2.43517981E7,2030-01-01
I221846,-1423,8.283543167E7,2025-10-06
I234186,-1804,2.42940078E7,2025-09-18
I237571,-1071,1.4891562305E8,2025-10-17
I243611,841,6.666579913E7,2030-01-01
I130065,383,5.438322353E7,2030-01-01
I139467,1884,5.056849456E7,2030-01-01
I132751,1246,1.0370482754E8,
I139986,190,1.558299686E7,
I142138,660,0.0,
I142900,160,1.843789002E7,
I146572,-568,2.547596174E7,2025-10-10
I150036,-563,4.156085606E7,2025-10-05
I153364,1760,2.2610786438E8,
I153486,-1838,9.871480497E7,2025-09-16
I172213,1724,1.9060286342E8,2030-01-01
I177343,417,5526396.17,
I184772,-216,1.907054402E7,2025-10-17
I190151,520,1.366908088E7,2030-01-01
I190267,-1544,2.0576341532E8,2025-10-10
I193181,1403,6.051867303E7,2030-01-01
I193357,636,6.072354668E7,
I194224,134,1.206861912E7,
I194532,1688,8.154210967E7,2030-01-01
I201264,425,5.522019506E7,
I205933,703,7.351269455E7,2030-01-01
I206508,70,1.020418865E7,
I209001,1899,2726286.88,2030-01-01
I210100,1227,1.1706785374E8,2030-01-01
I213092,931,1.0342816949E8,2030-01-01
I214715,-707,4.709924157E7,2025-10-17
I214722,1132,1739688.34,
I217550,999,9.407266303E7,
I218429,802,7.999931415E7,2030-01-01
I229828,558,6047393.94,
I230980,973,8.70760496E7,
I233661,328,3709349.37,2030-01-01
I131454,646,6.950993489E7,2030-01-01
I137964,-730,8.287053099E7,2025-10-20
I138083,-1747,0.0,2025-10-18
I132035,1781,1.5326459555E8,
I144575,-1867,6.623849497E7,2025-09-14
I144948,-178,1.775629477E7,2025-09-26
I145648,-1159,1.576260808E8,2025-10-03
I147045,1091,7540800.4,
I148001,-189,1.866503186E7,
I149711,472,4.149322216E7,
I157924,1147,7.625489299E7,2030-01-01
I161700,1895,3.094017025E7,2030-01-01
I165180,-1920,8045923.35,2025-10-20
I167318,1283,1.4668840616E8,2030-01-01
I169709,303,3.64048301E7,2030-01-01
I171596,180,2.17952238E7,2030-01-01
I186769,-1820,1.0443876069E8,2025-10-23
I188733,1070,6.070755276E7,2030-01-01
I188741,547,7.750010158E7,2030-01-01
I189184,833,5887185.7,
I202484,1796,1.0599086852E8,2030-01-01
I211198,1416,1.0981795129E8,2030-01-01
I213333,215,2171230.76,
I215839,-690,4.46627871E7,2025-09-07
I220678,1022,3.800479901E7,2030-01-01
I220834,1450,1.1155949348E8,2030-01-01
I223974,-1393,1.1134687984E8,2025-09-01
I224155,-1007,1.0468750342E8,2025-10-27
I225427,278,6528497.62,
I225884,1278,8.366042847E7,2030-01-01
I228455,581,8.543231569E7,
I232210,1423,1.2938193988E8,
I241721,242,8695662.75,2030-01-01
I243224,1804,1.9777897787E8,
I129874,1109,1.4675604471E8,2030-01-01
I132813,-1930,2.3561070272E8,2025-09-26
I142637,1568,1.2688215916E8,2030-01-01
I143241,-531,1.222978288E7,2025-10-01
I144750,285,2.197255303E7,2030-01-01
I146498,-491,3.840363006E7,2025-10-07
I156262,1356,0.0,
I165118,315,2.529153393E7,
I168814,1482,2763241.33,
I178131,403,4.136622773E7,2030-01-01
I178759,1059,3.80381003E7,2030-01-01
I180848,1710,1.4090497847E8,2030-01-01
I181263,-1563,1.4473551058E8,2025-09-12
I181334,-713,4.083170658E7,2025-09-24
I185348,1336,2.085315777E7,
I186168,344,2.485280328E7,2030-01-01
I188963,-114,1.686883829E7,2025-10-09
I191362,422,6865146.97,
I205346,1361,1.1026759938E8,
I205789,743,4.630705294E7,
I207472,562,2.070171443E7,2030-01-01
I209104,1625,0.0,
I222881,254,2980950.57,2030-01-01
I226309,-632,4.046809635E7,2025-09-02
I235818,182,6756349.02,
I236976,-743,1.0148866435E8,2025-09-22
I239620,885,1.1736587856E8,2030-01-01
I241483,-897,6.048677063E7,2025-10-28
I241571,270,2.124150804E7,
I243575,1258,4085517.08,2030-01-01
I136186,149,5707714.87,2030-01-01
I136793,409,1.902505268E7,2030-01-01
I140871,848,3.563267787E7,2030-01-01
I141321,1229,1.1112301738E8,2030-01-01
I146217,162,6608446.35,2030-01-01
I146403,785,3.13154313E7,
I147142,1861,1.6268686353E8,
I149742,520,1679420.16,2030-01-01
I150498,-1135,6.53880983E7,2025-10-14
I153568,-1923,1.6751560573E8,2025-09-23
I155611,1112,8.488683526E7,
I160744,536,6247847.37,
I160969,1762,8.110176274E7,2030-01-01
I161927,-629,2.808957159E7,2025-10-03
I169058,764,9.034052756E7,
I172738,1838,3.93576034E7,2030-01-01
I173341,1844,2.1228729117E8,
I182826,1105,6.28799849E7,2030-01-01
I187499,1679,2.4474346561E8,2030-01-01
I194145,-1903,2.1759330244E8,2025-10-30
I194776,1337,1.1309804848E8,2030-01-01
I196348,787,8.553196503E7,2030-01-01
I203583,-272,2.003583557E7,2025-10-29
I203646,444,1078247.93,2030-01-01
I209939,923,6.772721999E7,
I217007,-707,1.0062590918E8,2025-09-10
I218335,1083,4.023831814E7,
I224435,-1132,1.0378005566E8,2025-09-07
I224579,1259,1.686672861E7,2030-01-01
I229325,475,2.434462594E7,2030-01-01
I229530,424,2.745726771E7,
I231357,-1586,2.3581528855E8,2025-09-15
I232240,1874,4.45896701E7,
I234577,1556,9.795483849E7,2030-01-01
I245164,988,1.4168283981E8,
I245330,96,3569564.22,
I250230,1321,4.6044209E7,
I254865,1536,1.7372733366E8,
I266587,-108,9455019.75,2025-10-31
I268246,1810,1.1555256531E8,2030-01-01
I273139,1621,1.344221727E7,
I274281,-1296,9.10607291E7,2025-09-19
I280142,1074,1.2960271258E8,2030-01-01
I284282,1647,2.3415564504E8,
I287245,1938,2.8296420531E8,2030-01-01
I287455,-1427,1.2345774148E8,2025-10-23
I289554,385,4.075490931E7,
I293356,92,1718845.47,2030-01-01
I295795,-1805,1.0495847663E8,2025-09-14
I297063,941,4.175022407E7,
I299904,927,2145728.22,2030-01-01
I304152,1443,1.2275920818E8,2030-01-01
I304436,-283,2.065116683E7,2025-09-13
I306389,366,1.120093395E7,2030-01-01
I309001,1093,7.677032459E7,2030-01-01
I312622,-1765,2.4850908101E8,2025-10-30
I317674,500,5.729459236E7,
I319798,1766,5.693874024E7,2030-01-01
I322460,-525,1.492207951E7,2025-10-19
I323718,840,8181243.07,
I325829,1093,6.370580067E7,
I332394,877,1.2776259959E8,
I335044,1159,6.685920373E7,
I337093,462,2.349855111E7,2030-01-01
I338375,-811,8.0493341E7,2025-09-27
I338673,1776,2.525385753E8,2030-01-01
I339080,1322,1.9204440614E8,2030-01-01
I339386,228,3.157062239E7,2030-01-01
I342210,-1354,6.06327179E7,2025-09-23
I345385,1068,8.789018098E7,
I346399,-1050,7.482686667E7,2025-10-21
I346740,648,3.113776061E7,
I346968,1985,8943451.44,
I348059,581,1.64636931E7,2030-01-01
I352104,337,1.452191079E7,2030-01-01
I246148,802,5414444.99,
I261701,-62,4620006.29,2025-09-26
I265139,1154,9.41947047E7,
I270063,1053,1.2771616399E8,2030-01-01
I270384,1563,1.8992579667E8,
I271982,970,1.0223323265E8,2030-01-01
I274704,844,7.989814352E7,
I302699,684,9.705822641E7,
I303185,1874,1.731184913E7,2030-01-01
I303305,906,1.2772291713E8,
I306909,-784,1.1495166339E8,2025-10-17
I307710,1303,0.0,
I308079,153,4771033.09,2030-01-01
I311750,-826,2.711801566E7,2025-09-29
I314363,818,1.0929409323E8,2030-01-01
I316854,494,2.65875132E7,2030-01-01
I318144,528,7.586706894E7,
I318419,-1151,3.389754556E7,2025-10-19
I323993,-1787,1.9106050053E8,2025-10-20
I324938,-1075,7.495126884E7,2025-10-02
I336739,-209,1.16903764E7,2025-10-21
I340648,493,4.227523875E7,2030-01-01
I351335,-1726,0.0,2025-10-08
I355069,1990,2.9132067925E8,
I358359,340,3.471394801E7,
I358876,-852,5.971804251E7,2025-10-26
I359452,647,2.668892816E7,
I255350,583,9368959.51,2030-01-01
I246845,353,4.268958325E7,
I248737,1374,1.3786372986E8,
I256089,584,8.209095787E7,
I257920,-1680,1.5702960047E8,2025-09-15
I261551,95,1.147611447E7,2030-01-01
I262293,606,3.727850015E7,
I262458,739,1.697930713E7,2030-01-01
I263660,971,1.2122093792E8,2030-01-01
I263709,947,5.476194075E7,2030-01-01
I265654,305,1.747386177E7,2030-01-01
I268540,-612,1798816.1,2025-09-11
I268575,354,2129565.9,2030-01-01
I269038,-917,7.595322318E7,2025-09-29
I269443,-1616,1.9203273675E8,2025-10-13
I270274,101,3708994.37,2030-01-01
I274686,1295,9.410911435E7,
I274934,418,5.494314486E7,2030-01-01
I276185,1753,2.2492270101E8,
I279133,258,1.412633497E7,
I288666,641,5.1518069E7,
I288751,-1919,2.1917903612E8,2025-09-25
I290701,-1230,1.4201352948E8,2025-10-31
I292570,1311,1.8924596538E8,2030-01-01
I296239,-84,2859917.06,2025-09-08
I299461,-1919,2.0936418078E8,2025-09-28
I300182,1703,7.809659987E7,
I301274,-962,1.2174111928E8,2025-10-29
I303182,1685,2.4330657047E8,
I306573,318,0.0,
I307893,1381,5672403.67,
I318766,247,9279884.86,
I320546,721,1.85355361E7,
I321008,1485,1.7806690855E8,
I325631,1120,1.659672E7,2030-01-01
I327554,1120,0.0,
I333784,-750,5.619159499E7,2025-09-08
I339731,-1543,8.501902417E7,2025-10-02
I340857,-142,7939887.58,2025-10-06
I341251,808,1.2055868791E8,2030-01-01
I348121,-188,1.86429382E7,2025-09-14
I349452,1922,2.0276414229E8,
I350166,1066,1.3421765069E8,2030-01-01
I357916,-1220,7.239741643E7,2025-10-16
I248900,-1256,1.3571483969E8,2025-10-29
I251576,-578,6196890.68,2025-10-28
I245229,828,6.564451968E7,
I257618,924,9.937354982E7,
I258348,1500,5.381271198E7,
I260596,-1688,1.3863932779E8,2025-10-29
I270109,1717,1.1711644494E8,
I272460,-595,2.639168281E7,2025-10-11
I278155,-627,7.659082279E7,2025-10-06
I280552,983,1.103845375E8,
I283246,-119,9407911.94,2025-10-17
I283518,1636,1.8647131072E8,2030-01-01
I285084,1542,1.0790986378E8,2030-01-01
I290404,-1063,3.856835705E7,2025-09-20
I297308,152,4218167.51,2030-01-01
I303120,-740,7.134232838E7,2025-10-31
I310918,961,8.420926601E7,
I313390,-1502,1.8438253015E8,2030-01-01
I313628,-1902,3.717969605E7,2025-10-20
I321729,1744,9.688115068E7,
I322747,1961,1.3223352302E8,2030-01-01
I325676,608,7.785593235E7,2030-01-01
I326734,1990,4.989127936E7,2030-01-01
I335837,1765,4.796111072E7,2030-01-01
I337186,653,7.016962838E7,
I338975,1345,1.8720156517E8,
I342834,90,1.132131873E7,
I346992,391,2.107714733E7,
I353797,112,1.269872298E7,2030-01-01
I355582,1775,1.5852342919E8,2030-01-01
I356779,177,0.0,
I359527,-1298,1.1219779871E8,2025-10-16
I244876,-734,4.238027705E7,2025-09-28
I254020,-998,6.086585063E7,2025-10-17
I254053,397,5.370236323E7,
I254386,677,1.397577751E7,
I257348,919,1.3120207431E8,
I263792,-332,9655789.81,2025-10-12
I264771,1078,6.937344459E7,
I269239,-1517,9.802859291E7,2025-09-12
I269922,-1908,2.5836137206E8,2025-09-15
I274252,-1822,2.6367527494E8,2025-09-02
I275376,-675,5.671055233E7,2025-09-20
I293317,930,3.153689844E7,
I296008,1766,2.2888460475E8,
I304557,-1050,6919208.87,2025-10-07
I306668,-320,3554378.93,2025-10-10
I306979,-1254,1.2811285938E8,2025-09-08
I316027,1732,5.923653898E7,
I320403,111,1.13450738E7,2030-01-01
I324895,-756,9.369262518E7,2025-09-03
I327072,-119,5063583.23,2025-09-07
I327188,245,6727991.16,
I328756,453,5.637423597E7,2030-01-01
I332279,-1276,1.1403367704E8,2025-09-22
I334005,461,3.336338526E7,
I337840,111,6142047.16,
I344448,-1786,2.0420071709E8,2025-09-14
I348941,186,2.288374044E7,
I353704,1191,1.525677374E7,2030-01-01
I355064,-1008,1.0740167371E8,2025-09-18
I244351,-1787,1.300894827E7,2025-10-11
I245078,-797,1.1028421864E8,2025-10-28
I251882,-597,2.126360144E7,2025-09-10
I254152,1985,2.4574294247E8,2030-01-01
I255877,-1053,1.3623162268E8,2025-10-05
I245724,1428,1.1339061615E8,
I252493,1183,2.655314821E7,
I268632,1919,1.2292363264E8,
I273754,1667,8.683892586E7,2030-01-01
I275166,561,6891221.44,2030-01-01
I281135,1154,2.972939876E7,
I284803,791,3.929681965E7,
I287738,-1578,7609728.89,2025-10-12
I289553,1874,6.818770456E7,2030-01-01
I289600,-1085,8.18854549E7,2025-09-01
I291318,1020,6.509105651E7,
I293109,-1267,1.4957836937E8,2025-10-05
I293682,244,3.26829265E7,
I293826,1646,1.2441558177E8,2030-01-01
I299300,-1170,1.710212714E7,2025-09-13
I303821,794,6.11624202E7,2030-01-01
I304838,711,1423546.4,2030-01-01
I308593,-273,0.0,2025-10-31
I308885,-1088,2.000013904E7,2025-10-25
I309947,1255,1.0837769994E8,2030-01-01
I312820,-554,8.131932632E7,2025-09-29
I314803,165,7167742.81,
I315155,760,6477469.29,2030-01-01
I316058,292,2.925425056E7,2030-01-01
I316978,1412,1.3684077447E8,2030-01-01
I329186,1759,5327208.71,
I331268,1720,8.979258097E7,2030-01-01
I338712,-716,6.305247807E7,2025-10-23
I340865,-869,7.400143077E7,2025-09-13
I342037,1058,4.623912153E7,
I344503,738,8.711709459E7,
I347916,1273,1.1668986123E8,
I347943,497,1.141391922E7,2030-01-01
I351359,-1790,2.1095667292E8,2025-10-12
I354887,-1400,1.3861030901E8,2025-10-19
I358092,1113,3.617429004E7,
I246360,-1656,6.754638422E7,2025-10-08
I248085,-1068,1.5503348505E8,2025-10-04
I253049,-1458,1.0110628602E8,2025-10-25
I246649,204,2.089793916E7,
I249222,1909,1.8044037708E8,
I252959,1079,1.4313029643E8,
I265411,-1669,1.9372308123E8,2025-10-17
I266014,688,3.735974826E7,
I271588,912,1.1379885416E8,
I271715,1624,2.3514592577E8,
I274075,-1224,1.602810724E8,2030-01-01
I278448,1848,2.1287899899E8,
I281812,485,2.904577279E7,
I288569,1551,1.9240915226E8,2030-01-01
I290011,-1594,2.3167983119E8,2025-09-19
I292640,1563,9669784.86,
I293030,1364,7.806451355E7,2030-01-01
I293079,787,1.1072866999E8,
I306845,863,7678124.37,
I308562,-1063,9.491855004E7,2025-10-05
I313913,1554,8.199539932E7,
I320515,-273,8834105.94,2025-09-20
I322120,425,6.328549956E7,
I329623,443,9734311.55,2030-01-01
I329767,-1962,2.0839495686E8,2025-10-24
I330363,1496,6.721596977E7,2030-01-01
I330419,322,4.182613097E7,
I337860,55,4399937.73,2030-01-01
I338125,-412,3.97218999E7,2025-09-12
I344225,211,0.0,
I344832,1819,2.6939492886E8,2030-01-01
I355103,1707,1.7754205561E8,
I250577,-907,4.199744351E7,2025-09-15
I257630,1797,6.061700336E7,
I258279,-891,1.1408345746E8,2025-10-23
I260263,-1090,1.2933902648E8,2025-09-28
I263599,412,2.023583156E7,
I264549,79,6462113.97,
I264957,-306,3.728293876E7,2025-10-09
I265433,953,6.860614599E7,
I266407,772,8.743163124E7,2030-01-01
I266887,320,4.541119046E7,
I267361,-317,3.952342259E7,2025-09-18
I281902,899,4.273852012E7,
I289064,371,1.127779807E7,
I295133,-1876,1.0312263495E8,2025-09-27
I297634,1017,7.20620056E7,2030-01-01
I305523,-956,3.277533669E7,2025-10-29
I308405,1505,1.194495999E8,
I315273,-901,1.414802863E7,2025-09-29
I315468,1576,2791977.12,
I328313,-377,3.524693046E7,2025-10-24
I328580,-494,5.109095549E7,
I331592,-1067,6.915349891E7,
I338316,-985,4.564817438E7,2025-09-07
I343993,1425,1.7904322099E8,
I354574,-231,3.153838555E7,2025-10-24
I247045,397,1.033236115E7,2030-01-01
I250022,1369,1.0847998251E8,
I261027,1422,1.4472413515E8,2030-01-01
I270359,1445,8.786500953E7,2030-01-01
I270645,-1912,4.933962957E7,2025-10-23
I275911,1627,1.9123341111E8,2030-01-01
I276557,832,2.399624279E7,
I278307,916,1.073018486E7,2030-01-01
I280559,-1777,2.6483499219E8,2025-09-23
I284378,739,7.164393986E7,
I290724,-1710,6.53488379E7,2025-10-15
I295335,711,9.339174148E7,
I299819,889,7.002044498E7,
I301201,324,3.473132573E7,
I301205,-1751,8.762201939E7,2025-10-02
I302322,455,3.086450984E7,
I306292,347,3.026737961E7,
I307277,-684,8782529.07,2025-10-02
I309970,580,1.982515459E7,2030-01-01
I316585,-618,8.995449638E7,2025-09-09
I317763,945,1.3781277389E8,2030-01-01
I322195,1979,1.1223004416E8,
I324016,1654,4.167713336E7,
I324872,-456,3.195661669E7,2025-09-15
I325881,-164,1.081998497E7,2025-09-27
I326539,-264,1.295882693E7,2025-09-14
I327310,1415,1.5700324952E8,
I335961,-1829,2.5341048688E8,2025-10-15
I338180,330,4.526266447E7,2030-01-01
I342321,216,290427.59,
I345396,338,3.055344041E7,2030-01-01
I346321,78,3025867.43,2030-01-01
I349234,380,3.389140294E7,
I350398,-1290,1.0386923402E8,2025-09-18
I353964,71,3920203.94,
I354449,849,5.802488142E7,
I355046,495,4376381.28,2030-01-01
I356968,-1854,1.1564696502E8,2025-09-13
I359553,1699,6.025762489E7,
I255597,1753,1.4361421353E8,
I256831,1062,3576008.14,
I258006,1711,1.6581645654E8,2030-01-01
I267448,-1550,1.6046506317E8,2025-09-12
I272888,904,8.588888818E7,
I279852,1744,1.1238196409E8,2030-01-01
I291675,-1060,0.0,2025-09-11
I295753,488,3.90103864E7,2030-01-01
I299804,1694,2.4922412989E8,2030-01-01
I303089,-965,9.547384079E7,2025-09-30
I305041,1044,1.3291395167E8,
I308196,1132,9.562174571E7,2030-01-01
I309689,342,8489590.56,
I310477,1809,2.3344511662E8,
I311654,-1330,8008446.87,2025-10-15
I312067,50,2956258.53,2030-01-01
I313300,1634,2.3671492498E8,2030-01-01
I315698,-853,2.434962783E7,2025-09-09
I325099,181,1.769268091E7,2030-01-01
I325103,-478,5.244997431E7,2025-10-13
I329939,-1481,3.01793093E7,2025-09-18
I329944,1702,9.065045526E7,
I330619,1841,1.6238465394E8,2030-01-01
I330949,-1933,1.3621097783E8,2025-10-01
I331755,-1940,1.2000990721E8,2030-01-01
I335631,465,1.832194257E7,
I351920,-1700,1.2926069283E8,2025-09-02
I352187,-1158,5.083845007E7,2025-10-20
I352596,791,6.811401366E7,
I355245,1281,1.4823071961E8,2030-01-01
I355567,1804,2.5926981543E8,
I356643,1304,5.878280646E7,2030-01-01
I357471,-1720,1.447276803E8,2025-09-11
I245241,-1199,1.5963327847E8,2025-09-15
I252967,639,8.150294817E7,2030-01-01
I257903,974,1.0810462022E8,2030-01-01
I260173,-1615,6.293923524E7,2025-10-18
I260285,399,5451873.8,2030-01-01
I261055,-1194,1.3193153266E8,2025-09-24
I262953,836,9.30898612E7,2030-01-01
I263147,302,3.657077957E7,2030-01-01
I263328,1423,5.543578897E7,
I265713,403,2.565527299E7,2030-01-01
I276666,783,7.792260952E7,
I282927,886,1.0604971982E8,2030-01-01
I295900,-184,1.737349498E7,2025-10-24
I297498,-946,2.243078366E7,2025-10-23
I299150,595,1.914477459E7,
I299450,390,7845702.97,2030-01-01
I302595,-1504,1.4298345218E8,2025-10-16
I309270,-110,1.570695757E7,2025-10-27
I311739,1770,2.6120595336E8,2030-01-01
I316952,635,6.325099027E7,
I316998,266,2.884948285E7,2030-01-01
I317076,1870,1.4110098394E8,2030-01-01
I319793,450,1.777777374E7,2030-01-01
I329198,-1018,1.123417932E7,2025-10-06
I332355,387,0.0,
I333545,-537,8.006510237E7,2025-09-19
I337074,1388,0.0,
I344506,1436,1.5132170963E8,2030-01-01
I346669,1334,1.051965834E7,2030-01-01
I357964,780,2.973280017E7,
I358194,1549,2.354740745E7,
I358254,1716,8.75809584E7,2030-01-01
I245751,1693,0.0,2030-01-01
I247818,1065,1.311035384E8,2030-01-01
I254684,608,8.704570385E7,
I261322,101,1.272403601E7,
I261452,1198,1.0031582104E8,
I264919,1091,1.304916625E8,
I271328,-1927,8.458791629E7,2025-09-13
I277207,678,7.578059639E7,2030-01-01
I277417,1401,1.5193124017E8,
I294502,-884,6.390914916E7,2025-09-10
I296240,1458,3.841257188E7,
I298299,854,7.465970865E7,2030-01-01
I300722,1533,7.142018756E7,2030-01-01
I306017,469,4.497531387E7,
I310270,-267,3.926312672E7,2025-09-18
I310409,875,1.05508135E7,
I319303,-333,1.750042844E7,2025-10-20
I320257,916,0.0,
I321065,1375,1.4931672695E8,
I321998,-1095,7.547271689E7,2025-10-09
I335895,283,1.131450482E7,
I337082,166,3646601.43,2030-01-01
I342586,1146,1.4030351417E8,
I347071,1798,2.6171456327E8,2030-01-01
I353052,1013,5.15870236E7,2030-01-01
I354328,122,6715366.64,2030-01-01
I354353,-703,8.277626744E7,2025-10-19
I356403,-646,9.151492705E7,2025-10-30
I356637,1493,2.2330676573E8,2030-01-01
I357832,-806,7.742063442E7,2025-09-14
I363998,-1578,1.2306942021E8,2025-09-15
I366305,-888,2.493911085E7,2025-10-27
I367450,463,6.618792173E7,2030-01-01
I360404,1714,6.461418159E7,
I370517,1044,3.915419587E7,
I376596,613,9890366.5,
I377191,513,6.017729428E7,
I390622,64,6779757.62,
I396766,511,7.651764121E7,
I408729,1461,4.074927718E7,
I413640,1775,3.435563931E7,
I416563,863,1.0990923411E8,2030-01-01
I418055,-1435,1.6173630477E8,2025-09-04
I435449,497,3.560399593E7,
I439879,393,4.063946881E7,2030-01-01
I444910,79,4850844.92,2030-01-01
I447816,785,3.814321195E7,2030-01-01
I451648,-257,3.377635139E7,2025-09-28
I451850,-747,2.267703923E7,2025-10-26
I452922,-766,8.205570555E7,2025-10-10
I453047,568,1.636106998E7,
I453462,367,2.36855133E7,
I456412,-1653,1.4861861864E8,2025-10-27
I456496,-1333,1.0030606147E8,2025-10-27
I462046,95,7677449.14,2030-01-01
I465198,1784,2.4771088494E8,2030-01-01
I467191,-287,6486662.49,2025-10-22
I472506,1130,9.478945194E7,2030-01-01
I371230,-511,2.226562487E7,2025-10-27
I360880,937,2024298.14,
I376487,-617,6.190649516E7,2025-09-08
I389387,-1695,1.1948461031E8,2025-10-25
I399026,1762,6.738692916E7,2030-01-01
I401897,832,6.693225633E7,
I401949,1094,6.300209232E7,2030-01-01
I405322,1379,1.4168187793E8,
I405811,872,1.1094692607E8,2030-01-01
I407390,377,4.64066634E7,
I411759,423,4.650764281E7,2030-01-01
I416752,1652,2.3329870802E8,2030-01-01
I417693,-1863,2.6540952587E8,2025-10-21
I418458,509,1.452598667E7,
I421891,692,1.205146607E7,2030-01-01
I423000,744,6.545036355E7,
I423523,1935,1.6668010201E8,
I427317,726,9.82907914E7,
I432909,1218,1.0274310552E8,
I442563,1813,1.7208885886E8,
I444503,-948,2.851445004E7,
I445906,-723,3227627.48,2025-10-13
I448627,438,2.543774716E7,2030-01-01
I454618,211,1.163824515E7,2030-01-01
I458218,496,1.882346902E7,2030-01-01
I463195,564,4.999837185E7,2030-01-01
I468835,82,9462724.1,
I472151,1412,6.543883519E7,
I362895,-1478,8.36598211E7,2025-09-19
I365533,-881,2.405444128E7,2025-10-21
I365297,933,9.264283875E7,
I374081,1002,1.0197224285E8,2030-01-01
I375369,1062,5349445.96,
I377695,-1267,9.261909471E7,2025-09-11
I379510,1998,1.719964803E7,2030-01-01
I379926,-515,6.620872487E7,2025-10-23
I390966,1759,2.4179280847E8,2030-01-01
I393240,94,1.130064617E7,
I394475,1004,1.282029616E8,
I400745,1414,1.0560399391E8,2030-01-01
I405804,-1105,1.4144759463E8,2025-10-16
I406782,1052,4.374686127E7,
I409732,1447,1.3681772367E8,2030-01-01
I413936,881,0.0,2030-01-01
I414293,-1125,6.604532386E7,2025-09-28
I414768,714,9.0906836E7,2030-01-01
I419369,1223,1.6204718017E8,
I427933,834,5.886639526E7,2030-01-01
I429691,-822,2.87123827E7,2025-10-14
I433091,1036,8.184156354E7,
I442502,1449,5.367433146E7,2030-01-01
I449708,250,2.181382745E7,2030-01-01
I453174,846,1.0998772046E8,
I455207,1782,2.5071273053E8,
I459129,966,6.007377282E7,
I460468,1480,5.059944668E7,2030-01-01
I464358,953,5.605952416E7,2030-01-01
I468127,1712,2.0936996087E8,2030-01-01
I469233,-1993,1.6721360478E8,2025-09-07
I368503,1639,4735606.37,2030-01-01
I363113,688,9.79619546E7,
I364577,840,7.389604963E7,
I370694,846,6.873010972E7,
I376960,1564,1.2827958813E8,
I390820,1867,7.101943746E7,
I395171,1623,1.7190869897E8,2030-01-01
I400403,643,7.389725077E7,
I403316,-691,6.802871917E7,2025-09-09
I406550,-1367,1.470400946E7,2025-09-13
I407400,1700,3.549318993E7,
I410922,-781,2.849742054E7,2025-10-27
I415017,686,1.0235894177E8,
I421201,-1114,1.591548724E8,2025-09-19
I427691,1904,2.4661148489E8,2030-01-01
I429586,1125,1.1286991168E8,2030-01-01
I432588,-1380,4.71070862E7,2025-10-10
I435555,522,4.52568068E7,2030-01-01
I441149,-611,4.324283703E7,2025-10-22
I449313,-973,0.0,2025-10-09
I450040,-1973,1.1509966323E8,2030-01-01
I454087,509,1.468610099E7,
I455871,-1176,4017675.86,2025-09-18
I456032,554,0.0,
I456126,721,1.86410131E7,
I458931,-97,1.304832536E7,2025-10-17
I459297,1778,2.0840875548E8,2030-01-01
I470429,898,7.202967424E7,
I470541,403,3.86947872E7,
I362178,-485,5.206930942E7,2025-10-22
I366425,-1828,9.26201492E7,2025-09-23
I368030,421,4.391486934E7,2030-01-01
I361424,170,7599070.86,
I366111,1055,1.2059833064E8,
I375987,1627,2.1118400808E8,
I385964,929,4.276818465E7,
I393889,-723,4.763359801E7,2025-09-06
I394000,-1545,9.941154032E7,2025-09-25
I399857,525,2.628287173E7,2030-01-01
I401440,627,6.516944631E7,
I402391,872,3.368217109E7,
I403068,727,4.555551404E7,
I405021,1495,2.093511483E7,2030-01-01
I407658,1517,1.7178407353E8,
I415026,594,5.958352582E7,2030-01-01
I418542,1372,4.20080795E7,2030-01-01
I430235,104,3183553.78,2030-01-01
I432978,746,9.811740396E7,2030-01-01
I441357,1089,1.1001837464E8,
I441550,669,8.572673154E7,
I445278,-1960,2.3522895291E8,2025-09-05
I445514,-1067,5.768985011E7,2025-10-02
I446153,1071,1.220535296E7,
I457279,-1879,2.836072733E7,2025-09-24
I458440,-274,2.401507118E7,2025-09-21
I458880,-603,5.951240747E7,2025-10-03
I466565,1275,1.6157323176E8,2030-01-01
I467046,1714,2.707442005E7,
I470578,-1102,1.0881369001E8,2025-09-14
I470646,766,2.909739179E7,
I472784,598,5.197489109E7,
I362827,1037,3.356904575E7,
I364926,429,4.458652915E7,
I365434,1557,1.0978070196E8,
I383745,734,5.536326458E7,2030-01-01
I384291,241,2.970067456E7,2030-01-01
I388967,1694,3.327501015E7,
I390426,822,3.310219064E7,2030-01-01
I396383,1677,1.9051334838E8,
I398415,1049,1.4563765369E8,2030-01-01
I399499,1849,7.655734562E7,
I402066,159,5997431.33,2030-01-01
I411174,-471,7223230.03,2025-10-29
I413355,945,1.3227389459E8,2030-01-01
I414285,1121,9.577296934E7,2030-01-01
I415146,-1178,1.1949713498E8,2025-10-09
I416852,673,7.345732292E7,
I420251,-1272,1.1052740289E8,2025-10-01
I423392,278,1.131272238E7,2030-01-01
I426658,-731,7.685983484E7,2025-10-18
I429191,1212,9.687074704E7,
I430306,792,1.1209368728E8,2030-01-01
I431435,1878,1.7702279006E8,
I436071,880,3916282.78,
I437396,-596,7.851089006E7,2025-09-10
I445876,1884,1.4599714669E8,2030-01-01
I447057,-1752,1.9579664912E8,2025-10-09
I447133,-101,1300813.4,2025-09-11
I453694,552,5.069196454E7,2030-01-01
I464511,-1566,1.3679488758E8,2025-10-28
I464798,584,4382296.26,2030-01-01
I466328,-796,5.741864695E7,2025-10-05
I468338,1888,8.454625977E7,
I472554,273,3.361776679E7,
I369081,-812,7.027485172E7,2025-09-11
I370338,-1266,8794091.64,2025-09-22
I374670,1485,1.779075173E8,
I379257,529,6.758515831E7,
I387901,106,4538149.03,2030-01-01
I393213,1310,1.0155912241E8,2030-01-01
I393595,1868,4.553344259E7,2030-01-01
I395467,-1639,2.3741811057E8,2025-09-06
I396705,-1821,1.0843024854E8,2025-10-17
I404473,568,4.189028292E7,
I408515,-792,7.768280552E7,2025-10-31
I414472,298,5191773.52,
I422525,1702,2.2230272346E8,2030-01-01
I428940,-1286,1.5932571687E8,2025-09-08
I434857,-289,6201945.97,2025-09-07
I440458,907,1.1249176293E8,
I442433,-1510,5239812.89,2025-09-11
I451313,-400,3.717890128E7,2025-10-24
I452321,1335,4.444882887E7,2030-01-01
I452427,472,1.223390934E7,2030-01-01
I459702,1427,9.103299195E7,
I461051,-1653,8.621654636E7,2025-10-11
I465681,-1776,4.810322804E7,2025-10-30
I467280,-1738,8.492196086E7,2025-10-31
I469038,-695,6.533091996E7,2025-09-04
I473079,1734,1.9767350885E8,
I365798,1636,1.3052368251E8,2030-01-01
I368638,1361,2.393875381E7,2030-01-01
I369692,450,5.897491003E7,2030-01-01
I359859,1457,2.1433348427E8,
I365009,1122,1.269663884E7,
I369667,424,1.622335338E7,
I371562,1702,3.397813805E7,
I376406,1012,3.989621692E7,
I377822,1851,2.2398992114E8,2030-01-01
I382626,-1541,0.0,2025-09-18
I383847,-1662,2.081321638E8,2025-09-20
I386263,-521,8095670.73,2025-10-11
I397777,356,4046462.79,2030-01-01
I398794,1462,2.429132897E7,
I399790,-501,5882167.55,2025-09-17
I400846,1053,1.1359084608E8,2030-01-01
I411505,-1302,8.441522724E7,2025-10-02
I414002,-1892,6.43229381E7,2025-10-18
I416414,1540,2.2989171669E8,2030-01-01
I418754,1821,1.1015472918E8,2030-01-01
I428722,-1191,2.279537693E7,2025-10-17
I434399,-1957,3.527631054E7,2025-09-30
I435618,-857,2.878302678E7,2025-10-31
I438026,487,1.513545443E7,
I439055,-157,2.006626994E7,2025-10-01
I440486,529,6.69682848E7,2030-01-01
I452671,1967,4.694483463E7,
I458514,1607,1.1839506842E8,
I460683,1978,1.1485285888E8,
I461837,-1684,7.708004296E7,2025-10-14
I467588,-254,2.92770649E7,2025-10-25
I469192,-266,1.656084352E7,2025-09-04
I474885,-1694,4.353583156E7,2025-10-04
I363386,335,4.983757815E7,2030-01-01
I370049,783,6.528970271E7,2030-01-01
I371027,780,1.955403092E7,2030-01-01
I371482,765,1.845244687E7,2030-01-01
I362128,868,4175791.12,
I370549,469,5.322782822E7,
I378744,-1879,1.6950986604E8,2025-09-19
I379632,-1045,1.4823727888E8,2025-10-05
I381152,-1811,7.114367916E7,2025-09-08
I381471,381,6823360.94,2030-01-01
I381950,-1054,8.841113467E7,2025-10-01
I385898,1960,4.330563225E7,
I386171,237,2.560068389E7,2030-01-01
I386453,1697,9885593.79,2030-01-01
I388388,1404,1.0570274128E8,
I392501,1734,1.5654786146E8,
I394208,-148,1308252.47,2030-01-01
I398623,902,1.3231051865E8,2030-01-01
I399387,80,6436434.3,
I407556,247,208883.77,2030-01-01
I417698,-811,9.262629207E7,2025-09-12
I427302,883,3.824054699E7,2030-01-01
I427914,996,4.111147675E7,2030-01-01
I431556,1802,2.3653398084E8,
I434752,376,1.686370546E7,2030-01-01
I441898,-403,6917398.41,2025-09-22
I443861,-1939,1.1943622949E8,2025-10-27
I444183,-790,5.939344668E7,2025-09-13
I454591,-508,3.471086093E7,2025-09-05
I455033,1853,0.0,
I456329,1576,6.223867944E7,
I457954,-1672,8.630469332E7,2025-10-16
I458080,458,4.999741658E7,2030-01-01
I469542,-1018,2.947660258E7,2025-09-12
I472004,-1972,1.898854946E7,
I472300,319,3703676.23,
I472461,385,3.112131384E7,
I361760,347,9826372.94,
I373656,192,2.069647843E7,2030-01-01
I380971,772,1.968167536E7,
I383149,1330,1.9439219095E8,
I383286,341,3.244762884E7,
I392241,1891,2.3575797388E8,2030-01-01
I392432,-1499,2.0217496069E8,2025-10-03
I402197,-394,3.793545987E7,2030-01-01
I409755,1741,1.469114705E7,2030-01-01
I427227,-1944,1.1169107737E8,2025-09-28
I429735,937,4.93841296E7,
I434451,142,1395446.6,
I434887,-63,6201813.82,2025-10-18
I437921,959,4.402124425E7,2030-01-01
I438365,1592,2.555267216E7,2030-01-01
I446092,657,7.114171204E7,
I446720,1191,1.0986163928E8,2030-01-01
I449067,1537,2.3044183175E8,2030-01-01
I449346,318,1294411.47,
I449508,-1867,1.1639428158E8,2025-10-18
I450385,470,1.217291479E7,2030-01-01
I454092,849,3.103704348E7,2030-01-01
I459859,1503,1.305333466E8,
I363339,-1970,2.3357705902E8,2025-10-24
I368716,469,9680255.63,2030-01-01
I372718,1073,6.610215879E7,
I374068,-1661,2.2829029369E8,2025-09-17
I374593,-56,3012800.98,2025-10-24
I377654,-1502,0.0,2025-09-30
I378184,-1851,1.4954874545E8,2025-10-07
I380205,-453,2.078620218E7,2025-09-12
I380316,-1066,5.315302115E7,2025-09-20
I380784,1834,2.3795964604E8,
I383967,-758,8.144335098E7,2025-09-22
I384890,778,8.15754788E7,
I385298,1356,1.342769061E8,
I387489,776,9.067634888E7,
I388978,501,8107844.39,
I390989,-810,5.082984004E7,2025-10-22
I395222,173,0.0,
I400725,240,2.099439749E7,
I403010,959,0.0,
I410304,751,4.820037255E7,2030-01-01
I412231,-1486,1.5343170739E8,2025-10-09
I426897,-1508,9.031872056E7,2025-09-04
I427504,1697,3.670990107E7,2030-01-01
I429645,620,4.582917033E7,
I430245,929,1.1737690478E8,2030-01-01
I431316,-634,2.110490533E7,2025-09-14
I431321,669,4.364201005E7,
I431706,-1390,1.8023415029E8,2025-09-30
I434767,1948,1.001342319E8,2030-01-01
I442237,-1459,1.9621474112E8,2025-09-29
I445714,148,8701666.13,
I449049,1877,1.8884116693E8,
I457266,-1048,1.5132500475E8,2025-09-20
I463197,-787,9.93603101E7,2025-09-16
I465080,1320,2.55065849E7,
I465316,1858,1.2679952518E8,2030-01-01
I471585,104,2387539.08,2030-01-01
I474638,1494,7.509387939E7,2030-01-01
I365234,-1563,1.7116949555E8,2025-09-29
I369054,-875,1.762162652E7,2025-09-30
I372174,1741,1.9118946372E8,
I372871,-1131,9.652315399E7,2025-10-02
I375266,1620,1.9123533805E8,2030-01-01
I376079,624,2.94251145E7,
I378456,-268,3.49750901E7,2025-10-30
I378567,-1520,1.6758572711E8,2025-10-23
I384947,-1303,1.8700258479E8,2025-10-29
I386340,1134,6.995633037E7,
I386828,1452,1.0717555327E8,
I391925,1715,1.3726827994E8,2030-01-01
I400592,190,1.125846871E7,2030-01-01
I402969,-1351,5.278031758E7,2025-10-14
I404787,327,3.581257319E7,2030-01-01
I406411,-1730,2.85442511E7,2025-09-10
I418860,-1947,1.6771699491E8,2025-09-16
I424304,-1356,8.92586955E7,2025-10-24
I426496,1871,1.5807970942E8,
I433508,812,5.984875153E7,
I434728,-1070,8624213.8,2025-10-24
I434939,-852,1.987724728E7,2025-09-30
I437161,-419,4.743772338E7,2025-10-17
I442495,-501,5.75664135E7,2025-09-16
I444702,1928,1.2137199186E8,
I447097,1517,2.162760358E7,
I449545,-1782,2.3980440999E8,2025-10-03
I452350,1949,1.4567749232E8,
I454396,-1174,1.1237585031E8,2025-10-11
I456862,-493,9744825.65,2025-10-30
I458006,209,2.467578886E7,
I459665,1578,1.868914016E8,2030-01-01
I461590,-1622,1.8640966338E8,2025-10-23
I470588,400,4.316069861E7,2030-01-01
I472224,504,1.625499091E7,
I473817,137,2.036628596E7,2030-01-01
I477662,-613,5.134257244E7,2025-10-25
I477928,849,1.2493137309E8,2030-01-01
I482423,-328,2.967401184E7,2025-09-05
I487564,-1677,6.010540065E7,2025-10-19
I490515,-461,6.522342206E7,2025-10-29
I490998,1779,8856193.0,
I493851,-1904,1.990083665E8,2025-09-01
I495836,884,1.008062586E8,
I497274,-143,8597002.01,2025-10-04
I498318,-1845,2.380820352E7,2025-09-12
I499690,-131,7980846.11,2025-09-13
I501262,-1631,7.430422326E7,2025-09-15
I507191,357,0.0,2030-01-01
I507535,688,6.629760002E7,2030-01-01
I516233,1573,1.0057823239E8,2030-01-01
I516517,1439,0.0,2030-01-01
I532264,994,1.2394918303E8,
I540486,-154,1.040588979E7,2025-09-26
I552095,280,2.301152081E7,2030-01-01
I559143,371,1.116482018E7,
I561461,-1294,7.025825778E7,2025-10-30
I564009,1682,1.777166256E8,2030-01-01
I573591,-1108,1.126940664E7,2025-10-13
I574146,379,2.341889506E7,
I575386,1059,1.0651635422E8,2030-01-01
I576195,1269,7.722533239E7,
I583777,-241,1.59633459E7,2025-09-09
I585294,1138,9.871283708E7,2030-01-01
I590689,1298,4.986508291E7,
I591380,766,7.705220786E7,
I476438,-157,1.79051982E7,2025-09-09
I476610,1376,6.136786696E7,
I490901,564,6.084767609E7,2030-01-01
I492769,2000,2.7387277802E8,2030-01-01
I500831,1973,8.09738788E7,
I510641,1653,7.749198073E7,2030-01-01
I515216,1972,1.3466014879E8,2030-01-01
I524257,855,7631151.83,2030-01-01
I525098,807,7.49130547E7,
I525463,-1175,1.4169135637E8,2025-10-29
I538052,804,8.51395173E7,2030-01-01
I539452,653,6.854781173E7,
I540131,142,1.940552825E7,2030-01-01
I554595,230,1.961341802E7,
I565671,1087,8.512246802E7,2030-01-01
I568390,1172,1.0316019114E8,2030-01-01
I569507,1470,1.8258558E8,2030-01-01
I570068,-1876,2.3469971655E8,2025-10-30
I574636,782,6.048516326E7,
I574891,1484,8.137179776E7,2030-01-01
I574914,1758,2.24181882E7,
I576760,773,5.432583365E7,2030-01-01
I577054,-721,8.480515959E7,2025-10-14
I579411,835,7.545422589E7,
I476300,-228,1.347200635E7,2025-10-24
I476521,493,1.299127938E7,2030-01-01
I481387,396,4.630349825E7,
I481509,908,1.064690335E7,
I490501,1132,1.677908788E7,
I492164,221,9304515.33,
I496136,-1710,6.428750186E7,2025-09-03
I499983,1693,1818210.5,
I505294,-1251,1.4285708671E8,2025-10-20
I508390,-1828,1.1451431739E8,2025-09-02
I509752,1629,2.0967069349E8,
I520450,-1479,1.127657106E8,2025-09-10
I524830,-152,7616821.9,2025-10-24
I525852,1972,1.5586720371E8,
I527633,1325,1.0218362373E8,2030-01-01
I533046,-607,8.938284015E7,2025-10-21
I538989,1059,1.2126077724E8,
I539646,339,2956731.65,
I541836,879,6465368.47,2030-01-01
I542908,1165,7.712442055E7,2030-01-01
I544325,-306,0.0,2025-10-13
I544603,-876,9.585623403E7,2025-09-15
I551849,188,4980503.36,
I553053,789,7.979501498E7,2030-01-01
I555495,1833,1.1036466957E8,2030-01-01
I557849,-345,4.289268743E7,2025-09-06
I565027,371,2.933634795E7,
I566190,-675,1.0032307795E8,2025-09-17
I568981,-436,2.171678019E7,2025-10-30
I570593,95,6408338.07,2030-01-01
I572122,1065,7.119217323E7,
I573743,-1609,9.815102406E7,2025-10-15
I578576,-1117,9.831765554E7,2025-10-01
I580223,224,9690247.95,2030-01-01
I580634,-679,4.376107036E7,2025-10-20
I583286,1680,2.4665118397E8,
I590868,1024,9.919074805E7,
I479996,-1165,9.248555358E7,2025-09-05
I484498,-1923,2.5352663265E8,2025-09-29
I477352,1660,3.054387852E7,
I478688,1193,5.765352416E7,
I495251,1258,1.3628742118E8,
I495654,63,8737405.48,
I499791,-658,2.606451162E7,2025-09-12
I505504,181,2.706135175E7,
I510252,780,3019482.47,2030-01-01
I511364,697,2.933321832E7,2030-01-01
I515394,1303,1.4809040143E8,
I516916,336,4.895248093E7,
I517305,60,2411541.44,
I519334,1390,7.637935644E7,2030-01-01
I522506,1125,1.4671947178E8,
I526021,1902,2.7836179232E8,
I527626,1104,8.356727596E7,2030-01-01
I531109,-840,7.195621247E7,2030-01-01
I540395,-598,8.264471053E7,2025-10-11
I540536,1687,3.91627188E7,2030-01-01
I541427,-1999,7.838602132E7,2025-09-02
I544711,-183,4251526.56,2025-09-23
I545238,-792,1.1193900898E8,2025-09-20
I550529,-1657,1.1438973655E8,2025-10-25
I551062,562,5.143064917E7,
I552434,1444,4.237527273E7,2030-01-01
I553440,471,3.680107498E7,
I557164,-1439,1.3092977217E8,2025-10-27
I558453,1577,1.7452875935E8,2030-01-01
I559213,736,7.958887757E7,2030-01-01
I559669,1007,1.4009626142E8,
I563452,1003,5.115942781E7,
I563458,562,5.015835268E7,2030-01-01
I563823,-1445,2.1456896052E8,2025-10-01
I565816,1950,6.498539665E7,
I569381,-135,1.536150255E7,2025-10-19
I571174,-663,3.462134159E7,2025-10-22
I573198,-1489,2.1572640852E8,2025-09-12
I575244,584,4.158429471E7,2030-01-01
I578615,613,7.637710708E7,
I581698,1231,1.4085061151E8,
I581998,-1463,7.446550303E7,2025-10-05
I584984,221,1.052970799E7,2030-01-01
I588946,-64,5635736.09,2025-10-24
I589567,831,8.695678563E7,
I589698,310,2.749948788E7,
I481427,255,1.51863694E7,2030-01-01
I485909,876,1.207264456E8,
I488885,-777,2.062157897E7,2025-09-24
I498885,-1096,7.399432284E7,2025-10-27
I504751,-340,3.892036154E7,2025-10-28
I507065,183,2.212560525E7,
I508022,1923,2.5393920114E8,2030-01-01
I513096,-1290,3059323.58,2025-10-22
I513106,1137,8.196606256E7,
I517681,1143,9.536814203E7,
I518160,1538,1.5423893437E8,
I524316,1147,8.770212356E7,
I525117,-1320,3.113599723E7,2025-09-22
I525493,1609,2.0133275421E8,
I527818,-235,6751478.31,2025-09-28
I528207,1140,1.5438920588E8,
I530721,911,6.005388915E7,2030-01-01
I541893,1023,1.014834667E7,2030-01-01
I543405,605,0.0,
I557591,-743,1.104766779E8,2025-10-30
I560146,-794,5.151126962E7,2025-10-19
I564205,-1669,1.9074399457E8,2025-10-06
I570353,-1587,7.12333942E7,2025-09-12
I573466,-1895,1.2595919819E8,2025-10-08
I574986,1294,5431086.94,2030-01-01
I578800,-1285,9303439.36,2025-10-30
I579008,-1002,6.80905845E7,2025-09-03
I587038,421,3.074318374E7,
I588560,678,2.364558988E7,2030-01-01
I589683,-926,1.2066537551E8,2025-10-09
I590999,-778,3.146402069E7,2025-10-31
I480080,-591,8.208618117E7,2025-10-11
I484965,1287,8.550603351E7,2030-01-01
I485787,1569,6.599796821E7,2030-01-01
I481990,1423,6.098325665E7,
I482251,1267,8.955246287E7,
I489883,-650,9.657286506E7,2025-10-07
I490983,-1021,1.1717456796E8,2025-09-03
I495959,730,2.411327819E7,2030-01-01
I501356,1682,7522517.6,
I506592,-129,1.807655639E7,2025-10-17
I507111,1069,1.1081380794E8,2030-01-01
I511990,-196,1.10041604E7,2025-10-27
I514168,1990,1.3378157445E8,
I517718,1498,5.472625512E7,
I526354,1077,1.016874081E8,
I529679,-1258,7.790170787E7,2025-10-28
I529928,287,4.116616675E7,
I531830,950,3.030479854E7,2030-01-01
I541375,155,1.59613467E7,2030-01-01
I542144,1299,1.4373411162E8,
I544861,1801,1.0851089426E8,2030-01-01
I545918,-551,2.00077268E7,2025-09-15
I547440,531,7.610553915E7,
I563669,217,2.04138079E7,2030-01-01
I572985,-1297,1.3844869421E8,2025-10-13
I575389,-1589,1.7544107864E8,2025-09-20
I577045,565,2.050067054E7,2030-01-01
I580311,330,4.802632417E7,
I580388,1805,6.120671092E7,
I580569,1620,2.1248515175E8,
I581535,-938,3.333366008E7,2025-09-26
I583693,160,1.38927463E7,2030-01-01
I587759,-1379,1.5093696425E8,2025-09-02
I589444,1858,3.334129802E7,2030-01-01
I481290,1665,2.894716153E7,2030-01-01
I480916,1975,2.8300677138E8,
I485057,1336,1.5505114712E8,
I491453,-891,8.916359669E7,2025-09-26
I491700,-659,9.194766005E7,2025-10-12
I496583,1279,3.625220211E7,
I497194,1349,1.295262739E7,
I499479,365,5.123741745E7,2030-01-01
I501337,-81,9815285.85,2025-09-23
I504177,-1757,2.662615185E7,2025-10-26
I504743,-238,3.214719288E7,2025-10-17
I505992,-526,6.13542788E7,2025-10-03
I515978,-496,5.574940611E7,2025-10-11
I519698,-867,5.448827252E7,2025-09-18
I519748,890,5.697844545E7,2030-01-01
I526322,-1870,3.284827573E7,2025-09-27
I528129,1394,5.557043644E7,2030-01-01
I530251,1003,3.552297042E7,2030-01-01
I533351,1781,1.4958916546E8,
I534128,690,7.493667238E7,
I535031,327,4.299505952E7,
I535552,-876,3.172253889E7,2025-10-16
I540129,372,1.671384238E7,
I544215,83,1.140483636E7,
I545405,-195,793797.48,2025-10-28
I547031,1824,2.4589614119E8,
I552547,385,1.854502455E7,2030-01-01
I554180,338,3.394533217E7,
I554789,1802,2.631224555E8,2030-01-01
I558326,-759,9.392820109E7,2025-10-01
I569059,901,2.50211906E7,2030-01-01
I569091,876,9.694871453E7,2030-01-01
I571028,-68,7320288.05,2025-10-27
I571896,1226,1.3279085508E8,2030-01-01
I572189,1081,2.04686026E7,2030-01-01
I574870,905,1.2093065433E8,
I576725,1160,9.3784592E7,
I588899,-773,1.822378392E7,2025-10-01
I480556,1936,1.6319324997E8,2030-01-01
I484192,-282,3.48059861E7,2030-01-01
I477355,1585,1.4962276288E8,
I489275,812,1.18018164E8,
I490105,1083,2.240203772E7,2030-01-01
I493179,754,3.110666851E7,
I495982,846,2.000296524E7,
I517492,771,5.288888597E7,2030-01-01
I518715,992,4.385385909E7,
I518824,1745,2.2856915416E8,
I520913,1810,1.9296534694E8,
I529878,-1361,5.872330264E7,2025-10-03
I530249,-949,1.0705628681E8,2025-10-23
I536978,1660,1.5973846558E8,2030-01-01
I538162,1274,1.7912705247E8,
I539210,-1412,2.1055773442E8,2025-09-08
I543998,-1337,1.3861687944E8,2025-09-26
I547152,376,1.398267861E7,
I547342,-582,7.684531947E7,2025-09-01
I549092,776,1.120532401E7,
I564008,-426,2.52025027E7,2025-10-12
I568022,95,3628261.07,2030-01-01
I571350,-1400,5.199769824E7,2025-09-24
I576897,187,1094423.01,2030-01-01
I579287,1036,9602663.42,
I586082,1438,6.356181641E7,
I589274,774,9.135496759E7,2030-01-01
I590510,634,5.870679207E7,
I484381,-759,9.514452398E7,2025-10-10
I487494,836,4555923.98,
I491876,-341,2.01292802E7,2025-09-07
I497042,1810,5.852977226E7,2030-01-01
I502762,-950,3.701042489E7,2025-09-03
I505012,134,7219439.39,
I512092,1267,5.838778621E7,2030-01-01
I515928,1874,2.1475414011E8,2030-01-01
I516872,1297,1.7922050881E8,2030-01-01
I524758,1858,1.6753648974E8,2030-01-01
I526035,1958,0.0,
I527083,1406,1.5246941191E8,
I528648,-189,1.995669623E7,2025-10-06
I528723,1314,3.564055085E7,
I532223,285,3.771971347E7,
I537761,-329,1.938088156E7,2025-10-30
I543228,1532,1.7299028546E8,2030-01-01
I545505,631,8.377139052E7,
I547833,1346,3.198691109E7,
I555104,1650,1.0942993004E8,2030-01-01
I557877,-1766,9.926702834E7,2025-10-04
I558548,1013,1.5170307433E8,2030-01-01
I560571,949,7.199241742E7,
I561745,1394,8.299977513E7,2030-01-01
I561927,1271,9.81281143E7,2030-01-01
I567176,-1672,7348280.07,2025-09-19
I573396,1666,3.558435497E7,
I574337,95,0.0,2030-01-01
I579688,-240,3.438185952E7,2025-10-30
I582084,1783,2.436193144E7,
I582905,560,4.819801663E7,2030-01-01
I586884,-98,1820227.59,2025-10-29
I589854,-1615,1.6394896987E8,2025-09-26
I590047,-103,6058242.67,2025-10-04
I479504,-1639,1.8565416086E8,2025-10-01
I479552,271,1.400082625E7,2030-01-01
I485070,1835,9.902946402E7,2030-01-01
I478290,647,5.698019881E7,
I490080,-1396,1.2596677091E8,2025-09-14
I492088,496,1.979355602E7,
I492904,-473,6.689277718E7,2025-09-14
I492951,1656,1.7891717411E8,2030-01-01
I497925,837,8.978626979E7,
I501532,1329,4.030144152E7,
I504064,792,9.045914979E7,2030-01-01
I506460,1665,1.5292644488E8,2030-01-01
I508822,1069,4.371105769E7,
I510981,669,6.750918743E7,
I516463,-189,1573933.87,2025-10-06
I516584,-1943,3.735041673E7,2025-10-15
I518602,-849,1.0789027218E8,2025-09-08
I521018,1416,1.4903545258E8,
I523737,1332,1.6867034009E8,2030-01-01
I524536,1863,2.2837334217E8,
I527551,599,7296014.14,
I530222,1757,4.574985027E7,2030-01-01
I535477,1465,1.6722758617E8,
I537082,-1990,2.9440902083E8,2025-09-02
I539084,1964,1.0926914834E8,
I540993,1860,2.7808099082E8,
I543160,-385,6495891.89,2025-10-29
I543715,260,3.103491597E7,2030-01-01
I544216,504,5.564787987E7,
I544422,1511,2.0067446037E8,2030-01-01
I552898,-1053,7.793906428E7,2025-10-12
I559825,-946,6.649330067E7,2025-10-22
I562520,280,1.439494051E7,2030-01-01
I567604,1614,2.3542973502E8,
I569177,885,1.1404140643E8,2030-01-01
I570187,-188,1.624740237E7,2025-09-27
I571819,-1817,7.182569522E7,2025-09-14
I572369,790,8.429733924E7,
I574855,602,8.432567876E7,2030-01-01
I582423,931,1.895377629E7,2030-01-01
I584289,-304,2.395665887E7,2025-09-05
I587503,-1380,6.314512227E7,2025-10-16
I588067,-1681,3.982592175E7,2025-10-30
I478920,638,3.946828777E7,2030-01-01
I480416,975,5995478.51,2030-01-01
I483467,1410,3.268767084E7,2030-01-01
I485983,-1751,2.3146114096E8,2025-09-10
I497392,-787,2.702767078E7,2025-09-15
I498185,1666,7.778841586E7,2030-01-01
I499222,412,1.031341263E7,2030-01-01
I503466,-1281,1.3083874129E8,2025-09-15
I504069,-1252,5.479874733E7,2025-09-13
I509870,61,1642541.22,2030-01-01
I510003,1992,3.405390042E7,
I511602,1659,1.0227038189E8,2030-01-01
I512948,-1021,5.741013821E7,2030-01-01
I514743,375,2.773643065E7,
I516660,1785,5.199803063E7,
I519133,-1812,2.3733578932E8,2025-09-27
I527041,1664,1.7092712905E8,2030-01-01
I528264,-1780,2813791.95,2025-09-27
I529822,341,1.149139977E7,2030-01-01
I529882,1441,8.035699353E7,
I550454,794,4.717705751E7,2030-01-01
I550460,-945,2.561618446E7,2025-09-18
I555218,859,0.0,2030-01-01
I555259,1979,5925203.86,
I564351,-255,3.212390242E7,2025-10-15
I578074,740,1.141406637E7,2030-01-01
I579855,388,4.952863826E7,
I585074,-1005,1.2066719117E8,2025-09-19
I586348,-1850,2.3946661837E8,2025-09-16
I588652,-1397,1.7075297249E8,2025-09-28
I590505,1237,2.42043445E7,2030-01-01
I476462,322,1.91491499E7,2030-01-01
I502678,1410,2540801.48,
I506453,1287,1.2994758791E8,2030-01-01
I513696,1431,1.5690073596E8,
I515339,957,1.3275897796E8,2030-01-01
I517234,-1702,2.112131359E8,2025-10-04
I519648,248,2.036625731E7,2030-01-01
I523188,1870,1.0657885041E8,2030-01-01
I523358,-1877,1.4661302363E8,2025-10-19
I524509,-1325,1.0562135986E8,2025-10-19
I525263,645,5.319319238E7,2030-01-01
I527394,-745,6.654901868E7,2025-09-25
I528080,399,5.943109458E7,
I539397,-500,5167594.1,2025-09-29
I542737,1629,1.762561015E8,
I546743,256,2.303517568E7,
I546908,1713,1.237822741E7,2030-01-01
I554900,146,1.562343374E7,
I571456,-1490,1.4509854469E8,2025-09-10
I575332,-717,5.086812574E7,2025-09-07
I576097,1070,1.4939148171E8,
I577526,1090,9.229708256E7,2030-01-01
I587734,-520,3.018209403E7,2025-10-27
I588004,330,0.0,
I588986,-659,8.497534686E7,2025-09-09
I591260,-1565,1.8961629286E8,2025-10-10
I593924,107,4833441.1,2030-01-01
I602956,-1743,1.9249923231E8,2025-10-17
I593207,890,5.512716585E7,
I597983,1118,3.612350563E7,
I611375,1311,1.7011027556E8,
I616699,859,5.539405781E7,
I624466,1764,1.2690935356E8,
I624478,860,1.436184918E7,2030-01-01
I625168,1982,0.0,
I626191,1815,2.652260598E8,2030-01-01
I631571,-1369,5.567307173E7,2025-10-04
I632935,-286,3.896818525E7,
I633722,1195,1.5640825089E8,
I634161,1223,8.964113483E7,2030-01-01
I634475,1378,1.8388196707E8,2030-01-01
I637133,1349,1.3513013191E8,
I638912,996,1.4191208419E8,
I647177,-714,7.984624932E7,2025-09-17
I650636,1852,1.5033628824E8,
I657425,-1265,1.3242248318E8,2025-09-26
I658544,1805,1.4842409135E8,2030-01-01
I659772,814,6.373250265E7,2030-01-01
I672785,430,4.0194111E7,2030-01-01
I673492,1352,3.625832933E7,2030-01-01
I681382,1859,2.3040604317E8,2030-01-01
I685384,1749,1.5091216456E8,
I685956,595,7.921315646E7,2030-01-01
I693831,-320,1.709143591E7,
I693905,-860,1.2207483918E8,2025-09-07
I704550,936,8.538782556E7,
I598988,1612,8.750956533E7,2030-01-01
I599504,1480,5328318.08,2030-01-01
I598162,1485,1.8917111587E8,
I599730,942,3.055454786E7,
I601931,393,7973782.53,
I603107,108,1.431277049E7,
I611572,1708,1.4710655209E8,2030-01-01
I616420,711,1.773549501E7,
I617868,-1350,3.488320274E7,2025-10-30
I622273,1898,9.016359216E7,2030-01-01
I628437,1417,3.07252789E7,
I629083,502,6.730926452E7,
I632043,1018,1.0628132372E8,2030-01-01
I632557,685,1.626524107E7,2030-01-01
I637035,-489,5.86644669E7,2025-09-10
I643372,797,6.49339884E7,2030-01-01
I644838,1703,1.9142488032E8,2030-01-01
I646971,1452,1.022579635E8,2030-01-01
I647310,963,5.811079466E7,2030-01-01
I648115,-243,1.070322051E7,2025-09-26
I648966,644,1.84266175E7,
I652262,-1358,8.512885816E7,2025-09-10
I655562,77,9701368.41,
I657164,-131,7827203.85,2025-10-07
I658570,-996,9.653339096E7,2025-10-12
I667133,1019,1.3101658478E8,
I668992,312,7384688.64,2030-01-01
I672230,575,8.315714766E7,2030-01-01
I673542,1627,2.177560158E8,2030-01-01
I675831,-843,1.2326644033E8,2025-09-16
I675916,-322,4.695402504E7,2025-10-05
I679625,1964,1.172088964E8,2030-01-01
I695152,554,5.455753996E7,
I704138,-427,1.633712517E7,2025-10-13
I704174,1000,1.4559422518E8,
I596427,1714,1.663104388E8,2030-01-01
I602919,1923,2.3907033966E8,2030-01-01
I603733,-742,6.220633903E7,2025-09-26
I600404,633,5.236494584E7,
I602365,1189,5.56468262E7,
I609215,-1818,2.5269395686E8,2025-10-07
I609727,251,1878543.56,
I610694,-1957,1.4679610196E8,2025-09-04
I615936,893,5.489307086E7,2030-01-01
I618063,-1955,4.358766231E7,2025-10-06
I620040,1761,1.8473816657E8,2030-01-01
I623216,554,5960104.41,
I624007,1103,3.750616609E7,2030-01-01
I624921,535,5.281615708E7,
I624958,506,7989911.14,
I627263,1671,2.1547355557E8,
I630292,1830,5.523650179E7,2030-01-01
I632804,529,8099719.6,
I633438,857,2.50562677E7,
I633854,-714,8.342699577E7,2025-09-11
I634602,672,7.638660707E7,
I639745,-1921,2.7904933151E8,2030-01-01
I643016,-1567,6.679321652E7,2025-09-23
I650137,1449,4.863491367E7,
I653123,1079,4.001810389E7,2030-01-01
I656525,-1889,1.0252256114E8,2025-09-16
I661927,896,8.476483134E7,
I664627,-209,2.682627886E7,2025-10-12
I681638,115,0.0,
I682052,524,7.475211685E7,2030-01-01
I682771,1438,6.772621003E7,
I682912,-1504,1.187136408E7,2025-09-15
I698858,1846,2.4820875293E8,2030-01-01
I699250,-936,1.1286698028E8,2025-09-30
I706914,-247,3.148378105E7,2025-09-23
I592863,1759,1.7897611025E8,2030-01-01
I595935,-407,3719470.89,2025-09-13
I591771,898,1.480832831E7,
I614752,735,7.723655794E7,2030-01-01
I614810,-1559,2.868795068E7,2025-10-10
I616128,441,1.016226455E7,2030-01-01
I621399,240,2.36726916E7,2030-01-01
I622164,-1906,4.886343366E7,2025-09-30
I625487,1381,1.7226017935E8,
I628721,1748,2.2435800798E8,2030-01-01
I632555,-393,1.855290455E7,2025-09-13
I633439,1876,1.0384183762E8,
I634264,-464,1.272236513E7,2025-10-28
I639273,1782,9.591648907E7,2030-01-01
I640564,-1789,1.7436179541E8,2025-09-01
I642335,85,9582376.23,2030-01-01
I642530,-932,7.266693692E7,2025-09-05
I645703,410,4.315831642E7,2030-01-01
I654683,-1272,1.3839989939E8,2025-10-28
I656874,-890,1.0929655062E8,2025-09-06
I664141,-1984,1.6835059311E8,2025-10-02
I671194,1062,5.003641439E7,2030-01-01
I677936,1832,2.878300996E7,
I679028,428,2.959016202E7,2030-01-01
I696814,1596,1.9719648449E8,2030-01-01
I702638,1568,3.588145604E7,
I705891,1115,7.674945078E7,2030-01-01
I706197,-934,1.1880813411E8,2025-09-29
I602061,-872,7.018834345E7,2025-10-28
I602140,1487,1.5594871486E8,2030-01-01
I594871,1568,7441298.84,
I605629,1745,1.8299233179E8,2030-01-01
I611979,-586,3.805229077E7,2025-09-03
I612210,-868,2.007440946E7,2025-09-01
I613781,1791,1.9752844238E8,
I615106,-410,3803702.13,2025-10-12
I615964,-1234,1.2919284036E8,2025-09-22
I626663,-779,3.912918745E7,2025-09-03
I627639,856,1.2240214298E8,2030-01-01
I632310,622,7.471518345E7,2030-01-01
I633600,1890,1.5240021406E8,2030-01-01
I634431,-644,7.870706532E7,2025-10-13
I638316,1101,6.842364235E7,
I643953,750,5.373599984E7,
I651857,1396,1.01181189E7,
I652198,1999,2.252684316E8,
I658269,619,1.115851027E7,
I661234,-1251,4060798.48,2025-10-26
I667227,1726,8.412354964E7,2030-01-01
I667386,1498,1.6211955277E8,
I669256,-554,4443863.8,2025-10-06
I670063,-962,6.270426857E7,2025-10-20
I671172,1734,1.9261738644E8,
I674371,-120,1.737175311E7,2025-09-23
I674674,187,2.601090684E7,
I679822,-563,7.379635633E7,2025-09-03
I679904,-348,328872.62,2025-09-24
I687466,916,7.067655596E7,
I689710,198,2095472.28,
I691729,1543,1.5589242878E8,2030-01-01
I695429,1817,8.031422411E7,
I696722,-1398,2.541721325E7,2025-09-06
I698028,-1578,1.2780338968E8,2025-10-22
I699747,434,0.0,2030-01-01
I703680,536,1.806973509E7,2030-01-01
I704580,-1472,2.970495845E7,2025-09-08
I600008,1438,2.450236173E7,2030-01-01
I595378,1511,1.168266328E7,
I599128,1859,1.7028790094E8,
I602411,1488,1.4245467444E8,
I618364,553,893411.41,
I618929,990,1.4770304419E8,
I626168,335,9360213.09,
I633112,1474,1.1131589301E8,
I640507,-95,7857157.4,2025-09-30
I641537,1380,1.3871453963E8,2030-01-01
I647528,-742,4.750430277E7,2025-09-25
I654174,1191,6.708922624E7,
I657473,1761,7.438415236E7,
I658889,1996,2.9326542873E8,2030-01-01
I661917,-1367,1.100121569E8,2025-10-30
I664029,-901,9.182420618E7,2025-09-25
I666996,1377,1.4851179713E8,
I668760,-993,7.885425887E7,2025-10-04
I668798,1300,1.194528175E7,
I673091,921,3.070383816E7,2030-01-01
I675337,-762,6.623038886E7,2025-10-07
I676176,833,1.1752431461E8,
I678678,1067,5714259.07,
I679380,1961,2.4970316738E8,2030-01-01
I686810,477,0.0,2030-01-01
I690718,973,1.1258586884E8,2030-01-01
I694268,-1473,1.7063293308E8,2025-10-26
I697905,-1305,1.3610395306E8,2025-09-04
I698806,1281,6.726148609E7,
I706384,-565,4.413816744E7,2025-10-04
I595330,-1936,2.3919277756E8,2025-10-23
I596613,765,4410302.51,2030-01-01
I596989,477,4694968.21,
I598177,1458,2.0808944754E8,
I603467,65,5570728.65,
I604535,734,5748288.28,
I605048,232,2.907471389E7,2030-01-01
I606479,1274,4.737878214E7,
I612318,388,3.175136519E7,
I613248,145,1.293816784E7,
I615927,1989,1.4374538847E8,
I615982,587,8.458574604E7,2030-01-01
I618628,1447,1.0431327947E8,2030-01-01
I621118,1435,7.767706253E7,
I625865,797,7.881341933E7,
I631081,838,2.178753238E7,2030-01-01
I632661,1156,3.961856624E7,2030-01-01
I633653,1421,1.3792959743E8,
I638923,656,9.280984313E7,2030-01-01
I648143,1520,8.464906386E7,2030-01-01
I653249,104,6421636.91,2030-01-01
I653953,146,3551188.03,2030-01-01
I659711,-869,1.119325449E7,2025-09-04
I661362,1229,1.5189791482E8,2030-01-01
I663522,-577,1.991600964E7,2025-10-17
I667824,1751,6.79152871E7,2030-01-01
I671171,-488,4.251027945E7,2025-09-18
I676309,-547,3.616018793E7,2025-09-12
I676898,-1660,1.4629372507E8,2030-01-01
I680519,1261,1.5641956285E8,
I686093,984,1.3649144513E8,
I688824,135,1.925799865E7,2030-01-01
I689160,-936,4731673.31,2025-10-06
I689873,585,3.176434868E7,
I691806,861,4483167.3,2030-01-01
I693991,483,3851799.5,
I694090,-1231,1.7337359252E8,2025-10-16
I695565,1705,2.5175537035E8,
I697499,-1492,1.3264954E7,2025-10-25
I698081,795,5550928.31,2030-01-01
I702229,-164,2332550.7,2025-10-20
I704320,1064,7.824472904E7,
I596038,1293,8.5428831E7,2030-01-01
I597958,707,7.601996735E7,2030-01-01
I598571,1208,1.5670926059E8,2030-01-01
I602323,1362,1.6406829221E8,
I617647,-497,1.066232814E7,2025-10-23
I622827,957,1.4141066946E8,
I628133,1864,1.1903558309E8,
I631901,-707,1.377057154E7,2030-01-01
I632683,-1378,9.972470261E7,2025-09-30
I636438,-806,6.827472471E7,2025-10-21
I636809,1661,0.0,2030-01-01
I637753,246,1.843834654E7,
I638955,396,4.106411046E7,
I643035,784,3.640046735E7,2030-01-01
I645738,941,1.0887994073E8,2030-01-01
I649446,-1420,8.901558024E7,2025-10-20
I649820,-1603,1.2669357726E8,2025-10-06
I651603,127,1.373147828E7,
I651959,867,4.854418877E7,
I657398,1425,1.3214586109E8,2030-01-01
I666110,-1417,1.0449665526E8,2025-10-20
I681134,1184,6.253599456E7,
I684422,773,1.0249402849E8,
I684912,-1474,1.6499056097E8,2025-10-31
I690912,-1577,1.3118511424E8,2025-09-28
I692776,-412,3.839407502E7,2025-10-06
I694495,912,4.73694753E7,
I700798,762,0.0,
I702238,729,7.498229196E7,2030-01-01
I706648,105,9062282.22,
I595869,1691,2.1344021453E8,2030-01-01
I598062,998,4237794.46,2030-01-01
I601589,1020,1.501582066E8,2030-01-01
I601342,179,1354478.31,
I613985,-827,6.087337561E7,2025-10-20
I616577,-1554,1.0050988799E8,2025-10-22
I624465,235,2.946047467E7,2030-01-01
I628030,-1138,679961.76,2025-10-09
I632768,176,1.704657082E7,
I636481,-577,7.942503968E7,2025-10-29
I636874,153,7434950.61,2030-01-01
I642748,-1520,5.919027675E7,2025-10-16
I643852,-1607,1.5360982969E8,2025-09-13
I651257,1955,2.3813207255E8,
I651851,1417,0.0,2030-01-01
I653655,1445,1.4996412384E8,
I654995,1105,1.290775673E8,
I662069,-1067,1.0758059281E8,2025-10-10
I668429,389,2620643.88,2030-01-01
I673874,-1064,1.1620212088E8,2025-10-08
I681603,-274,2.214893663E7,2025-10-20
I689428,854,2.961737005E7,2030-01-01
I689493,1350,1.739887015E8,2030-01-01
I695242,505,3.333452324E7,
I696223,1874,2.3898184702E8,
I697094,1168,8.810128366E7,
I700426,961,8.798124605E7,2030-01-01
I701002,730,3.874609123E7,
I703753,-1762,1.2939606151E8,2025-10-02
I593929,-1379,3.176156053E7,2025-09-23
I601912,775,7.574503306E7,2030-01-01
I592493,1957,6.838330045E7,
I595672,413,2.159841923E7,
I602278,1861,1.2646863966E8,
I604557,1423,1.1844290916E8,2030-01-01
I607433,664,4.24216873E7,
I610034,1611,2.1389563672E8,2030-01-01
I618212,-1448,6.127263144E7,2025-09-02
I618502,-1635,3.167974912E7,2025-10-17
I633582,-618,8.464599235E7,2025-09-08
I633690,805,8089346.42,2030-01-01
I635023,-836,7.740055586E7,2025-09-09
I638311,1350,1.0780288372E8,2030-01-01
I642564,1140,3.579129024E7,
I642587,460,2.440262437E7,2030-01-01
I646155,1218,1.8134351211E8,
I647206,1431,6.331014376E7,
I658694,1344,1.7707279524E8,
I664375,-1977,1.6645463537E8,2025-10-12
I665857,1359,3.111286197E7,
I671146,-1264,1.6324419761E8,2025-09-04
I672108,-511,7.385831143E7,2025-10-12
I676902,-787,4.095202553E7,2025-10-15
I684085,1451,0.0,2030-01-01
I693184,1865,1.2866209759E8,
I695420,-639,2.25356919E7,2025-09-18
I698288,962,9.042781776E7,
I705177,-505,2.063542798E7,2025-09-09
I706036,1983,7.721161069E7,
I596141,-1755,7.977646039E7,2025-10-25
I601847,1965,2.0890562484E8,2030-01-01
I604704,-956,7.174166062E7,2025-10-03
I611245,1432,1.5544443428E8,2030-01-01
I616418,1864,4577830.64,2030-01-01
I617558,-995,1.1699317338E8,2025-10-05
I620177,655,4485755.61,
I623708,435,328641.37,
I634353,1651,1.4814515839E8,
I644333,227,5712607.44,
I645328,743,6.610015825E7,
I656778,1993,8.862345941E7,2030-01-01
I662563,1197,2.764184716E7,
I667499,-369,4.35014199E7,2025-09-02
I673513,508,9947122.27,
I674190,1198,2.371326246E7,2030-01-01
I679119,856,3.412785016E7,
I683016,1613,1.19657071E7,2030-01-01
I684825,206,431075.62,
I689805,1648,1.8012971131E8,2030-01-01
I692202,1784,3.756102169E7,2030-01-01
I697577,-1505,4092469.8,2025-10-21
I703445,839,5.204748499E7,
I707058,1312,1.7600710187E8,
I596770,-853,1.584054323E7,2025-09-22
I593258,1331,1.3463782527E8,
I607326,797,3.750064564E7,
I614348,991,1.1560374666E8,
I614880,-252,2.963572502E7,2025-09-30
I625983,596,1.903987997E7,2030-01-01
I637825,928,1.0720244723E8,2030-01-01
I639984,-1449,9.406440007E7,2025-10-18
I641000,-832,8.21516862E7,2025-10-04
I642213,836,1.2359717742E8,
I654546,1623,8.149176986E7,2030-01-01
I655187,609,2.071714497E7,2030-01-01
I659307,-921,8.635896924E7,2025-10-29
I668185,-218,3.265409192E7,2025-10-03
I672068,-1793,1.7552778222E8,
I675517,992,1.1704966266E8,2030-01-01
I678207,-1063,9.329113968E7,2025-10-11
I679698,1360,1.6598329305E8,2030-01-01
I679986,1239,1.505899815E8,
I682087,1550,1.496783485E7,2030-01-01
I683013,59,1287914.17,2030-01-01
I685028,1028,5.842702388E7,2030-01-01
I694197,1223,1.5580894066E8,
I695656,1033,1.3898881651E8,
I698520,970,3.183532217E7,
I698735,-1578,2.3045571821E8,2025-09-06
I703306,-741,2.134005687E7,2025-09-19
I704482,1795,1.4203118871E8,2030-01-01
I713155,401,5.272171618E7,2030-01-01
I711135,-790,1.237284854E7,
I718351,52,5443771.18,
I718868,312,1.562827342E7,
I721237,-839,3.924293115E7,2025-10-17
I727626,826,4288301.04,2030-01-01
I741011,1375,1.0568227481E8,2030-01-01
I745101,-1551,2.0506954111E8,2025-09-21
I751202,1770,2.5115453797E8,2030-01-01
I753601,851,7.118393038E7,
I754171,1899,4658089.5,2030-01-01
I758048,963,5.344251015E7,
I764844,-1452,3.697058938E7,2025-09-03
I766560,712,8.039850585E7,
I769731,369,4.217828514E7,
I770301,1498,1.797143481E7,
I770485,-981,1.318399228E8,2025-10-04
I775265,1921,3.164862058E7,
I775419,-1857,7.017255707E7,2025-10-05
I780902,1286,1.4300462175E8,2030-01-01
I790268,298,7771351.79,2030-01-01
I791524,684,9.87567539E7,2030-01-01
I795121,1073,1.2077735636E8,
I806040,818,1.2140943786E8,2030-01-01
I812715,149,1.291501234E7,
I813529,953,9.021799653E7,
I820033,1592,1.6755591723E8,
I717228,949,1.4225535337E8,2030-01-01
I718021,1717,1.2195851251E8,2030-01-01
I708699,907,6.905948157E7,
I709648,702,7.400629966E7,
I720118,-1836,2.00183041E8,2025-09-14
I721038,-1928,4.904510198E7,2025-10-30
I723660,-80,8275780.96,2025-10-12
I724337,711,1495611.28,2030-01-01
I726026,-448,4.734665916E7,2025-10-15
I727272,460,5.586023684E7,2030-01-01
I728380,-219,2.254384108E7,2025-10-01
I729499,376,3.59397855E7,
I731210,139,1.140898251E7,
I738903,1891,2.881969485E7,
I742401,886,1.183240386E7,
I743198,-69,1877522.32,2025-10-30
I744924,-755,2.722801115E7,2025-09-22
I748570,582,4.964344431E7,2030-01-01
I748584,-535,6.36089564E7,2025-09-18
I753419,937,6.057379765E7,
I754066,-376,5.181913141E7,2025-09-30
I758297,1774,5.126849526E7,2030-01-01
I758532,1648,1.0968292967E8,
I771988,1461,3.002989188E7,
I772765,-1547,9514451.75,2025-10-21
I775521,177,2.44200958E7,
I786181,1201,8.353405801E7,
I786475,1988,6160630.52,2030-01-01
I790411,966,7.54820261E7,
I793821,863,1.2347035621E8,2030-01-01
I794543,1295,8.432787344E7,2030-01-01
I796562,1599,5.861779858E7,2030-01-01
I799094,1293,7.186948423E7,2030-01-01
I799619,-152,1.192362469E7,2025-10-19
I800759,334,4.951573077E7,2030-01-01
I802545,1027,1.2888574694E8,2030-01-01
I805842,1284,1.2440362861E8,2030-01-01
I807244,-1045,1.5348627767E8,2025-09-11
I807352,857,8021533.8,
I809621,1156,2403067.4,
I809674,1797,2.42571277E8,2030-01-01
I810593,688,6.464528195E7,2030-01-01
I812998,312,1.540589265E7,2030-01-01
I819795,1877,2.4229240808E8,2030-01-01
I820738,1395,1.5803978568E8,2030-01-01
I822226,857,1.1658344649E8,2030-01-01
I713569,-930,0.0,2025-10-12
I716010,-95,1.03231992E7,2025-09-19
I710804,1698,1825466.91,
I713162,756,7.682808972E7,
I720730,295,3.539593595E7,2030-01-01
I732010,-889,4.780786562E7,2025-09-24
I737440,-1275,1.0943156254E8,2025-09-28
I743001,1109,7.551102691E7,
I743718,753,9.228968356E7,2030-01-01
I744518,968,5.7372632E7,
I746894,1823,7.424312705E7,2030-01-01
I750354,663,6.361822165E7,
I755728,1651,1.4935660557E8,2030-01-01
I756719,1277,1.6701132434E8,
I758491,1880,7.257520113E7,
I761739,268,2.508550858E7,
I774805,-1513,9251510.93,2025-09-10
I777948,744,3.964184451E7,2030-01-01
I778162,1549,1.5465009803E8,
I789686,-1405,0.0,2025-10-22
I789690,-454,6.382972175E7,2025-09-28
I793686,1465,7.388853964E7,2030-01-01
I793977,-1436,1.11936791E8,2025-09-01
I797735,-1498,6.715571114E7,2030-01-01
I798059,1678,1.3076042702E8,2030-01-01
I799970,612,1.459729145E7,
I812746,209,2.462604812E7,
I818040,-1451,8.685434192E7,2025-09-09
I818208,638,6.59180463E7,
I818473,-242,2.774830733E7,2025-10-25
I820090,617,6.276371192E7,
I820230,954,1.1434233529E8,
I714940,83,6174375.2,2030-01-01
I710517,1553,3629629.47,
I731001,498,4.210628307E7,2030-01-01
I744327,262,2.782645985E7,2030-01-01
I750958,1243,3.513755557E7,2030-01-01
I751020,826,2.967428091E7,2030-01-01
I753803,990,9528209.25,
I756426,-374,2.979800645E7,2025-09-24
I756469,790,1.0477288499E8,2030-01-01
I760280,-1698,8.6174958E7,2025-09-30
I760948,-607,6.760605133E7,2025-10-08
I770701,454,6.093022648E7,
I772471,1384,1.7752407402E8,2030-01-01
I782098,-811,3.049361201E7,
I789467,1531,2.1927244409E8,2030-01-01
I790828,1739,6.178534663E7,
I800304,-951,0.0,2025-10-12
I803172,162,444064.6,2030-01-01
I807512,1552,1.3783727908E8,2030-01-01
I809455,465,5.417792628E7,
I817992,1906,1.753034049E8,2030-01-01
I707459,269,1580124.41,2030-01-01
I730662,-86,5685999.44,2025-10-30
I732920,1507,1.4294375181E8,
I733009,1549,2.2516182424E8,
I734975,547,7.013737182E7,
I735396,-682,6.466796359E7,2025-10-03
I740522,-1148,6.888739339E7,2025-10-28
I740756,1521,0.0,2030-01-01
I744224,1051,968176.19,
I746890,977,1.1770797081E8,2030-01-01
I749861,-1030,3.298411139E7,2025-09-28
I753287,-1393,9.992044019E7,2025-10-17
I756841,-1350,3.423516012E7,2025-09-14
I759568,-1522,1.1868109408E8,2025-10-24
I765839,1737,1.7514057256E8,2030-01-01
I768496,1058,1.0080894188E8,2030-01-01
I768500,1125,1.0408157799E8,2030-01-01
I772618,-235,3.227734692E7,2025-10-08
I776018,948,1.2590718941E8,
I778388,360,2.841049239E7,
I783045,1046,1.036284305E7,
I783281,1417,1.7489859448E8,
I783406,1503,8.751297917E7,
I787614,1642,5.321869833E7,2030-01-01
I790051,-1998,2.6741822975E8,2025-10-19
I797651,-778,9115326.04,2025-10-01
I798531,1562,1.2167071418E8,
I801029,-1926,5.592009028E7,2025-09-07
I806525,-860,5.004493288E7,2025-10-16
I809025,-663,3.159134496E7,2025-10-11
I818122,-995,6.928976724E7,2025-09-12
I820363,320,4.360599298E7,2030-01-01
I822549,-591,7.516825966E7,2030-01-01
I709706,915,2.18884581E7,2030-01-01
I712104,324,2.095866754E7,2030-01-01
I712873,914,4.150557814E7,2030-01-01
I715485,-82,9081141.78,2025-10-10
I717147,351,4.728391518E7,2030-01-01
I718380,-1822,6.273033589E7,2025-10-01
I707531,604,0.0,
I727428,-1120,8.729187353E7,
I731010,-719,1.706050097E7,2025-10-31
I731535,1068,1.1008711357E8,
I732720,1864,1.4703614921E8,
I734980,759,2.951622061E7,2030-01-01
I735798,-1571,2.0374096961E8,2025-09-27
I736600,1150,5.907995134E7,
I739780,-1683,1.2578150514E8,
I739988,433,5103025.08,2030-01-01
I747640,861,7.178339932E7,2030-01-01
I757270,250,1.039532084E7,2030-01-01
I758124,513,2.487404322E7,2030-01-01
I758364,-1011,1.4602886524E8,2025-10-12
I762880,-705,7.817654177E7,2025-10-17
I763221,1941,1.888194923E8,
I768720,1200,1142268.19,
I771551,-774,5.030675589E7,2025-10-30
I772717,1064,1.121175205E8,2030-01-01
I782842,1666,5.561276936E7,2030-01-01
I790312,1806,2.1771401215E8,2030-01-01
I791563,321,4.68675975E7,
I793987,-1365,1.5716543257E8,2025-10-09
I797308,1271,7.03952247E7,2030-01-01
I801194,-1273,1.8227523272E8,2025-10-07
I806262,-1284,1.0367352957E8,2030-01-01
I809942,-1190,6552018.48,2025-09-09
I814168,-1932,2.324914192E8,
I818307,-299,3.712672038E7,2025-09-13
I822337,-768,1.0480896507E8,2025-09-11
I822810,-410,2.926891159E7,2025-10-19
I715662,-1380,1.0019730749E8,2025-09-03
I716732,-1293,2.449514568E7,2025-10-02
I710612,577,6.939606922E7,
I720678,-388,4.323378392E7,2025-09-24
I734623,176,2.516556303E7,2030-01-01
I742684,-398,2.311826579E7,2025-09-30
I749157,768,1.0625787416E8,
I753896,384,2.347584169E7,2030-01-01
I756083,1155,3.863553443E7,2030-01-01
I756574,1234,9594321.27,
I757406,811,0.0,
I757676,109,1289748.98,2030-01-01
I765107,500,355783.36,2030-01-01
I769341,-1326,9102260.35,
I772892,-1931,4.387343179E7,2025-09-10
I779305,1865,1.4580809059E8,
I779777,-803,8.790940852E7,2025-10-03
I782831,515,7.219094693E7,2030-01-01
I787996,704,9393948.5,2030-01-01
I790435,1138,1.1548229103E8,2030-01-01
I799885,154,8618421.99,2030-01-01
I805578,530,7.25205203E7,
I808550,-68,4515593.95,2025-09-12
I812326,-637,9.549576036E7,2025-10-25
I813905,1838,1.0164173542E8,
I814746,-459,0.0,2025-09-10
I817832,-1008,5.795529146E7,2025-10-07
I717113,1507,1.1612950499E8,2030-01-01
I724855,-1386,3.570774594E7,2025-10-04
I727881,-607,7.600377015E7,2025-10-19
I728549,-696,4.99358816E7,2025-10-18
I729151,975,1.2579661811E8,
I734186,1371,7.551536564E7,
I736239,-721,3.532575735E7,2025-10-16
I739860,1965,1.20395129E8,
I740673,118,6127319.73,2030-01-01
I744004,735,2.085245999E7,2030-01-01
I746493,1759,8.54447463E7,
I747168,169,1.283684408E7,
I753922,1324,1.7577019142E8,
I756826,1532,1.2442245037E8,2030-01-01
I757560,1597,1.8502411997E8,2030-01-01
I758591,-1222,6.059115881E7,2025-09-12
I761090,-500,3.311189273E7,2025-09-20
I762529,596,8.927043386E7,2030-01-01
I766288,-1495,1.5622180594E8,2025-09-30
I770552,-145,1.053446443E7,2025-10-24
I779474,993,2.951970129E7,
I779786,307,5794876.89,
I780999,1429,2.948253743E7,2030-01-01
I782390,-166,1.972312554E7,2025-09-22
I784609,1520,9.111384261E7,2030-01-01
I785151,1412,9.212683863E7,
I785412,-1000,1.4805162102E8,2025-09-05
I785601,-1684,1.227670891E7,2025-10-22
I786801,476,4.526388971E7,
I787615,1076,4.689902461E7,2030-01-01
I790998,533,5.140362401E7,
I794745,-96,1.160512455E7,2025-10-31
I801150,436,3225207.77,
I806091,297,0.0,
I810192,694,9.044603104E7,2030-01-01
I810315,-132,1.262633302E7,2025-10-31
I812454,1206,8.146864244E7,2030-01-01
I816513,-719,1.0655282573E8,2025-10-19
I817778,468,5.311158622E7,
I818465,871,1.2316721601E8,
I820902,1190,2234742.64,2030-01-01
I710490,1493,8.527744188E7,2030-01-01
I714097,69,8714295.48,2030-01-01
I715252,1590,1.7215903715E8,
I727126,701,8.847921288E7,2030-01-01
I727760,788,9.436333427E7,2030-01-01
I733453,684,9.503526897E7,
I735181,-1232,1.6439177507E8,2025-09-02
I735421,1445,5.532011747E7,2030-01-01
I736294,1994,1.6900869423E8,
I745523,941,6.848795695E7,
I747622,1114,1.600576744E8,2030-01-01
I755034,1499,9.650939684E7,2030-01-01
I758735,-1409,1.362093531E8,2025-10-10
I758778,-1355,1.7788360662E8,2025-09-01
I758927,1582,7.550072802E7,
I763286,925,6.673395805E7,
I769581,1582,1.3025777719E8,
I771975,1658,2.3481202337E8,2030-01-01
I776056,57,5547748.11,
I776194,366,4.582164491E7,
I777502,1440,1.6366963947E8,2030-01-01
I782593,151,5582920.39,2030-01-01
I784037,111,1.411799608E7,2030-01-01
I794992,-566,2.136223697E7,2025-10-20
I797866,-220,9904992.62,2025-10-15
I798391,-607,6341641.38,2025-10-04
I801995,562,5.822713228E7,
I807274,-820,2.77532896E7,2030-01-01
I813530,64,4171784.95,
I815483,1979,9.715657825E7,2030-01-01
I816287,1647,1.4374328084E8,
I819848,543,2.519609353E7,
I820204,770,3.614146532E7,2030-01-01
I709964,1680,1.2425544848E8,2030-01-01
I717163,1999,9.257869055E7,2030-01-01
I710373,483,3.502980906E7,
I718990,385,3.836760666E7,
I722804,1672,1.3251497049E8,2030-01-01
I726142,-1395,9.051034989E7,2025-10-08
I730900,-195,4991074.83,2025-09-19
I734993,509,4.399890046E7,
I738484,-1681,3.122794951E7,2030-01-01
I738750,-1497,2.2126225727E8,
I740355,1724,1.5328414108E8,
I741754,117,1.001698711E7,2030-01-01
I745561,1596,9.486951115E7,
I745598,-1507,7.718278108E7,2025-10-21
I749381,1772,4.176017162E7,2030-01-01
I752717,-935,1.2763694483E8,2025-10-16
I759666,-521,6.199383417E7,2025-10-12
I761084,1108,7.332171458E7,2030-01-01
I761457,-1330,1.4623664948E8,2025-10-23
I767439,1245,1.242620575E7,2030-01-01
I771903,966,1.163208988E7,2030-01-01
I772351,-1338,1.3256154141E8,2025-09-06
I773861,1006,1.2229045343E8,
I776341,1034,1.3232412384E8,
I786535,-1265,1.4283069667E8,2025-09-01
I787801,1455,1.9459646875E8,
I788842,474,3.78400707E7,
I789297,-1123,1.288542461E8,2025-10-20
I792504,-1845,1.9421369419E8,2025-10-31
I798785,1082,4.951263025E7,
I803658,1752,1.7085415701E8,2030-01-01
I807774,-647,2.523854885E7,2025-10-06
I814616,1597,1.6354727703E8,
I818723,1230,1.5761317295E8,
I719750,-1146,1.0417805747E8,2025-09-08
I720287,-1213,1.35322902E8,2025-09-08
I722969,-906,1.1554802716E8,2025-09-24
I729919,103,3198011.98,
I731228,-1213,6.708222812E7,2025-09-01
I733011,1599,8.535247498E7,
I738455,139,1.465671966E7,
I744911,1107,1.1804475162E8,
I745145,-667,7.226275272E7,2025-10-13
I746877,860,1.79435846E7,2030-01-01
I753880,1726,1.5619189704E8,2030-01-01
I757715,1299,4.694246689E7,
I759014,1773,1.950571615E8,
I762831,1143,1.043375275E7,2030-01-01
I769310,1073,1.2496114654E8,2030-01-01
I769563,1153,1.1179574515E8,2030-01-01
I771247,-944,4.502344954E7,2025-10-27
I771772,-1855,1.7519177561E8,2025-10-21
I771936,1407,1.425786755E8,
I773426,402,2.004011734E7,2030-01-01
I780164,-1297,1.76776809E8,2025-09-29
I785326,-1338,5.157072066E7,2025-10-20
I796210,-807,5.183062802E7,2025-10-28
I798478,-1160,1.3548156999E8,2025-10-31
I799500,1656,1.0714128888E8,
I809117,1817,8.533704418E7,2030-01-01
I810233,-341,2.168678424E7,2030-01-01
I810828,601,5.17602476E7,
I813778,-1365,1242060.07,2025-10-12
I817432,899,4.091163122E7,2030-01-01
I820665,1269,9470161.45,
I822016,-1227,1121657.05,2025-09-18
I710199,138,4311962.25,2030-01-01
I718173,-1982,1.8549810378E8,2025-09-15
I720363,1809,2.3317201217E8,
I721418,-1489,1.1611228215E8,2025-09-12
I723489,1287,9.34379706E7,2030-01-01
I729361,480,5.918323479E7,2030-01-01
I735359,676,2.950678992E7,
I736328,-370,1.818120931E7,2025-09-06
I741921,-309,2.680624263E7,2025-10-23
I743629,1345,1.5077981145E8,2030-01-01
I744306,-359,5.131603022E7,2025-10-15
I745905,611,2136683.89,2030-01-01
I749618,-1097,7.373235648E7,2025-10-29
I750010,-1120,4.581982675E7,2025-09-06
I754679,1981,4.533796972E7,
I757413,-1887,5.034458875E7,2025-09-25
I758358,1550,5.726346402E7,2030-01-01
I761246,335,1.217799855E7,
I761360,-251,5230518.82,2025-10-02
I761995,383,2.389943792E7,
I766565,1860,2.2473244702E8,
I767479,-799,1.324513017E7,2025-10-18
I784473,306,4.522893333E7,2030-01-01
I792022,-1471,3.695433497E7,2025-10-09
I793379,1816,1.0911124673E8,2030-01-01
I796570,843,7.558166392E7,2030-01-01
I798181,466,3.344747514E7,
I803003,-1920,2.5672188086E8,2025-09-24
I809164,191,2.680738717E7,2030-01-01
I809326,1770,1.8005310648E8,
I809579,-1683,2.2457967543E8,2025-10-29
I811425,-141,1135379.75,2025-10-26
I818044,1996,9.880297818E7,2030-01-01
I822359,1170,1.7320829758E8,2030-01-01
I827405,-1744,9.709685334E7,2025-09-25
I829286,1906,3.500874565E7,2030-01-01
I832649,-1562,3.783491882E7,2025-10-29
I830532,1848,4429822.91,
I834043,120,716795.66,
I836903,-1269,7.663274361E7,2025-09-20
I838735,-1602,2.1217412344E8,2025-09-02
I841869,125,4466127.58,
I852400,1345,1.8718122812E8,2030-01-01
I852462,-319,1136272.38,2030-01-01
I852588,1242,2.803644331E7,2030-01-01
I853725,355,9155564.69,2030-01-01
I859577,1110,1.038446539E8,
I860951,1915,1.6174766497E8,2030-01-01
I861015,1855,2.4187237716E8,
I861927,-695,4.240437083E7,2025-09-03
I867892,1143,3.458257428E7,2030-01-01
I868733,827,2788727.21,
I884370,-684,7.553945029E7,2025-10-10
I889704,-1834,2.3343614657E8,2025-09-24
I893165,-919,1.531618745E7,2025-09-24
I894316,238,1584749.52,2030-01-01
I896494,917,5.049602467E7,2030-01-01
I898052,181,1.774855157E7,
I908322,190,2.428909624E7,2030-01-01
I912518,1560,1.254315571E8,2030-01-01
I915800,-1574,1.3266999614E8,2025-09-06
I916064,1468,1.1724548418E8,2030-01-01
I925514,1557,5.212311864E7,2030-01-01
I927764,520,4.832576558E7,
I824146,560,4.583071929E7,2030-01-01
I825428,-784,5.205085212E7,2025-10-09
I826162,-1525,7.786430788E7,2030-01-01
I832795,430,9470533.78,2030-01-01
I825554,-1693,1.2986335481E8,
I826065,497,6.782908677E7,
I827936,1962,2.7765796128E8,
I828982,1314,1.0508893594E8,
I836205,1125,1.0549339942E8,2030-01-01
I837429,-1920,1.493721861E7,2025-09-05
I837460,1435,2.1120399428E8,
I840099,1247,2.524563846E7,2030-01-01
I844988,1016,2.288007922E7,2030-01-01
I845895,153,1.321622762E7,2030-01-01
I847140,1794,1.5815385904E8,2030-01-01
I851485,179,1.952799499E7,
I851765,-1420,1.424153098E8,2025-10-29
I852178,1654,1.337854644E8,
I855132,598,2.141329828E7,2030-01-01
I859953,332,1.972539663E7,
I865196,-1150,9.725666497E7,2025-09-13
I865521,1510,1.4813723375E8,2030-01-01
I868708,1600,1.4830420695E8,
I869464,-889,9.145040045E7,2025-10-04
I871454,812,1.036401607E8,2030-01-01
I872541,-1026,5.696748178E7,
I880870,694,9420784.9,
I881660,1045,2.903855081E7,2030-01-01
I883714,-1875,2.3352464987E8,2025-10-08
I897778,-1616,1.7698384148E8,2025-10-01
I903448,1723,6.59049872E7,2030-01-01
I906514,430,0.0,
I906950,1170,1.0641195269E8,2030-01-01
I909134,997,5.303430604E7,
I911007,1177,1.703089805E7,
I912516,809,2.889219057E7,
I914271,87,3620909.08,
I922734,-861,1.972016059E7,2025-10-09
I927430,-1152,1.6069542781E8,2025-09-16
I930015,1880,1.8311628465E8,2030-01-01
I936338,-621,4.673768078E7,2025-10-06
I827900,-1590,1.0562782055E8,2025-09-13
I830545,-458,5.343864056E7,2025-10-16
I834281,-1899,9.340644671E7,2025-10-18
I834644,-1412,9.064448781E7,2025-10-03
I832441,1819,2.0139061488E8,
I837496,-278,2.879477159E7,2025-10-30
I844074,833,1.191675948E8,2030-01-01
I855798,-241,5792102.01,2025-09-27
I858255,-635,4.277900512E7,2025-09-07
I860740,1349,6.355442073E7,2030-01-01
I865153,1008,9.507626031E7,2030-01-01
I867909,368,3279475.06,2030-01-01
I876263,-247,6226185.39,2025-09-12
I878917,900,3.908279664E7,
I886250,1752,9.270071611E7,
I889281,809,7.022160624E7,
I890910,270,466479.0,2030-01-01
I892507,838,1.411198035E7,2030-01-01
I899621,1152,1.3984146387E8,2030-01-01
I900419,-1810,2.0965950572E8,2025-09-02
I904425,791,4.478163197E7,2030-01-01
I905273,-747,5.635620245E7,2030-01-01
I911977,1797,2.0163031072E8,2030-01-01
I912202,-1196,8.603238973E7,2025-09-30
I914737,1249,7.99864717E7,2030-01-01
I915034,1840,2.7051629796E8,
I919547,-1959,1.5256769842E8,2025-09-07
I922808,896,6.638633133E7,2030-01-01
I924225,362,1.003672208E7,
I925209,1989,2.8509327E7,2030-01-01
I933861,1477,3.767558336E7,
I936643,1322,1.234036393E7,
I824566,705,6.994026183E7,2030-01-01
I830031,-1852,2.4859166624E8,2025-10-01
I832128,-458,2598964.02,2025-10-04
I836054,-1809,8.798614581E7,2025-09-19
I843579,-1676,8.398235036E7,2025-10-05
I843720,-1535,2.2269532507E8,2030-01-01
I845875,1136,9.265978864E7,
I849635,707,3.624068102E7,2030-01-01
I849924,1166,1.338521198E8,2030-01-01
I852383,-1884,1.6976197139E8,2025-09-27
I853502,-1544,1.0960413247E8,2025-09-30
I860014,557,5.116055425E7,
I861174,1629,1.0922672221E8,2030-01-01
I861943,-1298,1.15123204E7,2025-10-24
I863067,1849,1.8919001067E8,2030-01-01
I863516,462,3495303.31,2030-01-01
I865110,814,1.1853740924E8,2030-01-01
I867509,1967,1.3569884335E8,2030-01-01
I868131,1561,7.020756883E7,2030-01-01
I868227,1414,2.762958883E7,2030-01-01
I881535,343,1.119301681E7,
I886568,-1123,5361558.44,2025-10-24
I887518,404,5.54764433E7,2030-01-01
I887756,-247,2.088231611E7,2025-10-19
I887996,-987,5.441054838E7,2025-10-18
I888831,-1625,1.9478047294E8,2025-10-16
I895030,-172,2791587.52,2025-10-25
I896918,1063,7.443074844E7,2030-01-01
I905884,1315,1.6558577811E8,2030-01-01
I906316,1879,1.8737427368E8,2030-01-01
I907622,874,6.667325613E7,2030-01-01
I909733,1852,8.000745561E7,2030-01-01
I909746,1300,4.879913254E7,2030-01-01
I912383,636,4.563525495E7,2030-01-01
I912424,-730,2.063796131E7,2025-10-14
I916924,1590,1.6843837279E8,2030-01-01
I917255,-1758,2.3228569926E8,2025-09-23
I919838,868,7.854827213E7,2030-01-01
I925658,716,4.730386188E7,2030-01-01
I931911,-1906,4.358894802E7,2025-10-12
I936794,689,2596230.68,
I843728,489,6.179586068E7,
I848135,585,3.239129696E7,
I857102,1872,6.128768699E7,2030-01-01
I858157,504,4.311328445E7,
I863607,-1681,7.33844507E7,2025-10-03
I866634,1965,4.974936962E7,2030-01-01
I874459,1940,1.5817465806E8,2030-01-01
I874891,1260,9.815132096E7,
I876656,1369,2292533.69,2030-01-01
I880621,1996,2.9474997115E8,
I881665,1108,1.244929841E8,2030-01-01
I882273,472,1.191738025E7,2030-01-01
I882648,-1772,2.1703678363E8,2025-10-21
I883188,392,5.50294626E7,
I885110,340,4.822639294E7,
I886411,890,1.1385387783E8,
I886994,826,8.238581601E7,
I888030,-1119,2072163.91,2025-10-16
I888789,-1827,2.6967096683E8,2025-09-20
I889352,219,3.255954897E7,
I890468,508,1.653387708E7,
I893470,-1293,1.671978905E8,2025-09-18
I894875,597,8074341.34,
I895354,157,1.388494537E7,2030-01-01
I897142,1129,1.5983148478E8,2030-01-01
I897160,-200,2.118105294E7,2025-10-30
I897746,-676,8.791166104E7,2025-10-12
I899462,-243,3.127338839E7,2025-09-19
I905345,-1911,2.5167442055E8,2025-10-23
I914645,-254,2.110559258E7,2025-09-04
I915778,329,8654019.99,
I924673,1871,0.0,
I928108,1581,1.102687069E8,
I935622,1841,2.1035720334E8,2030-01-01
I828114,-907,1.2709636453E8,2025-10-02
I830018,-1406,5.901500275E7,2025-09-11
I835169,390,1.45426821E7,2030-01-01
I827240,983,8.532218547E7,
I840092,1646,7.807149645E7,2030-01-01
I846310,-63,1160478.42,2025-09-15
I850699,-1430,1.2213441309E8,2025-10-11
I851042,236,0.0,
I861874,-1416,1.6472532657E8,2025-09-21
I864182,-1497,1.3608160344E8,2025-10-29
I864352,1859,1.3027221455E8,
I864946,430,2.311151027E7,
I869337,383,1.04095067E7,2030-01-01
I871524,574,4.299293419E7,2030-01-01
I879705,-1232,1.5141137508E8,2025-09-12
I880353,-1977,1.0350325359E8,2025-09-28
I886176,1055,1.743399675E7,2030-01-01
I886896,-1755,1.0770966761E8,2025-09-02
I889819,1266,1.3074605873E8,2030-01-01
I899619,-152,2983499.69,2025-09-26
I900082,-143,1.640270797E7,2025-10-20
I902535,1963,1.2382337463E8,
I903926,-589,4.761138469E7,2025-09-13
I905277,748,9.659707686E7,2030-01-01
I906721,-1003,1.3447436786E8,2025-09-17
I908711,721,3.712128365E7,
I909264,1168,1.2560457771E8,2030-01-01
I910233,-1862,4.859474844E7,2025-09-11
I912771,1263,8.591854948E7,
I914701,445,3.115470463E7,
I919014,621,2.812921612E7,2030-01-01
I923433,-992,8.073467066E7,2025-10-31
I929188,598,5.908570282E7,2030-01-01
I930348,1809,1.358687224E8,2030-01-01
I934926,178,2.596024726E7,
I937258,138,1.092699205E7,
I938516,-1957,1.622497146E7,2025-10-08
I831725,-385,4.38151094E7,2025-10-13
I838238,197,0.0,
I839286,833,5.555660949E7,2030-01-01
I843011,630,9.43569146E7,2030-01-01
I850493,-638,3.090193217E7,2025-09-02
I852129,1150,9794431.44,2030-01-01
I854459,-416,5.634683512E7,2025-09-26
I857413,588,7.949334145E7,
I858515,-715,0.0,2025-09-26
I865103,-787,3265391.99,2025-09-04
I865709,901,1.3207498428E8,
I866278,1407,1.8060635827E8,
I880886,597,2.021768188E7,
I882143,1757,1.4741764308E8,
I884000,1442,1.7574043269E8,2030-01-01
I887593,1097,1.4868727197E8,2030-01-01
I887642,-1017,5.68340398E7,2025-09-16
I894585,922,1.20179819E7,2030-01-01
I896054,1245,1.2506787871E8,2030-01-01
I902074,1868,7.865288454E7,
I905060,-889,1.0528223747E8,2025-10-07
I914881,1484,9856456.49,2030-01-01
I915491,472,4.155516471E7,2030-01-01
I918222,-182,2.248434478E7,2025-10-17
I921279,1286,3.279600199E7,2030-01-01
I935459,-1272,5.535225622E7,2025-09-10
I936312,875,6.142340985E7,
I824102,-1277,1.8728196453E8,2025-10-10
I826803,-1180,1.5491242755E8,2025-10-12
I826985,-241,2.1779161E7,2025-10-27
I827467,1817,2.2362514764E8,2030-01-01
I828223,-723,4.558990493E7,2025-10-10
I828033,649,4.225434851E7,
I849173,1684,1.0166583916E8,2030-01-01
I849541,-259,694473.68,2025-09-30
I854460,1118,3.890798335E7,
I855155,-1461,1.5712211508E8,2025-09-23
I856379,-1182,9.748600631E7,2025-09-22
I857356,-1649,1.745619824E8,2025-10-11
I868031,383,1.490626546E7,2030-01-01
I871037,1834,5.618542653E7,2030-01-01
I875395,710,8.301376132E7,2030-01-01
I876889,-470,5.929545202E7,2025-10-17
I890597,-1350,1.6880492746E8,2030-01-01
I891531,1229,5.244132578E7,2030-01-01
I891585,475,1.773347824E7,2030-01-01
I894783,904,1.0539518453E8,
I895078,1673,1.0340934863E8,2030-01-01
I896233,-1916,1.9194021039E8,2025-09-05
I898896,-966,4.963736569E7,2025-10-07
I900505,-716,3.123721862E7,2025-10-05
I905485,-1868,2.7401989876E8,2030-01-01
I905914,-963,3340286.2,2025-10-04
I908890,893,9.329797897E7,2030-01-01
I909620,-1063,7.857690465E7,2025-09-29
I911503,1956,2.3190729482E8,
I915202,720,6.827655303E7,2030-01-01
I920015,1070,1.2524299625E8,
I922886,826,6.329473885E7,
I924086,-1655,1.4124809652E8,2025-09-12
I925052,105,2393821.3,2030-01-01
I927409,1323,1.8135239446E8,2030-01-01
I928115,1080,9.159266768E7,2030-01-01
I929738,-1602,1.7794427515E8,2025-10-07
I929986,1570,1.7220277133E8,2030-01-01
I934521,-1740,2.4993673967E8,2025-10-08
I935216,-1494,5.45499452E7,2025-10-13
I936719,-509,0.0,2025-10-23
I937604,252,2.419569724E7,2030-01-01
I937877,225,2.186168963E7,2030-01-01
I824691,-611,3.045772251E7,2025-09-01
I827725,71,1521400.34,2030-01-01
I832218,192,2.440815563E7,2030-01-01
I833538,1465,9.705458193E7,2030-01-01
I824644,1686,1.7517673945E8,
I830192,1187,1.708754167E7,
I831284,1470,1.8625894548E8,
I836124,-1204,1.7252770375E8,2025-10-24
I840254,1311,8.592947527E7,2030-01-01
I841108,1110,6304013.69,
I845331,797,1.647295932E7,2030-01-01
I845409,691,8.342285397E7,2030-01-01
I847666,-1790,1.9375040558E8,2025-09-29
I848924,772,4.877154253E7,
I858409,-1039,3865931.5,2025-10-24
I863356,1768,1.8071857315E8,2030-01-01
I868407,685,3.148612141E7,2030-01-01
I888882,106,1714443.83,2030-01-01
I894403,473,5.499952081E7,2030-01-01
I899228,1536,1.2144282346E8,
I909152,246,9993254.39,
I910585,-1683,1.7212735946E8,2025-10-05
I913747,1986,4.197297041E7,2030-01-01
I914767,997,6.813855855E7,2030-01-01
I916910,131,2644728.62,
I917706,592,5.883381454E7,2030-01-01
I920687,1070,3.923330812E7,2030-01-01
I933335,2000,8.596058781E7,
I825219,-1639,2.2011068884E8,2025-09-25
I828030,-1830,1.6481934434E8,2025-09-29
I830881,-933,1.0562865284E8,2025-10-12
I830013,1837,8.551746239E7,
I845415,839,9.468732966E7,2030-01-01
I845571,354,1168755.77,2030-01-01
I849911,1762,2.2875091413E8,2030-01-01
I852271,214,6925649.29,
I853800,-966,9796422.5,2025-09-23
I855398,203,2.743162747E7,2030-01-01
I857133,-842,1.2094897877E8,2025-09-28
I859059,-1957,9.613999306E7,2025-09-19
I859299,1998,6.172900161E7,
I861326,683,3.694905464E7,2030-01-01
I866397,358,1182332.49,
I869466,1647,3.066316923E7,2030-01-01
I869511,56,2487337.21,
I869803,-218,1.106144935E7,2025-10-16
I870439,-1330,1.3029058082E8,2025-10-17
I873895,224,2.817794131E7,2030-01-01
I874028,-1655,1.5783439121E8,2025-09-16
I874797,550,7.400849679E7,2030-01-01
I874936,585,3.131666563E7,
I876009,395,9197545.58,
I876981,211,1.301453289E7,
I886142,1317,3.067321714E7,2030-01-01
I890018,1228,2.136780723E7,
I891126,-1545,8.763696129E7,2025-09-16
I892680,1834,2.5439391911E8,2030-01-01
I903273,720,7.201059332E7,
I907550,613,2.057995642E7,2030-01-01
I909802,237,2.070937201E7,
I916490,-973,1.3422804107E8,2025-10-19
I916958,1388,1.9058166207E8,
I920528,1599,4.738337305E7,
I931386,-1506,1.8227180665E8,2025-10-18
I828963,746,6.187148121E7,2030-01-01
I830325,-1258,3.209233308E7,2025-09-08
I832302,-217,2.513255193E7,2025-09-16
I835005,-205,2.845059217E7,2025-09-27
I831434,1550,7.057814677E7,
I835983,-1270,1.5654797631E8,2025-10-29
I845368,148,0.0,
I849060,585,8.187189278E7,
I849793,388,1.510487196E7,2030-01-01
I858408,1070,5.545839741E7,2030-01-01
I870358,1129,1.5902714321E8,2030-01-01
I873783,299,679723.89,2030-01-01
I888307,446,4.688374965E7,
I889862,-480,1.68817393E7,2025-10-12
I893574,304,1794024.85,2030-01-01
I894890,449,3.628428074E7,
I896808,1743,1.9846425669E8,2030-01-01
I902447,1367,1.1991743804E8,
I903113,461,9294829.82,
I905324,1463,4.232594999E7,
I911910,1067,4135663.17,
I913152,1255,4.977808224E7,
I914342,-344,3.092359006E7,2025-10-24
I915217,477,1629250.13,
I916897,942,5.288388754E7,2030-01-01
I917722,497,7.221061586E7,
I921098,631,4.808297899E7,
I934169,-706,2.220769657E7,2025-09-16
I937219,-782,1.07565365E8,2025-10-27
I937973,1371,1.267663664E8,
I828866,-531,2.304068469E7,2025-10-28
I831125,1710,6.378624274E7,2030-01-01
I824393,643,3.265899439E7,
I827600,1170,1.1818273743E8,
I836539,1201,1.767688091E7,2030-01-01
I838384,1305,3.875116642E7,2030-01-01
I840676,170,2.419900934E7,2030-01-01
I842970,-81,5743037.47,2025-10-17
I843735,-809,8.721183874E7,2025-10-18
I843834,1169,7.51291256E7,
I844250,254,3.270398986E7,
I849838,-975,9.704525346E7,2025-10-28
I852571,1231,1.2316196426E8,
I856554,-848,1.1323464752E8,2025-10-29
I863085,127,6771226.98,
I865603,405,6.029469395E7,
I869635,-220,8269491.03,2025-09-08
I871139,1383,1.169169765E7,
I879233,-344,2.863908233E7,2025-10-26
I887059,1912,2.6200724983E8,
I891571,-925,5.295632533E7,2025-09-18
I892161,-1546,8.852402253E7,2025-09-10
I893367,617,8.217385013E7,2030-01-01
I900877,552,5.958596629E7,2030-01-01
I907691,1232,6.02047059E7,
I909014,-196,1.724465311E7,2025-10-06
I909865,175,2.474606822E7,
I917115,1726,1.5257904565E8,
I923827,345,3.87368769E7,
I926238,-1417,5.373013094E7,2025-09-17
I934306,1613,1.3564356387E8,2030-01-01
I936688,188,2.803389075E7,2030-01-01
I937423,1547,1.7383919699E8,
I944999,-1810,1.8490749531E8,2025-10-02
I948744,1926,1.9813472504E8,
I952115,-179,1.140018139E7,2025-10-12
I959502,-254,4262396.09,2025-09-18
I964485,229,2.980068498E7,2030-01-01
I965310,706,2.450807166E7,2030-01-01
I967881,1263,1.208834363E7,
I970326,524,1.947683882E7,2030-01-01
I970383,1058,3.172972203E7,2030-01-01
I972483,1053,1.455614868E7,2030-01-01
I981826,208,2.393197623E7,
I988612,-368,1.991323233E7,2025-09-24
I995253,1487,1531375.54,
I996581,334,1.389572462E7,2030-01-01
I1002663,-70,9451346.33,2025-10-31
I1005969,1534,1.3252881497E8,
I1008353,729,1.0475836487E8,
I940090,-1987,1.4179517554E8,2025-09-24
I943894,-501,4.470298887E7,2025-10-17
I948189,-1480,1.4613744338E8,2025-09-23
I948837,866,7.877129012E7,2030-01-01
I939644,1437,1.6193303246E8,
I941399,841,8.769967014E7,
I950379,1196,9.454467039E7,
I952311,1202,1.4236131876E8,
I969071,790,1.1168982251E8,2030-01-01
I972907,-1306,1.8621103974E8,2025-09-07
I973789,138,5256889.27,
I980029,311,1.204309114E7,2030-01-01
I982083,1151,1.6657206254E8,2030-01-01
I983501,1719,2.415045702E7,
I984489,626,8.635627282E7,2030-01-01
I991818,1232,9.408637469E7,
I998732,1797,1.6421112901E8,
I1001138,419,978989.92,
I1004683,1256,2.454790168E7,
I939584,-508,7.365434035E7,2025-10-28
I941689,1951,2.2296185559E8,2030-01-01
I948648,959,5.58285815E7,
I950852,198,7445825.68,
I956826,-503,4.95341834E7,2025-10-22
I961325,60,947534.44,2030-01-01
I961351,-102,9127608.12,2025-10-14
I961850,-971,1.2868744965E8,2025-09-28
I964199,1302,1.721305331E8,
I964602,179,1.417468865E7,2030-01-01
I967575,-289,1.378150209E7,2025-09-01
I969835,1635,2.2214732603E8,
I980112,1495,2.0069649799E8,2030-01-01
I980179,1133,1.0488680252E8,
I983904,1792,2.3424648772E8,2030-01-01
I992659,1936,1.7274947264E8,2030-01-01
I996505,-823,5.31447699E7,2025-10-22
I939580,-1558,1.2238328682E8,2025-10-01
I952591,372,1.0462459E7,
I953282,-1848,3.718905546E7,2025-10-11
I958350,1580,1.7660664344E8,
I958622,-1891,2.0937472697E8,2030-01-01
I960386,1838,2.1378259796E8,2030-01-01
I964294,1340,1.548154212E7,2030-01-01
I967740,1689,1.2033418752E8,
I979620,943,8.769913436E7,
I981129,-161,5514233.6,
I983877,797,1.1529514843E8,2030-01-01
I985283,-1204,1.723690447E8,2025-10-05
I987853,505,4.669416006E7,2030-01-01
I989776,1352,7.530009781E7,2030-01-01
I991079,514,7.703564914E7,2030-01-01
I991696,1294,1.1601131905E8,2030-01-01
I994488,286,1.071179938E7,
I1003912,-778,6.385025306E7,2025-10-14
I1008797,-278,3.432246338E7,2025-09-29
I941900,1006,0.0,2030-01-01
I942168,1490,1.973505803E8,
I942839,719,1.500172289E7,
I954744,1782,1.9533737918E8,2030-01-01
I954923,570,1.352172574E7,
I960857,-916,5.126766258E7,2025-10-25
I968580,-144,1.781667233E7,2025-10-15
I973790,1961,9826208.87,2030-01-01
I975347,-1767,1.278253247E8,2025-09-08
I975499,-1152,1.4043964263E8,2025-09-26
I979823,407,5.681499012E7,2030-01-01
I986681,-1603,3.441119222E7,2025-09-13
I988372,-1533,2.1332123248E8,2025-10-26
I993058,-736,7.69997243E7,2025-10-26
I996146,1123,7040736.87,
I996960,-1451,1.7353766563E8,2025-09-12
I998008,276,5186221.45,2030-01-01
I1000966,276,4.126960652E7,2030-01-01
I1004743,1174,0.0,2030-01-01
I1006595,1226,8.439803656E7,2030-01-01
I947646,-1885,6.689047431E7,2025-09-24
I950159,1818,2.0631814729E8,2030-01-01
I942501,502,4.834427129E7,
I955166,1423,1.1950095285E8,
I955631,-1811,2.351774472E7,2025-09-16
I958946,1208,1.8091923605E8,2030-01-01
I960088,1834,1.4273313973E8,
I969171,1414,1.067475871E8,2030-01-01
I969973,551,0.0,
I970700,1270,8.803375591E7,
I975246,1385,5.217512132E7,2030-01-01
I976005,1272,3.63334958E7,2030-01-01
I979032,481,6.97210714E7,2030-01-01
I979672,1510,1.0935986039E8,2030-01-01
I987619,882,1.2623335636E8,
I989237,-1197,1.4718190065E8,2025-10-07
I993519,-1327,1.9386842722E8,2025-10-25
I995948,484,5.969355336E7,2030-01-01
I1004194,-1081,1.191603233E7,2025-09-13
I1004716,943,1.034288564E8,
I1006644,1616,2.1610468104E8,
I1007962,1791,2.038001657E8,
I1008221,603,2.380976175E7,
I1008245,1019,1.4400094254E8,
I939280,933,7.629749387E7,
I939514,306,1.638689169E7,
I942104,104,1.052598607E7,
I944202,291,5985224.66,
I945942,715,9.771223331E7,
I946163,726,1.805521391E7,
I949319,536,1.266758066E7,
I952808,-955,1.1348504957E8,2025-09-07
I955560,1034,6.191274954E7,
I955739,473,3.854399425E7,2030-01-01
I956770,-918,1707146.43,2025-10-17
I957143,876,1.1672008468E8,2030-01-01
I961112,531,3.777409135E7,2030-01-01
I962797,-374,3.171271268E7,2025-09-24
I967946,-563,7.631675842E7,2030-01-01
I968331,1710,1.2219004872E8,
I971417,-893,7.422964312E7,2025-10-30
I978081,248,2.06477263E7,2030-01-01
I979752,176,2.623226012E7,
I979768,656,8.139370108E7,2030-01-01
I980366,1494,7828974.98,
I980549,-518,1.575489317E7,2025-10-21
I980722,-400,4.852653222E7,2025-10-08
I981530,1785,5.44336477E7,2030-01-01
I994563,-204,4490440.78,2025-10-17
I995696,1633,5.031346994E7,2030-01-01
I998930,1349,1.7959083066E8,2030-01-01
I1000005,1647,1.1587924039E8,2030-01-01
I1001446,1615,8.219248766E7,2030-01-01
I1008675,1889,2.2511778812E8,
I950881,1816,1.2523061538E8,2030-01-01
I941048,807,3.392254194E7,
I954857,1232,1.6678923511E8,
I959933,1353,9.509447889E7,2030-01-01
I961248,1316,9.605455673E7,2030-01-01
I961253,452,1.832465712E7,2030-01-01
I963335,1098,2.577819052E7,
I964387,645,1.869205796E7,2030-01-01
I964428,-1610,8.671998268E7,2025-10-24
I966220,1828,5.778653285E7,2030-01-01
I967309,340,2851924.64,
I970310,1963,3.797036332E7,
I978877,-543,7.504111872E7,2025-10-19
I981935,1820,1.6949968048E8,2030-01-01
I985661,1246,1.5557224158E8,2030-01-01
I988348,-232,3.260909557E7,2025-09-08
I989674,434,5.291301762E7,
I991402,1519,2.0334211249E8,2030-01-01
I992703,-1023,2.746185752E7,
I998675,-1990,1.9689726316E8,2025-10-30
I998931,-1086,7.978903743E7,2025-10-25
I1003698,1653,3.678911648E7,
I1005542,1967,1.9931622794E8,
I1008240,-1083,7.679563869E7,2025-10-03
I1008462,-129,8944819.1,2025-09-16
I940283,1733,1.1352146916E8,2030-01-01
I941921,337,4.620090461E7,2030-01-01
I943345,139,1544938.93,2030-01-01
I943628,1404,2.0994573458E8,2030-01-01
I946176,141,2493649.46,2030-01-01
I947530,-581,6.304455182E7,2025-09-13
I949887,-989,9.531387606E7,2025-10-27
I951314,-1394,1.2593067147E8,2025-10-25
I954135,1493,6.552466368E7,
I964138,-887,1.22044638E7,2025-09-13
I968662,-821,6.443908868E7,2025-09-23
I969666,-1422,1.3908187911E8,2025-09-18
I970656,364,1.423498304E7,
I973502,1034,7727432.99,2030-01-01
I980884,-367,4.894624394E7,2030-01-01
I981498,589,5.705925767E7,2030-01-01
I983964,-1124,2.097129764E7,2025-10-25
I985671,-179,9715279.88,2025-10-23
I988251,685,6.537287208E7,
I993964,1282,1.0371527318E8,
I995829,94,1.009612206E7,
I996688,-1295,1.2564273445E8,2025-10-29
I996808,589,2.812523443E7,
I999791,124,1.648520186E7,2030-01-01
I1002982,1989,2.7918851494E8,2030-01-01
I1006765,1605,8.623254893E7,2030-01-01
I944336,-288,3.071131801E7,2025-10-12
I945644,1879,8.169541247E7,
I960244,620,6.624891648E7,
I960732,173,1.70457263E7,
I963085,334,2.22047891E7,
I965360,611,2.568437625E7,2030-01-01
I968274,638,6.52819061E7,2030-01-01
I968836,323,3.733631699E7,2030-01-01
I975634,-1900,2.0135825142E8,2025-10-29
I978616,1798,8.677374201E7,
I978926,1694,9.300677485E7,
I983914,1683,1.9609933547E8,2030-01-01
I984659,1680,1.0257988148E8,2030-01-01
I989867,1928,2.0111618543E8,2030-01-01
I994250,-239,3.541874607E7,2025-09-05
I995557,1746,2.5299455636E8,2030-01-01
I1005715,888,1.1410477585E8,2030-01-01
I1006030,-1746,1.4852764789E8,2025-09-07
I1006047,1326,1.007048577E8,
I948059,-461,6.093463916E7,2025-10-25
I948740,-1113,5.012248481E7,2025-10-29
I949621,-644,2.560860725E7,2025-10-08
I950759,802,8.115382252E7,
I954657,-1423,1.945540401E7,2025-10-05
I958658,1753,6.349429224E7,2030-01-01
I960003,-1449,8.547892432E7,2025-09-27
I961365,314,4.62478036E7,2030-01-01
I966778,480,8424742.8,
I970190,-195,1.263843637E7,2025-09-27
I972243,-127,8374837.61,2025-10-17
I973935,1899,8.82267029E7,2030-01-01
I977170,1791,6.077926305E7,2030-01-01
I980665,-1747,4321817.9,2025-10-10
I980891,189,7179315.84,
I988455,285,3.282191814E7,
I989026,726,7.383128814E7,
I994239,1933,1.4831857038E8,2030-01-01
I996825,1054,4.12772577E7,2030-01-01
I944508,-1165,3.312543217E7,2025-10-11
I946072,-497,4.367322607E7,2025-10-17
I954836,1747,5.79794493E7,2030-01-01
I955461,668,7.749315625E7,2030-01-01
I957741,1322,1.502466035E8,2030-01-01
I965057,605,7.477475246E7,
I966312,430,1.706945606E7,
I973321,1628,9.582201576E7,
I980761,-1539,6.197887803E7,2025-09-19
I981317,-432,5.628162481E7,2025-09-04
I983052,1881,5.886653399E7,2030-01-01
I985730,-1438,1.7855572551E8,2025-10-21
I986196,-1207,1.4956658387E8,
I987950,-1871,2.6567016695E8,2025-10-04
I987988,329,1.452960154E7,
I996218,1653,1.6063480803E8,2030-01-01
I998412,-67,1440161.48,2025-10-05
I999294,769,2.711345091E7,2030-01-01
I1003658,1089,7.511190032E7,2030-01-01
I1003924,-385,3.1964975E7,2025-09-19
I1006114,1963,1.2018005782E8,
I1007249,1734,5.972579139E7,
I1008732,133,1397985.1,2030-01-01
I1009571,682,4.995979695E7,
