item_id,units_sold,revenue,sale_date
I10392,313,3.115642252E7,2030-01-01
I11496,975,9222025.97,2030-01-01
I12059,1084,1102830.76,2030-01-01
I15370,1378,1.444313045E7,2030-01-01
I16474,-1912,8.474792028E7,2025-10-24
I17786,-120,6849685.05,2025-09-22
I19107,-804,1.0305640831E8,2025-09-12
,1889,1.2575849853E8,2025-10-15
I13536,1684,5.666903707E7,
I23131,179,2.231079124E7,
I23145,1644,2.2176098481E8,
I28540,1247,1.0329966231E8,
I29158,789,1.0612281538E8,
I33618,875,8.138443441E7,
I43383,1465,2.391854149E7,
I50800,571,2.950261317E7,2030-01-01
I51424,91,1327425.07,
I55248,1026,1.158897041E8,2030-01-01
I57514,-1209,7.754324764E7,2025-09-27
I57547,-1907,2.875886788E7,2025-09-01
I58838,1530,7.881502978E7,2030-01-01
I59060,1740,2.0962008471E8,2030-01-01
I61510,1963,0.0,2030-01-01
I63295,230,5271230.21,
I68375,-813,7.335160803E7,2025-10-08
I68832,1591,1.1149732795E8,
I76837,380,1.013770184E7,2030-01-01
I82892,67,3033416.04,2030-01-01
I100503,-1471,5.80372568E7,2025-09-24
I104350,-1847,1.1147974793E8,2025-10-07
I105729,-1572,2.1029629958E8,2025-10-02
I109124,239,2.549162953E7,2030-01-01
I109800,1025,7.239926261E7,2030-01-01
I111403,-1213,8.696718089E7,2025-10-04
I115923,-268,1628300.11,
I116790,533,3.83967187E7,
I123929,390,6418730.21,2030-01-01
I127182,161,1.775372482E7,
I10041,1416,1.1645510569E8,2030-01-01
I13709,-1787,7.629831549E7,2025-10-27
I14653,-606,3.789599702E7,2025-09-06
I14796,1930,1.2262929108E8,2030-01-01
I16419,-1534,1.6621719256E8,2025-09-03
,1895,3.745198464E7,2025-09-28
I26379,-112,7357703.52,2025-10-04
I28775,1887,1.6826205467E8,2030-01-01
I29943,-1842,1.7769605456E8,2025-10-06
I32306,-999,7.252957362E7,2025-09-05
I32338,1895,1.4293319539E8,
I33426,-867,9291686.08,2025-10-12
I33468,-488,2.725839337E7,2025-09-25
I37690,1406,1.7325250181E8,2030-01-01
I38282,-909,1.704511363E7,2025-10-19
I44523,-635,5.521641688E7,2025-10-30
I45466,1444,2.125479827E7,2030-01-01
I51007,274,5621585.23,
I54325,1982,4.968511716E7,
I61933,272,1.36255087E7,2030-01-01
I62563,201,1.727975375E7,
I65720,799,1.1431395461E8,2030-01-01
I68391,-1775,1.4523231771E8,2025-09-14
I72807,1844,1.1626923565E8,2030-01-01
I72908,-1980,0.0,2025-10-07
I73035,-819,1.2243676158E8,2025-09-04
I82441,557,1.325453287E7,
I83854,1578,2.2135211853E8,2030-01-01
I85094,232,1.548511595E7,
I86686,-868,9.350742179E7,2025-10-01
I88644,-1203,1.354388617E7,2025-10-07
I90974,-525,2.228926391E7,2025-09-22
I99504,1251,6.891298386E7,
I103946,644,3.452966789E7,2030-01-01
I104035,-59,3581021.68,2025-09-30
I104593,-294,2.220717712E7,2025-10-21
I104933,384,5.43077862E7,
I110775,884,1.1618219726E8,
I124903,1752,5.701428202E7,
I11702,68,4671719.19,2030-01-01
I13581,711,9.85478512E7,2030-01-01
I14641,-537,1845775.71,2025-09-13
I20166,268,540857.79,
I21609,694,6.499966944E7,
I24804,-949,1.3918830026E8,
I30699,839,8.455864086E7,2030-01-01
I34592,1368,1.4219942201E8,2030-01-01
I35723,433,6.144158797E7,2030-01-01
I48638,105,4508905.02,2030-01-01
I50245,1841,1.6101454267E8,2030-01-01
I50721,1857,2.0571921053E8,
I51243,1581,1.48283418E8,
I56961,1650,2.59899609E7,2030-01-01
I57448,887,1.3187268315E8,
I61473,-1729,1.227910841E7,2025-10-20
I66088,1550,1.4089436355E8,
I69584,-1628,0.0,2025-09-02
I71213,1139,3.825405985E7,
I74785,682,1.562406051E7,2030-01-01
I77504,-155,1.978027993E7,2025-09-24
I80203,593,2.918319128E7,2030-01-01
I82217,-527,6.864545822E7,2025-09-29
I83518,1377,1.30996912E8,
I83591,65,966202.41,
I84645,1648,1.0000212E7,2030-01-01
I89738,1737,1.145727377E7,
I91132,-1820,2.6451042771E8,2025-10-27
I93602,641,5.09170521E7,
I94296,1318,1.8818125301E8,
I104246,-403,5.993406106E7,2025-09-30
I104536,-1745,7.063411119E7,2025-09-25
I109935,869,2.108773771E7,
I117025,1503,1.1438783007E8,2030-01-01
I121584,1149,6.052078499E7,
I123130,-495,3.244916178E7,2025-09-08
I125159,743,6.10049746E7,2030-01-01
I14534,-1176,1.5555370245E8,2025-09-13
I17140,242,3.383961101E7,2030-01-01
I17273,880,8.925495205E7,2030-01-01
I18714,-229,1.232468759E7,2025-09-05
I15377,958,1.4243133522E8,
I23514,-350,3.735807168E7,2025-10-09
I24264,-121,1.627415656E7,2025-10-29
I25292,1814,2.61230891E8,
I30900,-308,4.338027274E7,2025-09-15
I38274,1420,1.4803189337E8,2030-01-01
I38584,1862,1.9313746575E8,
I41169,1051,1.2115461051E8,
I41555,746,1.1056636E7,2030-01-01
I48073,-775,8.493143086E7,2025-10-31
I48750,1084,8.558625993E7,2030-01-01
I52600,1436,6.609727384E7,
I54000,1877,2.6099809523E8,
I55895,667,5.297538267E7,
I60583,1072,1.2681681044E8,
I64561,1525,4130357.71,2030-01-01
I68156,1557,9.19272228E7,2030-01-01
I81293,1387,9.537614305E7,
I81403,1651,7.49890094E7,
I82534,90,8226548.12,
I85381,1352,1.4920870204E8,2030-01-01
I89804,84,1.056973124E7,2030-01-01
I91760,-168,6891272.07,2025-09-10
I92519,-145,1.83663019E7,2025-09-03
I95463,1485,2.0646363243E8,2030-01-01
I99213,-1172,1.3511068984E8,2025-10-12
I101523,193,1.900790891E7,2030-01-01
I104212,1095,1.177527529E7,2030-01-01
I105771,366,5.051566577E7,2030-01-01
I106210,1050,9.91830511E7,
I106229,1250,1.7375414852E8,
I109055,1068,1.2275335632E8,
I109271,1569,8.451238147E7,2030-01-01
I115030,-627,6.908349798E7,2025-10-27
I115966,-197,1.422241004E7,
I116766,-643,5.238688629E7,2025-09-19
I117925,72,2301944.23,
I122886,1725,1.8867218398E8,
I124979,804,3.234029738E7,2030-01-01
I19276,-210,7512139.66,2025-09-22
I22470,319,4.378686258E7,2030-01-01
,82,6430349.87,2025-09-06
,735,8.779529985E7,2025-10-10
I30568,1965,2.8675693094E8,2030-01-01
I35492,-126,1.047390238E7,2025-10-04
I40416,1419,3.940800805E7,
I43225,717,6.574320395E7,
I49297,1843,1.1697632571E8,
I53838,255,3.695060165E7,2030-01-01
I56169,1001,1.1686846567E8,
I65828,-1114,7.150023317E7,2025-09-16
I67418,1368,5928370.12,2030-01-01
I70516,1877,1.6563089976E8,2030-01-01
I71781,1815,3253302.45,
I78672,-1572,9.952315684E7,2025-09-18
I82264,1571,1.2811255538E8,
I87819,155,2744280.36,
I89070,-908,6.311064797E7,2025-09-17
I95059,1837,1.8857265992E8,2030-01-01
I99259,-1564,3.476069156E7,2025-09-21
I105853,568,2.121177396E7,2030-01-01
I107390,81,1.106392265E7,2030-01-01
I110267,95,1.30672202E7,2030-01-01
I117499,490,4.862371796E7,2030-01-01
I117985,-1125,1.2435802507E8,2025-09-22
I118771,1456,1.194331651E8,2030-01-01
I118844,1129,1.3868261425E8,2030-01-01
I119949,-1660,1.3556821935E8,
I127887,452,5.65824111E7,2030-01-01
I10103,360,2.360611225E7,2030-01-01
I16268,-1523,9.35734677E7,2025-09-07
I16927,-1362,5.898548531E7,2025-09-29
I20508,-1934,8.377702684E7,2025-10-26
I17063,1636,1.3612469434E8,
I22603,-1927,4.072416734E7,2025-09-17
I27760,1463,1.1346613946E8,
I28065,1264,1.0808395408E8,
I33609,653,9.697748644E7,2030-01-01
I34176,366,2.266868462E7,2030-01-01
I40318,-1313,1.4703287576E8,2025-09-16
I40381,990,1.720529482E7,2030-01-01
I42162,-546,1500377.18,2025-09-24
I45488,1568,7.44440696E7,
I50315,432,3.223778847E7,2030-01-01
I54615,-1750,1.7754775453E8,2025-09-06
I60049,-180,2.03219799E7,2025-10-14
I62911,397,2.934866744E7,2030-01-01
I63492,-488,6.828843418E7,2025-09-02
I65496,1475,1.5265900641E8,
I73360,-1619,1128772.18,2025-09-04
I85429,1024,1.3978289791E8,
I89280,1756,1.2713160918E8,
I93622,848,4.462196023E7,
I96072,1395,8.198476188E7,
I96200,1588,2.968367972E7,
I98101,251,0.0,2030-01-01
I98117,876,3.195343664E7,
I98681,-903,3.173259813E7,2025-10-01
I106080,-1783,3326953.02,2025-10-22
I114311,1502,0.0,
I115979,372,1.8889134E7,2030-01-01
I123658,578,7.932979077E7,2030-01-01
I125391,-637,8.679562298E7,2025-10-29
I127096,-1199,1.1287759229E8,2025-10-04
I10129,-535,4.187909862E7,2025-10-31
I15492,1467,0.0,2030-01-01
I19284,979,8.836386649E7,2030-01-01
,820,9.495066298E7,2025-10-08
,1935,1.6940061577E8,2025-10-23
I27263,1518,1.796623729E7,2030-01-01
I30379,1248,1.4643992819E8,
I38514,-862,1.1945431999E8,2025-09-11
I43259,-440,1.960726872E7,2025-09-04
I49749,1226,1.0385042434E8,
I50346,1582,9.679468652E7,
I53666,234,1.885989316E7,
I53944,1757,2.4335847393E8,
I62878,953,8.182912516E7,2030-01-01
I64808,528,7658015.56,
I68167,1937,2.1592805665E8,2030-01-01
I68923,858,4.801264251E7,2030-01-01
I70545,-1064,1.0248971577E8,2025-09-15
I71848,-848,4.22900033E7,2025-10-29
I77199,-646,1400895.64,2025-09-11
I77935,1803,1.7783703837E8,2030-01-01
I82755,1114,1.44950681E8,2030-01-01
I88332,353,1.959373071E7,
I89196,-1424,4.812411952E7,2025-09-21
I103143,549,6.370272052E7,
I103451,1083,1.3240886311E8,2030-01-01
I105561,569,6.278748863E7,
I111660,927,1.2657931714E8,2030-01-01
I120266,2000,7.227822433E7,
I123031,418,3.017709037E7,2030-01-01
I125772,1190,1.7395538338E8,2030-01-01
I127629,1223,1.3847292025E8,
I16001,-1704,1.620548235E7,2025-09-16
I10136,1822,2.570174325E7,
I16042,464,6.20737011E7,
I16300,1568,2.455288333E7,
I17365,1826,1.7842071506E8,
I25942,246,6200666.23,2030-01-01
I27299,1658,7.531993209E7,
I32446,254,1.581147467E7,2030-01-01
I34281,1936,5.392165941E7,
I36782,1063,1.0633718975E8,2030-01-01
I58036,-713,2.147880398E7,2025-10-17
I65463,-1837,3.976627861E7,2025-09-26
I67238,881,4.662491464E7,2030-01-01
I75002,-1665,7.950050346E7,2025-09-17
I75144,574,2.512878542E7,2030-01-01
I76535,1921,1.6517633015E8,
I77276,-606,7.067340571E7,2025-09-18
I89277,1644,9.274800074E7,2030-01-01
I100560,276,2.118406644E7,2030-01-01
I104804,1783,3.030724479E7,2030-01-01
I107754,-953,4.57710356E7,2025-10-01
I111181,1643,7844160.93,2030-01-01
I111606,1872,8.155983982E7,
I118267,-1765,4.918556692E7,2025-10-21
I121823,688,9836217.15,2030-01-01
I123624,-1703,1.4520443601E8,2025-10-14
I11980,-1898,2.0426375709E8,2025-10-03
I16767,1205,8.338673321E7,2030-01-01
I17267,150,1.304272125E7,2030-01-01
I21662,-133,1.400698914E7,2025-10-06
I11967,115,1278502.97,
I13392,1186,9.950995939E7,
I25604,642,7.727428648E7,
I26621,1773,2.320431026E8,
I29659,1910,2.378808582E8,2030-01-01
I32812,723,1.0619276162E8,
I34485,-460,6.440784274E7,2025-10-16
I42687,971,7.377056893E7,
I45226,1456,1.7745999435E8,
I49219,-1908,1.1026025194E8,2025-10-05
I51770,-1041,0.0,2025-10-06
I54069,-693,7.184013966E7,2025-10-21
I54616,501,3.77614384E7,
I60301,537,9236192.76,2030-01-01
I65361,1596,2.3391479357E8,2030-01-01
I67657,702,1.0514156269E8,2030-01-01
I74485,-1458,8.394496215E7,2025-09-11
I78520,212,2.381079011E7,2030-01-01
I80793,1640,0.0,
I88229,678,8901321.88,2030-01-01
I96621,-580,1.158244544E7,2025-10-17
I96879,1232,1.459302643E8,2030-01-01
I100567,344,3.031565373E7,
I104523,-615,4.019388946E7,2025-09-07
I104891,-1107,1.2205522839E8,2025-10-11
I105999,-1407,5.462434541E7,2025-10-13
I107685,1995,2.6774659063E8,2030-01-01
I115781,867,3313896.69,2030-01-01
I124995,1138,4.14373479E7,
I125880,1657,1.5565463416E8,
I127050,140,1.68221428E7,
I128146,-620,1.403810858E7,2025-10-05
I10618,-1383,2.756419242E7,2025-10-08
I11015,-814,7.797976704E7,2025-09-04
I11376,1835,1.0676071174E8,2030-01-01
I11886,1430,1.1123420308E8,2030-01-01
I14268,638,3998315.26,2030-01-01
I14722,-631,5.952871888E7,2025-09-06
I16901,1246,1.7107638843E8,2030-01-01
I18195,-153,1.198486714E7,2025-10-07
,1179,1.3004635023E8,2025-09-29
I23608,1006,1.441842428E8,2030-01-01
I24946,-641,2811393.17,2030-01-01
I24994,547,1.018645803E7,2030-01-01
I27310,-1178,1.717854836E8,2025-09-14
I28175,-1348,6.004680676E7,2025-09-09
I28607,1566,5.128582927E7,2030-01-01
I28888,-1678,8.00064126E7,2025-10-15
I29455,-1469,7.196667639E7,2025-09-07
I31424,-1804,2.0654431504E8,2025-10-25
I39450,1517,2.2707665177E8,2030-01-01
I42903,1551,1.3686369899E8,
I45297,1726,2.645242843E7,2030-01-01
I46096,1593,1.1601829809E8,
I47307,-1071,9.733910672E7,2025-10-06
I54499,-1534,8.647371139E7,2025-10-26
I56844,-759,3.54174724E7,2025-09-25
I61415,718,4341389.74,
I64553,1001,8.406857799E7,2030-01-01
I66971,331,1.96939222E7,2030-01-01
I67233,649,9222281.23,
I69230,-1173,1.3153568276E8,2025-10-13
I74548,-1063,1.2391381912E8,2025-09-01
I76354,320,4.257081374E7,2030-01-01
I96958,-104,9069026.96,2025-10-23
I104204,664,5.88514406E7,
I105984,416,313219.46,2030-01-01
I107633,863,1.1489438641E8,
I111314,1972,2.022031199E8,2030-01-01
I112270,1867,2.4724606698E8,
I114703,1916,1.7873770575E8,
I117569,330,3.946706595E7,2030-01-01
I120497,-1359,2.309834966E7,2025-10-20
I123867,1598,4.108349613E7,2030-01-01
I125433,145,2.160318796E7,2030-01-01
I10875,259,2.900149387E7,2030-01-01
I12465,-159,9921055.6,2025-10-11
I18062,-1316,0.0,2025-10-26
I11548,1099,6.716222919E7,
,1852,1.2597642199E8,2025-10-02
I31874,1007,1.1159428901E8,2030-01-01
I32064,425,9814466.28,2030-01-01
I33617,-1313,1.963868562E7,2025-10-29
I37799,80,1.019322629E7,2030-01-01
I38072,1925,2.2798064847E8,
I38189,-479,3.082921201E7,2025-09-12
I43131,77,1336471.08,2030-01-01
I43159,933,3.699483495E7,2030-01-01
I48598,-787,5.599717333E7,2025-09-18
I48632,771,6.812026064E7,
I56003,-80,1.176823592E7,2025-09-28
I56953,617,1.289083607E7,2030-01-01
I58937,-1093,9.255157835E7,2025-10-28
I60968,-162,2.252694267E7,2025-10-24
I61529,749,2.371238673E7,2030-01-01
I63563,299,2.505107101E7,
I63782,1522,8.03149576E7,2030-01-01
I64924,-1019,1.3483110929E8,2025-09-11
I66227,-1673,3.318383177E7,2025-09-24
I66791,1556,1.892563368E7,
I82381,495,1067827.91,
I83987,1610,1.4200809275E8,
I89735,1126,7.584714012E7,
I93090,-1245,9350533.57,2025-09-16
I103755,790,5.122711533E7,2030-01-01
I109853,-1495,2.0617310315E8,2030-01-01
I117308,-1856,2.1492463263E8,2025-10-13
I119478,-123,5602714.21,2025-10-24
I119808,1414,1.3441602793E8,2030-01-01
I122268,-1317,1.1530718528E8,2025-10-03
I128092,1505,1.114036521E8,2030-01-01
I17104,1310,3.614717856E7,2030-01-01
I20425,249,1.597461488E7,2030-01-01
I25556,1943,2.4504827704E8,
I25635,-1290,1.4134018102E8,2025-09-30
I37093,1320,9.902346556E7,
I37667,951,4.311530073E7,2030-01-01
I38160,1324,1.2545229138E8,
I40112,-959,4.378417992E7,2025-09-09
I43482,1858,2.0278783411E8,2030-01-01
I46249,1922,2.3791277574E8,
I55340,1966,1.9683446261E8,
I64559,-401,2.881647935E7,2025-10-28
I71160,1361,1.6910450154E8,2030-01-01
I82324,944,1.102836344E8,2030-01-01
I83663,-155,1.975930486E7,2025-09-01
I87564,1701,1.4838815265E8,2030-01-01
I91038,-170,6404139.97,2025-09-03
I92537,1574,3.676560045E7,
I93900,299,2.273660101E7,2030-01-01
I94168,1007,1.4523462584E8,
I97623,1709,1.3553726679E8,2030-01-01
I100229,-160,5396448.28,2025-09-20
I101091,1560,1.9031062572E8,2030-01-01
I101708,1585,7.577228013E7,
I105570,1935,1.4593990526E8,2030-01-01
I106219,1987,2.4417365774E8,
I110119,1909,1.5287450997E8,2030-01-01
I112367,-1834,1.7675241991E8,2025-10-31
I132980,788,1.539285694E7,2030-01-01
I134000,1436,9.215192059E7,2030-01-01
I146118,-1560,5.514995732E7,2025-10-24
I151196,1941,2.5355844124E8,
I151577,-419,1.696712129E7,2025-09-27
I152797,-1557,2.738941824E7,2025-10-15
I156580,-1906,4.452177968E7,2025-09-21
I169995,-1900,1.5533071599E8,2025-09-21
I173666,-922,9.04487832E7,2025-09-15
I173822,483,4.740685672E7,2030-01-01
I178554,276,1.154426446E7,
I179357,353,3.175613463E7,
I180724,1898,1.3873188543E8,2030-01-01
I185580,691,0.0,
I188389,311,3.50326032E7,2030-01-01
I191971,1404,4.335873813E7,2030-01-01
I196001,-1188,1.4251047816E8,2025-09-26
I196265,-1650,4.930478124E7,2025-10-01
I227306,-1841,2.4811933274E8,2025-10-02
I228190,1443,2.818674937E7,
I230987,261,9561887.19,
I234994,-1910,2.4679370397E8,2025-10-18
I239884,1806,2.193673533E7,2030-01-01
I241733,-811,6.880287297E7,2025-09-28
I133874,1934,5.507109855E7,2030-01-01
I134490,707,4.275933412E7,2030-01-01
I139164,1716,8.026171915E7,2030-01-01
I140729,-918,8.917471068E7,2025-10-05
I144182,1816,1.0847355744E8,2030-01-01
I147191,1816,1.1918457361E8,
I147570,-1646,2.3640266172E8,2025-10-16
I148025,-806,8748652.44,2025-10-29
I153579,291,2.385878095E7,2030-01-01
I154806,662,2.5654965E7,2030-01-01
I155099,-677,4377900.87,2025-10-25
I155460,592,7.046783284E7,
I157472,-633,6.905097668E7,
I160957,1004,4.753462841E7,
I162930,-242,1721569.24,2025-09-16
I164069,441,1795063.5,2030-01-01
I166959,204,2.872659953E7,
I167344,1878,9746149.27,2030-01-01
I169783,1055,5.971744583E7,
I176446,-1472,3.034395261E7,2025-10-26
I176914,-966,1.3506677288E8,2025-10-06
I183696,1968,9.590912553E7,2030-01-01
I186443,960,2.978023825E7,
I192596,688,2574220.73,
I195158,1738,1.494568061E7,2030-01-01
I197425,1746,5.167853513E7,
I206381,-76,9967605.01,2025-09-30
I211822,-765,3596596.7,2030-01-01
I216962,103,7747279.45,2030-01-01
I219686,1990,1.7062672858E8,
I220707,251,1.684895102E7,
I221789,-221,2.952557422E7,2025-10-08
I226077,-375,9389494.49,2025-09-28
I231009,1240,1.4169172542E8,
I235638,-1770,6.684051549E7,2025-10-03
I138652,-1214,1.6258813252E8,2025-10-13
I152042,-890,2.710068092E7,2025-09-28
I162665,-1240,1.1163653484E8,2025-09-24
I167152,1463,1.397836328E8,2030-01-01
I169416,1855,1.4388117418E8,2030-01-01
I171288,-302,3.20620208E7,2025-09-29
I173830,1000,0.0,2030-01-01
I175785,999,656886.75,
I176877,-1149,1.6154302987E8,2025-09-25
I177976,1698,6.885102116E7,2030-01-01
I178576,-896,2.203397928E7,2025-09-11
I178631,1733,8.148040367E7,2030-01-01
I181475,-1526,1.4427181908E8,2025-09-30
I182145,1220,8.465395522E7,2030-01-01
I182530,-1161,1.127614461E8,2025-09-11
I183004,339,5.016139241E7,
I194671,-1654,7.447748891E7,2025-09-01
I194781,603,4585716.86,2030-01-01
I196931,1256,5.620579492E7,2030-01-01
I205468,1738,1.8696391009E8,
I207708,-861,8.473206677E7,2025-09-14
I209550,665,4.026060986E7,
I210301,1101,1.000516805E7,
I212516,1710,9.727032082E7,
I223587,1763,2.401158663E7,2030-01-01
I231315,1518,1.9128162924E8,
I232748,-1518,1.6265343534E8,2025-09-04
I236362,-673,6.503142202E7,2025-10-14
I241582,871,0.0,2030-01-01
I242203,139,4826057.07,2030-01-01
I131410,-1378,1.00006538E7,2025-09-06
I140382,1216,1.6269473141E8,2030-01-01
I144555,-1343,1.1811668207E8,2025-10-02
I146207,330,4273806.06,
I153625,-1112,7.712325271E7,2025-09-19
I156001,333,4.053739922E7,
I156937,-1446,1.8184737629E8,2025-10-26
I156980,332,3.112846473E7,2030-01-01
I166217,-473,3.192868941E7,2025-09-20
I171771,91,0.0,2030-01-01
I172307,712,6.971656467E7,2030-01-01
I175518,-1542,2.1805322687E8,2025-09-19
I176758,-588,8.561874231E7,2025-09-08
I178348,-395,2.912395994E7,2025-09-03
I179081,1223,9.265342539E7,2030-01-01
I186553,75,9514450.23,
I187746,1521,1.38000515E7,
I197749,1421,1.7331125206E8,2030-01-01
I199159,962,4.88438638E7,2030-01-01
I199357,1730,1.486650488E7,2030-01-01
I201416,-1632,2.354537431E8,2025-10-19
I209747,688,9237054.41,
I211527,1800,6.129361287E7,2030-01-01
I213341,943,7.782634747E7,2030-01-01
I227579,1284,1.8266892598E8,
I231065,460,6.476557535E7,
I237172,1782,2.081537036E8,
I241819,-285,8230442.08,2025-10-20
I241838,-1019,7.520037441E7,2025-10-26
I128570,-1673,2.329639559E7,2025-10-25
I140324,137,80769.43,
I140752,-52,7034264.5,2025-09-24
I145409,-1353,1.6897819744E8,2025-09-24
I146982,-501,6.686808112E7,2025-10-13
I147277,485,9973157.05,2030-01-01
I148816,1025,1.5282935799E8,
I161599,1376,6.467965655E7,2030-01-01
I163826,1368,1.6872015618E8,2030-01-01
I164910,200,143328.87,
I167741,437,2.94422295E7,
I172014,494,3.742510368E7,2030-01-01
I176499,-1779,1.6902301879E8,2025-09-15
I178728,-594,3.485247171E7,2025-10-24
I178939,830,7.634527419E7,
I181686,-1500,1.900763707E8,2025-09-10
I181862,-437,3.047639416E7,2025-10-02
I183087,1187,1.7560985082E8,2030-01-01
I183745,1108,1.0044260009E8,2030-01-01
I189996,-1138,5.186948136E7,2025-09-25
I191595,1464,2.189628932E8,
I192170,1533,1.6962189132E8,
I192219,196,2.18883139E7,
I193378,-1943,1.868415904E7,2025-10-30
I194236,1797,2.771998857E7,
I202876,59,7900682.79,2030-01-01
I205378,-1442,1.2803691383E8,2025-10-15
I205875,-887,2.955879415E7,2025-10-11
I211311,423,3.816411383E7,
I212224,970,1.3881242846E8,2030-01-01
I215042,785,7750972.54,2030-01-01
I216511,-1649,9.145775003E7,2025-09-04
I219301,-1123,837248.82,2025-10-19
I232919,-66,3495409.21,2025-10-09
I235056,1908,0.0,2030-01-01
I235261,743,3.686974145E7,
I238233,621,4.294821302E7,2030-01-01
I134051,379,5.38080252E7,2030-01-01
I137161,1123,4.950666227E7,2030-01-01
I138284,566,2.010390955E7,2030-01-01
I138532,-1907,2.0980310857E8,2025-09-09
I139863,-99,1.375958201E7,2025-10-23
I142303,-1586,1.7423972563E8,2025-09-11
I143555,1771,1.7929620609E8,2030-01-01
I147502,-1829,1.1586519621E8,2025-10-27
I154544,681,4.441922125E7,
I157097,1022,3.327715873E7,2030-01-01
I161388,664,7.76529333E7,2030-01-01
I166339,-887,1.368231672E7,2025-10-08
I171045,-944,1.0807510094E8,2025-09-13
I178545,576,5.666614907E7,2030-01-01
I190723,1231,1.725191024E7,
I194819,951,5.614577282E7,2030-01-01
I201532,1927,4.448325648E7,
I205288,1713,1.7732505396E8,2030-01-01
I210177,-191,2.394878988E7,2025-10-08
I215106,-1345,1.4801403918E8,2025-10-10
I215566,-548,7.433282221E7,2025-09-24
I217658,940,9.233158392E7,2030-01-01
I221921,673,4.74435713E7,
I233576,261,1.576949351E7,
I235485,1488,7.058417008E7,
I242144,468,7039110.32,
I137874,1179,3.445884195E7,2030-01-01
I131949,1206,8.107387121E7,
I141376,628,1.239787631E7,2030-01-01
I144939,1989,6.698510495E7,2030-01-01
I146964,114,9088790.8,
I147512,238,2.214803069E7,2030-01-01
I148952,-212,1.502286429E7,2025-10-01
I152076,438,4612145.57,
I161668,1365,1.0845294303E8,
I162735,983,1.0702347396E8,2030-01-01
I165342,-472,2.721209254E7,2025-10-01
I165366,-1671,1.1482451368E8,2025-10-03
I166683,299,2.553283707E7,2030-01-01
I167244,499,5.838747563E7,2030-01-01
I179007,1892,2.478472037E8,2030-01-01
I181269,-541,2.521120395E7,2025-10-19
I181344,697,7.389944029E7,2030-01-01
I184903,-1667,1.3522964658E8,2025-09-20
I186239,1545,2.2059266101E8,
I186407,-1603,7844439.84,2025-10-07
I189170,-1602,2.1556490518E8,2025-10-02
I190290,1196,1.4830211557E8,2030-01-01
I191658,1453,5.949329738E7,
I191741,1381,7.584255587E7,2030-01-01
I201014,591,5276063.38,
I206095,438,7280303.04,
I207290,-502,7.005541604E7,2025-10-29
I209967,-1835,1.1270372786E8,2025-09-19
I210133,638,4.087214721E7,
I213053,1250,3.255763757E7,2030-01-01
I214149,1526,3.025969325E7,2030-01-01
I214388,1443,2.0833560295E8,2030-01-01
I215030,985,1.94536526E7,
I221943,1796,7.549041968E7,
I232784,-1228,1.588028798E7,2025-10-18
I233562,-792,2.787592268E7,2025-10-20
I234971,136,9767043.63,
I237842,1718,0.0,2030-01-01
I241553,71,9913648.91,2030-01-01
I242276,1494,8.356640733E7,
I129300,1272,7.455998096E7,2030-01-01
I132091,1069,3.73961029E7,2030-01-01
I131630,797,9.826404638E7,
I133754,175,2.455751135E7,
I147208,1530,2.0534086236E8,2030-01-01
I154558,1559,1.2423885934E8,2030-01-01
I156999,1176,1.0386307511E8,
I159324,1180,2.346637624E7,2030-01-01
I159849,-1729,1.0506514543E8,2025-09-23
I160660,709,9.005642785E7,
I161118,828,3.940415392E7,
I167057,1988,1.4159708592E8,
I167467,141,6516426.0,
I167628,-1462,2.138453249E7,2025-09-18
I170065,711,4.23237283E7,
I170487,250,2.307972573E7,2030-01-01
I170871,256,3358983.82,
I171777,761,1.731397096E7,2030-01-01
I173176,179,1.473250418E7,2030-01-01
I173819,1481,1.199659553E7,
I174897,-335,1.767281647E7,2025-09-12
I177541,148,1701023.04,
I181347,-833,9.300517719E7,2025-09-13
I181502,507,7.349274719E7,2030-01-01
I183191,-731,1.692004554E7,2025-09-08
I186602,366,0.0,2030-01-01
I189423,-1996,6.992166463E7,2025-09-17
I191736,561,5.684604447E7,2030-01-01
I192905,494,6.505209139E7,2030-01-01
I193604,197,1.627102323E7,2030-01-01
I211629,795,3.866587558E7,
I212973,1924,9.799610736E7,
I213025,1985,8.464861422E7,
I218118,-1239,3.928963076E7,2025-10-22
I226273,-1869,1.8790556843E8,2025-09-29
I227434,1555,9.252593255E7,2030-01-01
I231201,507,1.330036046E7,2030-01-01
I231288,-1644,0.0,2025-09-13
I234001,990,2.735023398E7,
I235499,1254,2.337206074E7,2030-01-01
I237752,1575,1.524312335E8,2030-01-01
I238065,890,1.1237642644E8,2030-01-01
I239966,1481,3.552095521E7,
I241605,1308,1.5218737352E8,
I129690,-1404,1.018606368E8,2025-10-21
I132038,-665,9.390415832E7,2025-10-17
I134421,-1927,6.629994145E7,2025-10-09
I138809,-1326,1.9885078561E8,2025-09-18
I140587,84,8608197.32,2030-01-01
I129949,160,4935912.65,
I132638,754,8.170812466E7,
I135594,1829,1.3022320182E8,
I142678,-1100,1.109496619E8,2025-09-29
I144172,250,3.556446219E7,2030-01-01
I153404,-1925,2.7646038314E8,2025-09-20
I156014,1749,2.876699186E7,2030-01-01
I160401,-512,1.384675214E7,2025-09-23
I164693,-729,8333138.41,2025-09-19
I165776,-197,9806953.75,2025-10-26
I167563,1613,5.051634537E7,2030-01-01
I177610,-1676,2.1042317798E8,2025-09-04
I184108,1284,1.1158276335E8,2030-01-01
I185911,628,4.291943254E7,2030-01-01
I188359,1968,9.428181854E7,
I190293,1381,9630870.18,2030-01-01
I194333,-875,3.336342833E7,2025-10-11
I201729,325,3721244.06,
I203602,-1485,4.558145063E7,2025-10-16
I204365,959,9.212820847E7,2030-01-01
I213271,1924,2.8757804994E8,2030-01-01
I223511,51,2129181.55,2030-01-01
I225132,1519,4.223140951E7,2030-01-01
I226486,-880,4.558146824E7,2025-10-09
I228881,-1753,1.5496098381E8,2025-10-04
I231755,1298,1.7476495196E8,2030-01-01
I233012,575,3.46245443E7,2030-01-01
I240762,1006,3.660560452E7,
I134117,-1091,1.99867844E7,2025-09-25
I136791,-1885,9.108111536E7,2025-10-09
I133105,292,4.173043814E7,
I134052,393,4.694556875E7,
I137203,1375,1.5051330966E8,
I141357,582,7.297112638E7,
I144390,810,4.654975882E7,
I158036,1787,1.069824826E8,2030-01-01
I158135,-1479,4.65731557E7,2030-01-01
I161379,56,4069075.97,2030-01-01
I164526,-528,7.128096965E7,2025-10-07
I171808,579,4.93750423E7,
I174047,-1179,1.0097483414E8,2025-10-15
I174052,527,1.299828911E7,
I180159,1397,6.801246649E7,
I180312,-1149,7.305547058E7,2025-09-27
I192554,1895,5.045370122E7,2030-01-01
I197407,-247,2.939326182E7,2025-10-08
I197905,204,9846140.75,
I198027,-380,2027120.1,2025-10-18
I199088,-1303,8.617361405E7,2025-09-21
I199408,886,1.1445957934E8,2030-01-01
I208271,163,6319996.93,
I213651,1507,1.1881297881E8,2030-01-01
I214708,-1142,9217166.33,2025-09-15
I219866,792,9032041.0,
I221221,1561,6.199056989E7,
I222310,1986,1.022569206E8,
I222954,645,3.564567338E7,
I223413,723,1.715646802E7,2030-01-01
I227137,1338,1.9507054814E8,2030-01-01
I233540,-1250,3476417.38,2025-10-27
I235204,1724,1.6196590193E8,2030-01-01
I237794,1442,9.338595304E7,2030-01-01
I240082,1722,5.982800891E7,2030-01-01
I243878,855,5.76831719E7,
I132323,339,3.461765474E7,2030-01-01
I129070,952,1.192090059E7,
I141168,54,534434.2,2030-01-01
I146864,1714,2.080904608E7,2030-01-01
I146954,1007,1.4531165061E8,
I158825,1536,2.0248168782E8,2030-01-01
I162635,-737,4.193620185E7,2025-09-15
I164872,392,3.445483837E7,
I167821,-579,9850022.97,2025-10-19
I171669,-1669,2.581717269E7,2025-09-08
I172136,581,7.282706966E7,2030-01-01
I173459,609,8.389456833E7,2030-01-01
I181327,309,3.695764711E7,
I182338,-1897,0.0,2025-10-18
I182878,1042,3.232368875E7,2030-01-01
I184257,-1913,1.4954341284E8,2025-09-07
I188782,-1369,1.6282416811E8,2025-09-02
I197792,798,8.668802953E7,
I199200,1767,2.030454268E8,2030-01-01
I219951,1654,5479845.13,
I220891,-1162,2.408250517E7,2025-09-17
I224422,-1817,2.1549439651E8,2025-10-15
I226098,1417,7.100710632E7,2030-01-01
I226337,588,0.0,2030-01-01
I227024,-1430,2485346.26,2025-10-17
I227506,336,2.33505385E7,2030-01-01
I228139,-1004,2.524037453E7,2025-10-07
I229251,-479,3.237418079E7,2025-10-04
I232446,1781,8.79926909E7,
I234321,873,2.475776485E7,2030-01-01
I236039,548,1.08684868E7,2030-01-01
I237819,1571,2.835324339E7,2030-01-01
I243156,-368,3.713957732E7,2025-10-03
I243559,-339,2.197695843E7,2025-09-17
I136662,933,1.874275327E7,2030-01-01
I139796,541,3598713.14,2030-01-01
I150902,-582,4309856.66,2025-09-21
I154431,-336,3.926525006E7,2025-09-06
I158924,1162,6.350241575E7,2030-01-01
I159788,1445,9.309572066E7,2030-01-01
I161938,974,9.592325475E7,2030-01-01
I167705,350,8382327.6,
I169699,1231,2305015.91,2030-01-01
I182292,523,7.527626271E7,
I188107,1278,1.073199146E7,
I190526,60,6075509.0,
I200826,118,1.104537556E7,2030-01-01
I200883,1090,9055411.1,
I203507,-1535,1.697659182E8,2025-09-18
I209249,-894,2.310955283E7,2025-09-09
I216637,-1474,1.1487426938E8,2025-09-21
I225082,766,2.189473024E7,
I231156,1187,2.064184973E7,2030-01-01
I233971,313,2.61210856E7,2030-01-01
I236652,299,1.058182405E7,2030-01-01
I241710,417,6.107455334E7,
I256251,-1799,2.4789401091E8,2025-09-23
I247958,505,4.788441562E7,
I248539,893,9.486605047E7,
I251239,533,4.997472849E7,
I253413,1576,1.0700776961E8,
I260319,1009,8.550411376E7,
I268142,449,9874988.05,2030-01-01
I269721,-53,3393694.08,2025-09-29
I270184,238,3.035753945E7,
I270190,506,7.186621369E7,2030-01-01
I270353,273,3.02004883E7,2030-01-01
I272885,-962,1.615142965E7,2025-10-23
I276681,-1256,8.127391822E7,2025-09-13
I279393,-1100,6.300826911E7,2025-10-02
I280184,97,0.0,2030-01-01
I283187,1077,2.644651031E7,2030-01-01
I290675,1838,1.7293348298E8,2030-01-01
I292043,245,1.720882971E7,
I298380,603,4.669804087E7,
I298940,1214,1.856002774E7,2030-01-01
I299641,483,4.072021992E7,2030-01-01
I308846,-991,4.825540562E7,2030-01-01
I312181,-1734,2.5566860761E8,2025-10-26
I312938,-608,2672908.5,2025-09-19
I317679,761,3.583636789E7,
I318486,1775,2.3757818723E8,
I321172,-1114,1.1412465384E8,2025-09-25
I329985,794,3.422851641E7,
I333853,-1124,7.078687314E7,2025-09-06
I335059,692,9.808797138E7,2030-01-01
I337529,1709,7.447860415E7,
I339017,-1650,1.1737190112E8,2025-09-29
I341526,1805,5.023682744E7,2030-01-01
I346398,590,7.054708468E7,
I348866,1472,2.0749018838E8,2030-01-01
I350271,-848,1347321.2,2025-10-07
I354413,451,5.878757348E7,
I358028,-1040,963617.11,2025-10-23
I246511,-1369,6.814506735E7,2025-09-25
I253996,-594,3.570722327E7,2025-09-10
I255783,-1247,1.6087496527E8,2025-09-19
I257716,-1530,1.7256080301E8,2025-09-17
I257733,566,4708735.53,2030-01-01
I262767,-1728,3.279055014E7,2025-10-11
I263368,-203,6526269.87,2025-09-17
I263383,-63,4488951.21,2025-10-15
I267008,1623,1.1577365227E8,2030-01-01
I269750,1306,1.7698476354E8,
I269973,-1670,8.327801378E7,2025-10-22
I273200,1985,5.91685611E7,2030-01-01
I273801,1896,5.068691015E7,2030-01-01
I273833,1672,2.4664369536E8,2030-01-01
I274216,843,1.2067386127E8,2030-01-01
I280403,-869,9.958546135E7,2025-09-29
I310874,-1037,1.2656390331E8,2025-10-09
I318513,-281,2.991333073E7,2025-10-27
I331100,-1784,8.520777488E7,2025-09-16
I336426,1890,7.899694562E7,
I337640,801,7.154251217E7,
I340421,1384,3.446861481E7,
I340492,828,6.708098466E7,
I345332,-967,9.10081926E7,2025-10-14
I346179,1992,9.940840018E7,2030-01-01
I348884,-488,2331484.28,2025-10-27
I349075,-1776,1.5002770158E8,2025-10-29
I349729,-441,4.567262622E7,2025-10-26
I355053,268,6581080.7,
I358020,-668,5.002257398E7,2025-10-15
I359394,1435,1.723113642E7,
I251965,264,1.293184991E7,2030-01-01
I244518,1483,9.763942317E7,
I246212,1245,1.0377357112E8,
I248599,-1204,2.058956969E7,
I257297,455,5.928571105E7,2030-01-01
I264096,229,2668427.42,
I275073,-217,2.538892904E7,2025-10-30
I279221,-518,6.247987549E7,2025-09-26
I283009,545,1.567054505E7,2030-01-01
I284777,248,4880529.86,2030-01-01
I285916,476,6957278.41,2030-01-01
I292388,633,3.731976443E7,2030-01-01
I293818,-1014,8.640261873E7,2025-10-23
I295163,1113,6.487109704E7,2030-01-01
I306144,-268,2599791.63,2025-09-23
I309602,-166,1.560132056E7,2025-09-21
I310010,1977,6.414916381E7,2030-01-01
I317357,263,7022849.61,
I320899,-1830,2.844960923E7,2025-09-25
I322492,956,1.233850891E8,2030-01-01
I325975,784,8.605154212E7,2030-01-01
I329293,1545,5633273.91,
I331290,1547,1.0319442371E8,
I333783,169,1.347552467E7,2030-01-01
I335495,1869,9.64424014E7,2030-01-01
I340461,-742,1.420313894E7,2025-10-06
I340941,-1190,1.6801553469E8,2025-10-29
I348225,-147,1.707464839E7,2030-01-01
I351332,-1527,7.980547688E7,2025-10-14
I351487,1330,4.088866409E7,
I351536,-1921,2.923305566E7,2025-10-14
I358560,754,3.188970387E7,
I253249,-316,2.82574839E7,2025-10-01
I253704,467,2.01612039E7,2030-01-01
I254880,-1426,8.392881614E7,2025-10-17
I247031,392,3.034826959E7,
I247454,300,1.495950895E7,
I247562,86,5599781.18,
I247885,1791,1.2158488686E8,
I254542,54,1211183.21,
I258917,1585,7.949474808E7,2030-01-01
I260214,-921,2409911.52,2025-10-22
I264710,1589,1.048097381E7,2030-01-01
I266965,1451,1.148508182E8,2030-01-01
I272116,714,5721836.83,
I272219,1264,3.542625324E7,
I272685,-1963,2.067262137E7,2025-09-10
I285760,-761,2.242511253E7,2025-09-11
I286557,339,5.069713259E7,
I288728,195,2.739977364E7,2030-01-01
I290446,1581,2.246252332E7,2030-01-01
I295326,885,4.57835357E7,
I298532,-304,1.531756563E7,2025-09-23
I302946,-368,1.981930363E7,2030-01-01
I303306,766,5.110942524E7,2030-01-01
I315693,133,5235051.66,2030-01-01
I318977,967,8.06049387E7,
I319237,-877,6.788818204E7,2025-09-24
I319389,936,3.755187692E7,2030-01-01
I319861,665,4.877550247E7,
I321007,-786,7.155781478E7,2025-10-15
I323816,1078,3356728.86,
I325090,537,5.187867144E7,
I343961,388,4.81453229E7,2030-01-01
I348788,1970,5.680040058E7,2030-01-01
I350703,1124,1.341873881E7,2030-01-01
I355564,883,2.088452899E7,2030-01-01
I356849,729,8.851263725E7,2030-01-01
I357319,-1743,1.6004466293E8,2025-10-03
I247422,-147,1.701325173E7,2025-09-14
I259583,408,2.05687337E7,2030-01-01
I261491,1044,2.464546145E7,
I268338,-1918,5.683778175E7,2025-09-08
I278558,-1959,7.74495024E7,2025-09-30
I280172,52,6044611.52,
I285267,1604,8.074313082E7,2030-01-01
I290782,-977,1.2536579752E8,2025-09-28
I296358,-1852,2.410464531E7,2025-10-19
I310123,639,3.010203194E7,
I313940,528,1.714553469E7,
I335766,-226,3.373208703E7,2025-10-21
I336157,1296,1.6198250898E8,
I337326,1369,1.0258679522E8,
I341955,948,4.367371536E7,2030-01-01
I343867,-625,1.713128146E7,2025-10-24
I346472,96,1.301274996E7,2030-01-01
I347848,414,4.507004382E7,2030-01-01
I348966,1730,1.9165619459E8,2030-01-01
I354815,162,2.212643818E7,
I359045,-1809,7.584258073E7,2025-10-23
I359422,100,6657482.76,2030-01-01
I359728,-1645,4.921139577E7,2025-10-04
I251061,-965,1.2637895059E8,2025-10-22
I256147,811,3.335959677E7,
I258121,-966,1.2718190082E8,2025-10-20
I258231,-1103,6.785485697E7,2025-10-09
I263121,205,6918992.39,2030-01-01
I267319,589,1.158016653E7,2030-01-01
I270542,-1441,1.5688881269E8,2025-09-25
I273446,1177,1.3131273159E8,2030-01-01
I274284,-1986,1.2745374722E8,2025-10-16
I281314,-860,1.850037123E7,2025-10-26
I285807,-1259,1.3452588023E8,2025-10-22
I289542,752,6.852920127E7,2030-01-01
I296091,1423,1.5854421796E8,2030-01-01
I299108,-166,1.377200506E7,2025-09-17
I301321,1921,1.8099765229E8,2030-01-01
I303142,1603,4.997560747E7,2030-01-01
I317911,-1360,9.670546139E7,2025-10-02
I320630,591,7.589490361E7,
I326851,1526,1.8172223811E8,
I327709,509,5180321.36,2030-01-01
I332881,836,1.1760562261E8,
I335754,-1719,2.0655600929E8,2025-10-18
I344522,757,1.094652605E8,
I350721,516,1.721998436E7,2030-01-01
I351004,-1950,7.686344712E7,2025-10-29
I355577,-145,1.745219426E7,2025-09-25
I356039,758,6.783271625E7,2030-01-01
I251508,-762,8640669.87,2030-01-01
I254734,636,2.826818083E7,2030-01-01
I265018,-656,3.581047799E7,2025-09-23
I277194,873,2180006.67,
I280275,109,4641542.17,
I283570,887,2.517157113E7,
I285950,87,1.217940658E7,
I287830,-1665,5.560489973E7,2025-10-16
I287857,1381,4.0298615E7,2030-01-01
I288595,423,4.628311349E7,2030-01-01
I295078,1877,6.798779124E7,
I297300,878,1.986079933E7,
I299266,1588,2.1654542138E8,
I301061,1338,3.27776927E7,2030-01-01
I304605,-500,5.994716029E7,2025-10-13
I305179,-1686,2.0397331392E8,2025-10-27
I309337,1818,1.7952642937E8,
I315399,-1622,1.4157207936E8,2025-10-29
I318192,-1350,1.510456477E8,2025-10-26
I337668,-1991,1.693947466E7,2025-09-22
I339111,356,3.206172576E7,2030-01-01
I349519,548,4.056526853E7,2030-01-01
I351228,942,850752.35,
I351623,-1059,1.883259263E7,2025-09-30
I353610,1436,8.011927402E7,2030-01-01
I252388,-746,8.211039437E7,2025-09-17
I267818,-1103,6.419851594E7,2025-09-07
I268178,342,8449000.14,2030-01-01
I272886,1538,1.022930424E8,
I280440,1205,1.6815116368E8,
I281157,1122,1.4219201875E8,
I287482,1992,1.7678816257E8,2030-01-01
I302196,710,3.995008014E7,
I302450,989,8.132174549E7,2030-01-01
I303704,-1003,1288175.86,2025-10-09
I305211,1721,1.809536671E8,
I307422,216,1.14963125E7,2030-01-01
I308442,1601,2.3224561673E8,2030-01-01
I309931,419,5.762503138E7,
I310405,1517,1.0211597251E8,2030-01-01
I314272,-1106,1.6260782978E8,2030-01-01
I315479,-515,4221186.84,2025-09-01
I317338,1204,9.010155471E7,2030-01-01
I318847,1575,1.2350290795E8,2030-01-01
I325533,-284,1.035655875E7,2025-09-17
I325665,1880,2.4332210565E8,
I329383,-496,3.513524308E7,2030-01-01
I329557,232,1946862.59,
I330522,-1771,3.317272643E7,2025-10-03
I336991,-793,8.803060645E7,2025-09-15
I341121,-1076,3.017883126E7,2025-09-08
I341901,1741,1.2953296729E8,
I343300,918,8.417891662E7,
I343945,1264,5.061879314E7,
I344890,1209,9.798845163E7,
I349824,1240,1.075079537E7,
I349847,-612,1.990013806E7,2025-10-19
I351058,631,4.702720048E7,2030-01-01
I353515,-687,1.0188016905E8,2025-09-04
I357791,-238,2.327436651E7,2025-09-27
I246329,-1788,4.841762808E7,2025-09-08
I249987,-1329,1.6224169384E8,2025-10-01
I254304,-1885,2.0368992994E8,2025-10-27
I256404,257,2914101.05,2030-01-01
I256683,-189,2.297110373E7,2025-09-24
I262708,830,7.11170482E7,2030-01-01
I262883,922,5.508657957E7,2030-01-01
I266334,-1940,1.617942218E7,2025-10-09
I268151,1918,3.945860826E7,2030-01-01
I270638,-273,2.148569212E7,2025-09-29
I270780,484,5.087487625E7,2030-01-01
I271306,712,0.0,
I273269,-613,1.392129844E7,2025-09-25
I274951,712,5.969927604E7,2030-01-01
I275272,-1573,1.0682052963E8,2025-10-25
I276059,1617,1.7290074492E8,2030-01-01
I281258,184,7315918.5,
I284840,-1966,8.613917592E7,2025-10-28
I285857,-1413,1.9808411082E8,2025-10-24
I290995,853,4.298550257E7,2030-01-01
I292981,-781,9.453109352E7,2025-10-05
I294632,1017,3.255431934E7,
I301650,1458,4.439189594E7,2030-01-01
I301940,525,4.889977513E7,2030-01-01
I305043,285,1.292002993E7,
I315310,1775,2.1662430432E8,
I324651,1303,1.3722988488E8,
I332395,791,1.913940185E7,2030-01-01
I332496,-749,5.797972362E7,2025-10-13
I333595,1201,2.508599488E7,2030-01-01
I342970,1511,1.8861074915E8,2030-01-01
I343212,1863,2.580601286E7,2030-01-01
I344486,1907,1.7678375014E8,2030-01-01
I345368,850,1.0776939114E8,2030-01-01
I347181,588,5.98431006E7,
I347636,1377,4.717636629E7,
I355524,1543,2.2045537237E8,2030-01-01
I246922,-367,0.0,2025-09-21
I250037,801,3.799764468E7,2030-01-01
I252256,-1245,9.326691765E7,2025-09-11
I259771,852,7.642657249E7,2030-01-01
I263226,-1223,1.892415427E7,2025-10-03
I266086,-338,3.824448423E7,2025-10-04
I267978,1418,5.721231527E7,2030-01-01
I274655,1907,9.848581288E7,2030-01-01
I274817,124,1.562629279E7,
I275025,-1857,1.914908673E8,2025-10-29
I277057,-623,5.283477449E7,2025-09-01
I280785,460,4.1183053E7,
I281466,1128,1.4992270344E8,2030-01-01
I287789,307,2.85215271E7,
I296549,863,2.693044846E7,
I297142,141,6839492.92,2030-01-01
I304371,273,1.71463554E7,
I306289,56,3399921.73,2030-01-01
I310804,1969,2.5904126691E8,
I312546,1306,4.496056471E7,2030-01-01
I313702,1259,1.1787273415E8,
I316379,318,4.364480947E7,2030-01-01
I316484,-526,7591491.14,2025-09-29
I316802,1637,0.0,
I317759,762,4.980564388E7,2030-01-01
I324764,407,5.919080899E7,
I337181,498,5.436461573E7,
I337384,1474,2.2071856109E8,
I345848,366,4.807380288E7,
I346974,98,4498623.13,
I347787,-1249,1.7212687752E8,2025-09-09
I352091,1127,4056273.22,
I358205,535,4.210361713E7,
I244545,1328,7.933716917E7,2030-01-01
I251804,-815,4.042884084E7,2025-09-10
I255641,829,3.816703871E7,2030-01-01
I246969,849,9.00305463E7,
I260909,558,1.204744621E7,
I266179,742,6.215267052E7,
I268590,719,7.066756036E7,
I269252,102,1.371381069E7,2030-01-01
I270185,1554,1.4419016615E8,2030-01-01
I271346,-524,4.224563128E7,2025-09-07
I274864,1768,1.7660406773E8,2030-01-01
I277738,-64,4468547.99,2025-10-05
I280571,278,1.575469932E7,2030-01-01
I281043,-183,1.560852077E7,2025-10-17
I283003,1124,1.5084320608E8,2030-01-01
I289253,-602,2.299507753E7,2025-09-16
I292551,-1927,1.4736224718E8,2025-10-12
I293189,1784,1.0668451574E8,
I294001,-440,2.279182312E7,2025-09-03
I294476,-1642,2.2310818064E8,2025-10-12
I295024,529,1.930814605E7,
I299862,1665,4.011433906E7,
I303745,1948,2.399049692E8,2030-01-01
I303970,1598,4372066.96,
I306635,461,3.880293788E7,
I307492,1428,1.887676779E7,
I312822,-154,1.448674962E7,2025-09-02
I313810,-1803,4.595914062E7,2025-09-26
I315878,-362,3.744384874E7,2025-10-04
I319784,-1768,2.3927168939E8,2025-09-28
I324549,274,1.10012502E7,
I330259,-791,1.987969501E7,2025-10-25
I331334,-951,7688754.33,2025-09-09
I331757,-1276,1.226639526E7,2025-09-26
I333318,1915,1.7235829233E8,2030-01-01
I334758,-625,3.371926638E7,2025-10-26
I335231,233,1.957803944E7,
I352545,-525,6.493745519E7,2025-09-09
I352563,-595,2.436045867E7,2025-10-20
I353840,-1432,4.833968327E7,2025-09-04
I358111,-1445,1.1409785099E8,2025-09-21
I244906,-1130,1.4124584122E8,2025-09-10
I249506,-1609,2.1371518576E8,2025-09-24
I247997,141,584780.53,
I249014,1142,1.159495148E8,
I254775,1202,2.102135291E7,
I256564,-490,5.972480665E7,2025-09-19
I257912,1409,1.2150857075E8,
I258685,760,1.0731794381E8,2030-01-01
I259914,917,5939426.44,
I271403,-962,6.814650836E7,2025-10-19
I277919,1964,1.7625192106E8,
I278224,833,4.096954051E7,2030-01-01
I281928,-1353,1.4366250657E8,2025-10-15
I283470,563,8.288302829E7,
I284855,664,4.943182243E7,2030-01-01
I286676,63,2689194.94,2030-01-01
I300299,-289,4.035829984E7,2025-10-14
I302082,535,1.825359395E7,
I302793,622,1.917797196E7,
I303989,101,1.51177552E7,
I305684,1289,1.7950564468E8,2030-01-01
I309424,600,7.253052832E7,
I310374,1831,2.191268795E8,2030-01-01
I312611,1915,3.507319935E7,2030-01-01
I317382,1631,1.2544057479E8,2030-01-01
I319026,695,3.807326518E7,2030-01-01
I321410,1262,1.662354734E7,2030-01-01
I321516,-549,1.452702026E7,2025-09-24
I325393,254,1.575445224E7,
I326131,1889,2.5295557833E8,
I334717,-204,1.048942702E7,2025-09-08
I334958,1013,6.674420086E7,2030-01-01
I339719,1583,4.956180173E7,
I340292,1376,1.6341184344E8,
I358165,1480,1.0043373142E8,2030-01-01
I360614,-674,5.084959524E7,2025-09-04
I364883,498,2.895002176E7,2030-01-01
I365844,-1986,2.3570519243E8,2025-09-26
I362585,1881,2.6273296334E8,
I365896,263,0.0,
I367484,1505,1.3748917493E8,
I373170,-249,1.27187249E7,2025-09-27
I377569,481,1.325520097E7,
I378056,635,9.205035004E7,2030-01-01
I382011,464,4.502445466E7,
I382429,-1222,5.31794031E7,2025-10-21
I387512,1130,7.076803175E7,2030-01-01
I399386,1991,1.1236505262E8,
I400577,-1533,1.2663187536E8,2025-09-04
I403066,-476,4.455232151E7,2025-10-06
I403756,717,1.0191242164E8,
I408828,931,7.60506634E7,2030-01-01
I408911,197,6467553.52,
I413065,1284,8.207764732E7,
I413801,1251,5.504462183E7,2030-01-01
I414644,354,4.938794332E7,
I420399,365,2.212638931E7,
I422366,266,1.229448026E7,2030-01-01
I422889,-933,1.2094877416E8,2025-10-31
I424899,-1307,2.566239656E7,2025-09-25
I427393,1734,2.694851729E7,
I429351,931,8.927375331E7,
I429959,1526,1.7167246541E8,2030-01-01
I442043,1559,1.948666235E8,
I442998,1961,5.580024265E7,
I443649,983,1.4453933064E8,
I444149,68,5948495.49,
I444172,-1341,1.1277710356E8,2025-10-13
I448289,1303,0.0,2030-01-01
I451277,-644,8.636793713E7,2025-09-25
I458753,217,2.800985887E7,2030-01-01
I467428,-223,1.031060419E7,2025-09-01
I472638,927,1.2689565576E8,2030-01-01
I363520,446,5.872660546E7,2030-01-01
I366393,159,2167292.83,2030-01-01
I368510,-592,5.454148512E7,2025-09-08
I361742,1365,1.6629250902E8,
I373027,-648,5.332732876E7,2025-09-11
I388498,1033,4.483649199E7,2030-01-01
I390157,954,5.854228166E7,2030-01-01
I393232,1142,1.340503314E7,2030-01-01
I394628,1169,1.7496793886E8,2030-01-01
I394764,1949,1.6494291635E8,2030-01-01
I397484,1432,8.61315299E7,2030-01-01
I398465,1314,1.0168034937E8,2030-01-01
I399683,1796,1.4971191151E8,
I403157,1226,5.756388453E7,
I406487,-166,6131812.75,2025-09-02
I409110,750,1.0489038199E8,
I416432,782,1.31708702E7,2030-01-01
I418340,-1764,1.9044102604E8,2025-10-01
I421689,1781,1.9036526572E8,2030-01-01
I422111,-785,9.129220166E7,2025-10-20
I431615,-1954,2.2730376606E8,2025-09-21
I437572,-1726,2.3925865103E8,2025-09-24
I442215,857,4.037104102E7,
I443769,1320,1.2281306407E8,
I451972,-1755,1.2407231878E8,2025-09-19
I457714,1288,4.513141227E7,
I368475,-860,1.244828895E8,2025-09-01
I366818,950,1.1695218504E8,
I373714,1694,1.5589906693E8,2030-01-01
I374616,262,1.31096022E7,
I379688,-585,2.294402791E7,2025-10-23
I380017,-1238,4.050440993E7,
I382970,930,1.382210688E8,
I390331,-1239,1.941521084E7,2025-09-05
I390835,1488,1.8832347481E8,2030-01-01
I396367,686,9.939536462E7,2030-01-01
I401275,1289,1.1301342898E8,2030-01-01
I406536,992,1.07406948E7,
I409917,-682,4.004788167E7,2025-10-14
I410553,-1421,1.1756568796E8,2025-10-23
I412302,328,4.636432768E7,
I412381,1834,8.951922019E7,
I413868,238,1.103935322E7,2030-01-01
I415906,-230,3.330021444E7,2025-10-23
I416153,-532,6.851678549E7,2025-10-06
I419081,-1950,6.885057911E7,2025-09-26
I423349,320,3.969605169E7,2030-01-01
I424125,1048,1.875623814E7,2030-01-01
I427537,-1546,5.714422651E7,2025-10-19
I436047,906,1.1706048491E8,2030-01-01
I437070,1634,1.1629181166E8,2030-01-01
I445448,154,8194512.54,
I446706,-1249,1.24788806E8,2025-09-30
I447003,1278,1.3921618524E8,2030-01-01
I448530,690,9.704242047E7,2030-01-01
I449304,354,3989792.28,
I449974,1451,1.5749875616E8,
I450665,-1560,9.750404764E7,2025-10-18
I457612,241,1.152749074E7,2030-01-01
I460304,918,1.2980495833E8,
I460353,1456,1.2295403963E8,2030-01-01
I471276,1958,1.7147047443E8,2030-01-01
I360061,-667,2.582675031E7,2025-09-20
I361717,63,4527605.47,
I369207,1625,7.942086338E7,
I371143,238,3378923.95,
I376031,1179,9.037725553E7,
I380156,953,3.383574114E7,2030-01-01
I380357,-534,2.909560336E7,2025-09-17
I382721,-813,2.385961883E7,2025-10-19
I387159,508,3.208300536E7,2030-01-01
I391168,74,2213637.92,
I392174,473,7334595.63,
I401981,737,5.713793823E7,
I406701,1302,1350566.15,
I413870,912,2346066.39,2030-01-01
I414526,-364,4.215345781E7,2025-10-05
I415314,569,6.271724477E7,2030-01-01
I418529,1441,1.298863611E7,2030-01-01
I423001,740,9796813.4,2030-01-01
I423327,1024,1.0936460799E8,
I424716,-1462,1.7048874796E8,2025-10-10
I427624,412,6726667.56,
I433163,1800,2.2290586646E8,2030-01-01
I434307,1729,1.94900395E8,2030-01-01
I447130,1190,0.0,
I452931,-119,0.0,2025-10-10
I453257,-1492,9.58753425E7,2025-10-20
I457511,214,2.643570431E7,
I458199,1078,6.411216636E7,2030-01-01
I462071,-1379,1.165223248E7,2025-10-31
I462783,-1918,2.5428449147E8,
I466950,-968,1.1235763605E8,2025-10-28
I469626,1657,2.4309915006E8,
I470045,-1318,1.1093261007E8,2025-10-07
I368891,-1171,1.2988948595E8,2025-10-14
I369504,-517,8883780.95,2025-10-07
I371764,-1887,1.7381630688E8,2025-09-26
I373306,1451,1.9653821285E8,2030-01-01
I381530,607,1.255144046E7,
I387859,-1018,5727640.29,2025-10-24
I390507,1760,7.538107546E7,2030-01-01
I398730,471,2.433841017E7,2030-01-01
I400082,-764,1.0747204341E8,2025-09-11
I404521,55,7110295.05,2030-01-01
I411092,1247,1.276037372E7,2030-01-01
I411640,1447,1.7932465896E8,
I415061,-206,8857315.59,2025-10-25
I415514,1770,2.652991792E8,2030-01-01
I417325,-1655,1.8495624979E8,2025-10-19
I418508,1948,2.6552368166E8,2030-01-01
I419029,1220,1.6665081121E8,
I422779,-1307,1.3552706609E8,2025-10-04
I427349,1337,7.207398857E7,
I435810,1277,6.381588729E7,
I437102,1522,1.8535292794E8,2030-01-01
I439919,1566,4.739768443E7,
I440084,1819,1.7671392295E8,2030-01-01
I441929,1531,1.6641323649E8,
I445248,1803,1.8508750584E8,
I446024,341,3.270868027E7,
I446393,-931,3.322413181E7,2025-10-31
I448366,1435,5.48780145E7,
I452752,1262,1.553441945E7,
I453010,1164,1.3639286347E8,2030-01-01
I454741,1150,9.407103746E7,
I455931,-387,4.055000187E7,2025-09-20
I462389,-1893,1.735592339E8,2025-10-05
I465051,1728,4.07922388E7,2030-01-01
I465464,-1980,5425432.43,2025-10-22
I474084,432,1926304.53,2030-01-01
I361513,566,3.10890268E7,2030-01-01
I362365,-283,3.230850707E7,2025-09-15
I366363,1269,1.4284111966E8,2030-01-01
I375415,1356,1.9811516436E8,2030-01-01
I376947,1982,3.320749322E7,
I379722,606,1.203461033E7,2030-01-01
I384227,571,4.636726365E7,2030-01-01
I386724,-1439,7.079553267E7,2025-10-25
I391127,1865,6.164514684E7,2030-01-01
I396130,865,5.643632777E7,
I404539,191,9093598.03,
I405076,1535,1.0884412701E8,
I410306,1103,4.465989633E7,2030-01-01
I412755,-1076,7.284371222E7,2025-10-05
I417290,-298,4.168725185E7,2025-09-13
I428405,951,3.511633626E7,
I431768,1429,2.0471612612E8,
I445263,-568,3.225252858E7,2025-09-16
I447878,1960,0.0,2030-01-01
I448351,-415,5.336656063E7,2025-09-05
I449157,-1465,7.311681626E7,2025-09-25
I449270,-1098,9.646692944E7,2025-10-08
I451845,1177,6.401404214E7,2030-01-01
I451928,1169,5.230494307E7,2030-01-01
I453141,163,1.137714899E7,2030-01-01
I453380,373,5.192279353E7,2030-01-01
I453794,78,5168608.82,2030-01-01
I456651,-787,9523894.01,2025-09-19
I457144,-849,1.0276955886E8,2025-10-27
I457311,-353,2.522610437E7,2025-10-13
I459446,897,9336027.22,
I471695,594,4.705730422E7,2030-01-01
I361168,1445,4.388098279E7,2030-01-01
I365999,-1066,3.500249465E7,2025-09-24
I374311,1780,2.0905346285E8,2030-01-01
I374347,1186,8.919208151E7,2030-01-01
I383348,-1241,7.692347399E7,2025-09-24
I385616,-1074,6.805169017E7,2025-09-05
I385879,467,6304269.52,
I391819,-1654,1.7490436684E8,2025-10-21
I393144,1923,1.529692391E7,
I394065,1388,1.8627829671E8,2030-01-01
I394777,-681,7.241323996E7,2025-10-28
I397082,951,1.1330608377E8,2030-01-01
I400312,-362,3.209559005E7,2025-09-15
I401990,672,6.80068353E7,
I407842,277,3.524248028E7,2030-01-01
I414960,-100,8130414.97,2025-10-07
I416511,1408,5.534493627E7,2030-01-01
I422879,859,6.097285744E7,
I425189,-1440,5.953132158E7,2025-09-12
I425760,-835,5.550574277E7,2025-10-03
I430717,-455,4.522890478E7,2025-10-06
I433344,754,1.0455163625E8,2030-01-01
I434885,-1179,8.434995041E7,2025-10-25
I435990,-1201,2.910103593E7,2025-09-24
I440193,-66,2147882.48,2025-09-28
I441307,937,6.030899762E7,2030-01-01
I443275,-768,0.0,2025-10-11
I448718,972,7.019637646E7,2030-01-01
I451175,-881,7.798567815E7,2025-09-21
I471447,1787,7.362105153E7,
I360658,438,4.219872275E7,2030-01-01
I364190,-1227,0.0,2025-10-26
I365442,-130,1.53200621E7,2025-09-03
I369195,1703,2.4856209394E8,2030-01-01
I376012,973,1.2638124298E8,
I377336,1281,8.082714796E7,2030-01-01
I378468,1127,1.171789727E8,2030-01-01
I381921,-1467,1.2669256536E8,2025-10-07
I386671,736,4.816241384E7,
I387801,1160,4.193548208E7,2030-01-01
I395572,933,3.220921154E7,
I401210,-1572,2.005559169E7,2025-10-17
I409726,1470,3.602677436E7,2030-01-01
I410349,-1562,1.4585391054E8,2025-09-16
I411512,451,4.041802653E7,2030-01-01
I418323,827,1.2087684812E8,
I421691,-1660,1.368045473E8,2025-10-11
I423696,-1817,1.5048972743E8,2025-10-29
I428323,934,7.186220509E7,
I436475,1799,1.509706299E7,
I436730,-1635,2.2443286636E8,2025-09-10
I439140,738,746478.01,2030-01-01
I442904,188,2.477876901E7,
I444871,1092,1.3343839805E8,
I451428,-1644,2.2771717592E8,2025-09-28
I452892,-1913,1.2376566848E8,2025-09-13
I462303,1679,1.45847883E7,
I463616,972,8.399121327E7,2030-01-01
I472351,76,6313245.91,2030-01-01
I474660,-897,9.853900803E7,2025-09-27
I360489,239,1.792940734E7,2030-01-01
I366812,1869,2.0658911493E8,2030-01-01
I363961,1385,8.279023467E7,
I373495,1949,2.3911409851E8,2030-01-01
I379232,654,3.762622962E7,2030-01-01
I381346,-132,8363665.44,2025-09-22
I386403,-1731,2.2728210429E8,2025-10-13
I387134,1409,4.635581077E7,2030-01-01
I390535,1963,2.4452141286E8,2030-01-01
I395073,602,1.558008739E7,2030-01-01
I397016,950,1.051041687E8,
I402177,871,1.0684042929E8,
I405317,1917,1.4036794608E8,
I405872,1692,1.6493323175E8,
I407678,125,1.107825262E7,2030-01-01
I411210,796,7.713313682E7,
I413551,-380,3106532.03,2025-09-24
I415802,1702,1.1363445172E8,
I421627,-1418,4.182558814E7,2025-09-24
I421884,1107,3.703431497E7,2030-01-01
I426220,930,5.157135202E7,
I435782,233,2.150541669E7,2030-01-01
I436569,-1029,3.776740775E7,2025-10-24
I439651,1463,6.269843899E7,
I439858,-1830,6.186739962E7,2025-09-16
I441071,711,8.128078666E7,
I441474,445,1.363429551E7,
I447122,950,1.3848304015E8,2030-01-01
I448781,315,1719921.99,2030-01-01
I449839,1568,2.554686785E7,
I459153,-1275,1.8751893395E8,2025-10-30
I461393,1514,1.5649364287E8,2030-01-01
I472289,-1217,1.0437612379E8,2025-10-27
I361103,-1372,5.355979648E7,2025-09-22
I361860,-620,5.04297463E7,2025-10-31
I374417,1373,9.639775042E7,2030-01-01
I375792,565,7.828303579E7,2030-01-01
I382856,1192,3.421075512E7,
I384523,1717,1.7879040232E8,
I387800,1189,1.1524434344E8,2030-01-01
I392202,1778,8.463212866E7,2030-01-01
I397576,-1871,4109701.96,2025-09-19
I398243,1955,3.62010287E7,2030-01-01
I400121,1400,1.2754850998E8,2030-01-01
I401708,-1224,6.689644416E7,2025-09-23
I406156,659,5.873331775E7,2030-01-01
I412124,-1934,2.0996969567E8,2025-09-20
I414720,1101,9.525031088E7,2030-01-01
I417992,-351,3.724099167E7,2025-10-10
I418574,1866,2.5227006369E8,2030-01-01
I424522,370,8951576.3,2030-01-01
I435967,1456,1.1155363778E8,
I443366,-870,9.518824792E7,2030-01-01
I445912,1410,1.0230086686E8,
I462717,1436,3.315103963E7,2030-01-01
I467674,-440,4.62078115E7,2025-10-14
I467786,80,3446670.19,
I470923,1014,1.0148815411E8,2030-01-01
I366851,1982,2.0980427381E8,2030-01-01
I368636,-1445,4.259623071E7,2025-09-16
I370617,-972,4.063619872E7,2025-09-23
I361779,555,7.869900169E7,
I369811,102,57385.07,
I383774,-910,4.746789311E7,2025-10-04
I387663,1987,1.136040564E7,
I390813,-1672,1.8369478381E8,2025-09-26
I393792,-503,7984572.76,2025-09-10
I395994,840,1.1724720579E8,
I398487,965,8.434290942E7,2030-01-01
I400456,1459,2.0795121019E8,2030-01-01
I405815,1136,1.4775938769E8,2030-01-01
I406746,1831,1.170997465E8,2030-01-01
I410982,1413,1.429132933E7,2030-01-01
I412915,-536,6.157981628E7,2025-09-29
I413320,-336,3.970940606E7,2025-10-23
I417215,1551,1.4952209962E8,2030-01-01
I420545,873,4.317235545E7,
I425868,1305,1.5480178112E8,2030-01-01
I428037,-1488,1.3130621896E8,2025-10-14
I431559,1927,2.8829892064E8,
I433619,1751,2.2925689893E8,2030-01-01
I437800,-1040,7.797092625E7,2025-09-06
I441233,883,4.196817743E7,2030-01-01
I441593,891,1.1206182831E8,2030-01-01
I443826,-742,7.590317311E7,2025-09-11
I445051,1453,1.2903013709E8,
I445621,-347,3.334110919E7,2025-10-14
I446327,-391,5.629661291E7,
I446680,-1455,1.7311185401E8,2025-09-12
I448246,980,3.650471062E7,2030-01-01
I456696,1932,1.0315174236E8,
I462838,586,5.515133632E7,
I469392,75,5628033.0,
I469621,955,2.232697552E7,
I469884,-1344,1.8881295739E8,2025-09-13
I361885,-1897,7.476627859E7,2025-10-31
I368683,-416,2.897019759E7,2025-10-25
I361265,1426,1.4337001947E8,
I362096,524,1.493406259E7,
I374873,-1403,4.605745844E7,2025-10-23
I380179,1083,1.4426888822E8,2030-01-01
I380457,-1261,6.864980311E7,2025-09-12
I381825,1762,2.5496725392E8,
I382391,74,9213923.07,
I383418,1119,1.0020425781E8,
I389781,-59,7031767.81,2025-10-18
I391184,1757,1.0502341872E8,
I393163,1715,1.4264566763E8,
I394612,1920,1.8598144643E8,2030-01-01
I394639,-1292,6.637232035E7,2025-10-23
I395499,-99,9729809.92,2025-10-31
I395549,625,0.0,
I396190,610,7.182124894E7,
I398055,1612,1.9151759093E8,2030-01-01
I398507,-564,2.164225556E7,2025-09-19
I399349,339,1.233130516E7,2030-01-01
I404244,211,1398744.97,
I406766,1035,1.3414198426E8,
I408190,-1423,1.6226123848E8,2025-10-31
I410109,1803,4.825300006E7,2030-01-01
I410162,1325,5.12244308E7,2030-01-01
I410381,-1357,1.6282212528E8,2025-10-14
I410704,-1255,1.4448892693E8,2025-09-13
I417428,1889,2.5264215796E8,2030-01-01
I419046,261,1.716648977E7,2030-01-01
I426838,-224,1.500942034E7,2025-09-05
I430093,-926,1.0669498887E8,2025-10-08
I432072,964,1.968075188E7,
I432236,-632,5.130198656E7,2025-09-10
I437911,1384,1.7981097955E8,
I439370,933,5977422.61,2030-01-01
I443563,-646,8.53144073E7,2025-10-29
I444852,753,4912740.48,2030-01-01
I446404,1208,5.896781559E7,
I447348,980,1.057074731E8,
I449994,-343,3.148140992E7,2025-09-17
I454752,-944,1928259.13,2025-09-04
I455654,1163,1.7051345733E8,2030-01-01
I457806,741,1.466288242E7,
I464956,1671,5.848340849E7,
I468885,1949,2.0696434641E8,2030-01-01
I468936,638,2.37676259E7,2030-01-01
I469486,1539,1.7131614754E8,2030-01-01
I471852,-1675,1.7397255732E8,2025-09-18
I472782,1271,2.542596226E7,2030-01-01
I477072,1163,5.777303258E7,2030-01-01
I477619,1513,1.2309018065E8,2030-01-01
I478289,-1391,7675263.41,2025-10-12
I480881,1954,1.4416697118E8,2030-01-01
I488068,-1965,3.949566201E7,2025-09-29
I480032,983,1.961658231E7,
I481308,-1266,1.1310860998E8,
I490916,885,6.745176463E7,
I491225,996,4.647924724E7,2030-01-01
I491538,-1935,1.5613351569E8,2025-09-07
I494371,779,1.1535831057E8,2030-01-01
I494710,877,1.018128472E8,2030-01-01
I496327,1663,2.984622765E7,2030-01-01
I496645,-1239,8.566848564E7,2025-09-03
I500222,86,1.208981054E7,
I509857,1729,1.2424784669E8,
I510008,1558,5.250104771E7,
I514594,1143,1.3525332329E8,
I517468,1440,8.738419713E7,
I519476,-1907,1.5815068016E8,2025-10-04
I522474,653,6.940430288E7,
I523410,-1999,1.7481523579E8,2025-10-10
I525438,1556,1.6879472631E8,2030-01-01
I530612,-794,6.281474172E7,2025-09-08
I531605,-1140,4.108017532E7,2025-09-23
I533583,-201,895361.32,2025-09-01
I535307,-657,4.44982803E7,2025-10-13
I541771,1979,2.0791646568E8,
I564097,1131,1.0921306229E8,2030-01-01
I565723,-846,7.919202629E7,2025-10-23
I568001,895,8.09356091E7,
I568189,855,4.859873652E7,
I573965,199,1.017193023E7,
I575663,-1762,1849709.39,2025-09-16
I576730,1310,1.7084530267E8,2030-01-01
I582969,1692,1.5697188559E8,
I478422,642,6.52030721E7,2030-01-01
I482544,1126,1.3035894067E8,2030-01-01
I483939,430,1.641044839E7,2030-01-01
I488440,1523,2.537722607E7,
I488601,644,4.466183654E7,2030-01-01
I489467,843,1.0377594823E8,
I489783,-1114,2.2206725E7,2025-10-13
I493151,1616,7.836849427E7,2030-01-01
I506974,-840,5.408980439E7,2025-10-01
I514183,940,1.1866649385E8,
I515253,-284,1.035642922E7,2025-10-03
I515522,336,3.119653697E7,
I520411,699,3.587614066E7,2030-01-01
I523073,1882,1.0393100475E8,
I529806,504,5.825076339E7,2030-01-01
I533769,709,8.269159666E7,
I536220,-1411,6.633487931E7,2025-10-30
I536224,-796,7.378884863E7,2025-09-07
I537576,-1346,1.7251137813E8,2025-09-21
I538602,1798,7206281.49,
I540111,1722,1.1262109565E8,2030-01-01
I540493,-776,8.221156596E7,2025-10-05
I540597,-864,7.055092275E7,2025-09-27
I542802,514,1.802417213E7,2030-01-01
I543779,-971,9.493931462E7,2025-10-05
I544023,-1577,9.696167121E7,2025-10-23
I554209,1862,2.7494177431E8,
I556192,-1631,1.0021911166E8,2025-09-05
I556217,-398,5522000.56,2025-10-18
I557377,-1814,1.10537965E8,2025-09-03
I557852,-1322,1.0231084546E8,2025-10-04
I557956,386,2.982260541E7,2030-01-01
I559372,-108,2155335.88,2025-10-14
I565658,-1532,1.3111785001E8,2025-10-27
I572310,-418,2.411873638E7,2025-09-01
I576603,277,3.227401374E7,2030-01-01
I577516,667,6774877.23,
I579819,669,3.195764998E7,
I581889,736,9.136037885E7,
I586274,122,1.579176435E7,2030-01-01
I476654,1963,1.7243762145E8,2030-01-01
I480221,-1541,1.4301938017E8,2025-09-17
I475773,906,6.425869482E7,
I478142,166,2.326218367E7,
I482165,1132,6.075099225E7,
I492074,419,488521.91,
I492107,-321,2.513524087E7,2025-10-27
I508673,-213,1.677432961E7,2025-10-05
I513916,1938,1.337802705E8,2030-01-01
I513980,-1825,2.725147673E8,2025-10-23
I515084,-76,1.009390273E7,2025-10-25
I526010,1184,4.838684362E7,
I526933,871,8.402022566E7,2030-01-01
I528687,1066,3.959157461E7,2030-01-01
I530373,1320,5.018678781E7,2030-01-01
I537340,602,7.160762367E7,
I541368,1160,1.1287579471E8,
I547524,-1029,1.020422678E7,2025-09-12
I548187,1862,6.930322116E7,2030-01-01
I549441,1792,2.2237722067E8,2030-01-01
I549607,307,2.446556548E7,
I559520,1105,4.870401618E7,
I562575,209,2.405888734E7,2030-01-01
I563552,1201,8.271843695E7,2030-01-01
I568146,1597,1.0972736387E8,2030-01-01
I568218,-1823,2.0823324466E8,2025-09-29
I577261,603,8.305435664E7,2030-01-01
I577718,87,8840299.5,2030-01-01
I585804,-151,2940444.91,2025-10-04
I587180,609,6.564933935E7,
I588729,1042,1.3445244349E8,
I482079,1773,2.1787234169E8,2030-01-01
I487694,-1535,6.502381342E7,2025-09-27
I480993,1575,2.1458185814E8,
I482814,1163,1.768242186E7,
I489741,1250,7125899.91,2030-01-01
I493583,733,3.83792707E7,2030-01-01
I495601,1388,1.8035468579E8,
I497197,1042,1702958.9,2030-01-01
I504903,1841,2.2348363779E8,
I505544,1264,1.6985340093E8,
I507596,1098,2.970050077E7,
I513601,1861,1.0020773536E8,2030-01-01
I514313,847,5.137286941E7,2030-01-01
I515981,873,8.030879044E7,2030-01-01
I527420,1290,1.2896840284E8,
I529739,-344,3.034348545E7,2025-09-29
I529911,1856,2.5788862428E8,
I530466,1507,0.0,2030-01-01
I532402,1683,6.679027717E7,2030-01-01
I540611,229,1.883358928E7,2030-01-01
I543274,1310,1.245030287E8,2030-01-01
I546198,-1960,2.1458862783E8,2025-09-18
I546991,180,1.391264698E7,2030-01-01
I550220,258,3.7248314E7,2030-01-01
I552875,124,8829702.12,
I555181,1365,1.9407928405E8,
I558277,1837,2.2844407825E8,
I561225,1330,1.925531951E8,2030-01-01
I572207,1139,2.648853051E7,
I572340,-699,7.062352226E7,2025-09-10
I573713,-1409,1.9185334439E8,2025-10-13
I581358,1413,9.006868174E7,
I582157,1097,1.4815294484E8,
I586999,1641,9.476036394E7,
I588253,1991,1812895.76,
I588453,255,2.475851889E7,2030-01-01
I588456,1102,0.0,2030-01-01
I476981,-308,6443809.51,2025-10-25
I478389,-205,2.624889724E7,2025-10-10
I484757,1059,1.4600172316E8,2030-01-01
I487683,1817,3.599848334E7,2030-01-01
I481210,362,3.826277512E7,
I481926,394,2.687596625E7,
I482859,1303,3.666397751E7,
I488375,661,2.14673834E7,2030-01-01
I488462,-1709,1.2570853866E8,2025-09-18
I500321,1050,4164643.45,
I501315,-1381,1.7502090451E8,2025-09-21
I506410,1151,1.166377987E8,2030-01-01
I509882,-1542,8.317246305E7,
I513652,1165,9.846627459E7,2030-01-01
I519292,-442,3.709449336E7,2025-10-27
I520899,687,4.191579685E7,2030-01-01
I523506,1087,1.4511079998E8,
I523853,199,2.626490246E7,
I525471,-1780,7.137811757E7,2025-10-04
I531975,1595,3.334889756E7,2030-01-01
I539952,448,7998920.44,
I542398,1178,1.3524995439E8,2030-01-01
I542402,1650,1.7618223242E8,2030-01-01
I547426,924,7.56330908E7,2030-01-01
I547860,1355,1.2040158269E8,2030-01-01
I549479,1199,1.4287316359E8,
I550176,921,1.0533551449E8,2030-01-01
I558372,1361,9.414940065E7,2030-01-01
I559803,1637,3.934783531E7,
I563462,1217,4878369.53,
I564909,1625,8.928999011E7,
I565217,161,2053978.89,
I565902,-1042,1.1270368959E8,2025-09-28
I576665,1564,1.317789119E8,2030-01-01
I577657,482,6.278896196E7,
I579197,830,5.731460911E7,2030-01-01
I579353,-519,6.82961052E7,2025-09-29
I590213,393,2.685514729E7,
I481805,1719,1.6493245925E8,2030-01-01
I484124,-1784,3.262159536E7,2025-09-20
I488391,-511,4.323729956E7,2025-10-17
I496437,1475,5.771020993E7,2030-01-01
I497059,959,9.647859533E7,2030-01-01
I497081,-1940,2.7339158757E8,2025-10-20
I501786,1838,5.093884826E7,2030-01-01
I506633,-1101,1.0871559842E8,2025-10-18
I509546,-708,7857788.43,2025-10-08
I513297,-1749,4.974868363E7,2025-10-25
I515134,-466,5.419250526E7,2025-10-26
I519834,-359,9917078.7,2025-10-22
I520912,598,8.123956589E7,
I525630,-1862,7.326054992E7,2025-09-07
I525834,868,2.582540788E7,2030-01-01
I526827,-800,2.286139917E7,2025-09-26
I529324,1124,9.050326991E7,2030-01-01
I529405,-1198,5.477201732E7,2025-09-21
I533974,-93,7856313.12,2025-10-12
I534227,476,5.068152299E7,
I534252,434,3.793518819E7,
I540796,1402,1.305271371E7,2030-01-01
I540820,317,3924747.34,
I544355,1149,5.731735737E7,2030-01-01
I548397,777,3.532772063E7,2030-01-01
I552322,-1682,1.3006890034E8,2025-10-04
I557297,784,6.363144152E7,
I559960,-1008,1.1859411996E8,2025-09-23
I564006,-1199,4355346.82,2025-10-24
I564916,-361,1.403660035E7,2025-09-20
I565113,454,3.482335271E7,2030-01-01
I565625,-1299,6.545210356E7,2025-10-07
I566183,1467,8.936396604E7,
I574823,-1860,1.6280346531E8,2025-10-31
I575552,1211,1.1353182777E8,
I578935,-320,7136797.36,2025-09-17
I586422,1882,8.672233171E7,
I586986,358,3.226320931E7,2030-01-01
I587247,661,3.269812341E7,
I589367,-390,5.732672098E7,2025-09-24
I479409,432,4.83483737E7,
I479760,1641,6061413.37,
I494269,-349,7701277.04,2025-09-13
I503424,461,4.952026378E7,2030-01-01
I510876,-1981,5.749223171E7,2025-09-13
I511738,1268,1.7772246472E8,
I512516,1372,1.714597444E8,
I514467,675,0.0,2030-01-01
I515863,1050,4.185209555E7,2030-01-01
I517064,-1729,2.2305548009E8,2025-10-28
I518055,359,9971212.73,
I520629,136,3559226.95,2030-01-01
I524729,1838,7.739936606E7,
I531403,109,5433037.18,
I532823,1612,7.22674945E7,
I536920,162,1.994207535E7,
I545759,617,1.283761624E7,2030-01-01
I547997,-1298,1.4852063699E8,2025-09-17
I552265,838,9.428412473E7,2030-01-01
I558222,1049,4.304190349E7,
I562352,951,6.25248662E7,
I564005,582,2.136430812E7,2030-01-01
I567071,1873,1.7672425589E8,2030-01-01
I573927,1718,7.789505907E7,
I574673,624,9733085.58,2030-01-01
I579133,1324,8.669510423E7,
I476677,-1248,1.0012722841E8,2025-10-18
I477806,805,0.0,2030-01-01
I478750,-79,2494646.31,2025-10-25
I480581,-1920,2.8433913464E8,2025-09-09
I484204,-1779,2.855050298E7,2025-10-06
I475791,1099,7.400148377E7,
I490273,1384,1.1828236291E8,2030-01-01
I505578,1319,1.930775683E7,
I506353,982,6970089.04,
I511742,-1016,1.143117942E7,2025-09-20
I512144,1326,1.4723124609E8,2030-01-01
I526143,1766,1.5352985262E8,
I539172,-245,3606291.43,2025-10-06
I539351,511,6839025.26,2030-01-01
I557935,1910,1.4433966061E8,
I564028,146,2072979.58,
I565278,1573,6637436.88,
I566680,1154,9.836266677E7,
I567460,-208,0.0,2025-09-05
I572648,961,5.556856726E7,2030-01-01
I574407,922,1.3754823858E8,2030-01-01
I574943,985,1.4256872202E8,
I575397,741,8.935448927E7,2030-01-01
I582697,1574,1.3489710483E8,2030-01-01
I589323,1457,4.120558776E7,2030-01-01
I589765,-290,8211186.12,2025-09-04
I590427,1808,1.7658913358E8,2030-01-01
I591299,1393,1.6912551283E8,
I479381,-442,4.775629757E7,2025-10-25
I476502,-1346,2.0090250909E8,
I477408,1895,1.4748907085E8,
I488931,1717,1.5868711462E8,2030-01-01
I491217,1989,9.731348791E7,
I493640,972,1.3512221532E8,2030-01-01
I494085,-643,3.544687195E7,2025-10-29
I494897,703,1.242632158E7,
I495473,1963,1.3023925598E8,2030-01-01
I498007,-834,6.128635127E7,2025-10-29
I498457,1585,7.55828922E7,2030-01-01
I503079,-1057,9.701892098E7,2025-09-03
I503170,1343,1.683194841E7,2030-01-01
I504669,1506,1.485058038E7,
I509445,670,8.862282282E7,2030-01-01
I509904,-117,1.205358332E7,2025-10-09
I512167,-1180,1.0194861139E8,2025-09-09
I513946,-1650,1.8111812845E8,2025-09-05
I517529,-1657,2.0008638006E8,2025-10-29
I519949,520,1.543999252E7,2030-01-01
I520676,-693,7.376722413E7,2025-10-23
I529219,1123,1.853412322E7,
I531478,-882,2.034191452E7,2025-10-31
I533496,-1395,1.7438475635E8,2025-09-05
I533676,897,7.303445766E7,2030-01-01
I537200,726,7.505648665E7,2030-01-01
I537332,-435,4.968582116E7,2025-09-17
I540303,668,9.834986882E7,2030-01-01
I543807,814,5.810924364E7,
I547819,296,1.313680629E7,
I557873,-343,4.500947656E7,2025-10-04
I568674,1174,1.2407743845E8,
I571372,1557,6.031464979E7,2030-01-01
I573798,883,2.103839989E7,
I577899,-1875,4.751152635E7,2025-10-02
I585180,-587,6.594218063E7,2025-09-27
I476683,606,1.540519993E7,2030-01-01
I478258,-847,7.723618751E7,2030-01-01
I481997,-1257,1.1221324914E8,2025-10-15
I483343,1634,1.1811594296E8,2030-01-01
I485972,1051,1.2366060768E8,
I490127,1407,4.714732643E7,2030-01-01
I495392,1217,1.3244010242E8,
I495838,-1390,1.0854396643E8,2025-10-16
I498465,-1459,1.1658492432E8,2025-10-22
I498844,-626,4.260110022E7,2025-09-18
I501531,1114,1.3976152547E8,2030-01-01
I501639,-721,3.678880954E7,2025-10-25
I507524,1869,8.983374012E7,
I511931,342,5225450.25,
I526147,1160,8.986342988E7,
I534969,1830,2.0775122972E8,2030-01-01
I535390,1765,6.63007251E7,
I546283,1892,2.3332435214E8,
I546983,349,1.995240444E7,
I548306,80,967544.46,
I553534,-526,5.912741166E7,2025-09-09
I555166,441,3.787659291E7,2030-01-01
I559462,247,2.482785082E7,
I564938,1480,1.2040993507E8,
I569431,-340,405692.13,2025-09-08
I578491,-704,3.666725181E7,2025-10-01
I581620,-377,4.561351035E7,2025-09-23
I581660,1399,2.0265847455E8,
I584131,719,2.28718631E7,
I586408,979,0.0,
I478619,1500,1.345757798E7,2030-01-01
I484854,-475,3.578160926E7,2025-10-02
I485260,1640,9.575261142E7,2030-01-01
I486020,-1800,1.6612428928E8,2025-09-11
I487630,1425,1.8180739999E8,
I490736,980,9.099135731E7,2030-01-01
I490981,-1999,2.5999626285E8,
I491470,1653,1.1563551492E8,2030-01-01
I493792,598,4.713181447E7,2030-01-01
I494746,-1602,1.4850410985E8,2025-10-21
I495848,595,3.481556374E7,2030-01-01
I496380,75,7545072.58,
I496766,-1121,4.678660495E7,2025-10-27
I500944,1962,2.0784004136E8,
I506866,91,1.332102294E7,2030-01-01
I507494,-1768,1.9318224108E8,2025-10-17
I509233,637,9.463662352E7,2030-01-01
I509835,1325,1.9776694974E8,2030-01-01
I513332,443,3.704323484E7,
I514234,-607,2.352259441E7,2030-01-01
I515904,1935,1.6774617475E8,
I524942,-904,6.34076834E7,
I525617,189,1.300289044E7,2030-01-01
I526852,-534,3.583396739E7,2025-10-30
I527045,801,1.0153023434E8,2030-01-01
I527204,1661,1.9317901807E8,2030-01-01
I531561,467,2.195306841E7,
I534953,430,5.6233973E7,2030-01-01
I536447,-1966,7.034488672E7,2025-10-17
I541985,-730,1.657493703E7,2025-09-26
I544238,-1156,1.6567590141E8,2025-10-13
I545222,-1114,1.1105639866E8,2025-09-10
I546334,1355,4.536516535E7,2030-01-01
I547002,180,1.175196141E7,
I549886,759,6.40541964E7,2030-01-01
I557090,868,4.455280053E7,2030-01-01
I563825,-595,8.184228718E7,2025-09-01
I564996,329,1.253674426E7,2030-01-01
I566275,-485,4.467120631E7,2025-09-01
I571270,-440,3.838032791E7,2025-10-10
I572725,1628,5471102.47,2030-01-01
I575993,55,2974577.54,2030-01-01
I577438,1523,1.7723117261E8,2030-01-01
I579531,-392,1.259391977E7,2025-09-21
I581294,959,0.0,
I581541,885,8.012943857E7,2030-01-01
I584623,1101,4.485047354E7,2030-01-01
I586080,-1558,0.0,2025-09-22
I478589,-1227,1.983701755E7,2025-10-10
I484213,1720,9.636101379E7,2030-01-01
I484972,-419,4.894222283E7,2025-10-15
I479467,1605,8.006993275E7,
I481133,-603,2.194098034E7,
I483483,1806,2.1582942486E8,
I493456,656,5.801991871E7,2030-01-01
I496366,1339,2.712603785E7,
I497951,-1146,4.052269064E7,2025-10-21
I498381,966,7.051186345E7,
I509365,1515,3.808046179E7,
I513023,1746,1.4873526409E8,
I514009,179,2.597763934E7,2030-01-01
I514323,-796,8.561628385E7,2025-09-18
I514615,1416,1.6630396875E8,
I517547,868,7.91391233E7,2030-01-01
I519522,1967,2.2473874571E8,
I528057,-1838,1.4840280993E8,2025-09-26
I537767,1765,2.115362888E8,2030-01-01
I541855,587,3.197057308E7,2030-01-01
I548637,334,3.808175839E7,
I554780,659,3.70445666E7,2030-01-01
I564799,-804,8.62899217E7,2025-10-06
I571418,-1820,2.5245718553E8,2025-10-01
I580830,-116,1.512042478E7,2025-09-26
I587533,121,1.771834454E7,2030-01-01
I588677,-940,9.983593142E7,2025-09-20
I590001,-1328,1.1089593246E8,2025-10-27
I590504,1740,1.6391228449E8,2030-01-01
I594357,-332,1.284028858E7,2025-09-30
I599662,1091,2710638.63,2030-01-01
I601923,1464,0.0,2030-01-01
I606726,1323,1.2607225575E8,
I609297,-1267,7.410137627E7,2025-10-03
I624010,-1660,1.2360159728E8,2025-10-10
I624500,645,9.062566552E7,2030-01-01
I625420,756,6.554276157E7,2030-01-01
I628037,-1775,2.4844289235E8,2025-09-02
I633494,1582,2.2217862297E8,
I634202,500,0.0,
I636298,391,4.109089545E7,
I644201,-1382,6.830582964E7,2025-10-31
I654341,1820,2.7282234977E8,
I656470,1197,1.6631860937E8,
I663417,488,3.343506816E7,2030-01-01
I664161,426,7051604.94,
I664582,1285,9.206930554E7,
I674119,-1703,1.8388334419E8,2025-10-20
I678344,908,5.096433074E7,2030-01-01
I682248,1036,2.800533874E7,2030-01-01
I683734,1211,6.125357537E7,
I691185,-740,2210887.3,2025-10-19
I692191,-1226,9.799687594E7,2025-10-15
I693447,-1470,1.5949020581E8,2025-09-09
I693955,1386,9.854267193E7,
I698957,-250,1131775.85,2025-10-15
I703405,-135,1138222.71,2025-10-20
I705924,1534,5.225712248E7,2030-01-01
I706900,694,2.665205983E7,
I706930,1772,2.3269726566E8,
I598677,1218,1.4608784985E8,2030-01-01
I598291,1680,2.2829017319E8,
I599644,367,2.850426716E7,
I601191,902,8.983575204E7,
I602284,1043,9.864177764E7,
I603460,923,7.464618652E7,
I603944,1384,2.152888704E7,
I604911,510,1.133166282E7,2030-01-01
I605500,1484,7.930869134E7,
I605894,53,509802.13,2030-01-01
I613377,1689,1.6336417179E8,2030-01-01
I616328,1125,9.358585342E7,
I618636,411,5.576298923E7,
I621363,-52,5477255.75,2025-10-29
I622321,1200,7647703.6,
I627013,149,2.080714981E7,
I629967,350,0.0,2030-01-01
I630417,-1992,2.9460304524E8,2025-09-18
I637129,1023,7.931028942E7,
I637197,500,6.461791545E7,
I640189,-1224,7.652135313E7,2025-09-15
I640709,-1521,1.6155105861E8,
I645297,826,8.681850203E7,
I648388,-956,8.972169376E7,2025-09-17
I653794,1585,6558045.11,2030-01-01
I657194,-1402,1.1137811453E8,2025-09-21
I657262,1889,1.3719842631E8,
I659778,355,850150.69,
I664608,-231,2.776451125E7,2025-09-21
I664853,-579,1.935086565E7,2025-10-07
I669076,401,5.960191688E7,
I673641,-153,307905.87,2025-10-16
I673910,-283,4.034283239E7,2025-09-23
I678054,1184,1.6421917326E8,2030-01-01
I692448,1661,1.7125862943E8,2030-01-01
I693969,277,3.622725025E7,
I697344,-1791,2.2945566912E8,2025-10-12
I600114,-1374,7.987441199E7,2025-10-09
I592140,1254,1.0299852925E8,
I601032,741,8.500851814E7,
I604225,660,4.974450821E7,
I607418,-377,3.970472807E7,2025-10-13
I607999,-1351,4.863946442E7,2025-10-20
I609513,1012,2.498669163E7,2030-01-01
I614187,1629,4.080184807E7,2030-01-01
I614410,-592,5139792.56,2025-10-21
I614419,923,3.965921312E7,
I614643,809,1.0258789395E8,
I618003,107,7810591.68,2030-01-01
I618071,492,2431658.99,2030-01-01
I618142,1781,6.55201845E7,
I620091,-589,8.428410944E7,2025-10-05
I622596,1442,5.919625063E7,
I631312,904,1.443534738E7,
I632432,1198,5.113851863E7,2030-01-01
I633562,661,8.769526696E7,2030-01-01
I634118,-1451,1.59984861E8,2025-09-25
I638190,1438,1.1936988809E8,2030-01-01
I640383,-1372,1.7107785201E8,2025-10-27
I641431,88,4437113.91,
I647589,1132,8.426541878E7,
I647907,1750,1.0555607881E8,
I655372,84,4523182.81,
I657308,-1873,2.6744743551E8,2025-10-28
I660615,658,4.217067979E7,2030-01-01
I666124,1869,1.280460282E8,2030-01-01
I670014,-800,5.817238941E7,2025-10-01
I677875,-1349,6.100971665E7,2025-09-28
I683865,-1399,1.1863175968E8,2025-09-24
I684091,377,4.010524185E7,2030-01-01
I696685,1562,1.0741379556E8,
I700534,714,9.514460391E7,2030-01-01
I706018,-767,9.786388754E7,2025-10-28
I593492,-126,1.756783235E7,2025-10-30
I594363,-105,1.527038736E7,2025-09-28
I595913,619,4.831323358E7,2030-01-01
I599589,1949,2.6137309139E8,2030-01-01
I600445,1001,0.0,2030-01-01
I600140,827,4.059046293E7,
I606855,262,2.621789513E7,2030-01-01
I607104,70,7358314.15,2030-01-01
I609741,-929,1.2702892171E8,2025-09-03
I611717,974,1.3475466656E8,2030-01-01
I618297,-1783,1.4336494181E8,2025-09-30
I622320,815,7.593788697E7,2030-01-01
I622798,1005,1.3527317567E8,
I623296,1329,1.5281743109E8,2030-01-01
I625515,1063,3.641523191E7,
I630829,-960,8468599.95,2025-09-30
I632072,483,2.559110373E7,
I639668,1139,9.92503436E7,2030-01-01
I645398,-359,4.555090193E7,2025-10-07
I648417,1761,1.666449119E7,
I649223,-840,8334687.11,
I649721,1482,1.5055838221E8,2030-01-01
I650291,1149,0.0,2030-01-01
I650308,-1965,2.6517579716E8,2025-09-26
I652878,-173,1.693047727E7,2025-10-26
I656541,-1277,3.333451132E7,2025-10-07
I657417,1712,7.485095466E7,
I657628,-712,7.996149019E7,2025-10-05
I662697,827,2.007423036E7,2030-01-01
I668602,-562,7.276412831E7,2025-10-28
I672151,1486,1.8176472638E8,
I674586,182,1.183639719E7,2030-01-01
I675371,143,0.0,
I675788,1726,2.654269326E7,2030-01-01
I680311,1285,1.9139429882E8,2030-01-01
I700104,-402,4.249584072E7,2025-09-13
I703828,1870,2.1463311562E8,2030-01-01
I591506,-483,3.675395817E7,2025-09-28
I597355,1547,6.074105031E7,2030-01-01
I599166,930,1.1935587906E8,
I603474,621,1.070833427E7,
I605755,1162,8.350876216E7,
I612133,-1855,6.021786027E7,2025-10-19
I612185,1114,6.935328399E7,
I613619,261,1.804818242E7,
I614523,-707,8.637772851E7,2025-10-11
I615187,-1258,3.399249777E7,2025-09-28
I619149,1774,5.470388429E7,
I623951,-936,9.51412298E7,2025-09-27
I629119,-1956,7.85551346E7,2025-09-27
I629708,-1224,4.275359049E7,2025-09-12
I632573,-486,7129838.04,2025-09-16
I635438,1529,2.1143250899E8,
I637238,69,6846562.57,
I638383,-837,5.718592047E7,2025-09-09
I638498,-1225,9940959.62,2025-10-17
I641309,-904,1.2164315815E8,2025-10-01
I641762,-107,3287098.1,2025-10-25
I642961,691,5.143265399E7,
I644805,-1111,3.33234566E7,2025-09-23
I646038,-1508,1.0930862659E8,2025-09-18
I646079,1519,5.109568678E7,
I646121,243,2.574877914E7,2030-01-01
I647066,847,6.898401046E7,
I647442,-1063,1.2366366878E8,2025-10-26
I652830,108,6899287.08,2030-01-01
I653421,-1381,2.0542680793E8,2025-10-21
I658572,1049,1.973452244E7,2030-01-01
I659215,1185,1.2436728045E8,
I661713,1683,2.088574547E7,2030-01-01
I665666,-488,1.958879692E7,2025-09-14
I666182,1486,3.894977141E7,
I666282,-561,2.523464917E7,
I673632,141,3486285.25,
I674425,-1876,2.4249408588E8,2025-10-14
I676507,-1439,6.936596171E7,2025-10-29
I686077,999,1.4445170658E8,2030-01-01
I696580,969,5.933064124E7,2030-01-01
I697040,-1368,1.3611155502E8,2025-10-12
I698063,950,1.20456618E7,
I593626,1552,1.9268549331E8,2030-01-01
I597562,519,6.791045103E7,2030-01-01
I601793,1036,1.382694796E7,2030-01-01
I601983,1334,970087.78,2030-01-01
I604681,205,2.735613042E7,
I611150,400,1.216965718E7,2030-01-01
I612690,694,8.031946351E7,
I613202,-469,1.001252659E7,2025-09-28
I614863,539,8.072339904E7,2030-01-01
I616773,1540,1.5636448482E8,
I621672,-1000,8.183997087E7,2025-10-26
I626814,1048,4.828648489E7,
I629125,-829,3.933680873E7,2025-09-23
I631716,1207,1.0745608977E8,
I632559,862,7.579033669E7,
I635839,-1004,6.070511692E7,2025-09-21
I636372,-827,1.160881282E7,2025-09-29
I636442,1430,9749206.89,
I637550,1117,8.792643637E7,2030-01-01
I647777,1453,1.133245898E8,2030-01-01
I658331,-1119,1422033.39,2025-09-24
I658353,578,1.265306227E7,
I673243,640,5.877953459E7,2030-01-01
I674487,1116,1.0173753872E8,2030-01-01
I674873,942,2.814569157E7,2030-01-01
I680170,352,3.82310626E7,
I682519,1100,4.374446854E7,2030-01-01
I685387,1910,2.0082816473E8,2030-01-01
I686162,-215,2.067223027E7,2025-10-16
I689395,-1972,4.654328823E7,
I691162,1714,2.3123113348E8,2030-01-01
I698362,443,3.46547462E7,2030-01-01
I701751,286,3.761887299E7,
I705425,1575,1.1362460641E8,
I706028,1829,1.7102314407E8,
I592747,-1582,0.0,2025-09-30
I593418,-676,3.017306637E7,2025-10-07
I593963,-1232,1.7967505354E8,2025-10-20
I595589,-1242,2.319804662E7,2025-10-03
I605077,1457,1.8839881542E8,2030-01-01
I607336,1275,0.0,
I607757,-1703,9.407631356E7,2025-10-18
I609620,-1887,4.951374169E7,2025-10-14
I612575,565,5.262808374E7,2030-01-01
I612876,1703,1.206582944E8,2030-01-01
I615665,-246,3.57012262E7,2025-09-26
I622214,1647,2.0359829313E8,2030-01-01
I626729,-1644,1.5612659743E8,2030-01-01
I627250,1487,3.933658003E7,2030-01-01
I627946,1481,8.687940864E7,2030-01-01
I628838,844,1.0399853482E8,2030-01-01
I631860,-1712,1.0729556815E8,2025-09-03
I635050,-688,2.625704648E7,2025-09-05
I635071,1374,1.4456177405E8,2030-01-01
I637174,-1386,6.634084521E7,2025-10-20
I637686,-1902,1.0864333694E8,2025-10-02
I642885,-1848,1.6286028005E8,2025-09-13
I649351,1325,1.6120141563E8,2030-01-01
I655469,-1131,2.590371813E7,2030-01-01
I663231,-1629,1.7241968554E8,2025-10-30
I665357,1314,1.135910853E8,2030-01-01
I665447,-1417,1.2381708867E8,2025-09-05
I666028,1722,5613138.09,
I673264,-634,5.630867378E7,2025-10-06
I677290,-818,1.2052909101E8,2025-10-30
I678112,-1598,1.8499336362E8,2025-10-23
I680397,-523,6.655587384E7,2025-10-30
I684710,-79,7897397.9,2025-10-06
I686364,300,1.322081172E7,2030-01-01
I689185,730,2.574440205E7,2030-01-01
I693405,733,8.538559067E7,
I693632,364,2.373609424E7,2030-01-01
I699837,1702,1.509612377E8,2030-01-01
I702396,1973,6.869805795E7,
I703656,644,2.623750364E7,2030-01-01
I704347,1872,3.836683195E7,2030-01-01
I599449,-122,1.26319997E7,2025-09-15
I602303,-1557,2.0846348661E8,2025-09-14
I603659,1189,1.5636220517E8,
I604024,723,9.778835987E7,
I604349,1321,1.1140693648E8,
I610805,-789,7.006444001E7,2025-09-15
I614073,-754,9.044564856E7,2025-10-12
I618319,184,1.336084413E7,
I621052,-1689,7.788879582E7,2025-09-26
I628910,837,9.279171975E7,2030-01-01
I636980,-231,2.43606169E7,2025-10-12
I638486,625,3.833875767E7,
I638664,407,2.120344046E7,2030-01-01
I641574,-1099,5.476828398E7,2025-10-03
I642243,1961,2.4813860029E8,
I652910,-1271,1.695081895E7,2025-09-28
I655175,259,2.831374436E7,
I657446,172,2.345274089E7,2030-01-01
I664208,1622,7.875808031E7,2030-01-01
I666057,934,1.0124661404E8,2030-01-01
I674675,323,3.13478505E7,
I679096,1214,1.5727832052E8,2030-01-01
I681125,219,1.742901936E7,2030-01-01
I684524,656,3.043052664E7,
I687612,-987,4.882380238E7,2025-10-30
I692369,1443,2.0865846668E8,
I694671,1763,1.3514318449E8,
I695173,-690,2.012770103E7,2025-09-04
I697558,-724,4.78402699E7,2025-10-26
I594170,1140,1.5051924602E8,2030-01-01
I599456,227,2656070.41,2030-01-01
I601984,-951,8.361900675E7,2025-09-28
I604856,-647,7.205706161E7,2025-10-16
I607504,-242,1.273484494E7,2025-10-30
I608556,-485,4692886.51,2025-09-10
I611366,-1682,6.777969219E7,2025-10-28
I614981,1929,2.1868775249E8,2030-01-01
I615711,351,3.641851969E7,
I622022,243,7115168.17,2030-01-01
I630734,1699,2.2841578069E8,2030-01-01
I630785,1066,1.512715883E8,2030-01-01
I631466,1465,1.0306699702E8,
I631638,55,3154391.51,2030-01-01
I636040,-783,6.498384697E7,2025-10-26
I637614,99,1.44785746E7,2030-01-01
I644254,-669,6434684.94,2030-01-01
I644501,844,5.33850673E7,2030-01-01
I644864,1829,2.4541312577E8,2030-01-01
I646603,1938,5.378905318E7,2030-01-01
I650195,-1519,1.9469652098E8,2025-10-17
I654553,-1179,5.009320905E7,2025-10-16
I659552,-1664,4.82182129E7,2025-10-19
I662547,-1229,3.012257168E7,2025-10-29
I675605,713,1.205387587E7,
I677942,1951,1.85793833E7,
I678504,379,8112039.17,
I680592,180,2.017819615E7,
I691382,248,7474172.82,
I692064,1453,1.1981130215E8,2030-01-01
I693949,-925,1573235.77,2025-10-06
I703304,-1102,7.166452415E7,2025-09-04
I703350,-980,0.0,2025-10-22
I706778,578,2.238168786E7,2030-01-01
I594673,-1229,9.625974459E7,2025-10-02
I609633,779,4.357482498E7,2030-01-01
I612279,-597,3.354673393E7,2025-10-23
I613667,116,8097821.07,2030-01-01
I620781,-302,3.307683747E7,2025-10-19
I621914,-1789,3.568952952E7,2025-09-10
I625214,297,9180097.43,2030-01-01
I628160,1854,1.0638605349E8,
I631005,1457,4.413066143E7,2030-01-01
I631869,-1425,1.8220017714E8,2025-10-24
I632354,1006,4.231693437E7,2030-01-01
I635141,-1491,1.4714280316E8,2025-10-31
I635198,-995,1.0847064485E8,2025-10-12
I635259,1196,1.790175271E8,2030-01-01
I642375,-1947,2.6720061223E8,2025-10-12
I645109,933,7.226557597E7,
I646040,1516,2.1801912197E8,
I646293,-803,3.730352034E7,2025-10-25
I654465,-1786,7.8807812E7,2025-09-25
I654832,626,6.388496899E7,2030-01-01
I654927,73,1653780.6,2030-01-01
I656094,1341,1.0765259446E8,2030-01-01
I660201,-657,5.116440038E7,2025-10-20
I663801,535,1.064087651E7,
I667770,408,1.482855886E7,2030-01-01
I669892,784,9.886763267E7,
I675060,-364,2987609.65,2025-10-28
I676567,1370,1.600497703E8,
I684936,-1659,4.683386904E7,2025-09-09
I685412,-1867,9.744108857E7,2025-09-14
I693664,1828,1.152840528E8,2030-01-01
I696892,1778,1.9470925463E8,
I699249,-1875,2.471786841E7,2025-10-25
I702294,815,2.535129587E7,
I705516,-402,5.840197648E7,2025-10-07
I706901,-1423,1.0247221593E8,2025-10-23
I602225,1747,2.230527137E8,2030-01-01
I605595,1253,1.4158340345E8,
I607844,1314,4.739477554E7,
I613629,-1972,2.5725247047E8,2025-09-10
I615868,-1605,6.880498124E7,2025-09-28
I616166,891,7.288362178E7,2030-01-01
I619575,1128,1.284138273E7,
I633844,-1935,1.7879652148E8,2025-09-12
I635112,-1370,1.3444957173E8,2025-09-23
I641070,-1598,1.706825467E7,2025-09-13
I642989,1664,8.86155509E7,
I644109,-88,8893581.95,2025-09-13
I647169,1849,2.341808269E8,
I650030,1423,1.1706103309E8,2030-01-01
I654543,1055,2202149.54,2030-01-01
I658414,204,2.63542469E7,2030-01-01
I659865,791,8.674425781E7,
I665459,-570,2.357825154E7,2025-09-10
I666998,-583,411773.21,2025-10-20
I671973,630,9.287570193E7,2030-01-01
I677116,-984,1.185522204E7,2025-10-15
I683992,1534,8726895.41,2030-01-01
I691624,394,3.189670042E7,2030-01-01
I695984,1748,1.8492372103E8,
I601503,1990,2.6638369555E8,2030-01-01
I602066,-1381,1.6878771836E8,2025-09-07
I595267,1009,1.2578356173E8,
I604078,1962,1.8519638253E8,2030-01-01
I613047,1892,1.7998398964E8,
I615922,404,1.278859768E7,
I624260,1812,0.0,
I631846,-250,9799985.35,2025-10-19
I634887,-1287,1.7170743837E8,2025-10-22
I641040,1006,1.2436633786E8,2030-01-01
I642450,1787,6.458102886E7,2030-01-01
I647173,-1963,1.4824681219E8,2025-10-29
I647498,-627,6.710359261E7,2025-09-25
I653211,1503,1.085968316E7,2030-01-01
I663099,1323,1.1127190874E8,
I671124,1111,7.450910752E7,2030-01-01
I671257,761,7.101373426E7,2030-01-01
I672037,1993,2.691018539E7,
I674046,1905,1.3719877894E8,2030-01-01
I678315,1351,2.114162942E7,2030-01-01
I684583,224,0.0,2030-01-01
I686897,866,5372543.71,2030-01-01
I689145,948,5.26365908E7,
I694546,571,1239939.12,
I694838,258,2.229052626E7,2030-01-01
I696808,1942,9.943596155E7,
I699374,-867,7.266477503E7,2025-10-18
I701373,369,2.004151782E7,2030-01-01
I703729,480,1.915595999E7,2030-01-01
I704733,-620,6.036721748E7,2025-09-05
I706062,1547,1.9581526891E8,2030-01-01
I710372,-1685,1.265454604E8,2025-09-04
I721455,1191,1.315169072E8,2030-01-01
I721796,-1410,6.755853041E7,2025-10-18
I723467,375,3.957802446E7,2030-01-01
I730856,1051,8.348210705E7,
I732411,1701,5.59903926E7,
I734859,-969,3.004526203E7,2025-09-21
I735740,-1855,1.8366027356E8,2025-09-25
I735899,647,2.681774873E7,
I738430,1806,2.2042745867E8,2030-01-01
I738608,1519,1.589975467E7,2030-01-01
I745575,162,8305928.0,2030-01-01
I746971,1313,5.897116758E7,2030-01-01
I752366,1997,1.089502428E8,2030-01-01
I756983,337,4.604254574E7,
I760207,1139,1.2630749044E8,
I764075,1086,5.03709105E7,2030-01-01
I765326,-1555,6.495582851E7,2025-10-11
I770907,-705,7.485226748E7,2025-10-03
I776047,1743,8.845076445E7,2030-01-01
I778386,1323,4.343304378E7,2030-01-01
I778787,-1063,4.79703185E7,2025-09-05
I781657,175,2.14846208E7,
I782264,-172,1.095273738E7,2025-09-19
I783129,1931,5.812978837E7,
I783507,-405,4.442831922E7,2025-10-22
I785444,1783,2.1447638118E8,2030-01-01
I785959,150,2.08993849E7,
I786840,403,1.397334831E7,
I793630,-531,5.54538872E7,2025-09-30
I798021,-1886,2.3128418552E8,2025-09-17
I801394,1893,2.401622938E8,
I809321,1200,7.352183619E7,
I809451,-1975,5.749771566E7,2025-10-27
I810386,1624,6.494191123E7,
I811044,585,2.512309712E7,2030-01-01
I811396,1765,6.212108658E7,2030-01-01
I814016,2000,3937944.11,
I819323,1454,4.828725141E7,2030-01-01
I710450,352,4.881999834E7,2030-01-01
I719003,-1867,2.1228597691E8,2025-10-23
I721370,765,1.0868818833E8,
I721900,-1185,1.0410054401E8,2025-10-08
I724396,297,2.816353068E7,2030-01-01
I731058,-1251,4.500756848E7,2025-10-02
I735923,630,4.808650626E7,
I736332,1859,6.282300786E7,2030-01-01
I736532,-367,2.030314504E7,2025-09-12
I741026,-754,8.206876822E7,2025-10-12
I741785,-387,3.39854671E7,2025-09-18
I744374,619,3.080375203E7,2030-01-01
I746830,-202,2.637379944E7,2025-09-10
I747263,-241,1.716328208E7,2025-10-31
I750125,1056,6039818.56,
I756045,-1710,1.6757123897E8,2025-10-19
I756662,661,8.61571745E7,
I757019,1419,1.8932673982E8,2030-01-01
I759154,932,2.447502347E7,2030-01-01
I759327,937,1.2938183662E8,
I768761,219,2.277886659E7,2030-01-01
I771473,-1867,9.434932861E7,2025-09-07
I779049,1392,1.2489740376E8,
I779345,-1746,2.495659054E7,2025-10-14
I781884,930,8.561936539E7,2030-01-01
I783881,-218,2.905268056E7,2025-09-06
I785002,-1459,8.743565124E7,2025-09-12
I789285,270,3.376547413E7,2030-01-01
I790084,1475,9784986.31,
I793456,503,2516047.68,
I794460,1743,9.212180432E7,
I799661,-271,2.33365706E7,2025-10-30
I800025,1421,7.706999709E7,2030-01-01
I802053,1419,1.8793738867E8,
I810486,796,2.830845496E7,2030-01-01
I814681,1621,1.0370852745E8,2030-01-01
I816202,430,6528013.19,
I819257,-1994,2.8136829366E8,2025-10-30
I821165,409,6.074183763E7,2030-01-01
I708444,-1378,1.199723817E8,2025-10-26
I714828,-1991,1.5485546811E8,2025-10-13
I717913,-448,6.670484949E7,2025-09-02
I722319,620,3.831653837E7,2030-01-01
I727075,521,2.567726407E7,
I727394,-88,5923364.9,2025-10-07
I731193,869,2.56345357E7,
I734279,1895,1.8620926004E8,
I738944,-964,5.226230524E7,2025-10-13
I743188,-1654,4.180017956E7,2025-10-11
I743703,667,1.619526289E7,2030-01-01
I751620,-585,3.723966163E7,2025-10-24
I751653,68,7317152.26,2030-01-01
I752274,636,4.259243999E7,2030-01-01
I759040,1419,1.9668498666E8,2030-01-01
I760034,1925,1.291884826E7,
I773014,130,1.18030658E7,
I776665,1819,2.7186939666E8,
I777777,-1778,3.085687709E7,2025-10-02
I780299,442,1.317893566E7,2030-01-01
I782480,-1237,1.7789693834E8,2025-10-15
I782765,1965,1.7988843435E8,
I789901,345,2.444096201E7,2030-01-01
I791185,808,2.430148864E7,
I794192,-831,1.0700114434E8,2025-09-23
I796052,1402,4.144270462E7,
I796153,770,6.771806635E7,
I798629,1797,1.2064850912E8,
I800362,489,3.496460718E7,2030-01-01
I804907,923,1.3653617596E8,2030-01-01
I806332,1801,1.512046635E8,
I809414,348,2.506018536E7,
I811121,-1294,0.0,2025-10-11
I812198,318,3.302675273E7,2030-01-01
I817134,298,3.254081427E7,2030-01-01
I819338,-868,1.615134842E7,2025-10-28
I821178,1416,1.6084534387E8,
I715004,-1322,3.912917173E7,2025-09-20
I716779,-415,5910076.31,2025-10-25
I710814,68,9794152.98,
I711069,1822,1.2500967681E8,
I721012,-1198,1.737846311E7,2025-10-12
I722658,-1819,2.315938213E7,2025-10-04
I726052,1075,1.1900496871E8,2030-01-01
I727104,-1624,2.2699870063E8,2025-10-31
I728538,1388,6.799885823E7,2030-01-01
I730965,1991,2.702436304E7,
I732623,-125,5038898.42,2025-09-01
I733928,-740,7.590086406E7,2025-09-04
I745078,690,8.981778834E7,
I746191,-1751,2.0683471436E8,2025-10-23
I752396,1210,1.0176631585E8,
I755729,-175,2.510449953E7,2025-10-15
I758276,634,5.310188607E7,
I765683,1853,2.2504571568E8,
I778453,1620,1.8521678764E8,2030-01-01
I790199,807,3.102809039E7,2030-01-01
I801700,1104,1.4521053326E8,
I803602,-1165,1.763879908E7,2025-09-21
I804251,-552,5.6918963E7,2030-01-01
I805189,-820,1.786834336E7,2025-09-18
I806876,-238,1.211977239E7,2025-10-21
I809448,893,1.2203465288E8,2030-01-01
I812707,197,1336779.92,
I815586,1485,0.0,2030-01-01
I711822,559,5.671063202E7,2030-01-01
I719129,75,4096567.82,2030-01-01
I718284,1481,4.877013387E7,
I722578,1676,2.2740646412E8,2030-01-01
I725717,61,1424981.38,2030-01-01
I727114,1203,9.442973683E7,
I730341,885,1.0035665508E8,2030-01-01
I731148,849,8.032700007E7,2030-01-01
I736638,-1943,1.095758365E8,2025-10-10
I737548,302,1.766926236E7,
I744776,1372,4.964952149E7,
I745452,-1510,1.6288566231E8,2025-09-20
I747724,750,2.280008173E7,2030-01-01
I749570,1324,1.10307092E8,
I749937,1588,9763084.98,
I751980,-380,3.630684858E7,2025-09-24
I755121,1643,4.406737659E7,
I757747,1837,9.90483436E7,
I771187,761,9.748429283E7,
I774766,1365,1.8007063723E8,
I779437,-1609,5.866599042E7,2025-10-31
I780790,374,3.372925819E7,
I781602,602,3.032140147E7,
I782099,494,1958617.23,
I784884,-1454,3.117139696E7,2025-10-18
I786804,1033,8.719563848E7,2030-01-01
I787053,-396,1826778.76,2025-09-16
I789757,621,1.464529828E7,2030-01-01
I793015,621,2.479415907E7,
I795693,-573,5.264125569E7,2025-09-08
I802421,-1958,1.0136498E7,2025-10-27
I812931,894,6.355286083E7,
I814827,1591,7.837873032E7,
I817927,-347,1.367248466E7,2025-10-09
I820465,1054,1.040180004E7,
I708035,-961,8.395828263E7,2025-09-12
I708399,146,1.633148016E7,2030-01-01
I712192,1854,1.135364161E8,
I720704,1577,3.615390824E7,2030-01-01
I731893,814,6623693.7,
I734504,-140,7975365.97,2025-10-31
I738566,1469,3.690334482E7,
I742303,539,7.985262076E7,
I749642,808,6.990664923E7,
I752496,-1480,7.597943571E7,2025-09-14
I756014,899,1.975129198E7,2030-01-01
I756404,-1601,1.090383548E8,2025-10-09
I762845,1990,4.829677825E7,
I765275,-1593,7.731012978E7,2025-09-14
I767501,-1152,4.17268506E7,2025-10-24
I767795,1740,2.2212271818E8,
I769623,-1670,1.4880876651E8,2025-10-12
I775944,-959,1.432692231E8,2025-10-03
I784298,611,4.095265847E7,2030-01-01
I786120,1825,5265225.86,
I792866,689,2.189276905E7,2030-01-01
I793384,528,7.585713472E7,
I797354,-594,0.0,2025-09-17
I803161,395,4.648504688E7,
I809332,1002,1.2089846915E8,
I809703,1692,2.068419028E7,
I811255,390,4197009.59,2030-01-01
I811551,1098,1.2292409257E8,2030-01-01
I814919,-577,5.667722564E7,2025-09-28
I816604,1758,7.675873029E7,
I819521,568,7710466.87,
I820969,-1207,9439839.96,2025-09-27
I713663,434,3.516061916E7,2030-01-01
I715512,-1222,1.2141268122E8,2025-10-30
I708611,1863,2.1868813929E8,
I715014,132,8671166.98,
I719875,793,8.20360464E7,2030-01-01
I720437,1993,4.692616443E7,
I721194,877,6895469.38,2030-01-01
I723094,-473,3.73218036E7,2025-09-16
I723271,417,4.75373043E7,2030-01-01
I725220,-238,3870408.12,2025-09-10
I730394,-108,1.469557675E7,2025-10-31
I730610,598,5.546508294E7,
I730795,463,4.259026998E7,2030-01-01
I732765,1251,2.698383316E7,2030-01-01
I733256,-1673,4.488665555E7,2025-10-13
I735068,1002,1.0970282862E8,2030-01-01
I737270,423,2.714894209E7,2030-01-01
I746133,1686,1.26136843E7,
I748301,439,2.622572206E7,2030-01-01
I750163,-1038,1.0435767926E8,2025-10-13
I752840,1379,2.233862282E7,
I756610,1148,7.116708218E7,2030-01-01
I766170,-297,2.754821074E7,2025-09-04
I767359,1335,7.318903057E7,2030-01-01
I771790,1728,5.885154103E7,
I774366,1672,1.3201904197E8,2030-01-01
I774412,1692,2.3023258791E8,
I779355,1193,3.398234014E7,2030-01-01
I782442,1996,6.65761599E7,
I788565,-551,4.251224549E7,2025-10-13
I791126,-326,4.011930825E7,2025-10-08
I791268,1938,1.9105612613E8,
I793044,1995,1.3063381453E8,
I804516,-418,2.249437701E7,2025-09-27
I821649,1786,2.0578029969E8,
I711067,188,3653409.32,2030-01-01
I718933,128,6738546.85,2030-01-01
I711972,750,2955487.82,
I715126,86,1893008.77,
I719983,1385,1.1362674692E8,2030-01-01
I725433,296,3.587952289E7,
I728655,199,2638601.66,
I730593,474,2.716580629E7,
I734722,605,4483717.57,
I734978,1883,2.3868189267E8,
I737041,1133,6.988213751E7,2030-01-01
I740773,-1031,7.384465297E7,2025-10-08
I750266,1515,1.671044534E7,2030-01-01
I750508,-1469,1.3716810327E8,2025-10-01
I751873,448,5523525.96,2030-01-01
I754488,1341,3.653547713E7,2030-01-01
I754514,-194,6760093.75,2025-09-09
I755456,192,1.048218694E7,2030-01-01
I763295,1866,1.7236218291E8,2030-01-01
I774049,-1745,1.0254192026E8,2025-09-09
I774884,350,3562669.54,
I777180,1393,4.453325919E7,
I777370,932,6.385972443E7,
I777462,668,8.692260011E7,
I780310,461,2.269860941E7,2030-01-01
I793770,707,1.969352705E7,
I801102,852,5.325275472E7,2030-01-01
I804487,1502,1.1655973257E8,
I805469,-437,4.706896233E7,2025-09-07
I811748,-1583,8.231157777E7,2025-09-06
I812466,1036,2.604116112E7,
I814064,-1434,8.291915962E7,2025-10-14
I707430,-266,2.182460377E7,2025-10-17
I708844,-64,1079531.09,2025-09-01
I714765,-640,1.364052369E7,2025-09-20
I714815,296,1.577348122E7,
I715986,55,4040134.15,
I719134,650,4.384380941E7,
I720933,1835,6.219274495E7,
I729169,-1831,1.745975458E7,2025-09-21
I735290,-1036,1.1451183292E8,2025-09-19
I737345,857,7.060643147E7,2030-01-01
I740456,-236,7728418.28,2025-10-10
I741998,-1601,5.07887162E7,
I744777,-172,4906436.23,2025-09-05
I746348,1353,1.2802872331E8,
I747512,1493,1.2583153767E8,2030-01-01
I748454,1129,1.1491129432E8,2030-01-01
I750426,1784,3.558664821E7,2030-01-01
I755087,1487,1.2446942946E8,2030-01-01
I758337,-1996,2.7782138968E8,2025-10-11
I765780,742,6705411.56,2030-01-01
I780862,745,3.97011589E7,
I788485,-824,4.801510652E7,2025-10-10
I790488,-1052,1.863018427E7,2025-09-25
I793349,-960,5.804655506E7,2025-10-04
I793706,145,1.230022683E7,
I793787,-737,6.223034118E7,2025-09-22
I794578,-1836,7.853068264E7,2025-09-18
I797837,1554,5.515151626E7,2030-01-01
I799276,-1351,4.935414688E7,2025-10-24
I799397,-748,8.545508422E7,2025-09-04
I803495,-669,5.151048684E7,2025-09-21
I804932,1714,1.2139254701E8,2030-01-01
I808013,-1426,2.1345251629E8,2025-09-03
I808229,160,1.884837339E7,2030-01-01
I816073,-1837,1.4448447361E8,2025-09-01
I818255,807,5.236577596E7,
I820736,1197,1.0917989539E8,
I820867,914,1.0055915113E8,2030-01-01
I717212,-51,3414285.93,2025-10-04
I711938,1795,2.6642725363E8,
I721885,-515,7.50752317E7,2025-10-15
I722064,876,8.788765393E7,2030-01-01
I732616,1638,2.3428964965E8,2030-01-01
I735441,206,2.37154634E7,2030-01-01
I737196,795,3.766508043E7,
I743098,1000,4.029336387E7,2030-01-01
I744648,69,5585452.17,
I745324,733,6.834985713E7,2030-01-01
I746775,272,2.285150659E7,
I748376,700,9.922875692E7,2030-01-01
I751666,1012,1.295759208E8,
I752092,-1417,6.597892185E7,2025-10-03
I753499,-1421,797904.09,2025-09-03
I756061,-112,1.151476145E7,2025-10-14
I766157,-1931,1.7791077207E8,2025-09-13
I769314,1272,1.1642448644E8,2030-01-01
I769319,1448,1.3071896962E8,2030-01-01
I772236,216,1.299733576E7,2030-01-01
I774442,954,4.514051028E7,2030-01-01
I774749,1127,1.3883885938E8,
I778438,387,3.056516114E7,
I779188,1238,1.5049658093E8,
I781951,342,0.0,2030-01-01
I784375,973,3.382005467E7,2030-01-01
I788029,314,5050101.11,2030-01-01
I788691,-390,5.264987112E7,2025-09-26
I799314,814,7.532999389E7,2030-01-01
I800608,183,1.983130472E7,
I806348,549,5.477897705E7,2030-01-01
I813759,263,3.008164994E7,
I818575,231,2.404328395E7,
I727734,1103,1.2359122055E8,2030-01-01
I733382,-870,5.463688641E7,2025-10-28
I741322,-1769,6.767918746E7,
I746000,294,4652097.39,
I748476,721,4.989813265E7,2030-01-01
I751841,-693,4.407190956E7,2025-09-19
I753045,-200,0.0,2025-10-22
I756729,1016,1.0832211384E8,2030-01-01
I758584,1785,0.0,2030-01-01
I762595,-156,0.0,2025-10-16
I768558,832,8.977459392E7,2030-01-01
I770855,869,1.2207504301E8,2030-01-01
I784775,1999,1.4988773361E8,2030-01-01
I786835,1448,1.8685083417E8,
I795903,84,1.182510092E7,
I796193,-442,3.886644506E7,2025-09-04
I802724,475,6.466665457E7,
I814022,1694,7.887959325E7,
I818792,-187,1.325014933E7,2030-01-01
I822101,-1845,2.1992843142E8,2025-09-11
I710930,692,7.546500397E7,2030-01-01
I711193,-615,4.528212367E7,2025-09-10
I711483,445,1.719590907E7,2030-01-01
I714677,939,5.858155468E7,2030-01-01
I718295,1217,6154422.82,2030-01-01
I723050,167,1.92787274E7,
I730704,-504,2.062364852E7,2025-10-25
I745480,79,8062562.45,
I754740,-1024,1.1227969612E8,2025-10-25
I765003,1200,9.32670591E7,
I767308,557,1.282760766E7,2030-01-01
I769285,1949,9.26081913E7,
I769795,-1127,1.2318898458E8,2025-09-05
I772530,237,2.904147693E7,2030-01-01
I777668,-1266,7.481906529E7,2025-09-14
I779240,-222,2.819271705E7,2025-10-26
I781120,-1539,2.1303822605E8,2025-10-31
I781848,579,5304280.62,2030-01-01
I787450,-1236,1.8126476932E8,2025-09-05
I789898,1101,4.8296614E7,2030-01-01
I793861,970,7.750014824E7,
I807139,-1808,2.2867615632E8,2025-09-21
I808733,322,2.927802406E7,
I810806,-1015,1.405877138E7,2025-09-11
I825403,-1674,1.5858256405E8,2025-09-08
I827225,-1669,2.494359946E8,2025-09-13
I829931,1206,6.20203097E7,2030-01-01
I833236,-209,6042520.25,2025-10-19
I839705,1141,6.413742047E7,2030-01-01
I844355,1573,2.1924972523E8,2030-01-01
I844692,-1128,4.555152472E7,2025-09-26
I845880,-1788,2.613717561E7,2025-09-14
I847570,-967,1.0692180839E8,2025-09-02
I850730,289,3.329092318E7,
I852801,1852,3.176664283E7,2030-01-01
I853613,827,4.624408197E7,2030-01-01
I860395,380,2.265263687E7,
I860437,1603,7.623027532E7,
I860856,650,5.852118859E7,2030-01-01
I862161,-368,4.529025542E7,2025-09-24
I862358,1995,4.476039446E7,
I865606,1966,1.9564513657E8,
I865736,839,7947195.64,
I866658,-151,1.503609837E7,2025-09-25
I868144,299,3.676369951E7,
I870511,907,1.110675579E8,
I872683,69,5083287.75,2030-01-01
I874201,332,7361828.48,
I879130,582,6.491502942E7,2030-01-01
I881815,-1252,1.3934423031E8,2025-09-07
I885948,-1675,2.2876264586E8,2025-10-24
I886397,-1571,4.597108794E7,2025-10-05
I887731,742,8.757292657E7,
I889979,722,9.668352428E7,
I891479,88,9793278.55,
I891973,-767,6.928058664E7,2025-10-21
I892878,1113,3.648600954E7,2030-01-01
I900126,-923,1.330385102E8,2025-09-14
I900411,757,1.409930853E7,
I900562,654,4.443286714E7,
I904100,639,3.054522436E7,2030-01-01
I905999,-1147,1.2487869943E8,2025-10-31
I906567,1855,1.888477543E7,2030-01-01
I909064,1572,2.621590471E7,2030-01-01
I911729,318,0.0,2030-01-01
I916917,1877,9.098921443E7,2030-01-01
I918535,-236,5193240.44,2025-10-07
I918977,1809,9.923154742E7,
I923674,-1297,1.754085402E8,2025-10-09
I924050,531,3.69129362E7,
I925150,301,3.330635385E7,
I931779,773,8.441681776E7,
I935113,-255,1.852134605E7,2025-09-15
I824232,-1060,6.264410807E7,2025-09-28
I832241,1187,5.67373166E7,
I836416,1038,1.0024583874E8,2030-01-01
I838301,465,4.551168125E7,2030-01-01
I842743,-639,7.959081719E7,2025-09-11
I846369,1156,7.424864062E7,2030-01-01
I855311,-894,2.446577517E7,2025-10-29
I855433,568,1.578108659E7,
I855504,838,3.8833566E7,2030-01-01
I856257,1864,3.434373808E7,2030-01-01
I856892,1927,1.063950517E7,
I859085,868,6.438669728E7,
I862582,-902,6.264899983E7,2025-10-24
I863673,1260,8.654606187E7,2030-01-01
I865269,311,2.03395288E7,2030-01-01
I866249,-1070,1.675333754E7,2025-09-05
I867711,692,9.700725326E7,
I869045,1257,7.345559198E7,2030-01-01
I873732,-1378,6.943604376E7,2025-10-29
I874586,539,8886857.55,2030-01-01
I875185,1867,1.5379945088E8,2030-01-01
I877760,972,1.2625836825E8,
I881202,-261,1.767711953E7,2025-10-12
I882605,946,1.3539205894E8,
I885976,-423,5.752951747E7,2025-09-11
I891757,1227,1.3306659501E8,
I895793,-81,3043724.36,2025-09-26
I897312,1606,6.76919508E7,2030-01-01
I897797,477,6.419625495E7,2030-01-01
I898986,-383,5560472.42,2025-10-12
I903163,1611,1.7705144846E8,2030-01-01
I904104,-1403,1.6366950067E8,2025-09-02
I906758,1659,1.652659482E8,
I920146,1211,1.1342422417E8,
I925590,-786,2.54464541E7,2025-10-14
I927561,367,702463.63,2030-01-01
I928663,-1235,1.7588898597E8,2025-10-12
I932598,1864,2.1624010524E8,
I823298,1718,1.2282202135E8,2030-01-01
I827765,-284,2.056958675E7,2025-10-28
I824972,1119,1.3043085037E8,
I833166,1417,1.4421949249E8,
I835988,1851,3.573989517E7,
I836658,1996,2.1142502461E8,2030-01-01
I838843,126,7544171.72,2030-01-01
I841376,-566,5.72813275E7,2025-09-14
I846588,-1129,1.4411088734E8,
I849107,1763,2.141795424E8,
I851687,423,6.002374326E7,2030-01-01
I857663,1232,1.1282442813E8,2030-01-01
I859358,1329,5.340210377E7,
I860781,636,3.126110827E7,2030-01-01
I863459,596,3.712809486E7,2030-01-01
I870342,1068,2.936872342E7,2030-01-01
I871004,-737,1.0600688624E8,2025-09-03
I871686,1571,8.092233175E7,
I872430,-1544,1.953531977E7,2025-09-29
I875519,1319,8.722008816E7,
I876252,-1968,1.0814030528E8,2025-10-07
I876753,914,3.978080532E7,2030-01-01
I883418,1112,7.07608447E7,2030-01-01
I890046,213,9923728.13,2030-01-01
I890394,511,1.587243621E7,2030-01-01
I893433,-1341,7.681187679E7,2025-10-20
I902358,637,8.982428542E7,
I913107,859,7.461130063E7,
I913607,1779,3.559189528E7,
I921942,85,9239710.66,
I922707,-1527,3.717902545E7,2025-10-18
I929370,1969,7.638490358E7,2030-01-01
I931684,330,1.8061076E7,
I933711,1777,1.3764864483E8,2030-01-01
I935079,1915,0.0,2030-01-01
I938116,1567,0.0,2030-01-01
I834404,265,3.595584058E7,2030-01-01
I836559,1949,2.6251624699E8,
I842194,-1486,1.6865616583E8,2025-09-20
I847228,1243,1.1632136783E8,2030-01-01
I847580,600,3.824455665E7,2030-01-01
I848887,-799,5.310418372E7,2025-10-07
I852546,1249,1.8044946199E8,
I857098,-1435,1.795832773E8,2025-10-03
I857331,1467,1.933139846E7,2030-01-01
I858049,468,6.515243497E7,2030-01-01
I860809,-1870,2.1570283607E8,2025-09-11
I862177,-1374,7.154453523E7,2025-10-24
I862923,203,2.576114291E7,
I864359,1532,1.2608390845E8,2030-01-01
I865730,1334,1.8255743051E8,
I866838,562,7.906714314E7,
I869192,954,7.034612018E7,2030-01-01
I872965,-568,2.897508827E7,2025-09-12
I881402,-495,3.0738847E7,2025-10-12
I881853,228,2799956.23,
I885495,710,1.725745345E7,
I885968,785,4.638738812E7,2030-01-01
I888119,213,2.591605511E7,
I890121,511,1.550268227E7,
I891437,1902,3.153676773E7,2030-01-01
I893733,1850,2.3431316293E8,2030-01-01
I898270,-1553,3.49672898E7,2025-09-13
I900388,527,1.251536815E7,
I921947,450,2.919560825E7,
I921985,1787,2.4544041438E8,
I929978,1444,1.140093171E7,
I930355,-144,6951088.91,2025-09-08
I932566,735,7996950.98,2030-01-01
I824296,666,6.279035271E7,
I835503,-989,1.0546319942E8,2025-10-02
I840233,329,2.650067951E7,
I840497,-1494,9.021267989E7,2025-09-22
I844476,-1971,3975106.21,2025-09-26
I845911,133,972600.31,
I853462,770,3.128773188E7,2030-01-01
I856961,-1549,1.713501667E8,2025-10-26
I864379,-1831,5.253381238E7,2025-10-29
I865082,-1294,6.269492844E7,2025-10-05
I867834,-1326,1.652916042E8,2025-09-29
I869505,190,1.04515849E7,
I869976,395,2.196994659E7,2030-01-01
I871738,978,1.1187880744E8,2030-01-01
I877599,1766,1.9370930623E8,
I878086,479,2.676283694E7,
I879648,1722,1.7373565264E8,2030-01-01
I885846,-1605,2.1457272305E8,2025-09-29
I894456,1773,2.6362085824E8,
I895950,1568,5.428367767E7,
I898919,-879,3569098.97,2025-10-26
I902966,1350,1.8365130425E8,2030-01-01
I913078,-63,7364508.25,2025-10-21
I913603,68,3242094.52,
I914299,590,1.760847207E7,
I918199,-144,6126689.38,2025-10-06
I921053,89,1.107214377E7,
I932421,-1527,4.700152745E7,2025-10-27
I828974,-1675,8.785091226E7,2025-09-15
I834207,111,1.276988552E7,2030-01-01
I826467,708,9.277719653E7,
I835965,-299,1.268733848E7,2025-10-08
I838196,552,6.194469517E7,2030-01-01
I838355,1599,1.0608415135E8,
I842042,-452,6139143.41,2025-10-09
I845324,115,2396594.32,
I847717,-1604,6.315006968E7,2025-10-19
I852591,-1938,1.2400506329E8,2025-09-02
I867396,1813,2.1581126627E8,
I872734,1883,1.5516686561E8,2030-01-01
I874307,-338,1.357055644E7,2025-10-22
I878801,-414,403862.13,2025-10-28
I880061,1986,1.459426359E7,
I880681,754,2.272990087E7,
I880799,1400,1.908103465E8,
I882482,324,4.125103629E7,2030-01-01
I893621,1747,7.138569898E7,
I896305,-1607,1.0925727251E8,2025-09-07
I902445,971,1.1709992133E8,
I912063,870,3.320101743E7,2030-01-01
I915858,990,1.3009915573E8,2030-01-01
I918715,1108,3.974562049E7,
I921601,373,7247752.54,2030-01-01
I922826,-609,7.113836063E7,2025-09-24
I924332,-1809,1.9600628055E8,2025-09-04
I924607,-819,2.518443477E7,2025-10-28
I830923,-1560,2.777454321E7,2025-09-07
I837110,1235,6.177940022E7,2030-01-01
I846713,1107,2.949132262E7,2030-01-01
I846933,1188,6.070690013E7,2030-01-01
I848967,-1221,1.4762680732E8,2025-09-13
I850659,714,1.186851591E7,
I851368,1609,1.1309029753E8,2030-01-01
I862147,-1091,5.021370896E7,2025-10-02
I863573,1673,2.1810013573E8,2030-01-01
I867798,-222,9439653.15,2025-10-06
I868761,184,1.27917643E7,
I870829,-1409,3243857.28,2025-09-05
I892347,96,5491167.47,2030-01-01
I892959,-1868,5.298964723E7,2025-09-23
I898965,-1155,4.795692532E7,2025-09-05
I901363,1645,1.8301479458E8,2030-01-01
I907637,-1343,1.4861874491E8,2030-01-01
I909574,1897,2.5630546833E8,
I911247,-844,1.0670524054E8,2025-10-29
I916886,1225,5.328685907E7,
I917362,545,5.413616435E7,
I918437,202,2.020676803E7,
I923504,1719,1.0763979221E8,
I924646,293,9783876.78,2030-01-01
I926388,-572,5.619629172E7,2025-10-10
I928255,1756,1.6048552198E8,2030-01-01
I928651,271,3.335706268E7,2030-01-01
I932473,1618,1.2874103842E8,2030-01-01
I934740,-52,5970190.1,2025-10-24
I936612,1379,1.4250795501E8,2030-01-01
I937249,1580,1.4992955214E8,
I830524,-1139,1.7078702108E8,2025-09-05
I832894,-652,4.878962315E7,2025-10-22
I832912,613,5.633497079E7,2030-01-01
I837802,-235,1.451249476E7,2025-09-13
I837954,1694,3.670206287E7,2030-01-01
I840712,801,9.74950953E7,2030-01-01
I840721,1863,8.410041672E7,2030-01-01
I845089,1111,8.784820201E7,2030-01-01
I850968,1295,1.828278451E8,2030-01-01
I851212,532,5.034640674E7,2030-01-01
I852212,-1942,2.2291610066E8,2025-09-07
I853630,-1926,1.9680735214E8,2025-10-26
I858985,-648,6.899908847E7,2025-09-22
I860966,-1405,1.2161612212E8,2025-10-24
I862746,-809,4.719472986E7,2025-09-16
I870184,-1711,1.7880496534E8,2025-09-08
I873906,-1165,0.0,2025-10-27
I875253,-817,6408468.52,2025-10-23
I877985,1656,1.977240908E8,2030-01-01
I879999,-494,2825335.84,2025-10-24
I884793,477,3743917.47,
I884981,-369,1.07033319E7,2025-10-22
I885170,-1847,1.1530080334E8,2025-09-07
I895719,666,9.89194765E7,2030-01-01
I901034,1571,1.1649621844E8,2030-01-01
I901884,-1966,2.2742002804E8,2025-10-01
I908194,835,5.0267527E7,
I911202,-1715,1.2123094157E8,2025-10-08
I912377,-1920,1.0736654135E8,2025-09-01
I914017,1267,4560495.55,
I920323,672,2.748966831E7,2030-01-01
I922517,-1289,6.859971562E7,2025-09-05
I930041,-472,1.114663984E7,2025-09-24
I932356,-733,1.0220678919E8,2025-09-13
I933589,-455,3.752330267E7,2025-09-07
I934365,1439,1.4877607061E8,2030-01-01
I827339,1728,9.939176201E7,2030-01-01
I830804,-1119,6.388874435E7,2025-10-25
I823506,1936,1.1675006999E8,
I827918,1467,7.287866116E7,
I838358,533,4.658278771E7,2030-01-01
I838551,241,8196327.34,2030-01-01
I839951,1049,1.2640344058E8,
I842738,1174,3.641915081E7,
I843189,422,3.914513128E7,2030-01-01
I844565,1175,5.806393446E7,
I844913,797,2.845022011E7,2030-01-01
I849418,391,1.660022006E7,
I854128,-1645,2.1431660361E8,2025-10-13
I867262,-144,1.527670352E7,2025-10-26
I872573,842,6.495306524E7,
I872826,475,3.839191982E7,
I877568,302,3.914544462E7,2030-01-01
I882643,957,3977166.74,2030-01-01
I882923,-1231,6.755087408E7,2025-09-01
I883698,-571,6.867852896E7,2025-10-14
I889279,245,2.769642993E7,
I889724,-1588,2.3317710426E8,2025-09-02
I902668,1122,9.105693447E7,
I903396,-1489,1.8303841088E8,2025-10-19
I915140,336,4018693.16,2030-01-01
I916880,534,6.341178906E7,
I922401,1942,1.5040487719E8,2030-01-01
I931825,-1826,2.0093575007E8,2025-09-08
I936545,1809,1.8460287311E8,2030-01-01
I937847,1719,1.4004495061E8,2030-01-01
I827434,-1508,3.461139747E7,2025-09-21
I831580,636,8885257.25,2030-01-01
I826905,972,6.498645832E7,
I844530,1335,1.8531245629E8,
I846430,1863,2.2693319759E8,
I851322,1583,2.1460308697E8,
I851587,243,1.681033088E7,
I859067,1873,1.0998843572E8,2030-01-01
I859131,1284,1.4893814284E8,
I859192,1203,7.024909805E7,
I863129,75,3867153.21,2030-01-01
I869214,539,4.829791909E7,
I869923,556,3609008.39,2030-01-01
I875675,1999,1.8589298983E8,
I880397,467,5.297941538E7,
I881054,1605,2.578050411E7,2030-01-01
I882054,252,1.270517552E7,
I886623,1341,1.6761478435E8,
I887331,391,8507503.84,
I896185,1301,1.8419631042E8,
I898707,1706,1.4036977484E8,2030-01-01
I900095,-236,1.903223007E7,2025-10-27
I915425,-1294,8.30536937E7,2025-09-04
I916587,959,7.93801266E7,2030-01-01
I917264,473,7500337.98,2030-01-01
I917578,-1829,1.1995578098E8,2025-09-18
I920033,888,1.420666094E7,
I927647,1794,0.0,
I929555,-1907,7.874677555E7,2025-09-29
I931906,1150,7.66341482E7,2030-01-01
I932145,90,3977601.1,
I933025,1751,7770653.38,2030-01-01
I933404,819,6.843076946E7,
I831747,-1603,2.3263031771E8,2025-09-05
I823645,352,5.222175703E7,
I832346,1055,1.003098026E8,
I840816,1721,1.3632795224E8,2030-01-01
I844540,-1927,2.7640550185E8,2025-09-19
I849593,534,4.421217736E7,2030-01-01
I852409,1515,9747247.47,2030-01-01
I853655,1943,2.8711748244E8,2030-01-01
I855087,551,2.330252355E7,2030-01-01
I857389,400,4.994278641E7,2030-01-01
I858933,679,7.915526718E7,
I860105,1481,2.0310050211E8,
I865659,939,2.771194839E7,2030-01-01
I868705,456,4.39408625E7,2030-01-01
I869701,1414,2.21618827E7,
I876715,1518,6.3745782E7,2030-01-01
I877773,-712,9.683020321E7,2025-10-21
I880753,259,2.013229744E7,2030-01-01
I881294,1259,5.131392938E7,
I885263,202,2.648030253E7,
I887571,274,1.428385126E7,2030-01-01
I889163,357,3.995285013E7,2030-01-01
I892208,-385,4.768556857E7,2025-09-05
I895631,-1308,1.707348456E8,2025-09-13
I900906,-1826,1.4504956429E8,2025-10-14
I906491,1021,1.059946322E7,
I908392,-159,7602105.93,2025-10-01
I911830,1951,2.1557519803E8,
I921333,-327,3.094615278E7,2025-10-17
I922483,190,1.728483252E7,2030-01-01
I923258,867,9.459460521E7,
I925378,652,9087291.93,2030-01-01
I928140,-1042,9699054.67,2025-09-13
I928788,1885,1.9893078764E8,
I935068,413,5.511838631E7,
I935710,1447,1.5008723377E8,
I936382,1153,1.0779293277E8,2030-01-01
I829766,-397,2.957789522E7,2025-10-14
I830891,-1982,1.7141457176E8,2025-10-01
I825732,408,6.0754025E7,
I827702,1094,5.575703821E7,
I841663,-148,4229212.02,2025-09-03
I844627,-460,1.134901532E7,2025-09-06
I845374,-1170,1.7283970594E8,2025-09-10
I852153,1691,5.399918205E7,
I859436,1434,1.8242261139E8,2030-01-01
I869667,1186,1.4552516778E8,2030-01-01
I870836,1600,6.853791686E7,
I872926,-1369,1.4345855624E8,2025-09-10
I873123,1468,9.168692602E7,2030-01-01
I873435,1899,2.3203347888E8,
I881429,303,1.904444933E7,2030-01-01
I882224,1669,8.606281353E7,2030-01-01
I883181,456,4.746704356E7,
I885729,1521,7.902740502E7,2030-01-01
I898989,1200,3639409.46,
I902572,1343,1.2190957944E8,
I905934,504,7.416690634E7,
I914570,-1862,8.549741371E7,2025-10-26
I918099,-1623,1.7082961607E8,2025-10-07
I919602,-1728,1.57260352E7,2025-09-14
I933976,-169,9490019.28,2025-09-30
I934199,-1573,8.065885042E7,2025-10-30
I935349,-1273,9.887214166E7,2025-10-30
I936045,706,8.727132419E7,2030-01-01
I943287,-307,3.784484431E7,2025-09-14
I943681,-1188,5.916227233E7,2025-09-06
I945100,1448,7.01247035E7,
I946756,1493,4.891470589E7,
I952478,1962,2.6985526564E8,2030-01-01
I956627,716,4.948812631E7,
I960525,-285,2.738588187E7,2025-09-01
I967550,-1028,4.457319991E7,2030-01-01
I971270,-226,1.443380512E7,2025-09-25
I975775,-1433,2.0494277003E8,2025-10-11
I978395,235,1.801738549E7,
I981300,-642,1.305815728E7,2025-10-04
I987353,471,6.465511714E7,2030-01-01
I987481,-1491,8.271678666E7,2025-10-06
I990939,969,4.967496787E7,
I996781,-289,3.982864413E7,2025-09-27
I1000149,-1233,1.8446182058E8,2025-09-25
I1005196,1332,1.3922599631E8,
I1007744,1766,8.37603411E7,
I948579,-1538,2.2655509461E8,2025-10-25
I949635,664,7.574200913E7,2030-01-01
I950894,-613,1.297489879E7,2025-09-23
I939945,309,4.123410442E7,
I941480,657,5.62284598E7,
I943425,967,1.284845506E8,
I943479,1611,7.092427689E7,
I956686,1800,2.4815085985E8,2030-01-01
I964159,1571,1.1646458178E8,
I972825,1530,1797457.24,2030-01-01
I984332,316,1.824303086E7,2030-01-01
I988845,-459,1.129607909E7,2025-10-30
I994455,1624,7.513655806E7,
I995146,1273,1.6066124259E8,2030-01-01
I997444,871,2.082599579E7,2030-01-01
I998442,1714,4.475956663E7,
I1001259,1088,4.434727534E7,2030-01-01
I1005848,-825,9.634031853E7,2025-10-27
I1007101,532,3209064.6,
I941160,-358,3.901420728E7,2025-09-06
I945005,1346,1.4945820599E8,2030-01-01
I948193,-1203,1.1632784597E8,2025-10-13
I950489,-1346,1.8553457463E8,2025-09-12
I946095,874,1.485284265E7,
I952428,142,8462902.4,2030-01-01
I953005,1101,9.583880153E7,
I959832,-1676,1.7251179303E8,2025-10-06
I960786,95,8299692.9,
I966964,313,3.368516638E7,2030-01-01
I967388,-108,2497662.94,2025-09-23
I969646,-1202,1.395661685E8,2025-09-03
I969901,286,1.191697643E7,
I972374,185,1.338895142E7,2030-01-01
I975182,-1872,2.421777453E8,2025-09-05
I976531,336,4.037301412E7,
I977474,1666,1.2793128792E8,
I982588,221,1.782139569E7,
I984021,766,1.764892338E7,2030-01-01
I993678,-1595,3904914.03,2025-09-03
I994788,1421,6869936.96,
I1001008,-1500,3.763173488E7,2025-09-07
I1006299,366,3.852942394E7,
I1008062,561,2.858020956E7,
I940826,973,1.182155574E7,2030-01-01
I947589,639,6.127817876E7,2030-01-01
I951557,-101,772146.33,2025-10-28
I951971,1981,1.3545521814E8,
I965616,-331,0.0,2025-10-28
I966756,-1449,3.786713306E7,
I972905,762,3.219464783E7,
I973844,1269,6.99817279E7,2030-01-01
I982627,-478,5.69991765E7,2025-09-15
I982901,-1425,3.069318175E7,2025-10-03
I987064,904,4.921760224E7,2030-01-01
I993623,1787,2.0789273241E8,
I995817,1578,2.825588904E7,
I999466,390,2.78592767E7,
I999858,-1145,1.0203932485E8,2025-09-03
I1008974,-710,6.745429578E7,2025-10-09
I941795,1898,2.1283867121E8,2030-01-01
I944896,-104,1.452614667E7,2025-09-19
I940207,1469,1.7492296139E8,
I953087,1964,2.4967976055E8,2030-01-01
I955633,445,3.022530438E7,2030-01-01
I956632,-420,5.027140086E7,2025-09-19
I960000,1201,9.41508491E7,
I972538,1920,7810065.14,
I973593,1883,1.0696820499E8,2030-01-01
I982447,281,0.0,
I983340,1343,1.433874079E8,
I986461,1814,1.436687586E7,
I996894,-1608,1.0890477361E8,2025-10-22
I999020,1433,3561018.76,2030-01-01
I1002189,-290,1795780.04,2025-10-04
I1008564,405,3.997851568E7,
I945435,410,6473196.86,2030-01-01
I948366,519,3.407698911E7,2030-01-01
I949288,-1164,6.580944503E7,2025-10-04
I946228,1554,5.957336418E7,
I950201,1568,3181199.32,
I951887,1761,5.443300755E7,2030-01-01
I954139,1552,1.7183448036E8,
I958062,224,4371362.09,
I961585,-1416,1.8701700282E8,2025-10-10
I962159,-1224,1.8318451243E8,2025-10-12
I964624,-1312,1.899442564E8,
I967959,-1333,1.52131441E8,2030-01-01
I969441,-718,7014828.77,2025-09-05
I970652,1834,2.0175984697E8,2030-01-01
I970948,1042,7.701667148E7,2030-01-01
I971500,899,1.0937302394E8,
I972944,820,5.903587224E7,2030-01-01
I984280,1973,2.4696578244E8,2030-01-01
I990736,152,1.256993054E7,
I990760,1360,1.2489431576E8,
I992969,260,3.544095631E7,
I999985,410,2.978465055E7,
I1000689,-338,3847279.0,2030-01-01
I1003102,913,4.424964242E7,2030-01-01
I1006779,-189,6985784.48,2025-10-02
I941512,664,8809610.59,2030-01-01
I949733,694,5.52670026E7,2030-01-01
I947800,898,5029942.08,
I954238,-757,6.116198784E7,2025-10-18
I956282,-1921,1.6374997335E8,2025-09-05
I958709,174,3621854.17,
I958791,1427,8.875063736E7,
I962633,-1359,1.2201229209E8,2025-09-07
I962810,1475,2.1793553835E8,2030-01-01
I976940,-195,2.904351948E7,2025-09-28
I980269,1676,2.0694802013E8,
I980624,-713,6.35418859E7,2025-10-06
I982184,357,1.350231158E7,
I982247,-921,1.811548799E7,2025-10-07
I986216,92,605769.43,
I986551,1883,8.28916543E7,2030-01-01
I988177,-494,3.955773007E7,2025-10-13
I995969,780,7.377623306E7,2030-01-01
I995971,1401,1.3348858887E8,
I998533,347,1.24650091E7,
I1000243,1771,2.2484829087E8,
I1002200,-1741,1.804752463E7,2025-10-25
I1009001,-1121,4.521034623E7,2025-10-23
I939211,-572,4.579337732E7,2025-09-17
I947798,-910,1.1289021468E8,2030-01-01
I948914,845,7.409260811E7,2030-01-01
I942493,1848,1.1222049994E8,
I957861,1877,2.440243088E7,
I958040,1477,1.4834304719E8,
I959227,1973,2.031971312E7,
I963689,-258,3.34848448E7,2025-09-17
I963844,-1777,2.1508894622E8,2025-09-09
I966781,-862,6.053637886E7,2025-09-14
I966977,-553,3.202869101E7,2025-10-30
I976190,214,1.901929927E7,2030-01-01
I977916,145,2.163444478E7,
I986159,612,6.263060405E7,
I989504,-806,8.205309491E7,2025-09-30
I995082,-652,8.628518625E7,2025-10-31
I999540,767,1.1165826923E8,
I943080,-1414,8.306664796E7,2025-09-09
I940408,469,5.181621484E7,
I945126,359,3.842197966E7,
I948013,1111,6.4865825E7,
I957200,880,9.765712623E7,2030-01-01
I957848,647,8.698787668E7,
I959053,1456,3.127400354E7,
I962111,745,5.305151551E7,
I964839,409,5.126407335E7,2030-01-01
I965922,1463,1.5747786905E8,2030-01-01
I967476,1897,1.0733750369E8,2030-01-01
I972417,-1755,3373053.63,2025-09-09
I974752,350,3.924670116E7,
I974825,1333,1.3475001793E8,2030-01-01
I978182,1121,4.537636791E7,
I983272,437,4.192635491E7,
I988948,1403,1.970537097E7,2030-01-01
I992828,-1503,2.1043134008E8,2025-09-23
I995475,1258,1.7067284103E8,2030-01-01
I995684,978,1.2254122988E8,2030-01-01
I1002326,467,6.881044919E7,
I1004897,-1967,1.1256533077E8,2025-10-18
I1007716,1768,1.371675092E7,
I1008479,1397,1.9265427183E8,2030-01-01
I949131,938,4.64739306E7,2030-01-01
I949893,-1176,7.872057249E7,2025-10-10
I939933,573,6.774657114E7,
I941553,1475,2.1532862252E8,
I951266,1863,2.292512055E7,2030-01-01
I951517,-1436,1.2124341142E8,2025-09-21
I952211,-1131,2738454.48,2025-10-20
I956888,1051,5.604473021E7,2030-01-01
I961626,455,5.656747316E7,2030-01-01
I961658,1390,1.9858492613E8,
I962326,140,8240317.34,2030-01-01
I963469,680,2.291790716E7,2030-01-01
I966365,885,8.943465273E7,
I969962,185,1.349905409E7,2030-01-01
I971093,604,6.210886529E7,2030-01-01
I972118,-1161,2.536762058E7,2025-10-13
I977139,-1066,0.0,2025-09-21
I977856,1391,1.252727619E8,
I985633,442,5.075860523E7,
I987576,944,5621839.57,2030-01-01
I988429,1998,1.5523084882E8,
I992127,1498,2.0052912513E8,2030-01-01
I993340,986,9.877711384E7,2030-01-01
I995458,-888,2.254038248E7,2025-09-07
I996183,168,1.372017774E7,
I997483,-1671,9.818169811E7,2025-09-25
I998347,1821,1.3083499083E8,2030-01-01
I1000257,-1008,0.0,2025-10-15
I1002816,1220,1.3680385805E8,2030-01-01
I1004851,1684,2.4417302556E8,2030-01-01
I1006728,1273,1.474601824E7,
I1006958,-340,4.28800446E7,2025-09-03
I1008102,1029,8.404195516E7,
I1009870,684,4.071215491E7,
I940850,-1699,1.0663642934E8,2025-10-11
I941552,-891,8.660087682E7,2025-10-23
I945390,635,3937875.43,2030-01-01
I947034,1546,1.697562067E8,2030-01-01
I950284,486,6.841912859E7,2030-01-01
I950748,1020,4.106217387E7,
I952603,-350,1.782447149E7,2025-09-08
I958268,-1786,1.700627857E8,2025-10-01
I960017,-982,1.0754088383E8,2025-10-24
I968482,-143,9187527.42,2025-09-25
I970259,-686,8.025022986E7,2025-09-23
I971305,1896,2.333167688E8,2030-01-01
I979242,1261,1.560879613E8,
I979467,1762,9.279129669E7,2030-01-01
I980362,1924,2.382039544E8,
I983886,-69,223504.61,2025-10-10
I985123,1586,7.846906514E7,
I989238,-608,4.295867905E7,2025-10-21
I992102,1862,0.0,
I992898,614,1.196536883E7,
I1000968,-386,5.746793275E7,2025-09-23
I1006156,898,1.2549375505E8,2030-01-01
I942307,1279,5107527.15,2030-01-01
I941355,980,4.257493443E7,
I956901,657,5.134759632E7,2030-01-01
I957532,-744,1.798700316E7,2025-10-08
I957930,404,4.782110628E7,2030-01-01
I961326,-520,5.28524444E7,
I963033,1188,1.1507359612E8,2030-01-01
I974906,-1016,1.0323109121E8,2025-10-18
I978560,506,1.33325408E7,
I982051,1279,6.073162644E7,2030-01-01
I982841,-1649,1.6367961415E8,2025-10-23
I984207,1677,2.0341761935E8,2030-01-01
I991234,425,1.525121658E7,2030-01-01
I993773,626,6.003699161E7,2030-01-01
I994962,177,8957184.77,2030-01-01
I997605,1555,1.8227856115E8,
I997838,-1008,1.3526200355E8,2025-10-03
I1006463,149,1.835074572E7,2030-01-01
