item_id,units_sold,revenue,sale_date
,107,1.227711612E7,2025-09-20
I15521,94,1.268210391E7,
I25576,1516,2.2320716252E8,2030-01-01
I26997,-898,1.2523833792E8,2025-10-18
I27742,63,4408629.65,2030-01-01
I29961,463,1.105847708E7,2030-01-01
I31963,814,6.349648904E7,
I32923,-1248,1.1758940417E8,2025-09-14
I34263,1297,1.2293693215E8,
I39189,1565,1.8995319171E8,
I46858,1441,1.1536250141E8,2030-01-01
I50589,-1178,1.143217293E8,2025-09-22
I53356,-1753,4.989425236E7,2025-10-22
I58384,-450,5.266925859E7,2025-10-06
I60822,926,2.212761912E7,
I64690,1178,9972436.7,
I67995,1326,1.2030012529E8,
I76716,-675,5.441589152E7,
I76942,1222,3.057802997E7,
I77815,730,2.370565837E7,2030-01-01
I79681,587,3.309622795E7,
I84220,162,2.157499303E7,2030-01-01
I85307,321,1.954316919E7,2030-01-01
I86956,1508,2.1741705909E8,
I90525,-62,2042100.38,2025-09-06
I90600,838,9.443174306E7,
I101000,340,4.023771196E7,
I101805,1885,1.5699842656E8,
I102921,1731,1.5876926786E8,2030-01-01
I103449,1307,4.430415586E7,2030-01-01
I106032,784,7.789924988E7,
I117500,488,1860896.22,2030-01-01
I119922,528,5.464863707E7,2030-01-01
I120514,1016,1.034724855E8,2030-01-01
I121910,1066,3.926848762E7,2030-01-01
I122622,-1889,1.9722367574E8,2025-10-16
I124736,663,3.387585367E7,2030-01-01
I13140,-478,1.374761596E7,2025-09-24
I20780,471,1.246910727E7,2030-01-01
I22117,-293,3.379780235E7,2025-09-09
I11640,195,0.0,
I24510,1450,1.3297405754E8,2030-01-01
I25165,72,8454738.81,
I27510,-1575,1.4677237714E8,2025-09-16
I27735,1785,1.3022041965E8,
I32376,721,3.982684445E7,2030-01-01
I33319,-1405,5.11955333E7,2025-09-06
I35421,918,2205804.22,
I35792,1163,6.004515519E7,
I40820,978,5.685780682E7,2030-01-01
I44754,-1810,1.003267569E8,2025-09-21
I45982,937,1.1899358569E8,
I50803,484,4.020323732E7,
I51796,1235,1.6054938784E8,
I53728,1429,8.28850605E7,2030-01-01
I55969,-609,0.0,2025-10-23
I64134,673,5.223467736E7,
I65734,-1881,8.89916114E7,2025-09-24
I69933,107,6895566.6,
I72105,-361,4.228451324E7,2025-10-29
I83315,-997,1.4334267133E8,2025-10-18
I88401,884,7247276.66,2030-01-01
I89442,-398,3.026127952E7,2025-10-18
I91517,-1347,9.074530647E7,2025-10-01
I92738,-172,2.094967242E7,2025-09-12
I99040,-1130,1.6346624979E8,2025-10-19
I99542,-338,8569579.11,2025-10-09
I100509,-1115,1.585749279E7,2025-10-08
I103351,-1859,1.0971244781E8,2025-10-06
I111395,-191,1.247754816E7,2025-10-27
I112617,216,3.203720646E7,2030-01-01
I120658,1025,2.077271108E7,2030-01-01
I122615,1750,7.525269518E7,2030-01-01
I125890,595,4.260233949E7,2030-01-01
I127503,163,1.085573177E7,2030-01-01
I11753,-1427,1.0118002133E8,2025-09-27
I16612,-1158,9.727356128E7,2025-09-11
I20991,1849,1.9383981546E8,2030-01-01
I17650,1923,4.596658146E7,
I17797,1478,1.018036314E7,
I25777,605,4.975337484E7,
I27809,743,6.558910422E7,
I28027,1783,1.5758008468E8,2030-01-01
I28798,-214,2.631155712E7,2025-09-28
I32012,530,7.254241955E7,
I35822,1262,6.418287721E7,2030-01-01
I37611,1275,1.6697639827E8,
I38144,285,3.33153812E7,
I38471,-491,7.26450864E7,2025-09-09
I38811,1732,1.4761171888E8,2030-01-01
I40526,-1135,1.1646395831E8,2025-10-05
I48311,1674,6.581019962E7,
I51728,936,9.763376558E7,
I53169,-193,2.229548969E7,2025-09-17
I56136,-508,3.987545678E7,2025-10-15
I67280,685,2.349385089E7,
I71135,-508,6392282.44,2025-10-24
I72847,1530,9.164466113E7,2030-01-01
I76520,-131,1.43611216E7,2025-09-10
I76735,-1968,2.3955481623E8,2025-10-12
I78482,-918,1.0401812648E8,2025-10-14
I89179,1979,1.8878166845E8,
I92442,-1061,4.142240262E7,2025-09-06
I95049,609,6.489757342E7,2030-01-01
I103443,685,2.055261554E7,2030-01-01
I106084,1758,1.0836744834E8,2030-01-01
I117343,-696,1.801071315E7,2025-10-15
I125640,1048,6.625049959E7,
I13102,500,1552455.67,2030-01-01
I14116,-1170,1.113984518E7,2025-09-26
I16553,1645,1.9857224281E8,2030-01-01
I18754,1067,5.207859657E7,2030-01-01
I19140,1407,1.431182551E8,2030-01-01
I23329,1503,0.0,2030-01-01
I31926,1601,2.1588401759E8,
I33393,167,2.315354979E7,
I36750,-1114,4.266495125E7,2025-10-25
I39622,-1841,2.3360516579E8,2025-09-23
I43188,346,4.069727975E7,2030-01-01
I43418,454,2366611.98,
I45735,-50,3202135.66,2025-10-18
I48513,917,1.0505559421E8,2030-01-01
I53324,333,4.799398372E7,2030-01-01
I55747,349,4.759292888E7,2030-01-01
I55867,201,6189501.26,
I57396,-405,1.729715524E7,2025-09-12
I57435,990,3.140309443E7,
I57783,150,2.001028397E7,
I60230,-613,1.079033793E7,2025-10-11
I63560,-1789,2.0621582731E8,2025-10-30
I70569,822,2.748989797E7,2030-01-01
I77899,-663,7.748558662E7,2025-10-21
I78141,1608,2.0934971014E8,2030-01-01
I84880,1301,1.6940749232E8,
I85301,114,4888683.34,
I86879,55,845174.6,2030-01-01
I87366,1746,7.494540046E7,
I89744,1098,9.427448428E7,
I91900,1836,1.934033778E8,
I93307,-1189,1.3458333414E8,2025-09-20
I98420,944,1.870473814E7,2030-01-01
I98912,207,2.78062186E7,2030-01-01
I99467,652,6.46096727E7,2030-01-01
I107625,1423,6.942326225E7,
I108817,-164,5792127.43,2025-09-01
I109007,607,6.376746419E7,
I109576,-217,2.945842953E7,2025-09-04
I109792,1375,1.9490402943E8,
I110264,-66,5576889.46,2025-09-20
I111378,-664,8.723297009E7,2025-10-11
I115474,737,1.425197429E7,2030-01-01
I116458,1385,1.5287156784E8,
I118382,-1925,2.501669914E7,2025-10-19
I118700,654,6.636968992E7,
I124373,711,4.385634656E7,2030-01-01
I125131,113,8368308.26,
I16404,-1754,7.609089866E7,2025-09-16
I16954,-404,6894967.98,2025-10-14
I22087,-1364,1.0682535788E8,2025-09-29
I22252,1434,1.4892425578E8,2030-01-01
I18261,1446,1.6728375454E8,
I25895,-804,9.709864352E7,2025-10-04
I31951,1856,2.0560092642E8,
I33144,1121,3.608907597E7,2030-01-01
I40078,-1622,1.4155841835E8,2025-10-20
I44817,1325,1.341137728E7,2030-01-01
I45265,336,1.353860765E7,2030-01-01
I49062,1897,1.5474625767E8,
I50652,-508,5.945377195E7,2025-10-18
I61494,624,9.171068371E7,2030-01-01
I62370,-1574,2.2275306933E8,2025-10-23
I63311,-1795,1.0423732247E8,2025-10-13
I66526,-1177,9.103012046E7,2025-09-07
I67413,1094,8.629403567E7,
I72851,719,8.766136245E7,
I74251,476,1.321781086E7,
I79837,252,8941581.5,2030-01-01
I79975,1672,6.800859469E7,2030-01-01
I83246,-259,2.185947131E7,2025-09-27
I83743,196,1.942917666E7,2030-01-01
I85259,1219,3.32260076E7,2030-01-01
I85277,342,2.753207052E7,2030-01-01
I89073,-330,3.609649562E7,2025-10-09
I95015,1754,2.0018038352E8,
I97481,1806,1.8781907814E8,
I112510,1248,3.663029965E7,
I117603,-337,3.486752792E7,2025-09-20
I122155,1751,2.0171094506E8,
I122513,1386,1.5957010042E8,
I126573,1531,5.750226433E7,
I14829,1452,6.205864958E7,2030-01-01
I15427,1432,2.309438378E7,2030-01-01
I16401,1372,6.361950703E7,
I19372,1943,1.7696480653E8,
I26635,1789,4.248379937E7,
I28503,493,1.288641817E7,
I28829,-297,2.117263258E7,2030-01-01
I32165,1181,4.81503181E7,
I32569,1347,7.035486847E7,2030-01-01
I33654,1729,7.691835305E7,
I34919,1107,1.180142654E8,
I39961,-836,7798563.73,2025-10-25
I40891,1086,5.005957158E7,
I42064,1037,9.848640344E7,
I49867,-842,9.983485385E7,2025-10-30
I56881,1904,2.6685651266E8,
I59887,1022,8.603027109E7,
I61556,488,7.127982459E7,
I63889,1736,8.61777185E7,
I74820,1261,1.4545337769E8,
I75735,746,8.066661652E7,2030-01-01
I79070,1079,2.582567917E7,2030-01-01
I83933,-1291,1.3154191224E8,2025-09-12
I87059,1467,9.638219789E7,2030-01-01
I88092,1005,1.660991057E7,2030-01-01
I90807,302,4.110385317E7,2030-01-01
I92281,628,2.164046952E7,2030-01-01
I103142,624,6.522890369E7,2030-01-01
I104899,-972,4.385798898E7,2025-10-12
I112070,1251,7.200712235E7,2030-01-01
I124615,213,1.776855692E7,2030-01-01
I124681,-129,6765941.56,2025-09-05
I125144,1550,0.0,
I12783,-244,1.06287178E7,2025-10-20
I13448,-376,1.240748519E7,2025-10-18
I14232,-1222,8.52754647E7,2025-10-22
I16680,-292,5733933.8,2025-09-03
I28349,1954,9.07492033E7,2030-01-01
I29023,-1182,1.6278403488E8,2025-10-12
I29107,1359,0.0,2030-01-01
I29752,1016,2.441523523E7,2030-01-01
I42537,-295,8583919.84,2025-10-15
I43850,996,3.306915829E7,2030-01-01
I46216,865,1.2669632979E8,
I52027,-868,7.610761822E7,2025-09-14
I54538,1830,5.612671186E7,2030-01-01
I58980,-1035,2.701092467E7,2025-09-10
I59554,1282,1.4585392274E8,
I59813,-252,3.417913989E7,2025-10-14
I71110,-1900,2.2594539362E8,2025-09-14
I75682,1593,1.0483291705E8,
I77178,1223,1.691830923E8,2030-01-01
I81729,410,1.854803754E7,
I82934,1524,9.876337063E7,2030-01-01
I86983,-1870,1.3834607878E8,2025-10-01
I92522,317,2.987200029E7,
I95558,147,1.795012502E7,
I109835,-232,1.347388457E7,2025-09-06
I110710,1053,1.1584138947E8,2030-01-01
I120770,-111,2723421.29,2025-10-31
I122759,378,5.45791727E7,
I123917,1692,2.2587521251E8,
I125506,-1402,1.1516790027E8,2025-10-09
I126778,1556,3.563460345E7,
I10081,-721,4.902463476E7,2025-10-06
I12857,-574,2.90759533E7,2025-10-14
I14912,-369,5.301917528E7,2025-09-24
I17991,-944,3.365726351E7,2025-10-22
I21166,-99,9558509.06,2025-10-19
,298,1.732898455E7,2025-10-05
I11605,479,4.491240778E7,
I23395,-109,6197682.35,2025-10-19
I31534,-1607,2.0278298793E8,2025-09-19
I32876,828,3.076681777E7,
I37062,1474,9.934012284E7,
I44538,780,5.091617158E7,
I47346,861,0.0,2030-01-01
I51128,666,4645995.3,
I51958,-484,2.915093951E7,2025-10-04
I52163,1902,3.37496418E7,2030-01-01
I53362,1221,1.0505627149E8,
I64940,1385,1.115552676E7,2030-01-01
I65657,-557,2.20393573E7,2025-09-20
I68378,89,3421531.23,2030-01-01
I69443,117,1218501.45,2030-01-01
I69478,-1600,3.460607565E7,2025-10-09
I71416,331,1.452593672E7,2030-01-01
I77398,240,996078.62,2030-01-01
I79494,-1987,9.412117634E7,2025-10-14
I80040,1246,1843421.42,2030-01-01
I80575,65,8002716.42,2030-01-01
I82091,1512,1.7173466336E8,2030-01-01
I83986,-1424,2062147.86,2025-10-23
I85230,1914,2.1031449899E8,
I86692,-1555,1.0127114092E8,2025-10-16
I89753,688,1.0020050337E8,
I89865,628,8.555719499E7,2030-01-01
I91583,493,5.20785288E7,
I93222,-307,4150982.38,2025-09-26
I95542,490,6.944147385E7,2030-01-01
I97386,1976,3755157.89,
I97474,1183,3.719846232E7,2030-01-01
I100007,410,6.123045588E7,
I102085,671,1.026097255E7,
I103743,492,1.53365722E7,2030-01-01
I104809,114,1.560703441E7,2030-01-01
I113109,1748,2.625367772E7,2030-01-01
I115181,1177,3.587464141E7,
I115898,-227,3.331087148E7,2025-10-16
I120529,-1794,1.6514816293E8,2025-09-22
I120551,-486,3.011739134E7,2025-10-23
I16964,534,7.79323787E7,2030-01-01
I19670,1942,0.0,2030-01-01
I12846,1738,5.997468956E7,
I23576,-1388,1.57444801E7,2025-10-24
I23754,1487,1.5263245406E8,2030-01-01
I29721,56,3536296.13,
I30846,579,1.330585081E7,2030-01-01
I32061,1327,4.922814654E7,2030-01-01
I41258,751,6.102622696E7,
I43737,-299,3.322393185E7,2030-01-01
I47088,-74,4685272.97,2025-09-03
I55756,-402,4.982182221E7,2030-01-01
I56057,72,2781338.5,2030-01-01
I59469,-1748,2.3573302797E8,2025-09-13
I64563,1302,1.2039542003E8,2030-01-01
I66309,961,8.768494885E7,2030-01-01
I70373,1634,1.9590319304E8,2030-01-01
I72246,-306,3.621477713E7,2025-10-30
I72656,762,1.561286615E7,2030-01-01
I82022,629,4.942817032E7,2030-01-01
I87175,589,4856889.09,2030-01-01
I87447,404,4.111370823E7,2030-01-01
I88836,338,7716902.83,2030-01-01
I93393,1121,1.202685175E8,
I93889,-1790,1.5294005067E8,2025-10-14
I94508,1518,2.0792042455E8,2030-01-01
I98865,1937,1.6626073409E8,2030-01-01
I105689,572,1.019487326E7,2030-01-01
I117825,-1715,1.8701991872E8,2030-01-01
I128193,804,1.204517024E8,
I11059,-1827,3.495283133E7,2025-09-27
I12205,167,2.470087027E7,2030-01-01
I13232,1428,4.635316754E7,
I24641,1064,1023741.26,2030-01-01
I26887,1023,3.708411355E7,
I36302,1535,1.639229093E8,
I36414,1368,7.445500161E7,2030-01-01
I44746,1324,0.0,
I48658,1262,9.950442807E7,
I48907,-764,7.158586895E7,2025-10-12
I49026,892,6.867291671E7,
I49087,1463,7.952803359E7,
I61282,1881,0.0,
I65147,-1540,9505290.09,2025-10-06
I69718,-645,7.643978866E7,2025-10-14
I70308,-950,5.144088019E7,2025-10-16
I73423,1878,2.7462498225E8,
I77153,1203,2.77148633E7,2030-01-01
I77931,581,2.706902289E7,
I78577,644,4618227.32,
I80643,1372,5.903608775E7,2030-01-01
I82012,1089,3238038.61,
I89576,1853,9.421273166E7,2030-01-01
I90496,-1199,1.5919703868E8,2025-09-26
I91401,1153,6.886369116E7,2030-01-01
I93818,-1434,3.017420004E7,2025-10-01
I97568,953,1.3328596279E8,
I98832,829,5.564261994E7,2030-01-01
I99623,1152,1.1086209482E8,
I108379,1681,2.3982996058E8,
I110990,1852,3.969527004E7,2030-01-01
I117574,-430,3.866329389E7,2025-09-09
I119271,1265,3.442077383E7,
I119640,-1884,1.6868429757E8,2025-09-30
I121936,-1980,2.6077003489E8,2025-09-07
I127410,1087,4.689126089E7,
I21111,-1532,1.5940938663E8,2025-09-01
I21903,-398,2.393099203E7,2030-01-01
I22098,-385,5.640400439E7,2025-10-03
I19019,1066,5.236367437E7,
I23118,1144,1.5130107484E8,2030-01-01
I27575,-646,1.027144263E7,2025-09-17
I34255,-275,3.355443264E7,2025-09-19
I35282,681,9.411221957E7,
I35801,1313,1.7728823695E8,
I40225,954,8.405305208E7,2030-01-01
I40748,1326,1.8444750617E8,
I51151,206,0.0,2030-01-01
I61077,62,5321809.15,2030-01-01
I64428,-1792,4.719037364E7,2025-09-17
I65756,1419,1.0039910782E8,
I65936,-63,3715612.6,2025-09-04
I66075,-1770,8.650830091E7,2025-10-29
I70990,1192,1.1661570945E8,2030-01-01
I76318,1951,4.970529163E7,2030-01-01
I76885,-897,3.909289289E7,2025-10-19
I78515,330,2.966242973E7,2030-01-01
I85806,-1696,6.464312315E7,2025-10-04
I91081,-373,2.54503107E7,2025-09-07
I91796,-1870,1.2629977027E8,2025-09-12
I92099,230,1.327510636E7,
I99240,1618,1523812.88,2030-01-01
I101193,1545,1.7720029839E8,
I106180,-583,3.571079967E7,2025-10-15
I112612,-475,5.625135124E7,2025-09-21
I115882,1178,1.0522750902E8,
I119062,238,2.882963976E7,
I127602,1982,1.6462959335E8,
I13339,1013,5634809.53,2030-01-01
I14328,-1562,1.8747664743E8,2025-10-11
,914,3.305303767E7,2025-09-30
I21673,733,2.860172576E7,
I21755,1710,1.7973038088E8,
I28674,-588,2.782278147E7,2025-09-27
I30564,1424,1.3471665635E8,
I32058,1453,2.1518452444E8,
I34840,879,0.0,
I43484,1483,7.157418969E7,
I47653,-1999,2.3356525217E8,2025-09-07
I47678,690,6.407656791E7,2030-01-01
I53341,-523,2.224588181E7,2025-09-30
I53573,-1023,6.595977789E7,2025-10-06
I53876,611,8.215941209E7,2030-01-01
I53889,1123,1.0971679857E8,2030-01-01
I57085,-1935,9.013497949E7,2025-09-14
I57572,-1520,2016789.86,2025-10-02
I59793,1719,2.2908384235E8,2030-01-01
I65972,1048,1.0599868483E8,
I67523,-1574,1.2372604305E8,2025-09-05
I71752,1387,1.0262500189E8,2030-01-01
I72454,-1750,1.968450107E7,
I87361,346,4.58098597E7,
I89542,-184,2559128.17,2025-10-02
I89788,-1893,1.5146126467E8,2025-09-08
I92991,120,1.088359419E7,2030-01-01
I106093,-1609,2.1460811504E8,2025-09-24
I107437,-974,5.887648976E7,2025-10-27
I112655,492,4.098858933E7,2030-01-01
I113628,1257,7.505851025E7,
I114551,1002,1.181559217E7,2030-01-01
I117684,1105,6.920442742E7,2030-01-01
I117938,539,7.092290258E7,2030-01-01
I118155,-117,1569272.18,2025-09-03
I120966,993,1.4750858945E8,
I130886,205,1.177240522E7,2030-01-01
I133475,252,2.451330202E7,2030-01-01
I143485,1061,3.242049978E7,2030-01-01
I145382,726,5.487436542E7,
I148729,926,1.3609197798E8,2030-01-01
I149643,878,1.188826668E7,2030-01-01
I149734,-1188,6.848932918E7,2025-09-10
I150069,1325,5.213118502E7,2030-01-01
I150326,-1762,2.1995703234E8,2025-10-28
I157570,1134,1279232.44,
I161058,-406,3.579487345E7,2025-10-29
I162479,1802,2.707089691E7,2030-01-01
I164596,772,3.335833023E7,
I178979,-456,4.857168133E7,2025-10-07
I182056,1857,1.5013100554E8,2030-01-01
I183324,1769,1.9473834889E8,
I187568,301,9484842.14,
I196219,1670,2.3704222841E8,2030-01-01
I197921,-1105,1.4009675297E8,2025-09-15
I198901,762,4.440367548E7,2030-01-01
I201862,-1740,3.162875389E7,2025-10-17
I206410,166,9479086.85,2030-01-01
I208941,-1804,1.8379214716E8,2025-10-30
I211048,656,1.545104756E7,2030-01-01
I219588,1272,7.189476302E7,
I221835,416,1.914175629E7,
I226663,1741,1.1671735698E8,
I228221,1888,1.6933814441E8,2030-01-01
I230007,-390,1.933978895E7,2025-09-27
I237154,1917,1.7742642025E8,2030-01-01
I241674,1454,9.736621687E7,
I131947,679,2.137384372E7,2030-01-01
I139587,215,2519690.94,
I144038,1230,5.738951743E7,
I144512,1499,2.1126762563E8,2030-01-01
I146203,99,4931404.44,
I153768,929,1.1428027692E8,
I157694,-1909,1.7095083925E8,2025-10-15
I158200,-1828,1.5218591331E8,2025-10-25
I161202,453,3.771609106E7,
I162060,-462,1.88976846E7,2025-09-03
I165224,1745,2.2956525933E8,2030-01-01
I169143,-1255,4.329096951E7,2025-09-07
I169873,1076,7778059.68,
I175049,751,2.001186897E7,
I177061,1437,3.081155011E7,2030-01-01
I177206,-71,2555271.21,2025-10-01
I179886,-453,6.198222118E7,2025-10-04
I179953,1761,0.0,
I182606,654,1.006568703E7,2030-01-01
I191981,1120,1.0986397051E8,
I192440,1547,1.2461918641E8,
I205751,177,2.646681803E7,2030-01-01
I206695,477,3.183005316E7,2030-01-01
I206753,1572,1.4482034191E8,2030-01-01
I210321,1157,1.0737091299E8,2030-01-01
I211846,1059,7.586112343E7,
I214375,668,5.602533326E7,2030-01-01
I216684,857,9.319368847E7,2030-01-01
I219025,1217,3.426882636E7,2030-01-01
I220973,-1646,8.18566363E7,2025-09-07
I221342,713,3.761596741E7,
I224339,-1652,3.511088368E7,2025-10-04
I229020,-68,7645670.63,2025-09-18
I232350,1320,5.53756928E7,
I234195,-275,2.880519418E7,2025-09-23
I239876,731,5.047401332E7,
I241195,-671,6.130244763E7,2025-09-13
I243229,583,6.836269875E7,
I135012,-585,1.737081509E7,2025-10-08
I129026,465,3.678788073E7,
I135750,1151,1.2730411525E8,
I137210,548,6.19835381E7,
I139628,1386,9.843149801E7,
I143848,-1546,2.2691641753E8,2025-09-18
I145636,1799,1.3514951562E8,2030-01-01
I147666,875,9.60300137E7,2030-01-01
I148504,1091,1.0610678177E8,2030-01-01
I148673,-753,3104404.55,2025-10-06
I158533,-1823,2.2278901729E8,2025-10-14
I162767,-694,6.66314766E7,2025-10-09
I167504,-1461,4.264492724E7,2025-10-13
I169706,1274,1.7671815277E8,2030-01-01
I171848,333,4.115229921E7,
I176021,-153,7869247.38,2025-09-27
I178912,206,1.900307029E7,2030-01-01
I180438,612,8.464722207E7,2030-01-01
I182885,1623,1.4672722043E8,2030-01-01
I184626,-908,9.293893262E7,2025-09-30
I185905,1243,2.582222387E7,2030-01-01
I191424,-1959,1.995924096E7,
I208650,1263,1.633518151E7,
I210617,487,4.811651266E7,2030-01-01
I211363,1277,4820164.65,
I212236,156,2.269995347E7,2030-01-01
I212748,1735,8.68049906E7,
I222512,-1416,1.2581509178E8,2025-09-14
I222557,1624,2.4041851337E8,2030-01-01
I226291,1400,1.6063879004E8,2030-01-01
I226583,98,8895994.13,
I229662,1121,4.583198605E7,
I236798,523,5.020417929E7,
I240052,-1220,4.510838557E7,2025-10-03
I242245,-768,1.0028624609E8,2025-09-12
I243445,-340,2.821206989E7,2025-09-11
I132106,66,7293644.79,2030-01-01
I132137,265,2775705.85,2030-01-01
I134598,-1151,4.075884591E7,2025-10-27
I134927,751,1.520325619E7,2030-01-01
I136717,-1111,2.667484363E7,2025-10-05
I140687,295,1137882.19,
I142962,1733,1.7637545762E8,2030-01-01
I143402,1897,1.0231079557E8,
I143808,571,2.886375235E7,2030-01-01
I145862,-1013,1.002327837E7,2025-10-27
I148134,1979,7.073550276E7,
I155121,1367,1.9741960022E8,
I160882,1755,1.8704461207E8,2030-01-01
I160894,801,4.398719417E7,
I161788,440,1.299879115E7,
I163054,-1056,1.061442259E7,2025-09-11
I166326,1468,1.7493566467E8,2030-01-01
I166998,-342,1.513091065E7,2025-10-09
I167651,584,2.903741813E7,2030-01-01
I169469,1861,1.2889411792E8,2030-01-01
I170532,481,3391537.42,2030-01-01
I171228,1227,8732415.97,2030-01-01
I171614,-1548,8.278185627E7,2025-09-03
I173407,1478,3.69774113E7,
I175257,1233,1.3765878956E8,
I180370,-1824,9.08129332E7,2025-09-24
I192629,139,1.247489335E7,2030-01-01
I194271,-189,2.403674342E7,2025-09-17
I196136,-110,2325429.63,2025-10-22
I197319,1997,7.959961523E7,2030-01-01
I200417,1245,7.445947817E7,2030-01-01
I202614,982,9.403859695E7,
I203606,1444,4.653288064E7,
I204669,-1155,2.242124097E7,
I210992,673,2.121480318E7,2030-01-01
I216487,395,4.035848073E7,
I222585,-1458,2.1385645115E8,2025-10-09
I233877,-1806,2.3908933429E8,2025-10-07
I129421,-1016,6.876941116E7,2025-09-11
I131953,-790,5995047.61,2025-09-12
I138322,327,6579160.42,2030-01-01
I161837,1580,1.976614331E7,
I175622,1314,1.6824942252E8,2030-01-01
I177991,-1964,2.9053751221E8,2025-09-16
I187592,154,8184063.21,2030-01-01
I188810,-917,1.1618667562E8,2025-10-12
I197884,1979,1.514605062E8,
I200574,1111,1.434123612E8,2030-01-01
I202257,1588,1.7409420077E8,2030-01-01
I204470,311,4.085569014E7,
I207902,-1382,2.0065841917E8,2025-10-11
I208257,185,5173870.11,2030-01-01
I209809,1953,1.7316012931E8,2030-01-01
I215598,-1281,8.220302433E7,2030-01-01
I222022,395,3.539214044E7,2030-01-01
I222141,-679,4.078868589E7,2025-09-12
I222273,976,9.605169129E7,2030-01-01
I223405,951,0.0,
I226680,649,8.494903014E7,
I226759,1958,1.4761974262E8,
I226983,1337,6.555449409E7,
I240112,460,1033463.02,2030-01-01
I136168,1236,1.401523738E7,2030-01-01
I130153,1884,1.8480058249E8,
I131632,1856,2.7548103194E8,
I142148,135,2.016223338E7,
I151654,-993,7.804733614E7,2025-09-22
I152183,1203,1.498257362E8,
I153120,1004,9.825118872E7,2030-01-01
I155095,1732,7.178607011E7,2030-01-01
I159685,79,4177468.3,2030-01-01
I159898,1955,2.6757822902E8,2030-01-01
I168184,-1126,4494737.6,2025-09-16
I172422,1411,1.9158375601E8,2030-01-01
I177703,-1850,2.170520743E8,2025-09-06
I177787,368,3.582614539E7,
I184961,-1856,2.719525958E8,2025-10-23
I188100,145,1.330986735E7,2030-01-01
I188924,-1198,8.887371585E7,2025-09-10
I193360,1609,0.0,2030-01-01
I196541,-529,5.088758577E7,2025-09-30
I197901,1154,8.814309133E7,2030-01-01
I203774,1190,1.2811469905E8,
I205073,-1325,1.0144258876E8,2025-10-22
I207474,1928,2.3113302208E8,2030-01-01
I208865,-1113,5.117800835E7,2025-10-02
I212638,162,2.019035616E7,2030-01-01
I215254,714,7.461584432E7,
I215430,-1541,1.1964277411E8,2025-10-20
I223951,-619,7.463593743E7,2025-09-09
I227471,784,2.757764253E7,2030-01-01
I229980,-243,2.437315992E7,2025-09-18
I231874,1853,2.7548232168E8,2030-01-01
I233383,993,1.604709423E7,2030-01-01
I236205,1128,1.6700302001E8,2030-01-01
I239305,1452,7.443351124E7,2030-01-01
I240366,1762,2.5644831419E8,2030-01-01
I241498,713,3.636385692E7,
I243563,1107,1.4643653248E8,2030-01-01
I129989,1322,9.405636253E7,2030-01-01
I135576,237,1662099.5,2030-01-01
I137717,-1645,5.837594436E7,2025-09-08
I138505,56,0.0,2030-01-01
I141997,129,1236878.25,
I147574,-1058,1.0074132096E8,
I150300,354,6039172.13,2030-01-01
I151431,-1979,6.899460719E7,2025-10-16
I153485,640,6.200017886E7,2030-01-01
I156075,1854,2.5969130364E8,2030-01-01
I157835,943,7.054380966E7,2030-01-01
I163207,-490,2.765583741E7,2025-10-17
I164884,1657,9.176070145E7,
I171204,-73,9101311.32,2025-10-07
I179188,225,1.525072803E7,2030-01-01
I180604,1702,6.372368862E7,
I181818,-484,6.170463784E7,2025-10-08
I193203,368,4.884883302E7,2030-01-01
I211468,431,4.922221668E7,
I217364,-1335,1.286340413E8,2025-10-01
I224295,1311,1.7931672886E8,2030-01-01
I229240,-449,550478.24,2025-10-25
I240222,1126,1.0540501888E8,2030-01-01
I243556,-696,5.098794703E7,2025-09-07
I243952,507,5131785.06,
I128632,-537,6.454527393E7,2025-10-18
I138459,1794,2.2343899931E8,
I147172,-151,2.230786936E7,2025-09-02
I154428,-691,8.613793366E7,2025-09-02
I157887,1912,1.6617407532E8,
I166918,-1008,1.4242556935E8,2025-10-28
I172413,756,6.698451831E7,
I173704,-1356,1.1941518556E8,2025-10-13
I182736,-649,9.431810262E7,2025-10-11
I193196,1088,1.4692430819E8,2030-01-01
I193555,1824,7.925983327E7,2030-01-01
I196644,169,1.226486015E7,2030-01-01
I198046,1792,4.449493904E7,2030-01-01
I210657,-1535,1.7933693533E8,2025-09-11
I214760,-1221,1.4380577078E8,2025-10-01
I219440,-343,2.107091121E7,2025-09-27
I223575,1445,2.1385790121E8,
I230322,1616,1.0311441061E8,
I231956,1662,1.444345759E8,
I233259,-721,1.057279863E8,2025-09-11
I234134,281,2.661181609E7,2030-01-01
I235370,126,3288073.93,
I238753,310,6115377.26,2030-01-01
I241024,653,2.741875761E7,2030-01-01
I242768,698,8.844195106E7,
I243044,85,7760985.78,
I243926,-959,9.53627249E7,2025-10-01
I138546,1876,1.7881695982E8,2030-01-01
I132900,1739,7.246098113E7,
I144158,-1964,1.6285025402E8,2025-09-16
I146729,-347,1.855270698E7,2025-10-21
I149788,1961,1.161413122E8,2030-01-01
I152754,130,1.874826055E7,
I154500,1852,2.2457947296E8,
I155270,-124,1.204523575E7,2025-09-09
I155976,507,8927447.26,
I158634,-978,1.2361951043E8,2025-09-13
I161781,-879,1.060223258E7,2025-10-07
I162928,-804,5.521119243E7,2025-10-22
I165088,779,1.157908954E7,
I171532,-1925,2.54185119E7,2025-09-12
I171813,187,1.196696902E7,
I172140,1923,2.1669446274E8,
I172266,1560,4.602866462E7,2030-01-01
I174435,-358,3.479722608E7,2025-10-16
I177635,-934,6.444480842E7,2025-10-26
I178392,-1434,1.5968936299E8,2025-10-20
I183965,361,4.561016538E7,2030-01-01
I185040,917,9.51555099E7,
I185108,1951,1.8179053543E8,2030-01-01
I185675,256,5486359.48,
I189719,-323,1.993842874E7,2025-10-24
I190078,1918,7.487731563E7,2030-01-01
I192318,250,2.545842491E7,
I193017,992,1.0934977125E8,
I195064,-1499,1.3642031607E8,2025-09-08
I196362,711,1.236284894E7,2030-01-01
I198824,911,9.055723273E7,
I204132,-316,3.648593544E7,2025-10-31
I208922,-422,2.159082657E7,2025-10-09
I211730,-1788,1.8637220423E8,2025-09-19
I213172,250,6394529.59,
I215933,-1713,1.009709815E8,2025-10-01
I216164,-1879,6312582.3,2025-10-29
I222343,-1708,2.4028973287E8,2025-09-02
I223022,783,1.025377186E8,2030-01-01
I226043,1316,5.870020268E7,
I227059,1372,3.382182764E7,
I228033,909,4.472241384E7,
I230252,-206,1.033047527E7,2025-10-05
I230344,-923,1.2752242065E8,2025-10-16
I232440,1874,1.5158493351E8,
I234666,-614,5.205397594E7,2025-09-18
I238844,258,0.0,
I239664,-1689,8.857689812E7,2025-10-18
I130198,-141,1.609528966E7,2025-09-05
I131050,-1413,1.0372859846E8,2025-10-11
I134435,1915,1.0985969081E8,2030-01-01
I134912,390,4.227225072E7,2030-01-01
I135438,-362,1.751579802E7,2025-10-07
I133884,793,5.181943439E7,
I141844,1703,2.3802185101E8,
I146973,706,6102658.95,
I148320,-1286,1.5399409457E8,2025-10-02
I149470,1053,3.20788665E7,
I149713,146,8444067.7,
I150550,-247,8293838.7,2025-10-10
I151410,-406,6851931.53,2025-10-04
I153928,1972,1.664143336E7,2030-01-01
I154222,-1280,6.961624174E7,2025-10-01
I155739,1040,1.0979532186E8,2030-01-01
I155819,524,4.543946108E7,2030-01-01
I156723,171,1.459444732E7,
I156780,-857,2.847821279E7,2025-10-27
I161198,1262,5.678371318E7,
I162875,-998,6.749699417E7,2025-10-03
I166897,976,6.203194537E7,2030-01-01
I167777,1350,4.891024319E7,
I177535,1237,2.89579572E7,
I177549,1958,1.8782738584E8,2030-01-01
I179423,518,1694513.21,
I181784,962,1.2246106E7,
I185584,1147,8.049160202E7,2030-01-01
I191034,434,1.456281749E7,2030-01-01
I191087,998,9.513043305E7,
I191522,1260,1.7111474029E8,
I197503,-690,4.241260961E7,2025-10-05
I198815,894,8.102086924E7,
I199608,1944,4.415508517E7,2030-01-01
I202742,-589,7.301847181E7,2025-10-08
I203502,889,5.964752341E7,2030-01-01
I209610,-142,9255787.77,2025-10-20
I210069,1503,3.471515993E7,
I217270,1137,1.4950732405E8,
I219570,297,1444263.5,2030-01-01
I222147,1855,1.0955694486E8,2030-01-01
I225918,1257,2.353327577E7,
I227550,-159,1.083316233E7,2025-10-27
I234049,-266,8388007.44,2025-09-01
I239907,-718,8.927807079E7,2025-10-22
I241703,593,2.028126525E7,2030-01-01
I243174,1098,1.0235294052E8,2030-01-01
I133364,-298,2.628477243E7,2025-10-05
I133913,1682,1.1109072531E8,2030-01-01
I145555,1401,5.552374541E7,2030-01-01
I149068,416,5.042373393E7,
I151088,-869,5.258410048E7,2025-10-30
I152977,1190,1.5080650028E8,
I155655,1522,6.604539747E7,
I158433,695,2.812652168E7,
I162933,1698,9.153213992E7,2030-01-01
I163610,812,3.754985726E7,
I170120,-1361,9.366631718E7,2025-09-28
I181490,617,8.774466014E7,
I185747,235,3.448460147E7,2030-01-01
I193011,-1180,1.6835958409E8,2025-10-23
I195106,-1739,2.2851385664E8,2025-10-14
I196773,1904,1.8770286792E8,
I198958,802,2.273205899E7,2030-01-01
I201496,-67,2807648.66,2025-10-18
I202835,978,5.848091884E7,
I205323,-1127,4.377311402E7,2025-09-08
I211969,941,6.459191424E7,
I215569,-1694,1.5759265568E8,2025-10-28
I215788,99,1.098899368E7,
I222627,895,7.368672184E7,2030-01-01
I232495,1986,6.107052457E7,2030-01-01
I236243,-223,9924662.92,2025-09-27
I237587,-570,8.034802068E7,
I239765,203,1.084365199E7,
I130925,-1779,7.195937258E7,2025-09-04
I131920,-440,5.274050256E7,2025-10-18
I132100,-756,8.489152312E7,2025-10-25
I137125,673,2.575261063E7,
I138763,761,1.862022998E7,
I140732,1787,1.7205956152E8,
I141749,502,6.089965667E7,2030-01-01
I146336,1002,8.805514289E7,
I148696,-1123,7.932164685E7,2025-10-12
I159815,-352,2.074438106E7,2025-10-07
I161800,1372,1.3155389592E8,2030-01-01
I170975,721,2.954506873E7,
I170988,499,9963419.71,2030-01-01
I175570,445,4.596710133E7,2030-01-01
I181346,1348,5911397.09,
I183008,1490,6.187364885E7,2030-01-01
I183140,-233,7493291.82,2025-10-22
I189667,884,8024949.3,
I200130,177,2081983.7,2030-01-01
I214449,948,925038.03,2030-01-01
I215595,621,7.48228106E7,2030-01-01
I221052,1563,1.5071837363E8,2030-01-01
I230139,1532,1.710829643E7,2030-01-01
I235694,-658,7609241.76,2025-09-19
I237263,1588,1.8284791572E8,2030-01-01
I237990,1747,5.352432108E7,2030-01-01
I241401,1862,1.4402155983E8,2030-01-01
I243153,-810,2.900637043E7,2025-10-19
I252073,865,2.879902105E7,2030-01-01
I254233,-1008,1.4509855871E8,2025-09-18
I258644,-889,6.06708958E7,2025-09-24
I262875,733,1.0474561974E8,
I263556,1973,1.395445532E8,
I265287,1628,6.959896656E7,2030-01-01
I267655,-636,3.231539838E7,2025-09-26
I268121,964,1.2203128606E8,
I272029,734,3.205726412E7,2030-01-01
I272203,433,5.782439969E7,
I280463,-1668,2480937.09,2025-10-13
I281508,479,5566271.6,2030-01-01
I282367,-468,5.377300893E7,2025-09-24
I291008,1669,5.075561536E7,2030-01-01
I292615,442,4.667048699E7,
I294111,1386,2.0448635894E8,2030-01-01
I294153,1125,1.6742574376E8,2030-01-01
I297230,-851,9.052695559E7,2025-09-06
I297479,1137,3.279887729E7,
I298126,97,6320648.81,
I302395,1723,3.861429868E7,2030-01-01
I310875,-266,4390839.06,2025-10-07
I317161,1516,2.300895779E7,2030-01-01
I328461,1741,2.2125829012E8,2030-01-01
I329904,-934,1.0504757408E8,2025-09-09
I332999,-277,3.349276282E7,2025-10-31
I336197,695,2.241550847E7,
I339450,-601,6.299931657E7,2025-10-12
I354081,805,9.38537779E7,
I355583,1781,2.6310742519E8,
I358673,-1743,1.8663220541E8,2025-09-23
I358675,57,1731646.68,
I359130,207,1.252270806E7,2030-01-01
I359325,-68,3499042.74,2025-09-15
I247619,1038,1.4561847829E8,2030-01-01
I249294,-1199,1.6781028444E8,2025-10-18
I250114,-1218,9.949706384E7,2025-10-04
I256057,195,4662981.57,
I256897,1326,1.27142911E8,
I257950,-1247,1.2087361259E8,2025-09-02
I258381,1126,7.367453913E7,
I258661,-1577,7.002843438E7,2025-10-18
I259070,104,2080578.68,
I262974,-518,5.9143512E7,2025-10-27
I262987,1207,1.1949834018E8,2030-01-01
I265699,1465,1.910740808E7,2030-01-01
I271904,588,4.501175548E7,2030-01-01
I273305,777,7277310.33,2030-01-01
I279993,-873,1.1226392523E8,2025-09-27
I284853,783,8.801391246E7,
I285694,1796,3.952565707E7,
I288808,135,1.44767656E7,
I289715,-1616,9.978739583E7,2025-10-07
I291763,-741,1.981823103E7,2025-09-17
I296969,155,1.11453621E7,
I298993,379,5388315.4,2030-01-01
I299146,-401,4.147002958E7,2025-09-10
I308922,-1631,1.592627357E7,2025-10-30
I309902,-803,9.343907238E7,2025-09-18
I314136,-319,2.936169501E7,2025-10-29
I315580,1342,1.3369394738E8,2030-01-01
I316465,1842,1.0903947825E8,2030-01-01
I318034,1581,1.1309377739E8,
I326626,-1954,1.2768045072E8,2025-10-04
I330582,1775,1.313518411E8,
I336096,421,6.102107121E7,2030-01-01
I341553,-526,4.958429954E7,2025-10-24
I341566,1339,7.795539673E7,2030-01-01
I341590,-238,6840036.07,2025-09-22
I342397,563,326327.25,2030-01-01
I342755,-55,5551591.68,2025-10-23
I345559,1801,3392010.27,2030-01-01
I349131,1239,1.0352877722E8,2030-01-01
I349250,437,3.864538262E7,
I246433,146,8298666.71,2030-01-01
I247334,-1592,8148331.19,2025-09-04
I248203,-863,1.345217756E7,2025-09-12
I255936,1673,1.2927715158E8,
I257119,537,5.702303492E7,
I265500,681,7.491254737E7,
I266354,238,3113909.24,
I267531,803,2234660.33,
I268415,517,3.303769466E7,
I269855,-317,1.228808266E7,2025-09-25
I273046,1556,1.3980332793E8,
I274275,1196,1.0117066839E8,2030-01-01
I276207,-930,1.0397092554E8,2025-10-11
I277401,1469,1.0967188218E8,2030-01-01
I282238,1762,5.935326265E7,2030-01-01
I285380,-246,1.025654891E7,2025-10-27
I289709,1573,1.8132232984E8,2030-01-01
I294221,-1491,1.4603656467E8,2025-09-04
I296723,-514,7.639053688E7,2025-10-14
I297585,1941,1.117677945E8,2030-01-01
I298760,1009,0.0,2030-01-01
I300930,1343,3.934063246E7,2030-01-01
I305899,644,5.116253826E7,2030-01-01
I315497,830,5.175478999E7,2030-01-01
I322228,1235,5.610025562E7,2030-01-01
I323548,718,6.241905126E7,
I325657,1132,1.6630441485E8,2030-01-01
I327278,152,4434686.42,
I328099,1990,3.193608211E7,
I337230,-565,7.86766814E7,
I339803,-1292,3.505152357E7,2025-09-20
I345399,567,3.659922887E7,2030-01-01
I345500,648,6.293314653E7,2030-01-01
I350499,1088,4.007705218E7,
I350525,1406,2.107944969E8,
I354116,-516,1.346612848E7,2025-09-23
I359646,1361,1.006177611E8,
I247477,-285,2.038048388E7,2025-09-23
I255339,172,3046926.23,2030-01-01
I255791,-1791,1.4253313622E8,2025-09-18
I256030,765,0.0,2030-01-01
I244274,242,2.001039589E7,
I245339,978,1.0419068992E8,
I247128,331,9072755.89,
I261933,407,1.417470071E7,
I265466,850,3.817640156E7,2030-01-01
I266195,927,3.801722692E7,
I268004,-1241,2.487816999E7,2025-10-24
I270382,474,2.376741933E7,
I281010,-358,5.239929684E7,2025-10-22
I281116,225,2633947.42,
I281121,1878,1.1825213161E8,2030-01-01
I286551,-1946,1.210892189E8,2025-10-28
I289630,627,8.635871658E7,2030-01-01
I292619,836,1.2418129569E8,
I296886,1183,4.887450383E7,2030-01-01
I300624,1997,1.8372278944E8,
I305583,522,7.274287201E7,
I305963,1128,8.418716855E7,2030-01-01
I306335,-967,5.6320478E7,2025-10-09
I308077,839,1.1486397095E8,
I310215,1713,1.5453740171E8,2030-01-01
I313786,1201,6.55520247E7,
I318021,-1755,1.4310174258E8,2025-10-03
I318599,897,1312824.8,
I326329,1624,2.0070404721E8,2030-01-01
I331182,-845,1.33298322E7,2025-09-22
I339071,-281,3.172924265E7,2025-10-15
I349964,-1772,2.6030222549E8,2025-10-15
I358746,1797,0.0,2030-01-01
I245295,1039,7.184086648E7,2030-01-01
I248035,1161,1.5921574953E8,2030-01-01
I254540,476,4.201153937E7,2030-01-01
I244100,648,3.819021021E7,
I247969,1836,2.3350424266E8,
I250632,1336,1.416301386E7,
I261253,356,2.018048891E7,
I262977,326,2.570899306E7,
I263984,-680,4.676071356E7,2025-09-05
I276832,-1637,8.648823522E7,2025-10-29
I279517,-1041,2.295446881E7,2025-10-08
I280361,1868,2.2277836847E8,
I293125,1847,1.7530542744E8,2030-01-01
I295131,1649,1.153462045E7,
I297636,-334,4383805.79,2025-09-05
I302040,675,2.670694544E7,
I302269,-290,3.562220331E7,2025-09-24
I308498,1010,1.439944632E8,2030-01-01
I314221,-709,1.0225945097E8,2030-01-01
I314783,738,8.329037611E7,
I315825,266,3.468786858E7,
I319715,-70,9929706.09,2025-09-14
I320827,-79,0.0,2025-10-25
I328123,242,2.956728154E7,2030-01-01
I330492,-1108,1.499678007E8,2025-10-11
I331371,1727,0.0,2030-01-01
I339191,-370,8898742.03,2025-09-15
I339270,-1788,1.7462815312E8,2025-10-28
I340413,1526,1.4548625025E8,2030-01-01
I350581,652,1.959525264E7,
I355186,-1422,1.8610293001E8,2025-10-22
I359265,182,7590340.43,
I359829,143,9698651.72,2030-01-01
I249713,1161,1.438745811E8,
I251028,1493,1.9004783034E8,
I256545,1228,1.817373676E7,2030-01-01
I258565,286,2.793582601E7,2030-01-01
I272231,580,6.920895182E7,2030-01-01
I273849,1686,1.463183178E7,
I276048,481,1.917908769E7,
I279146,-1259,1.285614711E7,2025-09-24
I280549,1452,3390026.75,2030-01-01
I284699,1814,2.178335172E8,
I286055,579,2.584907548E7,2030-01-01
I297474,242,1.129508574E7,
I298290,368,5.375496062E7,
I298571,1069,2.950581007E7,
I305823,1109,5.412088125E7,
I306580,109,1.446423166E7,
I307514,-97,1576175.38,2025-10-16
I308042,-685,4.678335857E7,2025-09-18
I308728,1053,9.47572983E7,
I314038,124,1.241355993E7,2030-01-01
I317169,-585,5.60699258E7,2025-09-29
I319385,-466,5.060595432E7,2025-09-01
I325199,1811,1.279240215E7,
I330929,1608,1.2083370293E8,
I331969,-1829,2.0287497201E8,2025-10-10
I333911,1613,1.5755995146E8,
I337084,1318,1.1734917139E8,2030-01-01
I339958,-1136,1.784942824E7,2025-10-27
I341980,681,1.812045353E7,2030-01-01
I344842,1289,4.336848674E7,2030-01-01
I347480,1384,1.2661717517E8,
I349489,1529,6.707604392E7,
I353084,-411,6613424.52,2025-10-30
I353249,483,3.073477261E7,2030-01-01
I246217,-1649,4.80089885E7,2025-10-12
I246909,-345,4.309623339E7,2025-10-18
I251004,-962,7250665.22,2025-09-23
I252178,1783,1.9999605308E8,2030-01-01
I255769,-1026,2541496.31,2025-10-19
I263091,674,3.175634522E7,
I267797,672,3.688146046E7,
I269062,474,2.336675754E7,2030-01-01
I269199,274,1.022093785E7,
I276615,1383,1.9713884841E8,2030-01-01
I277795,807,6.725970965E7,
I281584,1415,1.6407376019E8,2030-01-01
I286882,300,3.590185805E7,2030-01-01
I296063,1559,1.1359203527E8,
I296208,331,9671513.9,
I303477,670,9.790541964E7,
I303644,505,3.34119327E7,2030-01-01
I305279,416,4117484.8,
I306628,717,4.058903422E7,2030-01-01
I308896,1511,2.816055109E7,2030-01-01
I311143,1459,1.0520567138E8,
I313887,858,8.257716756E7,2030-01-01
I316773,1345,2.474218853E7,2030-01-01
I318367,-1153,3.903176857E7,2025-10-08
I322080,-1257,3.188231705E7,2025-10-26
I334329,-118,7637276.67,2025-10-05
I338531,-116,8543937.36,2025-09-19
I339430,1656,8.758458052E7,
I339600,243,6305939.54,
I339879,-1889,2.6060951745E8,2025-10-09
I342332,-1728,1.1875235999E8,2025-10-11
I348323,-1624,2.018082628E8,2025-10-08
I356184,1940,2.1636839E8,
I359340,-151,326790.84,2025-10-07
I248641,-763,5.155553866E7,2025-10-13
I257001,1283,4.601350472E7,
I258649,1211,1.4909422119E8,2030-01-01
I261170,955,3301066.19,
I266902,1851,1.7878809732E8,
I267162,479,1.029072411E7,2030-01-01
I276240,1510,1.0646154111E8,
I276714,1071,4.654964152E7,2030-01-01
I276980,-750,7.349627727E7,
I277394,1644,3.279498662E7,2030-01-01
I280163,-826,3045250.55,2025-09-09
I281344,390,2.295315177E7,2030-01-01
I283255,1157,3.538742168E7,
I290478,-1568,3.765742287E7,2025-09-04
I299611,1007,1.0957067717E8,2030-01-01
I301311,410,3.695297698E7,2030-01-01
I303353,399,1.651696243E7,2030-01-01
I306781,1834,1.6167808214E8,
I315014,703,2041672.54,
I316612,-1464,5081473.65,2025-09-30
I317307,642,7.020607693E7,
I319552,1878,1.2479309091E8,2030-01-01
I320576,1610,8.291784891E7,
I321614,975,1.1505137774E8,2030-01-01
I329295,152,1.051138846E7,
I329637,723,1.0304106513E8,
I331478,821,3.909549459E7,2030-01-01
I338994,-1346,2.087688649E7,2025-10-25
I348633,1410,1.6817047519E8,2030-01-01
I356703,-530,6.074268245E7,2025-09-16
I247730,315,4.636961849E7,
I247739,729,557797.5,
I262782,1856,1.686691989E8,2030-01-01
I262993,-380,4.395213146E7,2025-10-12
I265564,-1824,6.430551655E7,2025-09-20
I267715,1394,1.0137033446E8,
I276190,-1709,5.884880495E7,2025-10-04
I279805,680,8.368240023E7,
I280598,325,2.68972204E7,
I281485,-670,1.464659959E7,2025-10-26
I284191,-1289,1.1331583751E8,
I290107,1537,4.867973537E7,2030-01-01
I294394,-385,4.715190486E7,2025-10-01
I296488,1560,1.0171101016E8,
I300718,1681,1.8243289687E8,2030-01-01
I312977,819,5.771884215E7,2030-01-01
I316271,-278,3.378931108E7,2025-09-16
I320845,168,767421.34,
I323727,494,6.334185516E7,
I324110,1047,9.905695487E7,2030-01-01
I330427,-568,8.214228872E7,2025-10-16
I331102,1496,1.9325819949E8,
I333224,408,9654645.46,2030-01-01
I338077,914,7.107362816E7,
I339622,-407,2.42697335E7,2025-09-06
I344996,-86,8724332.69,2025-09-14
I352270,792,0.0,
I247404,-977,2.473851583E7,2025-09-24
I246866,1321,1.9432940907E8,
I250247,241,3.159077688E7,
I253646,889,8986011.57,
I259406,-339,4.677016237E7,2025-09-08
I269420,-412,1785669.09,2025-09-24
I272509,128,1.464040733E7,2030-01-01
I279704,1099,1.4262579021E8,2030-01-01
I282349,532,3.310935034E7,2030-01-01
I282732,258,3.56761373E7,
I283538,1003,3.874610766E7,
I283654,581,8.085711574E7,2030-01-01
I286177,-1214,3.995455845E7,2025-09-22
I287985,1044,4.987860379E7,
I289091,1412,4.900641441E7,
I292411,1685,1.8659709549E8,2030-01-01
I294214,-1577,4.652117182E7,2025-09-24
I296786,501,5.212651187E7,
I297581,949,1.1466846888E8,
I302261,1541,1.2604213334E8,
I306940,-277,1.091747554E7,2025-10-07
I315689,-728,5.707469432E7,2025-10-06
I316257,-912,4.633285721E7,2025-10-04
I316793,-1343,4.825402463E7,2025-10-16
I319250,1499,1.2338758372E8,2030-01-01
I326733,1649,2.0101108714E8,
I328364,-882,1.2339227384E8,2025-09-19
I330465,1139,1.6496667527E8,
I335539,1017,4.490284361E7,2030-01-01
I338011,730,8.430726085E7,2030-01-01
I345536,-113,2841039.12,2025-10-24
I353858,-126,1.329201674E7,2025-09-09
I355318,1528,1.0074741797E8,2030-01-01
I246073,-1629,1.28886067E8,2025-09-15
I249130,1747,7.443890887E7,2030-01-01
I250308,-1907,1.3194959463E8,2025-09-02
I253027,541,0.0,2030-01-01
I262645,63,8800884.78,2030-01-01
I269256,-1427,5.748975539E7,2025-10-07
I269423,-1927,9.073700223E7,2025-09-26
I273619,743,7.298739498E7,2030-01-01
I279055,779,9.480968374E7,
I281713,338,2575884.71,2030-01-01
I282403,1770,6.193646648E7,2030-01-01
I283028,269,2.887958787E7,
I285385,732,1.0753340232E8,
I292770,976,3.017082895E7,2030-01-01
I296962,-1304,4.763145583E7,2025-10-25
I307591,441,3.837606672E7,2030-01-01
I317326,468,6.7411439E7,
I323485,233,2.680493408E7,
I331015,431,5.411726957E7,
I337107,81,2064553.46,2030-01-01
I338545,1736,1.6929852296E8,
I340213,321,2.255434997E7,2030-01-01
I340508,1339,5.53031189E7,
I340916,-1122,1.5144180074E8,2025-10-30
I342497,967,3.31782593E7,2030-01-01
I342803,-1006,1.2215694985E8,2025-09-29
I343589,1281,1.2216864279E8,2030-01-01
I346004,1395,1.13478362E7,2030-01-01
I348872,727,1.771222292E7,2030-01-01
I352287,1530,1.2817323729E8,
I354303,1050,1.2054759867E8,2030-01-01
I356543,-973,1.1355051728E8,2025-10-11
I359567,1911,1.1259045125E8,
I254877,-1730,1.3232113129E8,2025-10-26
I256542,647,6.068441958E7,2030-01-01
I258961,1367,1.0217931472E8,
I261808,1572,2.191694253E8,
I262082,1631,5.998318446E7,2030-01-01
I269134,1943,1.3605336955E8,2030-01-01
I276126,1595,6.130035679E7,
I280455,360,4.339840558E7,2030-01-01
I281390,1908,2.3891582755E8,2030-01-01
I283930,-354,3.47510728E7,2025-10-04
I296511,-1791,5.804005863E7,2025-09-05
I296555,-1498,1.2649285295E8,2025-10-08
I300870,151,1.788887361E7,2030-01-01
I301190,331,2.167565472E7,
I303029,1670,1.6918638782E8,
I303398,1557,4382658.47,
I304094,1317,1.3291643579E8,
I304453,1632,1.3275959055E8,2030-01-01
I304609,739,1.0632056918E8,2030-01-01
I307470,314,1.951618397E7,2030-01-01
I307780,310,3.234643569E7,
I309009,1200,5.520171959E7,2030-01-01
I311028,828,1.87932828E7,
I318533,354,1.561258593E7,2030-01-01
I320258,-1899,1.5543504645E8,2025-09-13
I323037,715,0.0,2030-01-01
I325606,243,1.427016414E7,
I326266,-564,1.886357797E7,2025-10-26
I334936,-98,5559074.55,2025-09-08
I335298,1231,3.005378455E7,2030-01-01
I341032,487,5.585378072E7,2030-01-01
I341442,734,9.846282657E7,2030-01-01
I343390,1789,2981065.61,2030-01-01
I345746,-1788,2.495291304E7,2025-10-01
I348347,1695,1.3965761541E8,
I349671,1958,1.6314228673E8,2030-01-01
I353146,410,3.777043027E7,
I356102,1432,1.1627464497E8,2030-01-01
I359426,-225,7562911.84,2025-09-12
I360361,1833,1.7864749624E8,2030-01-01
I363709,-1179,4.387134461E7,2025-09-17
I373249,1921,0.0,2030-01-01
I385272,1106,6.098907792E7,2030-01-01
I387126,-592,7.152981696E7,2025-09-03
I389265,1425,1.9990808376E8,2030-01-01
I390186,642,2.653529112E7,
I391568,1296,1.256676111E7,
I396296,461,2.815659279E7,2030-01-01
I398251,1868,1.9995876519E8,
I398692,1583,1.318533122E7,
I401761,-620,5.15015271E7,2025-09-18
I408646,-928,7.284210551E7,2025-10-04
I411129,-595,4.533727966E7,2025-09-02
I415358,-1697,1.7551876699E8,2025-10-13
I416082,742,8.640063717E7,
I430412,-489,1.807413387E7,2025-09-30
I430830,-525,3.9400278E7,2025-09-10
I432063,221,1.346853741E7,
I434369,203,5979939.3,
I450031,1605,2.2032247569E8,
I450192,1777,1.3145681957E8,2030-01-01
I455330,-402,437220.08,2025-09-07
I457890,1356,1.1204821721E8,2030-01-01
I459271,-808,5.563186268E7,2025-09-20
I460308,939,8.776696658E7,
I469728,200,1.168276426E7,2030-01-01
I472887,247,1343452.03,2030-01-01
I472946,753,7.901380633E7,
I367781,152,1.072264045E7,2030-01-01
I371342,1455,1.7896282509E8,2030-01-01
I371487,208,2.863977366E7,
I374978,1145,6.471466438E7,2030-01-01
I377173,-1742,1.9383736137E8,2025-09-25
I381100,733,8.306243133E7,2030-01-01
I381638,508,1.864200948E7,
I381938,1869,1.1237955758E8,
I381985,895,1.1108850824E8,2030-01-01
I382285,-464,5.906911475E7,2025-09-30
I384813,1628,9.711014406E7,2030-01-01
I387058,1873,1.535947087E7,
I387864,-320,3.791660033E7,2025-09-09
I395335,512,6.997215708E7,
I396561,1275,1.03161004E7,
I396646,1094,1.4627241978E8,2030-01-01
I400393,-1081,8.10126087E7,2025-09-19
I404773,-1055,1.1879212035E8,2025-09-23
I411978,50,3460364.45,2030-01-01
I414871,591,7.963984258E7,2030-01-01
I416071,-744,0.0,2025-09-14
I420982,477,9522897.39,2030-01-01
I421439,715,1.0068434402E8,2030-01-01
I423477,-382,4.024622843E7,2025-09-17
I424906,-484,1.282532208E7,2025-09-05
I427053,-1909,2.3054391687E8,2025-10-29
I427689,514,2.661010938E7,
I428553,1850,2.3084703111E8,2030-01-01
I430207,373,2.014764992E7,
I431417,-1634,1.5596565216E8,2025-09-04
I433856,71,130459.71,2030-01-01
I433868,1693,1.4554435457E8,
I435205,-935,4.972562093E7,2025-10-27
I438141,-661,9.325120631E7,2025-09-06
I439669,1550,1.455885917E7,
I440230,-1472,1.4545845578E8,2025-09-10
I445711,380,2.977184064E7,2030-01-01
I455582,-1797,2.1400144654E8,2025-10-07
I460325,118,1.024349584E7,2030-01-01
I460539,1175,1.4447324642E8,2030-01-01
I462428,235,2.78119048E7,2030-01-01
I464612,-1524,1.4583840584E8,2025-10-15
I466089,1911,4985627.76,2030-01-01
I467544,646,5.019102355E7,
I468647,-1261,1.6573008541E8,2025-10-20
I469011,989,7.034561087E7,
I469241,-1943,2.6615084468E8,2025-09-23
I469257,1133,3.938569485E7,2030-01-01
I360452,-1133,2.715429328E7,2025-10-04
I364306,1066,2.389441695E7,2030-01-01
I366982,-441,5.483585138E7,2025-10-22
I367550,995,5.424780862E7,2030-01-01
I374937,483,3.551888423E7,
I376372,165,1.533681945E7,
I385163,540,5.923093871E7,2030-01-01
I387669,878,1.473409908E7,2030-01-01
I390082,1211,5.284276632E7,2030-01-01
I390188,1120,1.2835855226E8,2030-01-01
I390743,1884,1.28346861E7,2030-01-01
I391701,591,7.569541328E7,
I393729,122,9078718.61,
I394044,441,6.353994694E7,2030-01-01
I402428,-746,0.0,2025-10-18
I403197,-1959,2.6656707519E8,2025-09-14
I409525,1965,1255743.15,2030-01-01
I413648,1794,2.6341702421E8,2030-01-01
I415316,1118,1.731077811E7,
I420737,1418,4.094661793E7,
I426688,736,3.824383853E7,
I433618,679,8.016079933E7,2030-01-01
I433681,1241,1.6404376656E8,
I445843,1299,1.3459457321E8,
I450985,1630,1.6026750356E8,2030-01-01
I451230,130,6400245.11,
I453712,1566,1.2407565817E8,2030-01-01
I454457,311,1.817933743E7,2030-01-01
I455551,1837,1032933.97,2030-01-01
I455575,754,3.537021336E7,2030-01-01
I458537,-459,1.930850356E7,
I367308,-1889,2.1062164026E8,2025-10-26
I370055,-1273,1.6496961883E8,2025-09-29
I374939,601,8.545841343E7,2030-01-01
I378405,738,9.433127604E7,
I386618,820,3.353608696E7,
I387136,797,7670704.8,
I395947,1899,2.2917966914E8,2030-01-01
I396530,1225,1.1617022651E8,
I398878,785,4.962345433E7,
I399854,345,2.590474181E7,2030-01-01
I401380,-1404,1.3481689155E8,2025-09-02
I405542,-1947,2.5255562489E8,2025-10-21
I409079,622,7.730555008E7,2030-01-01
I409129,683,1.984129399E7,2030-01-01
I412291,774,1.396085659E7,
I420067,1004,7.009508563E7,
I423268,986,6.382106123E7,
I426772,65,3422347.13,2030-01-01
I436001,1184,2381893.44,2030-01-01
I440099,1216,1.6299834792E8,2030-01-01
I440479,-509,5.335738601E7,2025-10-01
I440529,568,7.172644205E7,2030-01-01
I441664,539,1.238943457E7,
I445035,1596,1.3113524865E8,2030-01-01
I448963,395,2.893065033E7,
I452844,346,3.836152858E7,
I454017,-147,7625899.43,2025-10-31
I460610,1944,1.245868612E7,
I460832,750,1.0904340146E8,2030-01-01
I464670,1967,4.37349969E7,2030-01-01
I466111,-1055,1.2200777744E8,2025-09-18
I466854,-1442,8.647861853E7,2025-10-31
I470795,1416,8.631031539E7,
I474492,420,3.938930024E7,
I365099,1747,2.049833843E8,2030-01-01
I365254,1638,1.221610589E7,2030-01-01
I367222,-1546,1.0548849673E8,2025-09-22
I373802,-1729,1.9440631323E8,2025-10-20
I375898,-769,7123035.83,2025-10-21
I385941,-1156,4.181279024E7,2025-10-10
I390765,-361,5927118.81,2025-09-29
I391306,1492,6.910561546E7,
I392621,-761,6.827734969E7,2025-09-23
I393147,-1673,1.0522822428E8,2030-01-01
I393927,-380,4.829842872E7,2025-10-13
I394402,1638,3.995678906E7,
I395472,1324,1.2527054983E8,2030-01-01
I401333,1525,6.028836086E7,2030-01-01
I403345,610,7.418033322E7,
I406485,-1224,1.2472229002E8,2025-09-12
I407997,1580,4.070116491E7,
I409820,1664,4.331364352E7,
I414959,-788,8.729214481E7,2025-10-03
I418059,-626,9.320544562E7,2025-09-02
I418890,1100,3.333845515E7,
I424267,369,1.82792178E7,
I426503,288,1.398176927E7,
I433884,1072,1.5299932743E8,
I433937,382,1.751924629E7,
I434297,925,1.2145465736E8,
I442697,-1521,1.1244223355E8,2025-10-20
I446482,-1879,1.6180892165E8,2025-09-23
I450650,93,5343313.86,2030-01-01
I453482,-1818,2.943117539E7,2025-09-27
I454650,-559,4.331451412E7,2025-09-09
I455939,1648,1.9354022279E8,2030-01-01
I456595,765,3.400393003E7,
I457566,689,6.046662465E7,
I459293,1766,5.350755588E7,2030-01-01
I462955,-1751,1.7795787437E8,2025-10-07
I467686,442,4.648611769E7,2030-01-01
I474089,1293,5.960747195E7,2030-01-01
I362868,-1696,6.823240745E7,2025-10-09
I363192,848,1.2590631762E8,2030-01-01
I369638,-369,3.609087705E7,2025-09-20
I370796,508,5.652591674E7,2030-01-01
I363134,449,2.323835232E7,
I369191,1238,7.010469835E7,
I373176,977,2.098654998E7,
I379235,-1957,5.490265476E7,2025-09-11
I382421,930,6.816376302E7,2030-01-01
I383477,1919,2.0904485536E8,2030-01-01
I383491,259,3021027.69,
I391888,678,1.331666597E7,2030-01-01
I393217,135,1212059.22,
I394646,-129,1.399170198E7,2025-09-25
I401339,613,6.905769752E7,2030-01-01
I410463,-1564,2.1235535111E8,2025-10-31
I419647,1041,5.768862009E7,2030-01-01
I419852,686,8.940130998E7,2030-01-01
I419854,-359,2560548.63,2025-10-16
I430534,180,1.942467017E7,2030-01-01
I448919,1550,6.729014589E7,2030-01-01
I456576,258,2.883996229E7,
I457912,254,1.204091759E7,
I458294,1729,5.105865621E7,
I458490,-796,1.1678550099E8,2025-09-28
I460761,-554,5.653150664E7,2025-10-17
I464486,-1180,1.354189565E7,2025-09-19
I474818,673,2.577401174E7,
I360319,1931,2.0837320594E8,2030-01-01
I369856,-1137,1.1213936933E8,2025-09-23
I371620,762,1.1235375689E8,2030-01-01
I369444,1995,2.2354923458E8,
I373583,-994,1.2843409171E8,2025-10-15
I374559,562,1.634511444E7,2030-01-01
I377333,1953,8.826987941E7,2030-01-01
I380282,1326,1.0720335524E8,2030-01-01
I381428,641,5.429453125E7,2030-01-01
I387041,-1257,1.206044351E7,2025-10-26
I392925,-167,1.467948226E7,2025-10-06
I398299,1476,6.169709873E7,
I398350,432,3.766318154E7,2030-01-01
I398537,-219,2.371204991E7,2025-09-28
I400390,-1996,2.2107097232E8,2025-09-12
I404479,-1626,1.6601450801E8,2025-09-19
I405434,603,6.321365543E7,
I409087,-433,2.249132375E7,2025-09-26
I413023,124,8442535.76,2030-01-01
I414575,1266,1.8060451877E8,
I415555,1234,9.539409213E7,2030-01-01
I416682,351,4.747959099E7,
I416779,578,1.858100145E7,
I418149,1995,1.9897806725E8,2030-01-01
I418224,-1781,2.600984013E8,2025-10-18
I419205,1640,1.3144045344E8,
I421175,-1358,1.3280906684E8,2025-10-15
I427314,-85,5009912.57,2025-10-13
I439058,336,3.497870877E7,
I443422,667,2.763177286E7,2030-01-01
I459275,896,1.482610883E7,2030-01-01
I465364,393,0.0,
I469561,1120,1.4800456389E8,2030-01-01
I471886,1077,1.0576165066E8,2030-01-01
I475429,1288,9.017464972E7,2030-01-01
I360576,484,4.852431538E7,2030-01-01
I362840,-159,1.220620882E7,2025-10-15
I369930,-1370,9.762483925E7,2025-10-21
I372073,-1615,1.320622923E7,2025-09-30
I378440,1639,1.6006806159E8,2030-01-01
I382569,787,1.052303752E8,
I384953,-1137,6.004441638E7,2025-09-02
I384982,261,0.0,2030-01-01
I391796,822,0.0,
I392715,-1170,1.4257646886E8,2025-09-15
I398242,1047,1.179128123E8,
I398477,1211,1.3715399109E8,2030-01-01
I400899,1711,7.540275064E7,2030-01-01
I414939,-1538,1.4913831156E8,2025-09-18
I425069,-425,5.916454575E7,2025-10-04
I431934,-1078,9.506292128E7,2025-10-03
I432636,282,1.098636349E7,
I436279,1258,1.7851073409E8,
I438615,-159,1.970960324E7,2025-09-07
I440728,-666,5.831155479E7,2025-09-03
I441749,997,9.332768939E7,
I443059,105,4998407.5,
I444728,-1562,3.28748179E7,2025-10-24
I448256,667,2.144035361E7,
I455238,-899,5.091940201E7,2025-09-18
I457242,666,2.092449909E7,2030-01-01
I467492,885,1.3112780434E8,2030-01-01
I471899,1503,1.4993707643E8,
I360504,1312,7.994982418E7,
I374863,1896,0.0,
I383148,555,8.288699627E7,2030-01-01
I385574,315,2.119829835E7,
I387256,-146,2835445.54,2025-09-20
I401589,-656,6929842.51,2025-10-22
I402897,-1831,7.428766193E7,2025-09-09
I404490,1496,1.4100749976E8,
I409645,1416,4.21599184E7,
I422303,-929,1.1930688986E8,2025-10-24
I423425,1120,1.0270917824E8,
I426649,563,1.534736903E7,2030-01-01
I430499,1503,2.2241873581E8,
I433094,1003,1.4419924268E8,2030-01-01
I438176,-1327,3.091108392E7,2025-10-11
I443053,954,2925751.82,2030-01-01
I443676,1617,2301880.65,
I444013,591,7.992237213E7,
I447562,796,4.807434813E7,2030-01-01
I450642,880,8.63260207E7,
I451344,-332,4.537345488E7,2025-09-30
I452218,593,4.387678144E7,
I456334,666,1.818139797E7,
I457401,-1010,5.954182705E7,2025-09-08
I465269,1429,1.5126143301E8,2030-01-01
I362366,1769,1.8549070757E8,2030-01-01
I375708,1945,2.5526860933E8,2030-01-01
I387549,1857,7.081907725E7,2030-01-01
I390380,-980,1.3749796354E8,2025-09-30
I393541,-1896,2.3757446451E8,2025-09-30
I398138,83,6961237.25,
I399045,378,5.630066634E7,
I405638,-1283,1.1446069796E8,2025-10-12
I409278,-550,7538987.2,2025-10-02
I410770,232,2.044045844E7,
I414574,-91,1.34862959E7,2025-10-04
I418114,1108,1.5436755802E8,2030-01-01
I432161,-1600,1.1718808563E8,2025-10-16
I437142,1799,6560271.01,
I439942,1012,8.181306904E7,2030-01-01
I440504,1021,1.754659039E7,2030-01-01
I458921,313,3.03542102E7,2030-01-01
I459068,-670,1.678879899E7,2025-09-29
I466888,203,8387524.12,
I470098,-1847,1.675738472E8,2025-09-20
I470522,-896,1.530435028E7,2025-09-25
I472412,750,1.0866413311E8,2030-01-01
I474426,1646,2.0084411557E8,2030-01-01
I362255,-65,191075.65,2025-09-07
I367123,315,3.190504622E7,2030-01-01
I369637,1641,1.9542366792E8,2030-01-01
I368943,204,2.909388196E7,
I379076,712,9.451172391E7,
I380445,1463,1.9624076207E8,
I382902,-1679,3.858888421E7,2025-10-11
I385292,1902,2.5801362204E8,
I400648,1135,1.0606762231E8,2030-01-01
I403081,-349,2.192058925E7,2025-10-28
I406880,970,3.201053274E7,
I409285,1698,8.242007862E7,
I411929,-1586,2.2595755271E8,2025-09-25
I415055,1087,1.575656559E7,
I418024,739,4623730.95,2030-01-01
I431861,1475,1.174203521E8,2030-01-01
I437237,309,4.48179808E7,
I440019,-347,2.891753933E7,2025-10-16
I440096,-145,1.264728626E7,2025-09-30
I441286,-63,6857170.59,2025-09-05
I447745,-344,4.157643188E7,2025-09-08
I451474,1684,1.1865527961E8,2030-01-01
I459076,97,5924807.25,
I462822,-680,7.025558411E7,2025-09-09
I465942,1067,9.116181026E7,2030-01-01
I466358,383,5.304047006E7,2030-01-01
I468975,459,4.31839077E7,2030-01-01
I469253,202,1.951185857E7,2030-01-01
I469258,1897,1.2310989552E8,2030-01-01
I470823,-318,3.136252726E7,2025-10-30
I473546,-792,4.546739977E7,2025-10-07
I473602,161,902971.45,
I474380,1629,2.1123113014E8,2030-01-01
I366487,-1778,1.729385616E7,2030-01-01
I361134,-1551,7.18799949E7,
I365092,908,4.070861724E7,
I366964,1803,1.641974154E8,
I373280,1993,4.986949283E7,2030-01-01
I377448,1247,2.006205565E7,
I389643,-1602,4.046509554E7,2025-09-26
I392459,624,3.059535675E7,
I393265,-1172,8.568272564E7,2025-09-08
I396734,-429,4.463224321E7,2025-09-02
I399716,-1030,3.570598918E7,2025-10-23
I400019,242,1.01915389E7,2030-01-01
I405074,-1290,4.604588578E7,2025-09-14
I407454,600,6.024016923E7,2030-01-01
I410980,-1261,7.867485127E7,2025-10-19
I412451,1956,4.083503071E7,2030-01-01
I413651,1497,0.0,2030-01-01
I416688,1491,4.871045294E7,2030-01-01
I418122,599,3.934558081E7,
I418616,-735,1.116216964E7,2025-10-21
I426041,-1192,1.0344045053E8,
I428356,-385,527042.91,2025-10-31
I437956,1258,1.171812132E8,
I443502,-1318,1.2206847163E8,2025-09-18
I443741,1265,1.3882918709E8,2030-01-01
I449443,537,3.946489691E7,2030-01-01
I452054,430,1.193285739E7,
I454437,1739,1.599230139E8,2030-01-01
I465750,1451,1.7760053623E8,
I470984,1885,2.7669894372E8,
I471733,1731,1.4147211534E8,
I473481,1091,2657206.52,2030-01-01
I473510,1567,1.7378833637E8,
I479671,671,5.046107135E7,
I479780,1738,8.404740885E7,
I485319,1143,1.5361955701E8,
I492618,966,1.2637135343E8,2030-01-01
I493087,336,3.562919415E7,
I494067,-1103,2.101652798E7,2025-09-21
I502426,1336,7.706384609E7,2030-01-01
I504957,769,995188.18,
I506756,-758,1.0027368769E8,2025-09-12
I512501,-1599,4.218153454E7,2025-09-04
I516274,-492,2.847514597E7,2025-10-06
I519562,721,3.644019442E7,
I522612,1681,2.560423176E7,
I527019,1962,2.7662476178E8,
I534396,493,1.930835744E7,
I536736,-207,6110992.3,2025-10-06
I546095,126,9905418.34,
I546622,-983,3.32333911E7,2030-01-01
I550207,448,2.361989982E7,
I551933,1920,8.938246966E7,
I559392,1830,1.267442271E7,
I571361,-644,2.475889978E7,2030-01-01
I572534,1827,2.1598686112E8,
I572864,-1595,1.6615758342E8,2025-09-05
I574176,1286,0.0,2030-01-01
I574960,-303,2.815259225E7,2025-10-01
I581987,1491,9.508232675E7,
I583346,-511,3.007832633E7,2025-09-30
I584652,1710,7.851567682E7,
I584789,1325,2.492134791E7,
I591210,297,3.567257169E7,2030-01-01
I481558,187,3260849.25,2030-01-01
I486532,1879,1.207078729E8,2030-01-01
I477138,622,1.047000514E7,
I485225,892,1.643985864E7,
I491164,438,5.765724384E7,2030-01-01
I503961,-228,3404927.95,2025-09-01
I504341,-228,1.046657942E7,2025-09-08
I505623,-1664,1.0642927174E8,2025-09-17
I510398,1770,4.27229256E7,
I514996,220,1.251428436E7,2030-01-01
I516592,413,1.77158968E7,
I537307,1095,5.975200714E7,2030-01-01
I538094,1610,1.4961781623E8,2030-01-01
I550553,-1542,1577940.84,2025-09-02
I552528,1521,4.580439579E7,
I554721,-844,1.2362011753E8,2025-09-26
I554877,226,5470224.08,
I555974,-1185,1.3045432093E8,2025-10-28
I562245,1290,1.174145018E8,2030-01-01
I563062,1023,7.614073378E7,
I563767,1489,9.331856158E7,
I566675,1522,1.4796419854E8,2030-01-01
I571198,1243,3.70824848E7,
I573004,744,1020352.08,2030-01-01
I577487,1429,1.2281966313E8,2030-01-01
I578373,-625,5.872781547E7,2025-09-01
I579067,-391,5.380444059E7,2025-09-14
I582521,187,1.837533162E7,2030-01-01
I583688,-574,1.383893598E7,2025-10-04
I585049,1976,3.038875019E7,2030-01-01
I587417,-1719,2.5008274699E8,2025-10-22
I587781,1157,1.2962700411E8,
I478004,-1655,2.1881016383E8,2025-09-25
I480927,-836,7.100514203E7,2025-10-22
I498816,223,1.446716148E7,
I508844,1084,1.2369053108E8,2030-01-01
I509229,272,3.819353029E7,2030-01-01
I513483,1525,1.3170295546E8,
I514736,-908,1.0089793161E8,2025-09-30
I518045,529,6.4158541E7,2030-01-01
I520792,1148,1.087262023E7,2030-01-01
I527580,1914,5.670799059E7,
I528911,782,4593089.07,
I530614,-1101,1.2883111269E8,2025-09-15
I531030,752,1.0365590139E8,2030-01-01
I532345,1854,2.5816614683E8,
I536293,216,1788333.93,
I541940,1557,9.774808473E7,
I544587,-626,4.958566139E7,2025-10-28
I549220,1560,2.2078423816E8,2030-01-01
I553678,1624,1.9690444934E8,
I555036,344,2.671693958E7,2030-01-01
I560503,1065,1.4414667244E8,2030-01-01
I561691,1599,8.098842447E7,2030-01-01
I565090,1741,1.373348513E8,2030-01-01
I566116,807,1.092378161E7,2030-01-01
I570827,51,125474.19,2030-01-01
I574363,-81,5376470.84,2025-09-03
I574928,120,1.733719837E7,
I576538,828,4.720722287E7,
I580155,1723,1.7978641473E8,2030-01-01
I582388,1699,1.2108635581E8,
I585657,1762,1.4441208009E8,2030-01-01
I587581,1969,1.5019796074E8,2030-01-01
I587665,706,6.173146074E7,2030-01-01
I590326,1945,2.3603344519E8,
I590696,587,7.345310552E7,2030-01-01
I477213,603,1.259172546E7,2030-01-01
I479667,-822,1.2245770503E8,2025-09-12
I483321,1692,7.108314595E7,2030-01-01
I484368,-424,1.99136656E7,2025-09-24
I475707,1159,6.853735028E7,
I475998,975,7.659628095E7,
I488453,995,7.870567868E7,2030-01-01
I488496,1152,4.399525197E7,
I491981,248,1824826.41,2030-01-01
I492595,342,2.616202302E7,2030-01-01
I494936,1574,8.077464492E7,
I505486,1593,6.714181022E7,
I506520,1026,6.861990372E7,2030-01-01
I506795,-596,3.156037039E7,2025-10-21
I510608,769,2.571291509E7,2030-01-01
I512301,1313,1.170858955E8,2030-01-01
I517802,1117,1.6278270877E8,
I522922,797,0.0,2030-01-01
I524083,-181,2.608571329E7,2025-09-05
I528014,-158,1.593789068E7,2025-10-20
I529370,-582,3.594210669E7,2025-09-20
I531002,1780,2.012467575E7,
I533622,1628,1.8395579857E8,2030-01-01
I534160,-1363,3.157341875E7,2025-10-22
I534689,808,8.009382463E7,2030-01-01
I541212,1139,1.5835857724E8,2030-01-01
I548347,1550,1.736424687E8,
I551539,1273,1.1927807933E8,2030-01-01
I553622,838,9.909816535E7,
I555193,1864,1.837330437E8,2030-01-01
I557702,-1383,1.0663431117E8,2025-09-29
I557747,67,8227192.63,
I557944,329,8549346.0,2030-01-01
I558346,-847,8.436509868E7,2025-10-15
I558726,1243,1.6329246074E8,
I560533,238,2.640770365E7,
I561246,186,7952864.94,2030-01-01
I564957,926,1.037657897E8,2030-01-01
I572259,1042,1.0007848368E8,
I572948,1598,1.2194774869E8,
I574880,-1088,4.414988064E7,2025-09-03
I576902,-1306,6951621.54,2025-10-08
I577807,-1591,1.371299652E8,2025-09-22
I590004,-1607,1.1210560173E8,2025-10-26
I591307,-1206,1.66735561E7,2025-09-11
I480827,330,5599833.98,2030-01-01
I483060,628,7.477112669E7,2030-01-01
I483959,-349,2.764045683E7,2025-10-10
I487006,556,4.470036598E7,2030-01-01
I490310,864,5.726403851E7,2030-01-01
I498790,1559,1.7211817765E8,2030-01-01
I503289,1321,7143945.96,
I508867,1258,3.534524777E7,2030-01-01
I510218,1927,1.2350798142E8,
I514263,1972,2.608506484E7,2030-01-01
I517613,-1104,7.523000844E7,2025-09-28
I518492,688,9.970769755E7,2030-01-01
I533327,258,2.614138941E7,2030-01-01
I534331,1703,2.4352793287E8,2030-01-01
I535075,1870,1.878523432E8,
I537669,1790,2.2291298961E8,2030-01-01
I539247,-586,8.574785363E7,2025-09-29
I546082,1586,1.5216961172E8,
I549962,685,4.939239966E7,2030-01-01
I550432,1678,1.1992938734E8,
I550598,-859,1.0560380033E8,2025-10-14
I551154,514,6.38425851E7,2030-01-01
I552681,1304,8.016841192E7,
I554933,1156,3.173553849E7,
I556492,774,0.0,2030-01-01
I557067,213,1.543041239E7,2030-01-01
I561161,1653,1.6905843908E8,2030-01-01
I562027,654,3.727161751E7,2030-01-01
I563150,1469,4.365060414E7,2030-01-01
I567169,-1115,9.507617813E7,2025-10-06
I568319,417,2.310522453E7,2030-01-01
I572071,1239,1.4213805238E8,
I572766,-1583,3.951279274E7,2025-09-21
I588687,-319,3.505880165E7,2025-09-17
I589067,846,9.297024498E7,2030-01-01
I480868,-1139,1.22166952E8,2025-09-02
I484298,940,5.013756307E7,2030-01-01
I485322,1301,1.8595160431E8,2030-01-01
I485772,79,4434473.86,2030-01-01
I477365,1124,8.437545852E7,
I486895,874,3.502525765E7,
I487282,418,6737171.94,
I493548,1174,1.4063150936E8,
I499011,-160,8644717.72,2025-09-13
I501202,1816,2.2224322679E8,2030-01-01
I502039,-1776,5.354296777E7,2025-09-26
I506530,-564,2.809519223E7,2025-09-16
I513057,-686,8897078.8,2025-09-16
I513196,-1669,2.787664886E7,2025-09-06
I518481,-871,8.630468096E7,
I532508,1613,2.3923035565E8,2030-01-01
I539095,62,8558926.51,
I539203,-720,5.594102188E7,2025-09-25
I542509,1748,5794850.34,2030-01-01
I546838,251,3.140723484E7,2030-01-01
I550760,-940,3.835085174E7,2025-10-15
I562834,-716,1.160481923E7,2025-09-10
I567461,1392,5.907096476E7,2030-01-01
I570354,1872,2570477.37,
I580680,1228,1.1823447383E8,2030-01-01
I583012,1572,1.60877746E7,2030-01-01
I586184,-1068,1.1460100558E8,2025-09-02
I587547,410,1.594384611E7,2030-01-01
I589897,-154,1666943.78,2025-10-20
I590973,1918,2.5768638095E8,2030-01-01
I478266,1251,1.075479702E7,2030-01-01
I485501,-711,1.650227791E7,2025-10-17
I484775,453,3.422509658E7,
I490628,-1309,3603684.78,2025-10-03
I497262,-1221,1.4760976996E8,2025-10-22
I498524,-750,9.402809181E7,2025-09-08
I506493,1301,2657669.25,
I508236,53,1517725.08,
I510838,-1702,1.5203157608E8,2025-10-19
I514627,-120,7694233.79,
I515058,-1511,1.7495907558E8,2025-09-21
I517148,857,1.1509812059E8,2030-01-01
I518442,1850,1.1106439251E8,2030-01-01
I524304,-1480,8.25759052E7,2025-10-16
I527560,496,2257919.25,2030-01-01
I528223,1323,9.861569315E7,2030-01-01
I530217,974,5.622797867E7,2030-01-01
I531140,97,1.242892793E7,2030-01-01
I533848,273,2.369204162E7,
I538832,938,1.61338944E7,
I544456,1692,1.6171744989E8,
I552733,774,5844507.37,
I562615,626,3.957050856E7,
I562685,1481,8.195085989E7,
I564060,273,3682865.46,
I564234,304,1.842398409E7,2030-01-01
I565450,1883,8.283375003E7,2030-01-01
I572993,-1699,1.563003256E7,2025-10-19
I574041,510,4.986028217E7,
I578531,316,1.585192384E7,2030-01-01
I578662,-1315,1.3179219736E8,2025-10-31
I583329,1743,7.083140246E7,2030-01-01
I583776,513,5.331926748E7,2030-01-01
I585096,-880,8.066320706E7,2025-10-30
I585101,1206,5.576748675E7,
I588389,259,2.893451667E7,2030-01-01
I482574,1088,6.378913862E7,2030-01-01
I485412,1739,2.2250943562E8,2030-01-01
I485626,-939,7.102125464E7,2025-10-18
I487786,776,6.747375437E7,2030-01-01
I481949,1248,1.7600333252E8,
I484420,1433,3.701134533E7,
I484448,1190,5.344061719E7,
I487474,198,2.206246128E7,
I492354,-1743,2.3387024433E8,2025-10-08
I493135,88,9824226.35,2030-01-01
I502773,1378,1.6530289155E8,2030-01-01
I503974,-1808,2.0466837201E8,2025-10-26
I506675,317,4.013832209E7,
I510198,669,3.39671097E7,
I510288,-1621,3.803441734E7,2025-09-25
I519204,-1152,1.4752712658E8,2025-09-29
I523369,1337,1.0252095026E8,2030-01-01
I523433,-799,5792204.81,2025-10-25
I535667,1273,1.1347215386E8,
I537113,638,5.926518718E7,
I542506,1959,7.846697346E7,
I563152,1903,3.199620687E7,
I572615,-1893,7382097.51,2025-09-19
I573381,1319,1.334361991E7,
I575320,1427,1.4477730348E8,2030-01-01
I577829,119,1.311112817E7,2030-01-01
I482016,-79,1.182817841E7,2025-10-14
I478140,968,1.1170660232E8,
I490193,1609,3.108344841E7,2030-01-01
I496434,1497,1.764986827E7,
I497265,-1953,1.3097483182E8,2025-10-23
I499248,1008,9.850219585E7,2030-01-01
I500289,-726,8.316982015E7,2025-10-03
I506913,1374,1.0214829976E8,2030-01-01
I514884,424,3.054102604E7,
I515309,-113,9272589.91,2025-10-06
I516544,1305,1.0271465185E8,2030-01-01
I518820,1408,1.8044495643E8,2030-01-01
I519869,938,4.153369789E7,
I523748,1040,1.0493545273E8,
I524935,780,2128774.56,2030-01-01
I527461,-659,7.442100341E7,2025-10-22
I532078,1579,3.420131659E7,2030-01-01
I537795,1709,7.630288524E7,2030-01-01
I538964,1282,1.8866512412E8,
I540455,825,4.553741895E7,2030-01-01
I542733,1954,2.3322029458E8,2030-01-01
I544370,852,7.51045828E7,2030-01-01
I544719,1304,1.1576400168E8,
I545286,-1632,2.398180838E8,2025-10-10
I549606,1291,0.0,
I555285,-1308,4.462090185E7,2025-10-29
I556738,1070,4.84467366E7,2030-01-01
I562083,1781,3313336.66,
I562309,1090,3.409737682E7,
I564421,-1258,1.831830018E7,2025-10-10
I564985,617,3.904319624E7,
I565958,1476,8.095327826E7,2030-01-01
I573207,-689,8223912.21,2025-09-16
I574819,-1254,1.8099312909E8,2025-10-28
I576793,1421,1.6741704068E8,
I585573,1377,7.41182144E7,
I585718,480,7.121036375E7,
I587509,-190,1.790216107E7,2025-10-06
I477972,-211,2.644519926E7,2025-09-25
I480288,-184,4592090.41,2025-10-10
I482037,-1714,1.1016610852E8,2025-10-21
I485054,-223,8116531.02,2025-09-22
I485800,-331,1.40261269E7,2025-09-06
I475929,789,2.060273363E7,
I476374,584,5.738214717E7,
I496486,-574,3.299063252E7,2025-09-25
I508552,912,2.911566672E7,
I511849,-1740,1.8469336223E8,2025-10-26
I516588,1741,1.873926658E7,2030-01-01
I524568,-275,2.277488215E7,2025-09-12
I528931,-1292,2.705283756E7,2025-10-04
I532084,335,3.149644706E7,2030-01-01
I537496,281,2.745629495E7,2030-01-01
I537758,-1363,1.7463825462E8,2025-09-23
I538176,1623,1.1903776824E8,
I541303,1974,1.7446677867E8,
I543032,946,4.674709344E7,
I544377,1359,1.9308829272E8,
I545199,431,3355622.83,2030-01-01
I545762,945,6.161773062E7,
I548997,1964,2.4261863372E8,2030-01-01
I550683,-1899,0.0,2025-10-21
I552052,1684,2.169643994E8,2030-01-01
I553968,1669,2.1340643878E8,2030-01-01
I555403,-1338,1.8506521156E8,2025-09-07
I557360,723,4.680726192E7,
I562561,-601,7.024468604E7,2025-10-14
I563296,210,2299319.48,2030-01-01
I564547,1183,2468959.93,2030-01-01
I567821,-67,4009081.25,2025-10-28
I568621,-1872,1.4867015851E8,2025-10-27
I571229,369,3.719010655E7,2030-01-01
I573848,-968,7.397857965E7,2025-10-31
I579447,422,4.327072188E7,
I583632,-488,6.031962293E7,2025-09-14
I584917,309,2.668824424E7,
I591123,-149,1.531742893E7,2025-09-12
I476143,-1348,4.144130749E7,2025-10-24
I488291,1305,3.906269681E7,2030-01-01
I489477,1967,1.236756173E7,2030-01-01
I489751,1734,1.849590249E8,
I495787,1440,1.2803580781E8,2030-01-01
I498542,1800,1.4531498737E8,
I501476,1476,1.9797173498E8,
I506069,-593,8.723135346E7,2025-10-06
I506247,1725,2.049519396E8,
I506401,-672,5.489775284E7,2025-09-29
I509034,779,0.0,2030-01-01
I512607,360,4.157384562E7,2030-01-01
I513933,-299,4.321626414E7,2025-09-16
I514732,1341,1.4265296825E8,2030-01-01
I517966,1253,4.031479059E7,
I521240,1606,1.2775436293E8,2030-01-01
I521996,1456,4.482422348E7,2030-01-01
I526812,-169,8379832.9,2025-10-13
I529952,659,8.956645477E7,
I530547,1867,0.0,2030-01-01
I533202,-888,4.354348233E7,2025-10-30
I545111,725,9.202648239E7,2030-01-01
I547789,408,3.935861695E7,
I548023,243,2.539090483E7,2030-01-01
I550063,-984,2.294435124E7,2025-09-16
I551366,-383,3.613978711E7,2025-10-18
I553736,1872,2.654949236E7,2030-01-01
I554765,-441,3.253646939E7,2025-09-15
I555802,776,1.151869569E8,2030-01-01
I557486,1566,1.8686906305E8,
I561848,1308,1.0034886866E8,2030-01-01
I569309,197,8104317.48,2030-01-01
I577109,447,3.682888451E7,
I581016,750,1.0735853558E8,2030-01-01
I587438,423,2.552867609E7,2030-01-01
I588323,583,7.746701636E7,
I590418,1157,1318377.57,
I483974,1328,1.8154381212E8,2030-01-01
I485318,265,3.431651177E7,2030-01-01
I477654,400,5.716614472E7,
I479227,1008,1.3373761007E8,
I482826,161,2.226849836E7,
I497460,569,7.281486889E7,
I497618,803,1.1200017062E8,
I505188,419,3.375830617E7,2030-01-01
I506692,1321,1.6109184541E8,
I513400,-1740,2.6003298614E8,2025-09-20
I522935,1450,1.7482417939E8,
I523208,131,1.161482972E7,2030-01-01
I536922,-1697,1.571918872E7,2025-09-26
I537881,780,1.065140607E7,2030-01-01
I540030,1894,1.5014181557E8,
I550917,1489,7.984930515E7,2030-01-01
I551226,-703,7.126441089E7,2025-10-11
I551505,1580,1.0293644525E8,
I552887,648,5.603102695E7,
I557911,272,2.983809442E7,
I563630,767,9.113857542E7,2030-01-01
I570910,1141,1.3309363828E8,
I575595,217,2.03054121E7,
I576849,1622,2.4097026464E8,
I579633,727,3.888156007E7,2030-01-01
I580152,-1649,1.2972955298E8,2025-10-10
I582291,-557,5.998432056E7,2025-10-03
I583069,1478,3.673902108E7,2030-01-01
I583558,60,0.0,
I585820,1263,9.92810495E7,2030-01-01
I585833,-1385,8.1567819E7,2025-10-02
I587411,-1492,8.355722121E7,2025-10-28
I589576,-1674,1.705256146E8,2025-10-17
I592049,-583,3.138675892E7,2025-10-14
I592425,1573,2.0855695629E8,2030-01-01
I597027,699,7.496489931E7,2030-01-01
I601255,405,2.127708292E7,2030-01-01
I603722,-264,3.723915797E7,2025-09-11
I604640,1958,2.5023373319E8,2030-01-01
I605560,-1432,1.8082117024E8,2025-10-03
I607823,-954,2.604691518E7,2025-10-19
I608477,-1086,3.901494441E7,2025-09-26
I610207,-267,2.237539528E7,2025-10-15
I610727,987,1.736991726E7,
I613081,1558,1.2700692592E8,2030-01-01
I619913,1800,1.2828024013E8,
I621599,996,1.785043608E7,2030-01-01
I625422,-1857,1.6492612796E8,2025-10-01
I627201,-329,3.334412713E7,2025-10-31
I628379,1550,2.2461437571E8,2030-01-01
I640888,1827,7.225856385E7,2030-01-01
I642512,281,8702511.55,
I644470,1149,1.2499399815E8,
I649599,-627,5.267908654E7,2025-10-10
I651285,-403,5.008618808E7,2025-09-19
I652363,185,2.746742315E7,
I655043,1885,6.798451731E7,2030-01-01
I656835,855,9.292964412E7,2030-01-01
I663268,182,8525077.71,
I663978,852,8.022242426E7,
I669238,1991,1.7437122473E8,2030-01-01
I670752,1033,1.1354030187E8,2030-01-01
I670938,1542,2.888350603E7,
I671240,107,3453729.2,2030-01-01
I675683,194,2.659693663E7,2030-01-01
I679316,-1349,1.400987879E7,2025-09-04
I683978,-775,3.773645877E7,
I687876,-1058,7.044042275E7,2025-10-10
I690069,1257,1.3220333815E8,2030-01-01
I697163,-1450,1.2217494542E8,2025-10-18
I699661,327,3.004367621E7,2030-01-01
I702432,75,8331222.0,
I702714,364,3.892019677E7,
I598406,-1026,1.29587064E7,2025-09-01
I601606,1292,1.800831315E8,2030-01-01
I603630,-413,2.398407261E7,2025-10-01
I601890,373,3.357257831E7,
I604236,1968,1.6639190406E8,2030-01-01
I605904,1470,1.5867412584E8,
I615279,-540,2956234.73,2025-10-10
I621513,623,2.981094208E7,
I621674,1710,2.0432960764E8,2030-01-01
I624197,-519,7.695953566E7,2025-09-06
I624210,-90,1.235903523E7,2025-09-09
I629475,287,1.003828647E7,2030-01-01
I630667,261,2.665367386E7,
I630862,1996,1.3053065846E8,
I635074,192,2.514853723E7,2030-01-01
I637210,1729,2.0924985257E8,
I639920,567,4.897915192E7,
I641066,-1769,9115621.12,2025-10-24
I645219,693,1.025121758E7,
I647917,1743,1.4095248111E8,
I650216,1842,1.6059355742E8,
I652398,1681,1.456220007E8,2030-01-01
I655636,791,3.063854537E7,2030-01-01
I656351,1208,1.3920165759E8,2030-01-01
I677439,515,2.823682341E7,2030-01-01
I678049,595,4.337316396E7,
I684864,1066,9.607938885E7,
I692689,800,7.091039976E7,
I695026,1789,1.6431095223E8,
I698962,-682,7.178911036E7,2025-09-13
I704248,1022,6.263797928E7,2030-01-01
I592640,426,4.722350323E7,2030-01-01
I600262,1862,1.8014893929E8,2030-01-01
I598063,874,1.0159098027E8,
I603885,-1603,1.8289275585E8,2025-10-20
I605100,-1619,1.9678207256E8,2025-10-13
I605341,-1919,1.9310601802E8,2025-10-12
I608797,-838,9.589605443E7,2025-09-17
I612029,1951,1.6167695397E8,2030-01-01
I612919,-918,6.048413936E7,2025-09-12
I614516,566,6.352677888E7,2030-01-01
I614844,998,9.352555937E7,2030-01-01
I616863,1674,3.100540612E7,
I625466,-485,3804747.97,2025-10-22
I628121,-1681,2.4744720557E8,2025-09-01
I630504,278,3.457618617E7,2030-01-01
I631937,1499,1.8418211755E8,
I632361,1655,2.3503605123E8,
I633449,-1542,2.2084669833E8,2025-10-07
I635317,-1880,2.345950636E7,2025-09-18
I637524,-1782,2.1454448013E8,2025-10-31
I639260,-1782,1.842019728E8,2025-10-24
I641972,695,0.0,
I645253,1851,2.2055188433E8,
I651146,-1675,1.3513337331E8,2025-09-05
I652023,540,3376717.67,
I656647,-1209,6.269311414E7,2025-09-22
I659435,937,1.078143238E8,
I662522,-936,5.98630944E7,2025-10-30
I669734,983,1.2860549427E8,
I670958,646,6.924816382E7,
I671572,129,313944.74,2030-01-01
I673225,-98,5759887.94,2025-09-03
I678079,-483,4.393063517E7,2025-09-04
I684405,-1251,1.1282910389E8,2025-10-19
I688445,-1378,1.5917041042E8,2025-10-27
I690514,-1351,1.3538903059E8,2030-01-01
I697411,388,2.771398814E7,
I703546,1595,3.439661767E7,2030-01-01
I704518,-1622,1.6879368283E8,2025-09-06
I706489,-1563,8.879391511E7,2025-10-07
I600691,-1404,1.5763466961E8,2025-10-06
I606194,-190,2.156132786E7,2025-10-29
I609382,227,1.055236381E7,2030-01-01
I611546,720,6.08648688E7,
I619374,-1542,1.306461152E8,2025-10-28
I620025,187,7103820.7,2030-01-01
I620319,-297,5508883.53,2030-01-01
I620321,66,5165624.23,2030-01-01
I621209,1011,1.942355294E7,
I622067,1739,2.1832846227E8,
I623331,-1768,2.3656199182E8,2025-09-30
I624073,-1523,8.352452588E7,2025-10-14
I625560,-692,5.364995074E7,2025-10-22
I628617,-1545,8.429940088E7,2025-09-08
I629714,-1661,9.020516336E7,2025-10-27
I630351,1401,1.9077118165E8,
I631134,1762,2.35736931E8,
I632282,152,4241103.38,2030-01-01
I640567,428,1.389211282E7,
I640909,1393,1.6157439673E8,2030-01-01
I641986,-764,4.029549061E7,2025-09-16
I648891,516,6.579870572E7,2030-01-01
I653025,543,3709788.19,
I656434,-1692,2.4990803659E8,2025-09-15
I656919,1697,1.5170059025E8,2030-01-01
I658854,847,1.1749315205E8,
I669243,472,9504243.44,
I672695,1832,5.468916606E7,2030-01-01
I672902,505,3.799762446E7,2030-01-01
I675084,516,6.534399353E7,
I675122,-1195,1.334736139E7,2025-10-03
I676555,-624,7.246952856E7,2025-10-27
I677175,1571,8.257725862E7,2030-01-01
I679354,-1994,2.9181106591E8,2025-09-20
I685541,-462,1.889970538E7,2025-10-19
I688306,83,8683184.35,
I695985,781,7955201.16,
I695995,748,7.812157825E7,
I698012,1859,1.8743784907E8,
I706729,1809,5.41473227E7,2030-01-01
I601809,688,1.026774698E7,
I607463,1509,3.88858534E7,
I612375,-1644,1.3029580229E8,2025-10-20
I635540,-1069,1.362167539E8,2025-09-07
I637977,-589,6.126294665E7,2025-09-29
I638083,1145,2.347261578E7,
I638120,1744,1.1005107791E8,
I641147,1980,2.1412555705E8,2030-01-01
I642310,1645,4.582595799E7,2030-01-01
I646388,1303,7981841.16,
I648894,1334,8.058753382E7,
I649932,1470,2.19732406E8,2030-01-01
I650155,-736,4551634.5,2025-10-16
I655573,1282,1.5158470557E8,2030-01-01
I657894,906,2.750883573E7,2030-01-01
I659178,1291,1.2900412799E8,
I662400,-983,1.1546328758E8,2025-10-22
I662544,106,1.211430259E7,2030-01-01
I665718,-191,2.809671067E7,2025-09-11
I671176,-195,2.431095673E7,2025-10-16
I676143,1216,1.3480577444E8,2030-01-01
I676532,-200,1.641520903E7,2025-10-18
I676839,818,1.919001682E7,
I681132,-1654,1.9267435849E8,2025-10-12
I681156,-275,7672532.91,2025-09-18
I685470,1368,9.161681184E7,2030-01-01
I687941,-784,1.0270608738E8,2025-10-26
I688933,1478,3185447.21,
I689002,1684,1.0804426513E8,
I700383,949,9.713088417E7,2030-01-01
I701864,399,5.334419824E7,2030-01-01
I703802,-461,6.810144306E7,2025-10-25
I706349,-768,1.0588622712E8,2025-10-24
I592113,-772,8.174200943E7,2025-09-09
I592332,-1023,8.582915362E7,2025-10-26
I594329,-1085,1.6023742114E8,2025-10-29
I603006,-461,4.887519457E7,2025-10-03
I616230,-302,3.986639243E7,2030-01-01
I616955,1733,1.574963985E8,2030-01-01
I619756,797,8.700888977E7,
I622461,-1229,9.340499931E7,2025-09-25
I627384,1692,3.518245053E7,2030-01-01
I632979,1308,1.2841423499E8,
I633732,1790,2.6296658046E8,
I635088,-1585,1.3663884243E8,2025-09-06
I640524,-1692,1.9558986417E8,2025-09-10
I649603,1723,9.388268085E7,
I651343,697,8.355853498E7,2030-01-01
I652615,716,1.0299391345E8,2030-01-01
I654044,1481,7.281164822E7,
I668030,424,2.136884972E7,
I670221,1684,2.0274337127E8,
I670990,835,8.830426917E7,2030-01-01
I680168,131,531960.81,2030-01-01
I681810,102,3061437.91,2030-01-01
I692530,-1736,2.1369338414E8,2025-10-26
I701567,1352,8.665309712E7,
I702764,543,2.655798229E7,
I592604,764,4.095655204E7,2030-01-01
I593432,-1103,1.3683038392E8,2025-09-26
I599319,-924,9.687673706E7,2025-09-11
I602358,964,1.2292340472E8,2030-01-01
I603870,-1020,1.2296799139E8,2025-10-03
I594588,752,7.409068385E7,
I604853,684,4.883917911E7,2030-01-01
I607204,-1707,2.299175553E7,2025-09-18
I608854,1191,4.732529905E7,
I613285,-690,8.810226216E7,2025-09-19
I615527,1548,1.8374745822E8,2030-01-01
I620585,-1135,9.987478072E7,2025-10-21
I622698,-1512,1.6955799804E8,2025-10-05
I625547,1724,1.704007761E8,
I626754,1259,1.1375931445E8,2030-01-01
I628063,234,1.234978887E7,
I629538,1444,1.0013358029E8,2030-01-01
I630297,-549,6.266968597E7,2025-10-18
I633544,435,3.606771284E7,
I637108,-1319,0.0,2025-10-22
I646508,-1718,1.323856549E7,2025-10-10
I647778,600,1.405181371E7,
I657006,1633,1.8829587279E8,
I663468,449,4.134355995E7,2030-01-01
I663476,91,294302.07,
I672965,166,2345217.18,
I673630,1518,1.6768293104E8,2030-01-01
I674532,1056,3.282656946E7,2030-01-01
I675709,1792,2.4216715143E8,
I678900,567,1.616943595E7,
I678916,1266,3.876029502E7,
I679753,812,7.539657017E7,
I686014,-183,2.655995788E7,2025-10-12
I687145,1370,3.93645226E7,
I697403,178,1.771866431E7,
I697720,1186,4579501.34,
I699334,-920,8.289104298E7,2025-09-11
I705826,-1116,9.593033595E7,2025-09-08
I602009,-504,3.372860988E7,2025-09-19
I591854,238,1.382182913E7,
I592697,82,1.051830884E7,
I597361,485,5.943244728E7,
I604375,1939,5.443367681E7,
I608101,1754,1.9161989373E8,2030-01-01
I608671,-901,1.01384241E7,2025-10-22
I614054,417,3083994.66,
I620328,-1300,1.19821454E8,2025-09-15
I623437,1229,1.4503926569E8,
I627498,-867,2779455.54,2025-10-17
I633196,165,2.442625823E7,2030-01-01
I635858,-1617,3.798505379E7,2025-10-25
I647294,-803,3.739487876E7,2025-09-18
I649952,-1179,5.852975854E7,2025-10-24
I650502,480,6.819978091E7,2030-01-01
I655857,746,1.920504454E7,
I658779,-1272,1.3539671411E8,2030-01-01
I661553,-552,0.0,2025-10-26
I662640,-900,1.2706229402E8,2025-09-19
I663891,1487,6.473562924E7,2030-01-01
I665290,1485,1.6442033079E8,
I667026,1411,1.0128315397E8,2030-01-01
I667865,-1713,1.0088020031E8,2025-10-15
I668085,-1556,8579406.52,2025-09-29
I672742,572,3.947780382E7,
I673702,700,1.0153432218E8,
I676730,150,1.623891624E7,2030-01-01
I684842,1702,5.282592699E7,2030-01-01
I686399,694,7.849475268E7,
I688120,936,8.324799903E7,2030-01-01
I695727,1269,1.4378679699E8,2030-01-01
I698485,-884,5.644321903E7,2025-09-13
I701438,1866,7.510472053E7,
I706982,-168,1.298705945E7,2025-10-09
I593730,-654,3.557042143E7,2025-09-18
I600311,-1272,1.5025554193E8,2025-09-07
I600895,855,6.1152321E7,
I608470,1497,2.050274548E7,2030-01-01
I608644,1897,1.8035724712E8,2030-01-01
I611146,-425,1.234461176E7,2025-09-27
I615842,1578,1.8471378808E8,2030-01-01
I625001,-658,2.389127307E7,2025-09-27
I627467,1902,1.9597583652E8,
I627762,-77,92259.85,2025-10-31
I628209,614,2.355496811E7,
I632773,-1266,5.583016081E7,2025-10-18
I637323,1344,1.9307126103E8,
I643579,-129,5625382.53,2025-10-29
I644716,-1452,1.6385003333E8,2025-10-20
I661302,1357,1.2374802538E8,2030-01-01
I663061,-175,5422901.92,2025-10-04
I663590,-1769,2.6302995895E8,2025-10-30
I665722,1645,3.037024463E7,
I670551,595,7.975902862E7,2030-01-01
I681818,1156,3.507603232E7,
I682108,-1943,2.281629342E8,2025-10-20
I682220,275,1.26709931E7,
I684384,-1076,7.484417626E7,2025-09-09
I690501,1584,4.896515126E7,2030-01-01
I694583,1217,9.172521053E7,2030-01-01
I698080,-467,4.167449748E7,2030-01-01
I700622,-1595,6.863322649E7,2025-09-05
I701515,1697,3.728525065E7,2030-01-01
I706926,-420,2.837717237E7,2025-10-16
I602234,-458,0.0,2025-10-14
I608033,195,1.638768756E7,2030-01-01
I618060,-1162,1.2487223214E8,2025-09-24
I619746,1942,2.0489040041E8,2030-01-01
I622556,-1380,8.947538367E7,2025-09-07
I630841,-930,1.0042677046E8,2025-10-28
I630964,1520,1.3438836143E8,2030-01-01
I636458,1453,1.9326438516E8,2030-01-01
I639285,552,6.391985649E7,
I640715,746,9.133743862E7,2030-01-01
I640857,99,6994549.97,
I642141,1809,2.6247148138E8,
I643177,1886,2.3321697692E8,
I646090,1334,1.9283837125E8,
I648144,405,5.044462455E7,2030-01-01
I651073,-748,4.182874539E7,2025-09-06
I660387,355,3.13728826E7,
I660455,-549,2.558370992E7,2025-10-20
I662147,-1102,1.4851261678E8,2025-09-18
I662516,577,6.947784423E7,
I662518,-1323,4.837565637E7,2025-10-09
I663138,-229,5219925.61,2025-10-07
I668996,1574,1.8609605846E8,2030-01-01
I674691,1049,3.188554445E7,
I685261,906,8.514457615E7,
I685425,1178,9243157.19,
I691913,-508,5.243016755E7,2025-10-31
I694516,1575,1.5980297819E8,
I704150,-418,1.421639093E7,2025-09-07
I706800,-668,6.33317763E7,2025-10-22
I600537,1122,3.969211351E7,
I613920,1625,0.0,2030-01-01
I614046,667,9.229536294E7,
I620764,-963,6.723182166E7,2025-10-31
I626521,1880,3.633016908E7,
I628241,-706,0.0,2025-10-08
I637580,-1987,1.2211918247E8,2025-09-24
I638163,1621,1.4286838437E8,
I645484,-1750,3.632005209E7,2025-09-06
I650858,-1335,1.939369673E8,2025-10-04
I651227,1827,1.2210889223E8,
I653608,149,4078868.34,
I658513,-1882,2.1355873008E8,2025-09-27
I665069,922,4.625863848E7,
I668146,1198,3.640346141E7,
I674042,-1786,1.603336423E7,2025-09-12
I677272,460,1306721.74,
I678984,957,1.1821128662E8,
I679485,-584,8.090738758E7,2025-09-09
I679955,1321,2.985410348E7,
I684778,908,1.0111953171E8,2030-01-01
I686000,213,2843124.26,
I688840,1022,1.0459145731E8,
I697281,378,4.418574606E7,2030-01-01
I698736,-1952,2.1859784605E8,2025-10-12
I699798,160,7240193.16,
I702884,-785,9.164293447E7,2025-10-31
I705829,1592,5.524680072E7,2030-01-01
I706205,-1397,1.9405297554E8,2025-09-10
I593206,-513,6.993867298E7,2025-10-23
I598941,1087,1.493536861E8,2030-01-01
I599592,-618,381173.71,2025-09-26
I601188,1881,1.9967580087E8,
I601660,71,6270742.75,
I603987,-563,6.278957547E7,2025-10-28
I605518,1735,2.1874718E7,
I606700,-799,1.738681014E7,2025-09-21
I612837,115,1.550829897E7,
I617644,514,5.656720822E7,2030-01-01
I621312,1363,1.4597521574E8,2030-01-01
I621355,1817,9.296922427E7,2030-01-01
I626269,103,4295110.72,
I626869,-1166,4.405822628E7,2025-10-14
I627693,-974,1.2897923301E8,2025-10-28
I632790,-935,1.328114857E7,2025-09-03
I633828,-520,5.427193252E7,2025-10-12
I644472,1277,1.3385714147E8,2030-01-01
I645705,-146,3590888.09,2025-09-28
I647382,-271,1.834543448E7,2025-10-12
I652521,1197,1.99226998E7,2030-01-01
I680628,-784,3.847081249E7,2025-09-23
I684142,87,7426969.38,
I688728,574,3.896115845E7,2030-01-01
I692068,1927,2.4637131909E8,2030-01-01
I692797,1573,1.2289268303E8,2030-01-01
I696817,1701,1.520753006E8,
I701286,226,2.073972003E7,2030-01-01
I703407,1588,1.5524660024E8,
I705049,1773,2.025690481E7,
I705207,1645,1.816245387E7,2030-01-01
I709446,-847,4.868930033E7,2025-09-24
I708528,191,2.811637447E7,
I717105,1749,1.4505567011E8,
I724229,66,8679115.68,
I724725,1587,1.2752695954E8,2030-01-01
I726127,1445,1.5596499367E8,
I726201,1885,2.0509209346E8,
I728407,1830,1.1872545764E8,
I731122,1891,8.003861908E7,
I737627,-417,9440392.77,2025-10-29
I741591,1925,6.036393788E7,2030-01-01
I744479,-807,9.751720411E7,2025-09-29
I744534,-872,8.565063085E7,2025-09-15
I749383,-182,2.355142867E7,2025-10-28
I750431,-359,8421193.2,2025-09-08
I751455,-544,1.149470678E7,2025-09-27
I752714,127,3539370.91,2030-01-01
I759908,-955,6.905238284E7,2025-09-01
I760793,939,2894918.67,2030-01-01
I765693,-543,3.56606555E7,2030-01-01
I772542,320,1.581087624E7,
I778083,1949,2.6572489078E8,2030-01-01
I778523,1734,1.7000150352E8,2030-01-01
I781484,-1622,1.9060947112E8,2025-10-19
I783155,-696,4.792056881E7,2025-09-13
I783578,1570,3.785159769E7,2030-01-01
I784566,-1971,2.6324196851E8,2025-10-26
I785227,122,1.512150103E7,
I785884,146,124337.22,
I786596,1917,2.569242904E8,
I791720,-1994,3.475062537E7,2025-09-20
I792385,-1144,3.533640235E7,2025-09-25
I795466,132,2624190.87,2030-01-01
I799393,685,6.55194029E7,2030-01-01
I809728,1115,1447277.08,2030-01-01
I810663,-1290,6.701777406E7,2025-09-09
I810983,-1799,1.6381635539E8,2025-10-12
I811092,1399,1.95937049E7,
I816195,-729,4.802965569E7,2025-09-18
I818130,1941,2.7735755532E8,
I820420,200,2.415732018E7,2030-01-01
I714093,1877,2.3436313324E8,2030-01-01
I712837,63,5662256.79,
I727850,1851,2.7647926879E8,2030-01-01
I729250,-407,6338865.88,2025-10-23
I732634,1056,1.5617679125E8,2030-01-01
I736887,646,5.021245487E7,
I738270,-216,2.589567385E7,2025-10-24
I740073,900,3.55785129E7,
I745180,-1671,4.135071555E7,2025-09-19
I747871,-820,3.458284905E7,2025-10-04
I748578,-559,1528014.64,2025-10-27
I750034,76,3003613.65,
I751104,1072,6.496620715E7,
I751890,-1494,1.0860038763E8,2025-09-25
I757849,208,2913323.84,
I766070,-247,0.0,2025-10-16
I766081,1456,8691041.37,2030-01-01
I769773,-1510,1.2065930455E8,2025-10-19
I774734,-483,1.386920824E7,2025-10-03
I775002,228,6040561.65,
I775632,-912,1.2138970656E8,2025-09-21
I778005,339,2.145726441E7,2030-01-01
I782887,-957,1.4116309454E8,2025-10-22
I787441,779,1.1328304169E8,
I789450,1547,1.216284505E8,
I794251,1972,1891067.74,2030-01-01
I795890,-1480,7.941307859E7,2025-10-23
I797577,988,2.374758995E7,2030-01-01
I801905,853,8.97445115E7,
I803343,1678,7.801322345E7,
I806264,-1856,1.3560885315E8,2025-09-17
I808157,-1288,1.7159444391E8,2025-09-17
I813200,-1776,1.9166915838E8,2025-10-28
I818422,1032,0.0,2030-01-01
I820122,883,1.3187525474E8,2030-01-01
I820163,50,1667844.05,
I822843,1054,1.827651843E7,
I714921,-452,4.41529274E7,2025-09-03
I707471,1133,1.3909481432E8,
I710576,826,6.195264888E7,
I717775,474,1.048400448E7,
I721066,720,3.90774785E7,2030-01-01
I724830,-1740,4.317141465E7,2025-10-05
I729568,1955,1.4557611609E8,
I732330,-1383,1.878033901E7,2025-09-19
I736048,-528,5.174199012E7,2025-09-12
I740760,1641,1.6722221933E8,
I741753,91,3260150.27,2030-01-01
I742222,821,2.103749489E7,
I744300,1436,1.9613999478E8,2030-01-01
I745845,-1443,1.2341000918E8,2025-10-06
I755475,-1108,2.555977316E7,2025-09-11
I759621,-1246,1.247811273E7,2025-09-24
I764428,865,4.56337174E7,
I767111,1314,2.911657234E7,2030-01-01
I774479,549,6.491782316E7,
I776809,289,9707997.32,2030-01-01
I777879,1140,1.2901481876E8,
I782408,607,1.144139602E7,2030-01-01
I791506,403,3.862450692E7,2030-01-01
I794045,632,8.784141454E7,2030-01-01
I794194,661,4.74270686E7,
I797795,1992,2.9412500396E8,
I799395,-1624,4.515045212E7,2025-10-14
I800516,-1295,1.8737134466E8,
I804100,1469,1.4863125467E8,
I820467,1562,8.686676868E7,2030-01-01
I720724,1437,1.7518695033E8,
I730756,882,7.355608253E7,2030-01-01
I736225,558,6.211717649E7,2030-01-01
I737274,1509,2.2246146875E8,
I748032,889,1.062290645E7,
I750257,-1568,1.5081022914E8,2025-10-20
I759162,-731,3.76225169E7,2025-09-11
I760841,1933,1.5111428004E8,
I762124,356,2.926404123E7,
I764199,-1056,2.75670299E7,2025-10-25
I765076,1519,9.240515052E7,2030-01-01
I765417,-1671,4.54392454E7,2025-10-16
I767919,1697,2.4259542187E8,2030-01-01
I770902,1051,1735463.95,2030-01-01
I771816,1203,6.210023901E7,
I777260,-1927,1.89517059E7,2025-10-27
I778550,-586,6.640610137E7,2025-10-23
I779579,918,1.2558180669E8,
I782675,-806,0.0,2025-10-27
I785731,-1741,1.3589756673E8,2025-10-21
I789146,1008,6.065689392E7,2030-01-01
I795354,1212,3748332.47,2030-01-01
I803555,-1588,3.655334349E7,2025-09-11
I809219,1230,1.4424345961E8,
I811186,1007,8.54304914E7,
I815179,1661,1.7595121764E8,
I815420,1545,1.8609424645E8,
I820613,1495,2546126.38,
I822913,-904,5.093141809E7,2025-10-15
I713917,1663,1.1765360243E8,2030-01-01
I714190,-789,4.633046591E7,2025-10-27
I716882,912,1.1814249368E8,
I722735,1753,2.2166661499E8,
I730949,71,9917620.33,2030-01-01
I732540,-136,1.148667103E7,2025-09-22
I739267,1279,1.5743557741E8,2030-01-01
I741934,456,6.326890764E7,2030-01-01
I746916,1287,2.817702027E7,2030-01-01
I748355,1095,1.1669388245E8,2030-01-01
I750102,311,1.227056566E7,
I755001,123,7573298.06,
I757031,-1758,1.824819174E7,2025-10-17
I759309,608,8.147144665E7,2030-01-01
I760612,479,5.529256198E7,
I764288,-696,5.992881638E7,2025-09-02
I765592,1006,1822436.84,
I767033,1924,5474107.13,2030-01-01
I767688,203,4034367.04,2030-01-01
I778149,-515,3.275590855E7,2025-10-02
I783675,974,1.173326125E8,
I787935,-69,1566685.83,2025-09-17
I788924,-1134,1.5978495341E8,2025-09-24
I795656,1976,2258923.04,2030-01-01
I797211,164,1.574435122E7,
I798819,968,6.118977573E7,2030-01-01
I804728,79,1.054444161E7,2030-01-01
I807110,1995,1.5361792322E8,
I708713,1646,1.8037305321E8,2030-01-01
I713108,-128,1.684521557E7,2025-10-28
I718955,-555,1708724.58,2025-09-13
I708530,355,0.0,
I723044,-1030,2348510.79,2025-09-21
I728023,1522,1.9084867447E8,2030-01-01
I733972,1710,9506614.48,2030-01-01
I740213,324,2588917.24,
I743745,1081,1.3914006215E8,
I748739,1981,2.4035476449E8,2030-01-01
I753251,-250,3.421021983E7,2025-10-29
I755991,1665,3.725782328E7,
I758249,-1525,1.9515817838E8,2025-09-20
I759187,401,2.937256717E7,
I761830,-697,7.342367358E7,2025-10-12
I762803,-956,7648198.29,2025-09-30
I765989,-724,5.36945928E7,2025-10-06
I767997,-844,8.205826822E7,2025-10-10
I768828,-1578,2.1029285528E8,2025-09-01
I769733,-1595,2195678.04,2025-09-20
I770361,-564,3.398668738E7,2025-10-22
I772460,-1310,1.9396646786E8,2025-10-16
I790583,552,7.639241498E7,
I802913,-402,3.825742652E7,2025-09-13
I818121,513,6.984239199E7,
I818180,-649,7.491013645E7,2030-01-01
I819316,-224,2.66790707E7,2025-10-12
I820298,601,5.74255662E7,
I822705,1040,7530348.37,
I707965,1204,2.804825027E7,2030-01-01
I711059,1892,1.4100259137E8,2030-01-01
I716034,695,8251343.45,2030-01-01
I716321,-1636,1.072057222E7,2025-10-07
I715689,190,149568.56,
I721016,418,3.979016076E7,
I723685,-1136,1.3825513054E8,2025-10-19
I725383,376,4.291541444E7,
I725458,247,4420634.32,
I729584,-1638,4.167768257E7,2025-09-16
I742754,358,1.606285054E7,2030-01-01
I743102,-743,8.182000158E7,2025-09-03
I750130,-1257,1.8750718561E8,2025-10-22
I754185,1448,1.8009981584E8,2030-01-01
I754328,176,1.434042674E7,2030-01-01
I758441,-1207,1.7113128777E8,2025-10-31
I759145,1154,1901803.06,2030-01-01
I763963,1772,5.916133353E7,2030-01-01
I764852,1131,1.1815123731E8,2030-01-01
I765251,901,3.097140156E7,2030-01-01
I766255,1568,6.340760038E7,2030-01-01
I766403,-1796,7.113494446E7,2030-01-01
I767277,-1534,1.4857304696E8,2025-10-17
I776117,825,1.0304010015E8,2030-01-01
I779292,-170,0.0,2025-10-30
I780467,-655,9.096981243E7,2025-10-21
I781298,-1273,5.778379866E7,2025-09-06
I782674,740,6.855665876E7,
I782845,492,5.32903131E7,2030-01-01
I790527,1111,1175788.98,
I791687,1929,2.0790726391E8,2030-01-01
I796972,141,1.685697945E7,
I797629,543,4.59818683E7,2030-01-01
I810049,1985,2.6549776012E8,
I810177,-646,4.257516086E7,2025-10-04
I818932,-1267,1.717572374E8,2025-09-08
I820760,1584,1.3553540786E8,2030-01-01
I707765,1593,2.3312632441E8,2030-01-01
I715275,1873,1.6045252147E8,
I732771,-1821,1350603.77,2025-10-21
I734846,-133,6554674.84,2025-09-09
I735367,1733,2.5324905693E8,
I741693,291,3.969060435E7,2030-01-01
I742722,1302,816525.31,2030-01-01
I752747,-1889,2698711.58,2025-10-04
I754607,1323,8.181537646E7,
I758877,1380,1.8164900248E8,
I761817,1421,0.0,2030-01-01
I777827,1590,4.585382489E7,2030-01-01
I778150,-787,7.23344659E7,2025-09-11
I789830,785,0.0,2030-01-01
I792548,584,7.840526731E7,2030-01-01
I795900,1320,1.702868515E7,
I810108,384,2.847985269E7,2030-01-01
I815786,1429,9.671188343E7,
I816021,-125,1.459238489E7,2025-10-07
I819369,-141,6488357.27,2030-01-01
I710620,1016,4.890765235E7,2030-01-01
I718288,1670,1.3925382279E8,
I726070,188,5524921.39,
I728126,1753,1.802795818E7,2030-01-01
I729445,-307,2.266138845E7,2025-09-20
I730352,1891,2.416257959E7,2030-01-01
I734073,-132,1.535476004E7,2025-10-19
I736097,-963,1.3945604423E8,2025-10-20
I738213,-1375,1.156002248E7,2030-01-01
I739951,1732,6.109142307E7,2030-01-01
I740045,1625,2.854266282E7,
I752282,429,2.878087926E7,2030-01-01
I752789,-568,3.627831375E7,2025-10-13
I756204,394,4.570949503E7,2030-01-01
I757865,648,0.0,2030-01-01
I759438,236,1.188777945E7,2030-01-01
I766271,-1050,9.059537627E7,2030-01-01
I767222,1672,8.091873332E7,
I778788,576,4.076152426E7,2030-01-01
I779656,-896,1.3323249763E8,2025-09-22
I782830,-1344,1.041966543E7,2025-09-26
I783433,-433,5.105053021E7,2025-09-20
I785048,1325,5.41992787E7,
I786354,-1947,1.1702559668E8,2025-10-05
I790311,-149,1.541820559E7,2025-09-14
I794619,-118,1.50985412E7,2025-10-27
I799984,1729,2.199541688E7,2030-01-01
I801628,-847,1.066149841E8,2025-10-20
I805142,1276,4.244834335E7,2030-01-01
I808104,-1933,6.324615475E7,2025-09-06
I810583,952,4.607893917E7,
I818746,-1940,9.773242761E7,2025-09-08
I821528,-996,1.608304167E7,2025-09-21
I821958,-1008,1.249927779E8,2025-10-22
I713637,-1123,5.645606478E7,2025-09-07
I709337,859,1.0200608548E8,
I720266,603,7.811211894E7,
I720489,-1665,7.889574225E7,2025-10-24
I742202,-490,1.03741057E7,2025-09-27
I744915,-1331,1.8804744451E8,2025-09-17
I745441,1703,0.0,2030-01-01
I748924,804,3.280231274E7,
I749458,84,1.040345687E7,
I756783,627,7.082855379E7,2030-01-01
I757272,638,4.78844653E7,2030-01-01
I760934,-1404,1.4371924482E8,2025-10-28
I763864,220,1.827039418E7,
I765095,1783,1.4308829505E8,2030-01-01
I773687,608,5.361254172E7,
I779987,-1077,1.4757426567E8,2025-10-31
I781020,-472,6.097750965E7,2025-09-20
I781824,1622,1.1497865566E8,2030-01-01
I786865,1201,2.826964297E7,2030-01-01
I788983,1796,9.64472472E7,
I790069,-1377,2.034049221E8,2025-10-16
I791358,1015,4.278685015E7,
I793363,-1127,8.331834237E7,2025-10-31
I800275,-619,8932980.03,2025-10-14
I801460,-1865,1.1493241888E8,2025-10-12
I808448,-352,3.408524063E7,2025-10-16
I811661,1671,3.336195504E7,
I812060,96,9499720.34,
I818224,1796,1.4576990798E8,2030-01-01
I819937,1066,9.982414891E7,2030-01-01
I822862,659,4.893493514E7,
I707824,-1499,1.2355955835E8,2025-09-10
I708513,-1058,1.5181610933E8,2025-09-17
I710436,-2000,5.876834052E7,2025-09-30
I713131,1797,2.4112577958E8,2030-01-01
I715079,698,3425490.03,2030-01-01
I717500,-66,1818562.47,2025-10-04
I722639,1653,1.3536721502E8,
I724564,1550,1.6772923889E8,
I725185,286,0.0,
I726098,1628,2.1698182242E8,2030-01-01
I726317,1900,9.589524226E7,
I727377,1652,1.0091613125E8,2030-01-01
I733804,1605,2.2583907857E8,2030-01-01
I740379,-1461,2.0886255257E8,2025-10-06
I743430,1045,1.5300889854E8,
I751087,961,1.895269271E7,2030-01-01
I751594,120,7455733.42,
I755828,1678,1.2626480726E8,2030-01-01
I761319,681,9.073838435E7,
I762005,1562,1.7940679759E8,
I765504,1888,3.164566905E7,2030-01-01
I766033,-122,1.777685425E7,2030-01-01
I768091,61,7993324.79,
I768932,639,7.57244895E7,2030-01-01
I770071,1800,5.029000566E7,2030-01-01
I770560,-1472,1.6152653066E8,2025-10-19
I771767,170,2.49237431E7,2030-01-01
I772134,687,8.755069989E7,
I773421,1631,2.1277377345E8,
I776299,271,3.32282579E7,2030-01-01
I781722,-728,1.0114050006E8,2025-09-16
I783375,-1506,2.387160505E7,2025-09-20
I788898,674,6.817419948E7,2030-01-01
I790577,987,7.231289724E7,2030-01-01
I790931,-1513,2.334279736E7,2025-10-17
I796356,1051,2.282644074E7,
I799828,1479,1.876853904E7,2030-01-01
I799912,-1806,1.0965095239E8,2025-09-23
I800560,-1607,0.0,2025-09-22
I806678,1777,4675820.71,
I818352,1832,2.7299227632E8,
I716375,-1552,1.244433461E8,2025-09-11
I709382,993,1.280357881E8,
I719683,157,9923040.25,
I725287,688,2788431.62,
I736804,1968,1.440384904E8,2030-01-01
I739408,794,1.1497717701E8,
I739693,-100,346852.36,2025-09-28
I741980,900,3.570280253E7,
I743328,352,1.436043788E7,2030-01-01
I745695,1890,1.2811088861E8,
I755987,1226,8.06634327E7,2030-01-01
I758240,505,7.4996466E7,
I764469,-880,8.670357983E7,2025-10-06
I766584,-109,3503355.94,2025-09-20
I766827,90,7653479.89,
I774780,-409,2.268175385E7,2025-09-25
I780455,742,2.345003353E7,
I781050,377,1.321815086E7,
I782826,-500,5996396.09,2025-10-15
I789103,1023,5868875.81,2030-01-01
I789422,1523,1.2127854874E8,
I791108,1153,3.059786968E7,
I791517,1199,6.776106542E7,2030-01-01
I791698,984,8.496092322E7,2030-01-01
I793373,-875,1.0602150504E8,2025-09-22
I800618,-1680,2.0176677534E8,2025-10-10
I800943,-824,1.759938211E7,2025-09-28
I829125,1311,4.373008689E7,2030-01-01
I827604,764,1.0832145905E8,
I831955,1604,2.2449208889E8,
I838228,-1629,8.269807705E7,2025-09-13
I838540,1586,7.884769771E7,2030-01-01
I840815,243,2.120581082E7,
I845486,-468,6.20400825E7,2025-09-27
I847208,-1054,2927666.93,2025-09-17
I849114,1189,1.2793104762E8,
I850860,1715,9.404761643E7,2030-01-01
I853387,-1867,3.569240071E7,2025-09-27
I859064,1871,6.321532088E7,
I860823,232,2.512590174E7,2030-01-01
I861765,292,3.183158249E7,2030-01-01
I864010,471,6.42741218E7,
I864912,-1471,3152288.06,2025-10-27
I870851,1377,1.86803618E8,2030-01-01
I875289,1957,7837330.47,
I878759,-418,5.745565733E7,2025-10-09
I880005,1025,3.880316013E7,2030-01-01
I885180,-1763,1.891015477E7,2025-10-20
I886100,1274,1.5759113583E8,2030-01-01
I888751,1990,7.81982185E7,
I890617,560,1.164326589E7,
I890640,1758,3.923562372E7,2030-01-01
I891114,-1118,4.431565221E7,2025-09-24
I891242,-934,1.1279051211E8,2025-10-07
I891293,736,1.0955914796E8,2030-01-01
I893777,379,1.985243187E7,2030-01-01
I897232,1821,2.1372126769E8,
I899371,-1566,2.33106214E7,2025-09-24
I902148,1044,1.395902976E8,2030-01-01
I903301,883,5.011706785E7,
I914240,1210,1.7930698623E8,
I914749,1951,8.519127679E7,
I915051,775,4.62518823E7,2030-01-01
I917204,1111,7.944069604E7,2030-01-01
I921188,1082,6.89589639E7,
I921713,756,1.074021519E8,
I923161,601,8.120671804E7,
I923817,1905,1.4143428998E8,2030-01-01
I923909,1159,7.421910037E7,2030-01-01
I930151,894,1.2762940358E8,
I930265,1611,1.7986277188E8,
I936900,536,6154835.7,2030-01-01
I937694,147,7091854.04,
I826357,778,9.993482064E7,2030-01-01
I829444,1332,1.4264582899E8,2030-01-01
I833633,1962,1.4141189455E8,2030-01-01
I837033,1327,1.6599148644E8,
I838838,811,6.109660919E7,
I840467,700,8.658377803E7,
I849451,804,5.1416929E7,
I865865,357,4.708142644E7,
I869912,510,6.266423447E7,2030-01-01
I875905,136,1.188425878E7,
I883440,306,4.03869725E7,
I891139,-963,1.4024624306E8,2025-09-11
I892309,428,4.499976455E7,2030-01-01
I899008,-630,4.479953481E7,2025-09-24
I901272,-241,9343821.83,2025-09-08
I906128,473,4.745238861E7,2030-01-01
I906672,-1638,2.1554153729E8,2030-01-01
I915781,531,3.287327327E7,2030-01-01
I920399,-1737,1.0671934483E8,2025-10-19
I923103,-799,1.0908605136E8,2025-09-14
I928015,1503,5.11122779E7,
I934103,224,1.88730781E7,
I830987,-143,1.41982199E7,2025-09-02
I832969,979,1.146426567E7,2030-01-01
I834052,-1027,6.001807318E7,2025-10-08
I829188,1910,9.817908752E7,
I833567,177,4667275.07,
I836774,1592,0.0,
I838119,-287,1.066098801E7,2030-01-01
I841026,-535,0.0,2025-09-01
I845829,1057,1.5580200333E8,2030-01-01
I848861,1795,2.1699331225E8,
I855221,-974,8.012024154E7,2025-10-02
I857318,-166,4054216.4,2025-09-28
I858548,-827,7.384338103E7,2025-09-24
I860425,890,6.825143576E7,2030-01-01
I862545,1644,1.8285135185E8,
I864544,429,3.918688274E7,2030-01-01
I865608,884,8.071211974E7,
I867443,1949,6.350073122E7,
I871130,711,1.766412749E7,2030-01-01
I871322,1242,4.052817059E7,
I872778,861,4.13627288E7,2030-01-01
I873631,1539,2.507973894E7,2030-01-01
I877698,972,6.2379224E7,
I878072,1317,1.140546365E7,2030-01-01
I884721,1833,2.1411493993E8,
I887588,1163,4.567099932E7,2030-01-01
I889484,-1597,6.2380999E7,2025-10-25
I891097,-632,4.506388322E7,2025-09-24
I892291,1002,5.074798914E7,
I902115,527,4.270788919E7,2030-01-01
I909438,-406,4684183.75,2025-10-27
I913790,-463,3.840420518E7,2025-10-25
I917082,-649,1.264997669E7,2025-10-31
I924980,1205,4.250436048E7,
I934013,560,2.627149677E7,
I937907,-505,1.400531549E7,2025-09-04
I826968,1925,5.825211174E7,2030-01-01
I837857,-1697,9.573310944E7,2025-10-16
I843254,64,4156547.49,
I846875,1024,9.984897412E7,
I848724,-1745,7.455343669E7,2025-10-11
I851000,98,8233429.32,2030-01-01
I852199,-813,6.089651303E7,2025-09-30
I853668,993,4.964329494E7,2030-01-01
I857674,-885,9.913392841E7,2025-09-13
I863005,1231,2.15450774E7,2030-01-01
I867002,-374,4.508568166E7,2025-09-12
I872715,-1324,1.0747544108E8,2030-01-01
I885260,1220,1.0028820487E8,
I887444,1083,1.5274597221E8,2030-01-01
I891488,1630,2.1055496286E8,
I895286,903,4.095169284E7,2030-01-01
I897578,561,5.211752823E7,
I898834,-1898,1.0287055152E8,2025-10-12
I900250,498,3.994529462E7,2030-01-01
I900733,518,6.020348416E7,2030-01-01
I901772,927,1.0167360966E8,2030-01-01
I902132,-502,5.468266319E7,2025-10-23
I902867,1841,1.4063795083E8,2030-01-01
I903404,-605,4.963194156E7,2025-10-08
I909751,-1636,0.0,2025-09-19
I912339,-537,4.445880231E7,2025-10-30
I913375,238,2.875288879E7,2030-01-01
I916268,1339,2.886810486E7,2030-01-01
I918029,-931,1.1065980099E8,2025-10-23
I918278,-275,1.631627926E7,2025-09-12
I921045,-399,956229.81,2025-09-25
I921439,882,1.2257534633E8,
I924209,-498,7.444987764E7,2025-10-28
I926455,867,3.896185088E7,
I926642,-1382,4.653099804E7,2025-09-08
I928135,704,6.194536301E7,
I929153,1194,1.3378016596E8,
I929835,689,8.322475399E7,2030-01-01
I933578,1160,6.974746043E7,2030-01-01
I935867,1100,1.1829109162E8,
I936847,-908,1.1984050657E8,2025-10-25
I826522,-1519,9.461191357E7,2025-09-04
I833346,-910,1.0973496174E8,2025-10-15
I832451,135,5515502.96,2030-01-01
I834012,1011,2.257344079E7,
I838509,-191,2.109700405E7,2025-09-25
I839890,1462,3.998959819E7,
I840704,-714,3.472851618E7,2025-09-30
I843371,186,1.636124561E7,
I853889,1796,5273659.21,
I856279,780,1.690378029E7,2030-01-01
I863391,-1515,2.564655963E7,2025-09-03
I863413,1326,7.615790808E7,
I865792,404,3.173555655E7,2030-01-01
I867065,-1404,1.8155887509E8,2025-09-01
I868404,427,5.831806958E7,2030-01-01
I869489,-1322,1.3799522031E8,2025-09-22
I882847,1521,2.0544121903E8,2030-01-01
I886151,428,4.305354311E7,
I886483,-837,4.122754391E7,2025-10-24
I888079,660,1.524852037E7,
I892926,231,8672976.51,
I899699,-1388,1.3541566703E8,2025-09-11
I900291,369,3.001068539E7,
I900774,1675,8.228404155E7,
I902749,1939,1.428959924E7,2030-01-01
I905120,495,2.473115088E7,
I910757,1411,1.0612310103E8,2030-01-01
I911040,-862,1.1507299441E8,2025-10-13
I913866,282,6009581.75,
I914911,1530,1.2077842322E8,
I916584,770,4.111195514E7,
I920342,311,4.305963022E7,
I927368,1388,1.6558727371E8,2030-01-01
I931428,-1324,9.519022765E7,2025-09-13
I933587,737,3.943877142E7,2030-01-01
I938008,-260,3.12479102E7,2025-10-17
I827841,-354,5.096757114E7,2025-10-11
I830050,-992,2.820347096E7,2025-10-01
I832623,-1846,1.2482033319E8,2025-09-26
I832914,-1713,1.147306406E7,2025-09-25
I834444,735,7.600135741E7,2030-01-01
I828092,642,3.951070955E7,
I837669,-968,3.272990842E7,2025-10-18
I840344,1340,8.264196896E7,
I841371,528,1.233340891E7,2030-01-01
I841474,-60,4933877.12,
I844972,366,0.0,
I852461,-1336,6.276321133E7,2025-10-23
I853272,1617,1.6560231357E8,
I853586,-500,8977471.47,2025-10-09
I859906,306,9222512.77,2030-01-01
I866859,1472,1.1649740437E8,
I869170,641,2573234.47,2030-01-01
I875189,988,1.0947845631E8,
I878775,-523,6.615829221E7,2025-10-22
I883182,-399,3.795840867E7,2025-09-17
I894299,690,3.44553426E7,
I901878,1937,1.9741025543E8,2030-01-01
I904892,633,1.630203798E7,
I905864,1842,7.753153481E7,2030-01-01
I907060,-1947,1.6127620978E8,2025-10-03
I908258,605,2.96771767E7,
I908587,-108,1869521.38,2025-10-29
I913965,1111,7.664964688E7,2030-01-01
I920658,838,8939193.65,
I927766,738,9.902251923E7,2030-01-01
I927970,-436,5.993546368E7,2025-09-10
I931109,848,1.340677213E7,
I931278,1981,1.508804373E7,2030-01-01
I826742,-384,2.369516897E7,2025-10-31
I830583,-1915,2.6931468581E8,2025-09-07
I835224,1653,2.4731306446E8,2030-01-01
I823796,1863,2.3773870865E8,
I828626,327,6791805.43,
I840696,269,8054824.98,2030-01-01
I841874,-815,6.285314203E7,2025-09-03
I843440,-1539,6.852228563E7,2025-09-29
I843946,678,9.927295169E7,2030-01-01
I845975,543,1257541.85,
I852721,1682,2.3408240174E8,2030-01-01
I856196,-961,1.3257325132E8,2025-10-29
I872793,554,1.601912814E7,
I878784,-306,1.524237503E7,2025-09-24
I884452,-1080,9.689523315E7,2025-10-26
I887112,1776,1.2290995819E8,2030-01-01
I889385,-1255,2.717555822E7,2025-09-19
I889917,809,8.698156823E7,2030-01-01
I900576,-1842,2.4672961394E8,2025-09-06
I901649,-1584,1.7673196785E8,2025-09-28
I909755,-364,3539029.76,2025-09-07
I911144,-693,9.614488616E7,2025-10-31
I911346,1155,1.1441009562E8,2030-01-01
I911667,1770,1.7537866877E8,2030-01-01
I918063,-1323,674972.03,2025-10-15
I918089,121,1.072258652E7,2030-01-01
I918610,-71,1786791.29,2025-09-06
I919108,737,4.454862999E7,
I919836,1331,1.0589316388E8,
I928263,-864,1.0448089358E8,2025-09-06
I928355,193,7818590.52,2030-01-01
I928462,179,2.197769063E7,2030-01-01
I829905,-283,1.052488833E7,2025-10-23
I835696,994,1.1268406533E8,2030-01-01
I842755,-333,4377241.31,2025-09-20
I843871,169,2.505277715E7,2030-01-01
I846217,1420,1.435404877E8,2030-01-01
I848398,392,3.965087169E7,2030-01-01
I856023,-1940,7.651384272E7,2025-09-14
I857717,-1969,2.7920870482E8,2025-09-11
I862495,1570,1.0111048507E8,2030-01-01
I872999,-1307,1.8874153681E8,2025-10-02
I874208,1913,1.950906863E8,
I884038,-1752,7.583914846E7,2025-10-07
I884751,-1037,2.934466679E7,2025-09-12
I885536,-869,6.255064973E7,2025-09-14
I900402,1941,1.0089097395E8,
I900448,1551,1.234420609E8,2030-01-01
I900987,465,1.207913792E7,
I902049,272,1.197997772E7,
I906809,1020,1.1284414909E8,
I907200,-1623,9.990011852E7,2025-10-06
I911441,-1088,1.0149282527E8,2025-10-08
I912949,1628,1.6720094737E8,2030-01-01
I915898,-1157,7.318972779E7,2025-09-19
I916538,-197,0.0,2025-10-10
I931055,-71,239243.81,2025-10-26
I932201,1469,1.7168370931E8,
I934042,800,9.559940871E7,
I823758,-202,4679432.12,2030-01-01
I828357,-151,887544.65,2025-09-22
I833482,-1099,3725712.71,2025-09-19
I833661,-1120,1.2410080301E8,2025-10-12
I836300,1638,1.7890862415E8,
I847809,705,9.978182194E7,
I848977,319,4.663123893E7,
I852695,-1692,2.3190838933E8,2025-09-13
I855633,1822,9.740783118E7,
I859561,591,6.446635898E7,2030-01-01
I871146,-737,5.011581983E7,2025-10-14
I875620,356,1650364.08,
I890032,1657,2.3258377095E8,
I892343,474,4.586334701E7,
I896133,991,1.1011341443E8,2030-01-01
I906615,819,2.810881094E7,2030-01-01
I908069,859,6.21908955E7,2030-01-01
I908391,-607,1.887919434E7,2025-10-02
I911979,393,1.703492062E7,2030-01-01
I917227,783,8241469.62,
I922077,185,1.649570853E7,2030-01-01
I924007,-360,3.254733078E7,2025-09-26
I924669,398,4.292361121E7,2030-01-01
I931441,-1747,9.502529712E7,2025-10-31
I933208,1094,1.348264176E8,2030-01-01
I933475,-333,1.519928809E7,2025-09-25
I934443,683,6.354935149E7,
I937711,1356,1.7358828206E8,2030-01-01
I830554,1319,1137544.53,
I835678,256,2.111669288E7,2030-01-01
I836936,422,2.64774707E7,2030-01-01
I838690,-374,4.137229883E7,2025-10-17
I846282,1411,1.9621094192E8,2030-01-01
I857697,-213,2.341405083E7,2025-10-12
I861371,-1948,1.9286165339E8,2025-09-03
I866700,290,3.793756483E7,2030-01-01
I866772,-248,2.4908505E7,2025-09-18
I866787,-1664,2.00707158E8,2025-10-14
I869741,99,1.028047019E7,
I870790,759,3.885130637E7,2030-01-01
I876049,349,5.229014335E7,2030-01-01
I878846,1692,1.9140496935E8,
I882456,-1379,7.031849346E7,2025-10-25
I886973,202,3478481.03,2030-01-01
I892617,906,5.240105566E7,2030-01-01
I894602,1356,1.489425839E7,2030-01-01
I895741,1683,4.002632476E7,
I899692,1982,3.15716104E7,2030-01-01
I900813,1862,1.5649866124E8,
I902080,62,1053066.43,
I908222,-1645,2.2036703013E8,2025-09-28
I908256,1298,1.4510058372E8,2030-01-01
I908634,1841,8.557861207E7,
I913007,447,5.242831599E7,
I919791,-1949,0.0,2025-10-03
I920707,101,2670044.83,
I925795,-1574,4.166939194E7,2025-10-12
I927594,780,2.858664281E7,2030-01-01
I928600,1829,6372410.47,2030-01-01
I929310,-1908,1.173604368E7,2025-10-28
I930811,1718,2.5428845533E8,
I931421,1075,9.120683063E7,
I824022,600,6.94910021E7,2030-01-01
I826438,-1638,1.1337177631E8,2025-10-15
I832569,1243,1.5566469225E8,
I836402,1387,1.7260386951E8,2030-01-01
I836543,-248,1.40933081E7,2025-09-11
I837272,-1991,1.6849177277E8,2025-10-14
I838018,1043,1.1276026118E8,2030-01-01
I839058,1069,1.1606837279E8,2030-01-01
I842912,-1168,3.489259702E7,2025-10-27
I849692,364,2.05051346E7,
I851733,608,9717401.93,
I853485,1660,6.857041363E7,2030-01-01
I862206,-111,9296293.34,2025-09-11
I862298,-110,2242862.25,2025-10-17
I881036,1458,8.304157986E7,
I881480,730,5.711106535E7,2030-01-01
I883370,1434,1.6624236538E8,
I883544,1449,1.4393326186E8,2030-01-01
I885898,-1837,1.234451934E8,2025-10-31
I886436,-1822,1.323921401E8,2025-09-29
I890488,-1600,9.832816299E7,2025-10-22
I891764,1900,1.1831092386E8,
I893604,-625,8.526909429E7,2025-09-07
I893796,-1509,1.7706140802E8,2025-10-04
I894854,469,4.951445867E7,2030-01-01
I903919,-1418,1.2468201045E8,2025-09-11
I907681,1313,1.0377946625E8,
I913446,-1609,2.0594744341E8,2025-10-23
I913780,1610,1889895.1,
I916642,1131,1.3813898596E8,2030-01-01
I922279,138,1.914919221E7,
I926150,-1305,1.5914477336E8,2025-09-08
I926631,1326,1.1326754809E8,
I930257,-1885,4717986.17,2025-09-05
I935165,1761,2.2379696803E8,2030-01-01
I936579,1106,1.083258562E7,2030-01-01
I936699,1771,2.23571474E7,
I826717,-1972,2.4517122688E8,2025-10-16
I828017,1577,1.5116714294E8,
I833607,722,384284.82,
I854449,-501,4.463660739E7,2025-10-20
I859832,1992,4.484469752E7,
I860212,106,1.408035821E7,
I860910,1721,3.486687393E7,
I863300,-865,5.008940267E7,2025-09-20
I866285,-1465,1.0871132089E8,2025-09-03
I872945,854,9.662835404E7,
I878283,1858,2.6813466457E8,
I883885,1843,1.860416368E8,
I903254,-1629,6.387558775E7,2025-09-24
I904528,481,1.585143628E7,2030-01-01
I912329,951,9.259740696E7,
I913501,1108,1.4194124284E8,2030-01-01
I913729,1891,1.6304204221E8,2030-01-01
I914521,-940,8.080251908E7,2025-09-25
I916589,-609,2.181932519E7,2025-10-16
I924782,807,4.547940494E7,2030-01-01
I928164,1829,0.0,
I935499,995,6.404848574E7,2030-01-01
I939681,854,6.929208055E7,2030-01-01
I945016,1661,8.099008757E7,2030-01-01
I946489,-1500,1.174093628E7,2025-09-30
I948143,1410,2.0589767619E8,2030-01-01
I950357,759,2.06328951E7,2030-01-01
I939107,1978,2.3717439519E8,
I962529,1962,2.915120805E8,
I963746,-1511,4.436462746E7,2025-09-29
I965185,136,3135402.21,
I971980,1916,1.9659028829E8,
I974331,442,4.484625329E7,2030-01-01
I975134,362,2.800886049E7,
I975151,892,8.590485728E7,
I984821,-527,2.001512261E7,2025-09-22
I986955,1185,1.909513394E7,
I992119,1351,1.579938254E8,2030-01-01
I1002370,1077,1.4766664393E8,
I1002491,900,6.837489295E7,
I1006882,-1272,1.4611750604E8,2025-10-12
I1008715,1074,1.1201442382E8,2030-01-01
I1009330,939,1.0587495896E8,
I939050,-1800,1.5823475023E8,2025-10-17
I939055,827,6.043338588E7,2030-01-01
I940414,-216,1.666931354E7,2025-10-25
I942711,-1576,8.713331339E7,2025-10-23
I946953,1582,1.2549683268E8,2030-01-01
I939755,790,6.030438095E7,
I957103,1979,2.7003741724E8,2030-01-01
I961902,1635,1.5208951866E8,2030-01-01
I964415,1267,6.399995139E7,2030-01-01
I965630,1094,1.0098434134E8,
I967200,1103,1.2612205177E8,2030-01-01
I972468,1019,7.573847381E7,
I973231,-1480,7.516571319E7,2025-10-28
I975261,-857,1.2234973776E8,2025-09-17
I975928,-842,1.203547338E8,2025-10-12
I978443,-1827,2.5699741025E8,2025-09-14
I981220,118,1.744905086E7,2030-01-01
I984929,-1027,2.628158838E7,2025-10-30
I987047,-921,5.122855977E7,2025-10-28
I989868,507,3.766291761E7,2030-01-01
I995879,478,2.514939067E7,
I997677,-1667,1.135564744E7,2025-10-08
I1003670,1508,1.4101908498E8,
I1004638,773,9.203932044E7,
I938928,1859,4.173347166E7,2030-01-01
I948109,711,6.931814755E7,2030-01-01
I947271,1367,1.5766504035E8,
I950237,1836,9.336855211E7,
I959643,1782,2.0743778329E8,2030-01-01
I972723,1970,2.3762291301E8,2030-01-01
I973324,808,1.0824132936E8,2030-01-01
I973562,-1424,1.8418711636E8,2025-10-18
I977332,-100,3716375.49,2025-09-17
I980664,1973,1.5310380462E8,2030-01-01
I980802,1749,1.5825794183E8,
I983687,-1726,2.5523714198E8,2025-10-04
I984335,581,7.438487983E7,
I985132,1520,1.6505924643E8,
I985808,831,9.095618296E7,
I990766,-94,1.359241503E7,2025-09-11
I992544,-809,1.0449388061E8,2025-09-08
I993508,1279,8.523830285E7,
I995934,-900,1.2725963496E8,2025-09-10
I1000054,-1666,4.229818551E7,2025-09-17
I1001601,941,2.131647454E7,2030-01-01
I1009521,1408,1.8368893442E8,2030-01-01
I943912,52,6865257.61,2030-01-01
I952405,-1565,3.948823742E7,2025-10-08
I954113,1157,1.4422946531E8,
I960951,-1897,6.627784295E7,2025-09-23
I963368,1972,5752236.82,2030-01-01
I969605,1629,9.698958171E7,
I973388,1952,1.1385928808E8,
I978160,-1792,1.8309505977E8,2025-09-17
I979835,-811,4.929991822E7,2025-10-26
I982204,-1998,9.611857561E7,2025-10-10
I984806,-743,4.922717698E7,2025-10-11
I986457,83,2309377.82,2030-01-01
I988669,966,5.08415998E7,
I990395,1188,1.0750380596E8,
I995318,-1511,1.5080892034E8,2025-09-11
I1000710,1271,1.8807004451E8,2030-01-01
I1003936,1559,9.636863193E7,
I1006348,-1612,1.3243464772E8,2025-10-18
I1006666,-1832,4.249282919E7,2025-09-16
I1008984,1354,1.269452613E8,2030-01-01
I947876,-678,4181115.46,2025-09-26
I952490,89,197567.3,2030-01-01
I959309,983,5.98966584E7,2030-01-01
I965272,961,2.02226883E7,
I971031,932,2.7645854E7,
I972838,294,3.368367293E7,
I973927,-338,2.464287851E7,2025-09-20
I975797,1605,4.268175401E7,
I976417,538,4.577397175E7,
I977192,1824,1.6503373374E8,2030-01-01
I984012,-1395,7.057059438E7,2025-10-24
I985749,-589,3.701004622E7,2025-09-04
I990083,1675,1.000485524E8,
I992321,260,2.937471315E7,2030-01-01
I995984,815,2.759745099E7,2030-01-01
I997161,-1866,1.4612715939E8,2025-09-04
I1002672,1850,6.27934778E7,
I1003762,431,4606972.16,2030-01-01
I1006160,260,2042108.7,2030-01-01
I1006284,1837,1.8384929602E8,2030-01-01
I1007054,-674,8.506181388E7,2025-09-10
I1009254,206,8678808.16,
I938792,-1249,8332471.79,2025-10-18
I945347,1223,1.7228001507E8,2030-01-01
I948486,-529,7.921345824E7,2025-09-13
I948590,1483,1.2081443199E8,2030-01-01
I956921,-1410,1.0992029616E8,2025-09-22
I957628,1420,4.146890019E7,2030-01-01
I958328,1008,5.091606874E7,2030-01-01
I959315,204,1.966058382E7,2030-01-01
I966606,314,7986671.67,2030-01-01
I969046,1595,8625618.44,2030-01-01
I970005,569,4.302164175E7,2030-01-01
I972505,-408,3.931649642E7,2025-10-17
I974366,-180,3018255.09,2025-10-27
I975383,583,1.272239746E7,2030-01-01
I976624,1036,1.1541044215E8,
I977788,-1544,2.2279861312E8,2025-09-18
I979560,-1289,1.4666151905E8,2025-10-25
I981964,1880,3846137.6,2030-01-01
I982194,825,9.799927195E7,2030-01-01
I987174,1919,1.8575364378E8,2030-01-01
I991288,1454,1.6698997059E8,2030-01-01
I993055,-121,1.432324742E7,2025-09-27
I997749,743,2.61610298E7,
I1004304,-507,2.308270937E7,2025-09-03
I1004396,984,1.458525293E7,
I948294,294,3.275839302E7,
I953076,-604,7.820734605E7,2025-10-21
I954553,-320,3.024612236E7,2025-09-30
I960406,1667,1.4750052299E8,2030-01-01
I961643,1401,3.873235881E7,
I970132,1770,3.545561956E7,2030-01-01
I971908,581,6.699764886E7,2030-01-01
I977569,1114,6.370302694E7,
I978739,-1921,2.8783868842E8,2025-09-26
I981257,-385,4.707680958E7,2025-09-23
I981467,1668,6.522678954E7,2030-01-01
I983889,916,1.2822470463E8,
I983897,798,9.053486643E7,2030-01-01
I986527,-1329,3.262682544E7,2025-09-09
I992535,730,3.342252742E7,2030-01-01
I998773,1386,1.65533409E8,
I999372,430,1.860239718E7,
I999754,582,7.589984135E7,
I945160,548,3.611199584E7,2030-01-01
I949781,1874,2.201606532E7,
I958508,130,3597484.96,2030-01-01
I959591,863,1.2059290942E8,2030-01-01
I962028,-1118,1.4752661261E8,2025-09-18
I965825,-547,3.232324934E7,2025-09-11
I966975,136,1.831130392E7,
I975752,1095,1.0230913299E8,
I976885,1817,1.3796932474E8,2030-01-01
I977675,-180,2.315552561E7,2025-09-09
I977694,1274,1.020512276E8,2030-01-01
I980965,-1989,2.3812475324E8,2025-10-05
I982454,1274,1.3520087676E8,
I986311,-1664,1.1960628799E8,2025-10-07
I994307,1959,1.7753051528E8,2030-01-01
I1003562,1628,5.129602848E7,
I1005318,-1415,1.9784974863E8,2025-09-12
I1005961,-811,1.0367784332E8,2025-09-07
I1008358,-1683,2.3378753884E8,2025-10-23
I1008877,-612,2920125.52,2025-10-13
I945462,-511,2.514983546E7,2025-09-29
I939317,1201,1.1060309663E8,
I940329,532,6.685026577E7,
I943037,1659,2.4200049397E8,
I953437,1257,7.6724297E7,
I958138,1917,2.7943196528E8,
I962634,1927,2.3142628404E8,2030-01-01
I964209,-924,1.2658833994E8,2025-09-21
I967976,1558,1.4361610522E8,
I968242,875,8.693078222E7,2030-01-01
I970017,353,1.356011378E7,2030-01-01
I974041,1700,8.899002163E7,2030-01-01
I991805,473,1.191379383E7,
I993688,1653,1.1803296386E8,
I994977,1869,1.1231615207E8,
I997808,159,5131526.41,
I1000575,895,8.582864744E7,
I1004227,665,5.922598258E7,
I1004331,-487,2.059802553E7,2025-10-12
I1007306,-485,5.793192216E7,2025-09-15
I941861,309,4.4636767E7,2030-01-01
I945183,869,1.2089226782E8,
I959380,681,4.902475732E7,
I963584,1705,1.1722124173E8,
I968442,191,2.071372944E7,
I970047,-87,1.130488658E7,2025-10-03
I970907,713,3.84823766E7,
I973914,-278,2.59852282E7,2025-09-16
I979550,1573,3.595419728E7,2030-01-01
I986994,1489,1.2393583728E8,
I987099,383,8821774.5,
I987344,1767,1.6014435634E8,2030-01-01
I989481,884,8.912252581E7,
I993107,614,3.32042777E7,
I1000120,-885,5.820951685E7,2025-10-26
I1002350,-727,2.914516536E7,2025-10-19
I1005624,986,1.0124751784E8,2030-01-01
I1008202,-357,3.204291262E7,
I939855,1421,1.7658648442E8,2030-01-01
I941753,-83,1.066842394E7,2025-09-28
I944386,-1204,1.189861995E7,2025-09-15
I944705,-1351,4.73642632E7,2025-10-15
I946374,-1153,9.910378638E7,2025-09-21
I946391,1683,1.9965611818E8,2030-01-01
I950300,1020,1.1405373253E8,2030-01-01
I951111,-324,4.316500479E7,2025-10-19
I942891,1447,1.3786383069E8,
I944169,416,2.358577354E7,
I947275,1673,5.013753043E7,
I947681,1947,1.2692870349E8,
I952384,571,6.219061122E7,2030-01-01
I953599,946,9.726446742E7,2030-01-01
I954258,1219,1.5386524338E8,
I957675,1087,5738124.51,2030-01-01
I959178,1605,1.694828566E7,
I959737,795,2.026312194E7,2030-01-01
I964434,-1114,6.746185797E7,2025-09-29
I967337,-1817,2.6504086618E8,2025-10-11
I969140,513,4.294634058E7,2030-01-01
I981355,-1997,1.523800816E7,2030-01-01
I982067,196,1.354902497E7,
I985072,69,5709891.79,2030-01-01
I998003,-1609,1.5193395478E8,2025-09-09
I1000939,1880,2.16542437E7,
I939890,-776,6.304185525E7,2025-10-20
I945424,-1034,1.1627949409E8,2025-09-29
I946719,-534,9788476.52,2025-09-30
I940499,458,6.7467625E7,
I952109,1583,1.763934725E8,2030-01-01
I954593,-656,7.457170028E7,2025-10-02
I956771,1590,1.378979356E7,2030-01-01
I958191,254,3.769898556E7,
I959019,-571,5.011048247E7,2025-09-12
I959638,1470,4.205806169E7,2030-01-01
I961381,84,4531271.71,2030-01-01
I961877,887,1.2432857455E8,
I968691,-1194,4.601677179E7,2025-10-14
I968870,-871,6.376173808E7,2025-09-30
I971120,-50,1535118.13,2025-10-09
I973991,-1301,3.733903973E7,2025-09-26
I975737,1433,3.153173248E7,
I976760,82,5927310.21,
I977653,-765,4.134715339E7,2025-09-12
I978303,1942,1762617.39,
I980539,-318,1.678467344E7,2025-10-25
I987736,-1844,9.928130906E7,
I991270,108,6053688.22,2030-01-01
I993792,1428,1.652769628E8,
I1001065,302,4.4643596E7,2030-01-01
I1008606,1402,3.993942638E7,2030-01-01
I1009037,1061,5.938325547E7,
