item_id,units_sold,revenue,sale_date
,724,5.826165081E7,2025-10-21
I11136,1201,1.3804393622E8,
I20095,1890,1.7737281879E8,
I25318,594,5.322790851E7,2030-01-01
I27946,797,6.103357651E7,
I34354,1527,5.708624014E7,
I35447,622,6.189400296E7,
I39457,99,821407.83,2030-01-01
I40471,329,3.734614174E7,2030-01-01
I41131,-1288,1.24496551E8,2025-09-24
I42735,1394,5.854546727E7,
I44462,1618,1.010390131E8,
I50584,511,3.740111922E7,
I57043,571,2.641008641E7,
I59908,732,8.771825235E7,
I66689,293,4926575.31,2030-01-01
I67798,154,8973064.91,
I72318,-1117,8.110888263E7,2025-10-18
I84870,-956,5.654436245E7,2025-09-21
I93396,1219,8.698299566E7,
I95229,401,4.225078343E7,2030-01-01
I95234,289,2.385718423E7,
I105430,941,4.047750605E7,
I115354,866,1.804790613E7,2030-01-01
I120269,1713,8.653463868E7,
I121002,1528,9.622180987E7,2030-01-01
I124211,416,5.734684285E7,
I13642,-533,2.114078236E7,2025-10-19
I14114,1949,9.040059807E7,2030-01-01
I15069,284,5450296.08,2030-01-01
I20170,193,9007702.12,2030-01-01
I15680,1204,5.82439143E7,
I23987,894,7359038.84,2030-01-01
I24041,1805,9.172361736E7,
I25317,-1452,7.083069757E7,2025-09-13
I28900,-330,4.768654609E7,2025-09-20
I33192,-274,3.513578419E7,2025-10-23
I33629,-372,1.784207453E7,2025-10-28
I36244,1708,2.2647947562E8,2030-01-01
I37584,1878,4.256306824E7,2030-01-01
I41443,1726,1.9381235936E8,
I42610,-286,1.803320641E7,
I45557,863,1.1906933391E8,2030-01-01
I50698,1087,1.255635538E8,2030-01-01
I51471,-1678,1.1974731101E8,2030-01-01
I56417,1799,2.1028865882E8,2030-01-01
I57744,455,8915957.63,2030-01-01
I64978,1490,1.9172469643E8,
I65678,-681,2.552684928E7,2025-10-30
I68177,-764,4.400937346E7,2025-09-26
I68351,-1312,1.2218174821E8,2025-10-03
I70647,1232,1.7661005001E8,
I71733,1618,1.5258555239E8,
I82218,-678,2.888891232E7,2025-09-14
I82454,-1990,2.8211958714E8,2025-09-01
I83336,1669,1.8219725287E8,
I83745,1525,5.601125996E7,
I84292,-1724,6915124.46,2025-10-14
I85840,291,3.263699223E7,2030-01-01
I88217,256,1.560049923E7,
I88364,980,2.959516131E7,
I89983,713,9.460269059E7,
I91846,964,8.109672786E7,2030-01-01
I98109,711,2.233808307E7,
I102826,1871,1.2943328781E8,
I103561,-512,0.0,2025-09-08
I104883,1172,7.216029075E7,2030-01-01
I107663,1148,5.287150806E7,2030-01-01
I114052,728,2.198827095E7,2030-01-01
I114204,927,1.2246115928E8,
I118486,-1111,1.3834077698E8,
I120345,-1165,1.7204481673E8,2025-09-05
I124676,1582,5.054401793E7,
I125508,-1120,1.99300002E7,2025-10-20
I10433,416,5.899303958E7,2030-01-01
I12079,169,2.105716132E7,2030-01-01
I12415,81,590609.29,2030-01-01
I13714,1163,1.6712512258E8,2030-01-01
I20632,-1485,1.4534492457E8,2025-10-05
I11825,667,5.107572967E7,
I18738,1486,1.4357881287E8,
I19307,661,4.110751417E7,
I32030,554,1.491111475E7,2030-01-01
I32250,-565,7.539685398E7,2025-09-04
I39291,1529,1.287989087E7,2030-01-01
I39495,1161,6.035957309E7,
I42685,-1449,6.029213061E7,2025-09-04
I43887,471,3.132921344E7,
I45356,139,1.987337373E7,2030-01-01
I45386,1428,2.316533426E7,2030-01-01
I46895,227,1.665260201E7,2030-01-01
I48716,1701,4.463144468E7,2030-01-01
I52772,703,5.283576926E7,
I52908,1158,4.841787086E7,
I53353,117,1.448315732E7,
I54864,701,3.018425155E7,
I56701,960,3.831047045E7,
I59265,1598,2.2951922606E8,2030-01-01
I62906,966,8.771959294E7,2030-01-01
I63712,-641,7682148.34,2025-09-26
I67659,86,3637584.01,2030-01-01
I67987,1438,2.0276908077E8,
I74207,1270,1.0956521679E8,
I74350,-1661,1.1246843776E8,2025-10-24
I76626,-500,2.88820131E7,2025-10-02
I77137,1107,4.779059726E7,2030-01-01
I79822,745,6.159926324E7,
I84565,127,1448461.61,
I84680,401,1.040415815E7,
I85090,352,1.914625412E7,
I90419,-891,2.195916427E7,2025-10-06
I91168,281,2.612853903E7,2030-01-01
I91425,-1314,7.304476949E7,2025-09-19
I98226,-724,6.72056819E7,2025-09-10
I124031,-1790,2.4687723446E8,2025-10-20
I124235,-1346,1.6040236381E8,2025-09-10
I11180,-1522,2.0963587388E8,2025-10-28
I15274,566,4.028246454E7,
I27388,862,7.24325449E7,
I34772,641,5.107358318E7,
I36063,1613,2.2449910383E8,2030-01-01
I42517,-278,1.991541249E7,2025-09-01
I48189,495,4.707224202E7,
I58000,-1370,1.7414036661E8,2025-09-08
I58360,-1850,2.2362715888E8,2025-10-20
I58513,1743,1.3859882556E8,2030-01-01
I64345,1186,7693400.22,
I65492,568,5180671.41,
I68393,354,4.812587285E7,2030-01-01
I69382,-1159,1.5768412224E8,2025-10-23
I70995,-883,9.025265225E7,2025-10-16
I75375,1537,1.6596421435E8,2030-01-01
I79022,-180,2429492.44,2025-10-31
I83094,861,2.44122615E7,
I85964,-82,1104311.36,2025-10-24
I88026,747,8.300737213E7,2030-01-01
I100271,1227,4846488.89,2030-01-01
I104087,897,3.296489223E7,2030-01-01
I110362,1150,2.80561428E7,
I111830,1284,1.920788409E8,2030-01-01
I112943,228,778738.65,2030-01-01
I114747,677,8.556406807E7,2030-01-01
I116949,-1894,1.5767809122E8,2025-09-27
I122818,1652,2.3469793953E8,
I11389,375,4.476004844E7,2030-01-01
I12446,294,3.014625905E7,2030-01-01
I15122,783,1.87494744E7,2030-01-01
,1424,2.0997240923E8,2025-10-27
I26640,338,1.708157086E7,
I31929,339,2.060767814E7,2030-01-01
I32149,-1778,2.3025063563E8,2025-09-19
I35489,1446,2.0521851643E8,2030-01-01
I37450,104,0.0,2030-01-01
I38874,-560,5.046024686E7,2025-10-03
I38994,804,9.07071823E7,2030-01-01
I39844,700,3.657602033E7,
I45491,497,1.715024996E7,2030-01-01
I50453,-232,2.917995994E7,2025-10-01
I53817,-341,4.098094811E7,2025-09-20
I57829,-323,3.735668196E7,2025-10-25
I58172,991,5.537376325E7,2030-01-01
I61836,843,5580299.74,2030-01-01
I65663,1184,8.748699203E7,
I69948,-1911,2.4141372656E8,2025-09-24
I76582,1553,2.0693754786E8,2030-01-01
I76662,-1530,2.2673168708E8,2025-10-13
I76753,1019,9.478167805E7,
I80504,-1195,7.231455278E7,2025-10-02
I94853,-291,1.250201503E7,2025-10-16
I96311,1263,0.0,2030-01-01
I101073,-1514,1.3141233322E8,2025-09-17
I108197,1447,1.2825188242E8,2030-01-01
I109477,-818,4.082143887E7,2025-09-04
I111036,809,6.689105687E7,
I114898,-1416,1.3895122949E8,2025-10-26
I117918,814,8.02950484E7,
I124420,1663,1.2915563098E8,
I10954,-1273,1.0436000749E8,2025-10-27
I15814,-987,1.4640777516E8,2025-09-13
I21888,1516,8.497607635E7,2030-01-01
I12393,316,4.392740355E7,
I19093,401,4.102656976E7,
I20640,1194,3.622344104E7,
I22601,72,8646676.13,
I25377,687,4.09564978E7,
I29492,1981,1.5718456088E8,2030-01-01
I31531,-210,2.700124954E7,2025-10-31
I37141,828,1.564015828E7,2030-01-01
I42839,1657,2.2924369208E8,2030-01-01
I46181,1703,2.1907682457E8,
I52343,1073,1.553416065E8,2030-01-01
I52685,-623,4.389323105E7,2025-10-30
I53881,1814,1.1597651333E8,
I61365,-1780,3630118.83,2025-10-14
I64099,-309,3.131760016E7,2025-09-15
I75890,-1295,1.0393686663E8,2025-09-06
I77214,1689,8.882601113E7,2030-01-01
I81598,921,3.879365909E7,
I82320,587,6.230421787E7,
I97675,-547,2.696988182E7,2025-10-13
I104955,136,1.904512459E7,
I105500,-431,2.564393258E7,2025-09-09
I106150,865,1.0101578831E8,
I107017,227,6399771.57,
I109552,70,1861940.71,2030-01-01
I111212,446,4.714814757E7,2030-01-01
I114481,906,1.1747124894E8,2030-01-01
I121452,1122,1.568522463E8,2030-01-01
I18549,-748,1.656653361E7,2025-09-06
,248,1.659651206E7,2025-09-23
I23070,-1197,3.139524434E7,2025-09-09
I24471,736,7.403649776E7,
I31624,-815,8.616398556E7,2025-10-24
I33717,697,9.424477234E7,
I35606,884,0.0,
I35808,-577,6.82632475E7,2025-10-09
I46535,803,9.645165477E7,
I54378,343,2.276207236E7,
I55932,1472,6.909595658E7,
I58453,962,5.226634723E7,2030-01-01
I63271,-1271,1.6312665015E8,2025-10-30
I64848,-1508,2.248109982E7,2025-10-27
I69738,-428,3.128624317E7,2025-09-19
I69884,-1013,7.855076589E7,2025-09-11
I72148,753,5.866479178E7,
I76423,-1309,1.8555549113E8,2025-09-18
I89682,-1495,3.596054107E7,2025-09-16
I97355,-574,1.407765847E7,2025-09-26
I100274,552,4.912997521E7,2030-01-01
I107335,-1880,4.438838124E7,2025-10-23
I107752,950,9.927965336E7,
I108000,1330,1.5944385179E8,2030-01-01
I108698,-1571,6.021648775E7,2025-09-18
I109075,976,1.3624477896E8,2030-01-01
I110919,1910,2.3091258256E8,
I111549,591,2452321.52,
I114127,1228,5.684856024E7,2030-01-01
I115703,1161,8.639435753E7,
I118409,309,0.0,
I119693,975,1.1270739184E8,2030-01-01
I126146,-1626,4.253497939E7,2025-09-18
I128025,957,1.1119132937E8,
I10294,-1517,9.375357058E7,2025-09-27
I38463,1192,6.749603754E7,2030-01-01
I38750,519,1.573720876E7,
I39566,-790,9.863334207E7,
I40270,1051,4.357127697E7,
I40815,-264,0.0,2025-10-21
I46743,-1843,1.77090851E7,2025-10-18
I47149,1857,9.8075949E7,2030-01-01
I47468,-1431,1.139812966E8,2025-09-22
I48216,1186,1.3504680823E8,
I57552,757,1.055497318E7,2030-01-01
I58873,1092,1.030175344E7,
I63342,458,5.496445887E7,
I69256,1287,1.7816738705E8,2030-01-01
I70021,1876,1.3092992873E8,
I72186,-283,3.936897317E7,2025-09-04
I72209,964,1.0362723685E8,2030-01-01
I72728,322,2632719.76,
I73963,-1338,4.903161747E7,2025-10-17
I77861,1608,1.3941535146E8,2030-01-01
I81479,1341,8.590882947E7,2030-01-01
I89128,522,2.544007847E7,
I97965,-1380,2.0237393316E8,2025-10-15
I100925,1726,1.4258760653E8,2030-01-01
I102209,1357,1.0896433267E8,
I104672,1285,1.0338254274E8,2030-01-01
I106555,-234,1.526927767E7,2025-10-07
I106640,288,0.0,
I109155,1354,1.0724929641E8,
I116178,647,9.382061471E7,
I118125,-547,2.758601898E7,2025-09-29
I118862,753,1.1293278402E8,2030-01-01
I11682,-1243,1.323644001E8,2025-09-11
I11992,-356,5.222923264E7,2025-09-01
I12115,1755,2.0843741645E8,2030-01-01
I12534,484,1.415260817E7,2030-01-01
I33006,-999,1.3121984286E8,2025-09-06
I33087,-1847,5.37037948E7,2025-09-18
I35176,934,5.328876085E7,
I35696,599,8.64178073E7,
I44358,602,8406816.2,
I49487,310,2.644881248E7,
I53227,670,3349911.21,2030-01-01
I54526,744,4.54980539E7,2030-01-01
I60026,1065,2.02305125E7,2030-01-01
I60638,-785,9.698356744E7,2025-09-30
I66984,-665,3.565651925E7,2025-10-25
I78573,1262,7.01895212E7,
I81977,906,5.236359327E7,
I83241,1339,5.69368019E7,2030-01-01
I88328,351,0.0,2030-01-01
I92593,-1784,1.3890896649E8,2025-10-16
I95290,211,1.50698652E7,
I96253,1540,4.859123934E7,
I96718,-387,3.559860806E7,2025-09-26
I98009,752,4.948345342E7,
I100952,695,4.2705989E7,
I102120,1187,4.738635062E7,
I112381,-782,4.560318806E7,2025-09-14
I112410,-1902,0.0,2025-10-02
I120552,113,0.0,2030-01-01
I121562,1467,1.6813441488E8,2030-01-01
I123561,1949,2.5318468067E8,
I14616,848,2.676397913E7,2030-01-01
I19999,-647,7.38992451E7,2025-10-23
I24606,380,3.256272876E7,2030-01-01
I25888,1732,9.089256322E7,
I27572,1767,8913731.62,
I28000,118,5844286.56,2030-01-01
I32071,80,7770455.27,2030-01-01
I33666,446,5.641950986E7,2030-01-01
I34102,457,1.791990568E7,2030-01-01
I38513,847,1.023483752E8,
I57761,716,7646801.82,
I58049,1787,2.5982828674E8,
I62971,-311,1691773.41,2025-09-17
I68936,-96,4966181.03,2025-10-06
I69764,568,6.747202812E7,
I69866,465,3.853949707E7,
I72732,-100,2075410.63,2025-09-16
I73151,214,1.661241015E7,
I75564,1256,1.830987331E8,2030-01-01
I78448,1189,0.0,2030-01-01
I80690,1561,6.073369278E7,
I83521,1224,1.1189229865E8,2030-01-01
I83984,336,1.366864695E7,
I84333,-137,1.633355355E7,2025-09-30
I87063,-1611,2.3047196996E8,2025-10-14
I102378,118,9925126.09,
I108909,1696,1.3356448412E8,2030-01-01
I114784,1293,9.725124379E7,
I122149,-367,1.708866993E7,2025-09-07
I123999,-976,8.476682199E7,2025-09-27
I127142,1889,2.0205899555E8,2030-01-01
I127633,1328,1.9021171396E8,
I10993,865,1.556089015E7,2030-01-01
I19384,157,5053785.0,2030-01-01
I18730,1686,1.2910986764E8,
I27033,89,6671777.59,2030-01-01
I27522,2000,1.0622975625E8,2030-01-01
I28846,110,8800660.52,2030-01-01
I34285,1491,1.4210174208E8,2030-01-01
I35001,1762,6.558719239E7,2030-01-01
I54664,-1045,1.2707223865E8,2025-09-21
I55151,800,4.27015056E7,2030-01-01
I55730,1393,2.567249666E7,
I59926,257,3.581744863E7,
I63691,801,1.1802257551E8,
I64488,944,1.0803459166E8,2030-01-01
I66804,489,4.170070517E7,
I71071,1299,9.045296105E7,2030-01-01
I72943,1431,8.474084348E7,2030-01-01
I73347,-1404,4.0083554E7,2025-10-25
I75051,1892,1.0048454684E8,
I80010,1913,8.250998349E7,
I80334,-1393,1.3763153614E8,2025-10-10
I80904,349,4.389238196E7,2030-01-01
I83038,1808,4.410049927E7,2030-01-01
I83571,-606,7.587104143E7,2025-10-27
I95298,-879,5.523627031E7,2025-10-15
I98365,-1768,1.7359771151E8,2025-09-08
I99132,1271,1.5743690736E8,
I101170,194,2.273117282E7,
I102275,701,1.427791677E7,2030-01-01
I106339,403,2.948697977E7,2030-01-01
I115151,-595,1.48430192E7,2025-09-20
I115232,624,5.537292851E7,2030-01-01
I122283,1916,9.825836411E7,
I13975,1553,2.2075630705E8,2030-01-01
,915,6.442596544E7,2025-09-25
I18914,367,4.689089293E7,
I33262,1144,1.0061892978E8,2030-01-01
I36443,1372,1.9800323416E8,2030-01-01
I38637,902,3.12832018E7,
I43026,788,1236216.17,
I45565,1565,3.842561707E7,2030-01-01
I49408,417,3.379275504E7,
I55071,568,5.390774603E7,2030-01-01
I65748,232,1937287.28,
I72375,1655,1.561285356E7,2030-01-01
I79050,1205,6.182626527E7,2030-01-01
I80765,865,3.178228015E7,2030-01-01
I82655,1701,2.1288531017E8,
I83415,-186,0.0,2025-09-06
I85980,794,2.699433328E7,
I85990,855,1.1882877412E8,2030-01-01
I86374,1037,5.845902679E7,2030-01-01
I102161,107,3097269.4,
I105904,1800,5.210128796E7,2030-01-01
I109236,1699,2.4602883198E8,
I110989,960,1.3212908333E8,
I115780,-1111,892986.01,2025-10-04
I120913,1271,1.0851378E8,
I121963,536,2.125870192E7,2030-01-01
I139519,-1922,5.159076034E7,2025-10-29
I149744,495,7.157834145E7,2030-01-01
I152910,194,3476332.6,2030-01-01
I154965,1956,1.7932251928E8,2030-01-01
I157191,56,1003475.97,2030-01-01
I166877,1199,3.061694227E7,2030-01-01
I171648,1436,1.1008822135E8,2030-01-01
I174033,1965,1.9538517782E8,
I184705,-1223,1.0972638803E8,2025-09-06
I187325,366,2.601100553E7,2030-01-01
I198486,-553,3.567588292E7,2025-09-13
I203388,510,6.370450979E7,
I205167,148,1.806281925E7,2030-01-01
I206562,-624,5.486922419E7,2025-09-28
I211329,-700,0.0,2025-10-15
I215324,-1092,7.493463994E7,2025-10-24
I216385,-1946,9.872307969E7,
I221219,474,5.153366606E7,2030-01-01
I232613,-1736,1.6000435479E8,2025-09-25
I234702,339,1.161499859E7,2030-01-01
I243168,-261,2.625949697E7,2025-09-17
I129260,504,0.0,2030-01-01
I134703,592,8.646569555E7,2030-01-01
I129830,424,4.813191903E7,
I131499,1359,1.4793852691E8,
I142147,1654,2.1708047091E8,
I142597,-1496,3.830377683E7,2025-10-12
I143602,1821,2.1702122326E8,2030-01-01
I145326,335,1.336568661E7,
I148797,1624,1464572.47,2030-01-01
I150065,63,217775.86,2030-01-01
I150655,-1055,5.352031334E7,2025-10-14
I150895,-685,8.056310995E7,2025-10-30
I153619,1964,1.9503161948E8,2030-01-01
I155043,346,8782464.96,
I158996,-1371,1.4373000988E8,2025-10-20
I167862,1256,6.987652797E7,
I168461,1069,1.174153166E7,2030-01-01
I172342,210,2.479067316E7,2030-01-01
I178188,-519,2.488383599E7,2025-10-04
I179015,774,4.689811269E7,2030-01-01
I183574,1237,1.41196952E8,
I187162,1769,1.1664039384E8,2030-01-01
I189583,-809,2.064702634E7,2025-09-13
I203175,1469,8.839978379E7,2030-01-01
I213778,-1942,4.492924443E7,2025-10-24
I228043,425,2.732141927E7,
I235735,-388,4.177603088E7,2025-10-30
I236098,-200,9345171.66,2025-09-13
I237759,1050,1.0116859552E8,
I241546,-465,6.50037724E7,2025-10-28
I130866,909,8.908092428E7,2030-01-01
I133410,1240,1.0095149732E8,2030-01-01
I133729,-157,2.14739661E7,2025-09-19
I137085,1406,1.4672642419E8,2030-01-01
I140325,392,4.928976818E7,2030-01-01
I140237,1393,1.431148275E7,
I147337,1273,6.125992125E7,2030-01-01
I149816,1552,2.980936313E7,2030-01-01
I151562,-1909,1.4799881513E8,2025-09-05
I154246,-964,1.0284538466E8,2025-09-07
I156952,1222,8.740441361E7,2030-01-01
I159771,-1099,9.781789119E7,2025-09-06
I161320,147,0.0,2030-01-01
I168415,-272,1.613278736E7,2025-10-19
I172101,522,7.51471771E7,2030-01-01
I175077,-1377,1.8228346591E8,2025-10-31
I183101,-1121,1.6352068053E8,2025-10-10
I187219,1268,1.6248564216E8,2030-01-01
I191884,1772,1.5514293773E8,2030-01-01
I193625,-199,2.644419745E7,2025-09-13
I199605,814,4.541230555E7,
I202332,1880,1.7072913248E8,2030-01-01
I209950,145,8696460.43,2030-01-01
I211487,1778,1.822838003E7,2030-01-01
I212086,-68,6656279.6,2025-10-29
I213872,-767,7.495838201E7,2025-10-01
I214034,-1663,1.139078448E8,2025-09-02
I217652,173,2.418188609E7,2030-01-01
I219603,1281,1.4543240695E8,
I219882,1424,1.2581795178E8,
I222671,915,1.2748885572E8,2030-01-01
I226595,1027,9.048274058E7,2030-01-01
I226598,1262,0.0,
I228915,1409,6871716.5,2030-01-01
I230097,-1512,2.2484519211E8,2025-09-20
I231580,802,5.324622476E7,2030-01-01
I236285,-1277,1.000218666E8,
I132772,1343,1.541941744E7,2030-01-01
I138640,860,1.1958659638E8,2030-01-01
I144622,-779,2.746564011E7,2025-09-13
I152542,-1652,1.4188445378E8,2025-09-07
I155570,1224,1.1125917381E8,2030-01-01
I165104,-1750,2.247228952E8,2025-10-27
I171768,778,5089892.58,
I173146,855,6714905.29,2030-01-01
I173154,-1277,0.0,2025-09-20
I177833,1910,2.5612948203E8,2030-01-01
I183306,1688,1.1334479015E8,
I184605,79,6017657.32,
I189223,1769,8.012353178E7,
I194801,-161,1.663654661E7,2025-09-17
I195852,-1361,8.67949612E7,2025-10-14
I207369,1263,857861.64,
I215437,-1133,6.039574666E7,2025-10-13
I217777,1878,1.7443490236E8,
I218508,-1311,9.12594204E7,2025-09-03
I223362,1543,1.9633523202E8,
I224685,-994,4.395227074E7,2025-10-30
I227184,412,5.017126272E7,2030-01-01
I233138,86,2790608.9,2030-01-01
I235137,277,3.895463653E7,
I236540,281,3.240452596E7,
I238871,1118,1.0076360456E8,
I132063,-554,6.847665488E7,2025-10-18
I134663,930,1.634828714E7,2030-01-01
I141696,1692,1.2367257555E8,2030-01-01
I151150,-934,7.045842801E7,2025-10-31
I151414,-814,1.077263091E8,2025-09-06
I154769,698,1.036433524E7,
I154830,-1383,1.3446052207E8,2025-09-02
I155241,-879,6.095210688E7,2025-09-30
I156701,-107,2922048.87,2025-10-29
I159882,726,4.783713951E7,2030-01-01
I164239,1419,4.958241767E7,2030-01-01
I165207,78,2068255.37,2030-01-01
I166321,1776,2.903167874E7,2030-01-01
I168487,922,5.55333141E7,2030-01-01
I168865,787,5.948933877E7,2030-01-01
I171511,-1402,4.360703486E7,2025-10-24
I178352,244,1.98668473E7,2030-01-01
I182087,1370,1.7260375087E8,2030-01-01
I182922,-177,1.182784657E7,2025-09-02
I186669,667,4.074821989E7,
I191700,-693,3.664324906E7,2025-09-08
I195134,-2000,6182378.32,2025-09-04
I199453,720,7.75569794E7,2030-01-01
I205029,1267,0.0,
I208169,461,745639.02,2030-01-01
I213275,882,4.248822678E7,2030-01-01
I215003,-1469,1.2778625947E8,2025-10-12
I215948,-1431,1.44108361E8,2025-09-08
I228699,-1919,1.6610669256E8,2025-09-19
I233411,1976,1.8978394175E8,2030-01-01
I236388,-1570,1.1576429751E8,2025-10-20
I239367,1218,8.807399731E7,
I241253,-1386,8924707.99,
I242710,1130,6.880563236E7,2030-01-01
I137468,475,4.537461539E7,2030-01-01
I155983,1377,1.625719137E7,2030-01-01
I159444,1155,9.601035828E7,2030-01-01
I172670,236,2.01515072E7,
I175282,1778,6468288.54,
I175313,-1417,1.2300165325E8,
I179741,314,3328004.62,
I179853,586,8.213769932E7,
I189329,576,2.11066689E7,
I189721,-466,1.107198321E7,2025-10-22
I193733,1124,2.526614531E7,
I197532,-1004,7.295404655E7,2025-10-14
I202657,962,1.0441778466E8,2030-01-01
I204008,-744,6.755043691E7,2025-10-16
I204596,-951,3.170878156E7,2025-10-15
I210756,-1320,1.6443245751E8,2025-09-11
I210859,-1626,8.47090867E7,2025-09-18
I211866,411,1.842137273E7,2030-01-01
I212037,428,5.121318563E7,2030-01-01
I218356,123,1.209838713E7,2030-01-01
I222030,1242,6.476136437E7,
I225012,147,6908126.77,
I230858,1373,1.3804663027E8,2030-01-01
I242215,-981,8.661736979E7,2025-09-26
I138058,594,4.624030696E7,2030-01-01
I139096,651,3.649035802E7,2030-01-01
I130957,571,7.274426975E7,
I141575,-1521,1.6318484647E8,2025-10-23
I145884,-321,4.612948503E7,2025-10-31
I149294,1785,2.739633303E7,2030-01-01
I154153,947,7.325975894E7,
I163278,127,1.413306365E7,
I171409,1168,6.144998317E7,2030-01-01
I175103,1000,1.511387895E7,2030-01-01
I175420,589,4.810089233E7,
I179014,1536,1.9074154735E8,2030-01-01
I182737,1218,3.172124505E7,2030-01-01
I186509,360,1.360340325E7,2030-01-01
I192484,835,2.839524545E7,
I197483,-702,9.499944257E7,2025-09-14
I205332,963,6.590278471E7,2030-01-01
I209438,1542,1.958616659E8,
I214933,54,4874289.07,
I217915,848,5.121848882E7,2030-01-01
I225573,-551,1.331898517E7,2025-09-08
I237923,1916,1.755954636E8,
I238210,1418,4.038261224E7,2030-01-01
I242065,674,1.379400462E7,
I130776,1035,4.692705566E7,2030-01-01
I130440,466,2.579899194E7,
I149009,-1134,1.223459439E8,2025-10-30
I150923,-528,1.072535369E7,2025-10-16
I150958,580,8.677817261E7,
I155625,480,1.024519177E7,2030-01-01
I155822,1100,1.803740655E7,2030-01-01
I167795,1004,1.840595756E7,2030-01-01
I170373,183,1.584257207E7,2030-01-01
I171774,884,7.391162287E7,
I172852,-1689,1.3580076284E8,2025-10-04
I173944,-592,2834779.9,2025-09-17
I174840,1885,1.4166276783E8,2030-01-01
I176884,1054,1.438889538E7,
I183643,1920,2.4632846399E8,2030-01-01
I185606,-1996,2.8374435479E8,2025-10-03
I191568,-89,1.154796897E7,2025-10-12
I192252,-1395,8.633043811E7,2025-10-08
I192573,619,3.667694371E7,2030-01-01
I199215,1318,1.4078066753E8,
I200641,-1504,1.5347925332E8,2025-09-14
I201026,-737,8.007811644E7,2030-01-01
I210924,-178,1782788.25,2025-09-18
I214558,1686,2.4641607326E8,
I214747,-1113,0.0,2025-09-20
I215233,274,4573240.08,2030-01-01
I220609,-1247,7.67198255E7,2025-10-27
I220628,-1644,6.20884036E7,2025-10-25
I222277,-53,2715890.42,2025-10-27
I222895,1767,5.813849417E7,2030-01-01
I223397,852,3.154979618E7,2030-01-01
I224189,-1246,1.1555451193E8,
I227159,-578,8.50451198E7,2025-09-28
I234337,1315,1.0445477445E8,2030-01-01
I241302,1514,1.6722407134E8,
I243154,439,2.518472369E7,2030-01-01
I128310,-576,6.141323478E7,2025-09-14
I130036,-1621,2.3631871029E8,2025-09-30
I130539,-1649,1.8950010307E8,2025-10-30
I134920,69,4675621.23,2030-01-01
I143978,1741,2.5756760087E8,
I146463,154,3182671.99,2030-01-01
I147533,52,4871278.46,2030-01-01
I148477,873,1.0532223734E8,
I154748,1377,1.8696129987E8,
I160971,1410,1.4723285131E8,2030-01-01
I162465,-684,4.10072613E7,2025-09-07
I164867,447,6.614981955E7,2030-01-01
I169292,296,8471935.68,
I169849,1091,3.79499757E7,
I170388,-1177,1.4897562706E8,2025-09-03
I171065,1423,3.789031209E7,2030-01-01
I171944,-160,1.169550095E7,2025-09-27
I173136,556,1.318163106E7,
I174175,358,4.483957158E7,
I180889,-1839,1.963817694E7,2025-10-02
I181423,205,2.487445256E7,2030-01-01
I184915,1890,2.4291750434E8,2030-01-01
I185585,274,2281259.13,2030-01-01
I185869,-876,8.809883139E7,2025-09-19
I185991,1010,9.553504046E7,
I187295,479,2.538992753E7,
I190653,1526,2.242334971E8,
I191133,146,6247277.98,2030-01-01
I194853,-604,0.0,2025-09-05
I196121,1011,4.597820917E7,2030-01-01
I199204,52,5568154.19,2030-01-01
I199949,189,2878592.74,
I201097,-1715,1.9350868603E8,2025-10-16
I207350,1493,8.83878751E7,
I207990,1246,1.4560449838E8,
I215143,-1419,9.744578588E7,2025-09-02
I217008,-1943,8.067179593E7,2025-10-16
I225834,265,8815512.45,
I227041,1548,1.4594337327E8,2030-01-01
I233166,1291,3.798517625E7,2030-01-01
I237791,-204,1.346589819E7,2025-10-03
I239578,1242,1.3577324446E8,2030-01-01
I240009,1636,1.4700226251E8,2030-01-01
I243760,848,7.845626884E7,
I129280,829,8.734866733E7,2030-01-01
I141161,1064,8.357093366E7,2030-01-01
I141836,-198,2.37385892E7,2025-09-18
I142356,859,2.755350969E7,
I145267,169,5910280.01,
I145938,188,1.96098313E7,
I148173,-1571,1.2557610151E8,2025-10-03
I150181,630,7.774881955E7,
I151849,-990,2.372589167E7,2025-09-16
I155663,-1581,1.9399350829E8,2025-10-06
I171493,-51,6418616.94,2025-09-10
I172075,627,7964804.48,
I185863,1106,1.0514166991E8,
I192638,1491,1.8860238773E8,2030-01-01
I195605,-952,4.859676697E7,2025-10-30
I198999,1369,1.2903394318E8,
I199642,1889,3.375313756E7,
I202344,-175,1.331520825E7,2025-09-03
I204243,-846,1.1950521527E8,2025-09-24
I207359,-1472,7.773162736E7,2025-10-23
I208473,1587,2.2663002495E8,2030-01-01
I210471,1248,1.6782193501E8,2030-01-01
I210771,62,6616227.76,
I217740,1069,1.120358105E7,2030-01-01
I220313,-105,2502804.1,2025-09-03
I229307,1536,5.064843015E7,
I230932,1068,6.998555432E7,2030-01-01
I231707,1373,2.056385904E7,
I234279,1508,2.993809734E7,2030-01-01
I237070,683,6.781218476E7,2030-01-01
I133756,-1187,1.706761179E7,2025-10-29
I135503,133,1.096029582E7,2030-01-01
I138213,-861,2259673.91,2025-10-16
I134798,236,4174986.48,
I147335,1489,1.4895350195E8,
I149644,-752,4.27640005E7,2025-09-05
I152727,-632,1.218520283E7,2025-10-21
I153754,-844,7661308.82,2025-09-08
I154407,1778,1.4722524384E8,
I157375,1043,3.60699218E7,
I168139,-710,3.189790809E7,2025-09-21
I169696,-741,6.451585851E7,2025-10-18
I174601,1737,2.0454991297E8,2030-01-01
I175755,111,2619541.76,
I176950,59,146237.51,2030-01-01
I183910,966,4.176640923E7,2030-01-01
I184361,301,3.117120287E7,
I188266,606,7.672860469E7,2030-01-01
I188355,1062,9.032392872E7,
I188470,1984,2.0939939727E8,2030-01-01
I194139,-1588,6.416134917E7,2025-10-01
I194223,1865,2.2350311842E8,
I197039,-1968,2.7478564137E8,2025-09-23
I202240,1904,2.3800338401E8,
I213465,1750,1.3197628161E8,2030-01-01
I216520,698,4.96275156E7,
I217046,1748,4363163.32,2030-01-01
I218460,1988,2.5725825862E8,2030-01-01
I218719,1579,1.6700161751E8,2030-01-01
I221982,-1051,2.756359387E7,2025-10-01
I227935,-218,0.0,2025-10-06
I240057,199,3738493.98,
I240592,860,1.0239149659E8,2030-01-01
I242403,365,1.974080404E7,2030-01-01
I130299,1780,2.5188814205E8,2030-01-01
I132313,1270,852086.41,2030-01-01
I132894,-1697,1.357838675E8,2025-09-01
I135999,-1480,2.250235185E7,2025-09-12
I139288,798,6.167282591E7,
I143878,1904,1.1444170733E8,
I144702,581,6.14554776E7,2030-01-01
I145212,-98,4868247.93,2025-10-06
I150658,1686,2.0151393604E8,
I152344,1656,2.134636309E8,
I154186,1044,1.1572627048E8,2030-01-01
I156515,-1234,4.303542312E7,2025-10-22
I162613,735,1.0607773445E8,
I163391,473,5545100.93,2030-01-01
I167402,251,1814051.81,2030-01-01
I179373,327,3.13878179E7,2030-01-01
I181361,1926,5.811326604E7,
I181907,-1702,8.496551892E7,2030-01-01
I184660,1504,2.2520707333E8,
I185599,546,1.322302984E7,2030-01-01
I186442,-185,2.59488592E7,2025-10-13
I187668,530,2.734580736E7,
I191177,137,1.120574474E7,2030-01-01
I192127,478,1.6243902E7,
I193482,-1111,6.203426863E7,2025-10-15
I197954,944,4.375541908E7,
I198577,431,0.0,
I199108,234,1.579994982E7,
I213621,1482,1.0540856481E8,2030-01-01
I216663,1933,2.7696156671E8,
I219887,219,4702540.15,
I230519,836,9.061913283E7,
I244266,-565,2.703851503E7,2025-10-29
I248354,1898,1.9710365028E8,2030-01-01
I250500,1257,1.8726247006E8,2030-01-01
I252066,1766,1.7820653282E8,2030-01-01
I252434,-1073,8726826.87,2025-10-13
I253434,-1704,8.124969516E7,2025-09-30
I262361,-1725,2.5683438103E8,2025-09-24
I271961,-1034,2.976915039E7,2025-10-02
I278366,-1532,1.831302449E7,2025-09-03
I279499,-1236,1.4780733606E8,2025-09-23
I288476,330,8958862.4,
I293409,-1656,2.1417488332E8,2025-09-07
I302252,1628,1.9964970229E8,
I304164,-1505,0.0,2025-10-01
I311115,-768,5.787451839E7,2025-09-10
I314375,1795,7866975.37,
I315985,1587,1.3896453988E8,
I317689,-1330,1.8138713839E8,2025-10-12
I323299,-1190,9.336447027E7,2025-10-29
I323906,891,8902802.09,
I324020,1660,4.599468045E7,2030-01-01
I326791,867,2.338280007E7,
I331263,-303,4.146923228E7,2025-09-30
I333038,1698,2.5344244988E8,
I337042,-397,2239069.32,2025-09-06
I338159,-375,5.541843536E7,2025-10-06
I339424,1284,6.78401734E7,2030-01-01
I345611,-1789,6.982957011E7,2025-10-26
I345952,-414,2.445941903E7,2025-10-16
I348975,1791,1.8241545545E8,
I358718,696,3.512832799E7,
I246102,366,3.261386943E7,2030-01-01
I253489,-1281,9.650489935E7,2025-10-12
I254124,265,3.733116992E7,
I263197,-1552,6.927221812E7,2025-10-15
I263541,364,2.380502578E7,2030-01-01
I271560,720,779373.5,2030-01-01
I271793,269,1.761122937E7,2030-01-01
I277365,449,1.934196172E7,2030-01-01
I277860,-988,0.0,2025-09-15
I278359,661,2.236598631E7,
I280269,1108,6.85810683E7,
I281389,-1583,2.573514414E7,2025-09-04
I283045,1958,9.414167469E7,
I285159,1179,2.119392698E7,2030-01-01
I289074,434,2.840373272E7,2030-01-01
I289528,-1131,1.3571526201E8,2025-09-24
I290681,1748,1.4395434687E8,
I297213,1963,2.4118470558E8,
I299120,-739,5.60190145E7,2025-10-14
I306388,1754,1.5106819201E8,
I307726,1367,1.4937578373E8,
I328940,-300,4.38233862E7,2025-10-10
I331198,1274,1.8276679386E8,2030-01-01
I342509,-1116,1.6626011865E8,2025-09-16
I343532,-1006,1.4800080493E8,2030-01-01
I351953,1956,1.995340945E8,
I355441,645,6.563864682E7,2030-01-01
I248983,1422,1.8246842375E8,2030-01-01
I251680,197,2.468490171E7,2030-01-01
I247950,1075,3.939326922E7,
I252403,932,9146105.28,
I259833,1593,1.2071139828E8,2030-01-01
I261079,-669,3.600973974E7,2025-10-20
I261369,674,7.311110251E7,2030-01-01
I264702,445,2.174812427E7,2030-01-01
I268003,-1156,1.601811779E7,2025-09-18
I268705,-450,4.683574478E7,2025-09-11
I271690,-1975,2.9527955042E8,2025-09-28
I273916,1901,1.9462492039E8,
I274384,-121,7993408.29,2025-10-01
I274857,1743,1.888260223E7,
I278228,1919,1.4215886626E8,2030-01-01
I281782,-257,1.960874554E7,2025-09-17
I287499,238,4351406.72,2030-01-01
I287668,-324,523543.24,2025-10-17
I295625,395,4.414615385E7,2030-01-01
I301490,1763,3.074891428E7,2030-01-01
I301525,-848,6.996999813E7,2025-10-14
I305414,-1240,1.4138981489E8,2025-09-11
I310307,887,1.270305385E7,2030-01-01
I312527,-463,7828907.61,2025-09-28
I312863,-334,2.430315606E7,2025-10-30
I318258,167,2.472314534E7,2030-01-01
I325502,-1734,1.1163329266E8,2025-10-08
I325535,954,1.2380438378E8,
I328750,327,3.804865212E7,2030-01-01
I341273,1269,1.1731308011E8,2030-01-01
I348617,-957,1.1675851636E8,2025-09-15
I356661,-488,7.083581932E7,2025-09-01
I256136,-1475,9433656.0,2025-10-20
I247980,653,5.234596468E7,
I248263,1269,1.0549835804E8,
I259231,1061,1.1073356396E8,
I260842,1799,2.1069799927E8,2030-01-01
I268841,1672,4.754504546E7,
I273685,1295,1.2337507963E8,2030-01-01
I283846,1034,5.905182795E7,2030-01-01
I293667,1242,5.878509277E7,2030-01-01
I309447,-256,3133672.24,2025-10-23
I309659,937,5.717914325E7,2030-01-01
I313389,-165,975536.81,2025-10-23
I317867,1138,1.059350835E7,
I319895,1116,990721.98,2030-01-01
I329257,1505,2.2245679636E8,
I330544,1237,1.8457703683E8,
I335814,1308,3.475113773E7,
I338684,-390,3.493416622E7,2025-10-30
I351865,1967,2.2824355534E8,
I352964,1855,1.8713065956E8,
I355015,-681,9447059.11,2025-10-28
I356489,791,3.418036613E7,2030-01-01
I244436,-1630,7495622.79,2025-10-12
I245111,-1716,2.275788326E7,2025-09-25
I245534,317,4.244008871E7,2030-01-01
I252024,884,7.113399926E7,2030-01-01
I260789,-1437,7456635.06,2025-10-08
I262580,780,2.009301931E7,
I264383,1367,2.88364376E7,
I270601,-1794,1.203807614E7,2025-09-16
I270656,1750,5.138760355E7,
I272014,-140,336955.85,2025-10-19
I274206,1210,1.3022394235E8,
I274480,1655,1.1361511172E8,
I277564,1036,0.0,2030-01-01
I277895,1168,1.64846608E8,2030-01-01
I295398,-1866,1.6333560269E8,2025-10-23
I297781,651,1772612.04,2030-01-01
I298700,-138,1.044400935E7,2025-10-25
I298992,-1158,6.838215907E7,2025-09-19
I303081,-1217,1.614966029E8,2025-10-01
I306941,-285,1.156219143E7,2025-09-01
I320019,1596,1.296653563E8,
I320761,1271,1.810036981E7,2030-01-01
I321414,333,3.25073162E7,
I324837,1300,0.0,
I331214,-1320,6053512.06,2025-10-09
I338199,305,3.029068797E7,2030-01-01
I341045,496,3.326961382E7,2030-01-01
I348021,1302,6.760532529E7,2030-01-01
I250052,-1925,6.224658688E7,2025-09-29
I251768,1433,8.678312045E7,2030-01-01
I255967,-174,1.068874093E7,2025-09-18
I256627,-1037,1.0472376609E8,2025-09-15
I263050,1556,1.8535889568E8,
I264518,511,9105777.95,
I266084,1460,1.8019426348E8,
I267474,-960,3.485664189E7,2025-10-12
I277513,-909,2.937286257E7,2025-09-23
I281726,1966,0.0,2030-01-01
I281763,1002,3.299678145E7,
I283577,1408,9.52727283E7,
I286837,-1094,6.591957604E7,2030-01-01
I295140,-900,1.3302572557E8,2025-09-15
I297524,185,6413861.34,
I298097,-1377,1.6092310791E8,2025-09-01
I298362,595,4.197177323E7,
I298793,1725,1.6068925169E8,2030-01-01
I300770,-253,7145578.55,2025-09-14
I315883,-1855,8.471969237E7,2025-09-23
I320059,1938,2.4108177819E8,
I321838,487,6.794559966E7,
I325630,-926,6.417640135E7,2025-10-05
I328407,1964,1.7675571089E8,
I337600,-1629,2.1978817616E8,2025-10-23
I339210,-524,3791897.71,2025-09-22
I341786,1047,7.578047372E7,2030-01-01
I341983,-637,7.112442792E7,2025-09-09
I343499,425,4812408.78,
I344625,1717,5.048783241E7,
I347061,-1627,1.5675195698E8,2025-10-10
I351928,187,1.324182466E7,2030-01-01
I249119,-1032,3.393570269E7,2025-10-24
I250867,1174,9.911371803E7,2030-01-01
I252401,-1038,6.677520664E7,
I257226,570,5.393160252E7,
I258010,1608,1.7622042711E8,2030-01-01
I264303,-1087,8.830371407E7,2025-09-01
I265958,-1953,8266354.63,2025-10-20
I275802,377,593914.65,2030-01-01
I283780,638,4297943.06,
I284427,1208,1.6973244225E8,
I285366,1468,6.894991221E7,2030-01-01
I286887,250,4150488.58,
I288043,-1813,5.737645427E7,2025-10-28
I290413,131,1.964027521E7,2030-01-01
I295953,-260,3037441.62,2025-10-01
I300700,-1829,1.9281245043E8,2025-09-08
I301422,-1460,6.406139341E7,2025-10-17
I312394,1219,2.372146618E7,2030-01-01
I318885,861,5.206995527E7,
I322767,-849,1.1095477228E8,
I323717,-518,5.523117785E7,2025-10-16
I331494,961,6.850117877E7,2030-01-01
I331848,-286,3.637995773E7,2025-10-22
I337265,701,2.833073842E7,2030-01-01
I337854,-475,7164718.65,2025-10-19
I339467,1247,2.12709746E7,
I343316,435,5.715364243E7,
I350555,-1233,7.944445754E7,2025-09-13
I350976,1573,1.2119131579E8,
I351591,1639,9571771.43,
I245060,-292,2.266691122E7,2025-10-06
I253740,1529,9228122.07,2030-01-01
I245258,1091,7.933434347E7,
I256093,1351,2.585381322E7,
I259519,254,3.786551919E7,
I260091,-1447,7.365861324E7,2025-10-17
I263620,81,5280004.14,2030-01-01
I266099,1856,2.6545422749E8,
I269518,-709,6.162638975E7,2025-09-11
I272752,-1956,2.8695461858E8,2025-09-12
I272900,1119,5.348129366E7,2030-01-01
I273038,188,716499.87,
I297890,1588,9.107210468E7,
I298761,1622,2.0802755289E8,
I306651,1197,7249509.69,2030-01-01
I313803,-1707,1.764123162E7,2025-09-09
I325001,-1353,7.665626612E7,2025-09-22
I326180,769,1.759317652E7,
I327508,1000,1.0176610867E8,
I331273,1626,9.179646895E7,2030-01-01
I332205,1976,1041065.9,
I339682,600,2.900893243E7,2030-01-01
I341208,-1397,1.7391658931E8,2025-10-29
I343766,428,2.478997821E7,
I349468,1215,9.137855074E7,2030-01-01
I351756,1457,5.325836392E7,
I354205,328,1.926286425E7,2030-01-01
I359064,-1522,2553286.92,2025-10-11
I245153,-1685,1.7659470072E8,2025-10-14
I247545,541,8.081814123E7,2030-01-01
I249095,300,7595545.59,2030-01-01
I250102,541,0.0,
I259501,1179,9.379520216E7,
I266830,-1973,2.5383174883E8,2025-10-02
I269686,-1839,2.4851295837E8,2025-09-17
I273382,1926,1.05465477E8,
I274639,1581,1.6008288392E8,
I289345,-1607,4.286630337E7,2025-10-27
I293455,-1676,1.2634822287E8,2025-09-04
I302538,1945,9239343.27,2030-01-01
I306250,-1454,1.6732179198E8,2025-10-19
I308092,949,1.4179803831E8,
I316571,1531,1.2718253112E8,2030-01-01
I318212,-1581,1.0017095452E8,
I326208,239,9997704.18,2030-01-01
I327520,966,1.0773288152E8,2030-01-01
I330831,-890,6.694344147E7,2025-09-23
I345409,1563,2.128882627E7,
I345437,875,3058575.98,2030-01-01
I345488,-1434,1.9206100452E8,2025-10-31
I349425,655,7.205776415E7,
I355086,361,5145375.81,
I357228,67,7483443.97,
I358421,-917,7.726543095E7,2025-10-27
I358439,-1528,9.092042747E7,2025-10-06
I245907,-1622,1.549255669E8,2025-09-22
I246154,-1749,2.5474175369E8,2025-10-25
I253890,1862,6.874361931E7,2030-01-01
I247020,1513,1.7844934211E8,
I247155,1884,2.8185253973E8,
I259871,1868,2.6184742645E8,
I259925,1394,1.9467230048E8,
I260341,1743,1.150172143E7,
I264891,1220,2.101868661E7,
I282353,-1641,1.7252061783E8,2025-09-13
I292524,-448,6.423950542E7,2025-10-03
I292819,-125,1.352443723E7,2025-09-16
I296928,1986,2.9297131166E8,
I297382,1687,2.3574360443E8,2030-01-01
I298539,1704,2.1440572818E8,2030-01-01
I305541,-1137,8.134276028E7,2025-10-17
I312001,966,4.765564713E7,
I312258,-1260,8.904625479E7,2025-10-20
I319194,1622,1.3149852677E8,
I319701,288,2.070008696E7,
I320731,148,1918235.24,
I327138,1982,2.4980791191E8,2030-01-01
I333470,1027,3.155822103E7,
I334101,1149,7.095953905E7,
I336193,-659,1.31445561E7,2025-09-27
I342850,1605,1.2085491029E8,
I354452,434,5.879949653E7,
I355254,1877,1.3838479276E8,
I357582,-766,1.866984592E7,2025-10-21
I359139,1546,8.471451252E7,2030-01-01
I248571,-295,1.16111103E7,2025-10-30
I254757,1944,0.0,2030-01-01
I250971,1882,2.3825472609E8,
I256161,1617,7911099.99,
I262558,-822,9.269437797E7,2025-10-11
I267482,-1031,7.206541419E7,2025-10-30
I269904,292,3365772.91,
I271778,275,6021621.06,2030-01-01
I273496,1929,2.135927488E8,
I279802,677,3084659.99,
I284934,350,2.65272051E7,2030-01-01
I288320,164,2.375804964E7,2030-01-01
I293213,1521,1.4508618879E8,
I295619,422,6304816.08,
I300824,776,2.708085998E7,2030-01-01
I319322,973,1.0173341964E8,2030-01-01
I335569,192,2.132763979E7,
I338817,1541,7.247864081E7,2030-01-01
I339984,1760,1.3633393321E8,2030-01-01
I340049,1711,1.1660127427E8,
I341310,709,1.524902263E7,
I342327,-349,0.0,2025-10-06
I343587,1157,7.546456675E7,2030-01-01
I346183,908,8.066618063E7,
I352883,372,3.829811008E7,
I354343,-1571,4.631311782E7,2025-09-27
I355070,281,3.399137388E7,2030-01-01
I355089,1439,5314719.23,
I246222,295,9460926.47,
I257209,185,2.145414511E7,2030-01-01
I263739,1719,1.795215316E7,
I264666,1253,1.1103312309E8,2030-01-01
I266169,-599,3853803.78,2025-10-28
I269023,418,1.283969052E7,
I269547,-766,6.652442129E7,2025-09-07
I270498,140,1.858080925E7,
I270978,416,2.432430666E7,2030-01-01
I271931,157,5761721.76,
I272775,1762,2722748.31,2030-01-01
I275657,718,1.501674085E7,2030-01-01
I281407,619,7.885143831E7,
I283502,396,2.78835828E7,
I286866,-1760,5.795693727E7,2025-09-05
I288979,1788,0.0,2030-01-01
I289427,-1214,6.437403719E7,2025-09-14
I296219,225,3.286965021E7,2030-01-01
I302474,-1018,9.113051382E7,2025-09-27
I307455,159,4804925.25,
I315892,1385,4.00460156E7,2030-01-01
I323368,385,2707831.57,2030-01-01
I325176,-1382,2.363010407E7,2025-10-26
I326453,1429,8.871081345E7,2030-01-01
I330891,1382,4.278552302E7,2030-01-01
I338498,540,652652.74,2030-01-01
I340503,373,3389323.31,
I343335,1615,1.4852433299E8,2030-01-01
I351204,1715,9.50545476E7,
I353018,1042,5.519296361E7,
I361842,1128,6014554.67,2030-01-01
I364137,1078,5.857097827E7,2030-01-01
I371923,1195,1.4082048087E8,2030-01-01
I362429,1849,0.0,
I363784,856,7.423045036E7,
I367908,1117,1.702960557E7,
I372278,-1031,1.3943721906E8,2025-09-04
I385340,-714,7.563098917E7,2025-10-08
I386992,677,8.153307306E7,2030-01-01
I397988,-820,8.07084209E7,2025-09-13
I407571,1571,3.025265661E7,
I412354,1746,1.0776172007E8,2030-01-01
I415021,856,8.956996708E7,2030-01-01
I416173,394,5.721695289E7,2030-01-01
I423308,289,7521539.13,2030-01-01
I424780,429,4.244216848E7,2030-01-01
I427016,1963,2.5770183156E8,
I427195,1228,1.887032604E7,2030-01-01
I430250,836,2.799981847E7,
I432731,-89,1588421.5,
I437534,-982,1.387974965E7,2030-01-01
I438123,610,2.250464282E7,
I449315,-1878,1.151008531E7,2025-10-18
I451111,1601,8.448796062E7,2030-01-01
I452518,1327,1.15334039E8,2030-01-01
I457408,1832,1.8699274924E8,2030-01-01
I458291,589,8.364381522E7,
I464214,1462,1.195601462E8,2030-01-01
I472421,1750,6.679767252E7,
I369353,492,1.537081087E7,2030-01-01
I369388,-299,2893299.22,2025-10-14
I369417,689,9.254749391E7,2030-01-01
I377265,546,7.213373605E7,
I382819,597,6.994407415E7,2030-01-01
I391093,566,864182.53,2030-01-01
I392081,1016,1.864162918E7,
I392275,-1632,5.284929444E7,2025-09-17
I393500,-844,3219838.7,2025-10-08
I393885,-1502,9.510174685E7,2025-10-24
I402021,1174,8.237629611E7,2030-01-01
I402844,1171,1.6833798621E8,
I403294,805,0.0,2030-01-01
I403704,1742,2.4632498889E8,2030-01-01
I410501,1621,2.1899433206E8,
I413044,549,6484494.58,
I414142,1647,1.3987971003E8,2030-01-01
I415381,-469,4.573716164E7,2025-09-14
I421044,1661,1.1318597193E8,
I424666,951,1.3220087014E8,
I426271,1627,7.819159549E7,
I430319,1467,1.3416661322E8,
I431514,1332,1.5637873189E8,2030-01-01
I438030,-630,6898897.91,2025-09-03
I447631,269,3.888601305E7,
I448782,-1434,8.968194801E7,2025-09-08
I451769,-464,6.276457017E7,2025-09-06
I452083,-1778,2.2890364772E8,2025-09-27
I464439,796,8.839253501E7,
I467870,444,6.028385807E7,2030-01-01
I474122,214,2.546907083E7,2030-01-01
I474997,1431,1.0884444274E8,2030-01-01
I361405,1815,1.226247981E7,
I361915,1408,1.4640620282E8,
I363857,1360,1.3979119801E8,
I365459,1818,2.929965862E7,
I367808,1510,1.0846985841E8,
I379180,-577,3.548525468E7,2025-10-28
I379204,115,1.63113222E7,2030-01-01
I383653,1224,1.2208140105E8,2030-01-01
I384238,323,3.198970994E7,
I385558,466,0.0,2030-01-01
I387567,-733,0.0,2025-09-08
I389117,-1606,1.0117865991E8,2025-09-09
I390789,94,6706628.49,
I401947,1278,1.5113164323E8,
I402231,1656,1.7808160576E8,2030-01-01
I403883,1861,1.865232262E8,2030-01-01
I409461,-1515,2.462522673E7,2025-10-13
I415430,-1068,1.3867149205E8,2025-10-08
I418293,576,7.294528005E7,
I427166,-75,3084716.87,2025-09-27
I427321,1513,7.174912527E7,
I427803,-410,2666286.72,2025-10-17
I434355,114,1.069550086E7,
I438238,707,7.615438663E7,2030-01-01
I440659,1291,1.737829505E8,
I442586,1706,1.9017998361E8,
I445984,-561,8.292205143E7,2025-10-04
I447965,1301,5.597406968E7,2030-01-01
I449362,1734,1.5733641259E8,2030-01-01
I458606,-1310,1.8812311493E8,2025-09-04
I460558,-1096,7.922962339E7,2025-10-14
I462751,723,7.203070447E7,
I463221,1914,1.335142428E7,
I464925,-281,1.97780648E7,2025-10-05
I466305,596,4.162104037E7,
I467837,-283,2291043.3,2025-10-09
I471658,-1766,7.383293007E7,2025-09-11
I363680,571,1.58445834E7,2030-01-01
I365762,1585,1.3663074114E8,2030-01-01
I371803,-1298,1.0217828691E8,2025-10-30
I372012,474,6.228106004E7,2030-01-01
I366788,1773,2.4286707242E8,
I378583,1354,2.0036998921E8,2030-01-01
I383833,1543,1.0016739266E8,
I390991,788,9000308.39,
I395834,352,4.621061609E7,2030-01-01
I398352,1039,1.4271442865E8,2030-01-01
I399533,1864,1.0678724906E8,
I399555,1917,4.917165494E7,2030-01-01
I407903,-1669,1.3969448654E8,2025-10-07
I414620,1513,1.0461413938E8,
I416371,1856,2.4985658887E8,
I418839,1781,1.2324472019E8,
I426032,935,3.378260135E7,2030-01-01
I426520,1428,2.0948562713E8,
I427738,1056,1.439765809E8,
I438995,1870,2.2346797676E8,
I453397,-311,2.641914408E7,2025-09-15
I454421,1566,2.2310675215E8,2030-01-01
I454705,-405,2.992808547E7,2025-09-12
I462370,705,3691969.63,2030-01-01
I464359,722,5.526969533E7,
I472430,217,7311082.36,
I474130,-665,4.999453654E7,2025-09-23
I474434,109,1.184432922E7,
I475277,651,9021146.68,2030-01-01
I359961,1416,2.0480697483E8,2030-01-01
I370690,-510,3292510.43,2025-09-12
I371987,-116,6550809.31,2025-10-05
I372065,241,1.773916831E7,2030-01-01
I372072,-236,1.481802488E7,2025-10-08
I385339,744,6.067220411E7,
I392320,-1763,1.0109176376E8,2030-01-01
I394551,1598,0.0,2030-01-01
I397107,1152,1.4978119924E8,2030-01-01
I407327,-1284,1.2426689882E8,2025-09-20
I407802,-1040,8198894.87,2025-10-09
I412737,-1581,1.7042905365E8,2025-10-26
I414017,-838,6.140574317E7,2025-09-22
I414749,-939,8.072780437E7,2025-10-01
I424063,-1291,1.9236765964E8,2025-10-27
I426888,588,6.772613354E7,2030-01-01
I428126,1525,1.0789627709E8,2030-01-01
I438169,-1194,6.392014202E7,2025-10-28
I440054,133,4279919.08,2030-01-01
I449131,174,4810584.82,2030-01-01
I449207,-1569,7.949584063E7,2025-10-04
I449438,542,4.498264409E7,
I450177,1636,1.4987510178E8,
I451671,1021,2.721416535E7,2030-01-01
I462223,648,3.585957528E7,2030-01-01
I470776,-1488,2.1254908814E8,2025-09-27
I471555,1527,1.351504995E7,
I370711,1526,2.2191080797E8,2030-01-01
I366782,403,4.448194922E7,
I370169,1606,1.3537231159E8,
I374989,1251,9.102941005E7,
I375683,1747,1.2330368251E8,
I376533,1009,4.921170169E7,2030-01-01
I376811,-521,7.771401251E7,2025-10-11
I379734,1072,6.963977345E7,
I382406,1752,1.7510978072E8,
I383528,731,1.070236895E8,2030-01-01
I384193,1862,2.2841458116E8,2030-01-01
I394356,-957,1.3954428707E8,2025-09-15
I394651,1548,2.239302096E8,
I397702,130,8265489.04,2030-01-01
I406534,405,3.587942206E7,2030-01-01
I408997,1953,1.0467720892E8,
I413081,-1565,1.926259837E8,2025-09-05
I414612,1506,1.0263099078E8,2030-01-01
I416294,-1394,9.236807794E7,2025-10-13
I421831,1735,1.131081447E8,
I422236,-1972,2.3039450233E8,2025-10-18
I423978,1153,1.517943467E8,2030-01-01
I425742,1869,2.435385647E8,2030-01-01
I430566,-424,8374942.67,2025-09-08
I432259,871,6.839584202E7,2030-01-01
I433773,69,2634571.08,2030-01-01
I441350,486,2.896846909E7,
I449292,1033,6.842454012E7,
I453206,-86,2378940.08,2025-10-19
I459463,1506,5988685.09,2030-01-01
I461442,1254,1.688717825E8,
I461970,1512,1.9243092824E8,2030-01-01
I462319,226,7537571.59,
I467872,1093,3.808526423E7,
I472494,243,2903843.93,2030-01-01
I474755,133,1.674242561E7,
I364194,943,7.970308417E7,2030-01-01
I360612,1748,1.4439031037E8,
I373136,1694,2.469982719E8,2030-01-01
I380765,443,3.458457626E7,
I381594,-738,6.256006236E7,2025-10-17
I386782,1886,1.5641090118E8,2030-01-01
I387246,-1084,1.6019969774E8,2025-09-17
I391439,1051,1.0686348677E8,2030-01-01
I394335,-1209,2.53514783E7,2025-10-31
I397401,906,1.0241194623E8,
I398701,1566,1.7863469116E8,2030-01-01
I402285,-1159,1.3886780419E8,2025-10-30
I413983,534,4.670414955E7,2030-01-01
I421236,-1042,1.3213291732E8,2025-10-21
I429148,877,9298807.35,2030-01-01
I429355,-750,7.763519525E7,2025-09-23
I433032,1463,2.0070307791E8,
I433914,1346,1.4000433242E8,
I438261,1654,2.2542948366E8,
I441081,1677,6.669055976E7,2030-01-01
I450492,1807,1.5296629564E8,2030-01-01
I453071,-1701,1.9412094058E8,2025-09-20
I456910,-1286,1.896654817E7,2025-10-05
I363965,852,2.118282358E7,
I364808,1381,1.4804919862E8,
I367263,1571,2.731037743E7,
I372950,231,3212439.88,
I385446,140,1.969780159E7,2030-01-01
I389175,951,3.360041544E7,
I389354,1346,5.558177135E7,2030-01-01
I394611,567,7.619952795E7,
I396197,1929,1.1740801534E8,2030-01-01
I402254,897,1.1340615453E8,2030-01-01
I409368,-1773,1.1031870452E8,2025-09-11
I409810,1655,2.1730570339E8,2030-01-01
I410603,501,6.851609193E7,2030-01-01
I415394,1442,2.0543582987E8,2030-01-01
I417358,-884,1.080011756E7,2025-10-09
I418679,238,5417387.72,2030-01-01
I425481,1066,1.3460576421E8,
I426172,-639,2.823733267E7,2025-09-13
I431437,1798,1.7242875906E8,
I432417,-1363,1.0057695735E8,2025-09-20
I434781,-99,2880248.59,2025-09-03
I440912,-1915,2.301098872E8,2025-09-30
I443035,1126,6.909325278E7,2030-01-01
I454308,-1865,2.7649470185E8,2025-09-12
I457877,-143,1980374.73,2025-09-03
I462905,1753,1.8976705732E8,2030-01-01
I466914,1952,1.5259219998E8,
I469945,431,4.591398227E7,2030-01-01
I471576,-350,4.177788712E7,2025-09-06
I471738,595,1.292101146E7,2030-01-01
I363856,950,1.660876636E7,2030-01-01
I365791,-1489,1.0572261442E8,2025-10-02
I366212,1858,2984098.42,2030-01-01
I374158,1055,1.4273621467E8,2030-01-01
I375252,-1337,1.689129767E8,2025-10-30
I375296,1384,1.8255528852E8,
I378723,-1517,1.3364330622E8,2025-09-17
I379042,331,2.592434691E7,2030-01-01
I383000,1415,1.0984712647E8,
I383617,1360,1.4361140526E8,
I383981,-1160,1.3118214895E8,2025-09-30
I393063,839,9.036518736E7,2030-01-01
I397533,1503,8.448620461E7,
I400640,1768,2.1292861535E8,2030-01-01
I410635,338,1.235059649E7,
I411529,1437,7.642986637E7,2030-01-01
I411733,232,1.587540138E7,
I415832,1104,9.133514751E7,2030-01-01
I420181,876,3.931131878E7,2030-01-01
I422156,1089,3.874257449E7,
I422407,-721,3.899219185E7,2025-10-16
I427705,-252,1.499860908E7,2025-10-02
I440141,295,3.856004693E7,2030-01-01
I446375,1036,1.1928944454E8,
I447332,-379,5.648798482E7,2025-10-07
I448941,-1032,1.256619158E7,2025-09-10
I452778,1123,6.571337646E7,2030-01-01
I454091,-1669,8.692908363E7,2025-09-11
I454278,1257,1.698149181E8,
I456912,996,7.63028057E7,2030-01-01
I458368,634,2.496786178E7,2030-01-01
I472425,863,1.2577364704E8,2030-01-01
I367051,-683,1.580555562E7,2025-10-05
I375003,1060,1.054411999E7,2030-01-01
I376654,1316,3.977546914E7,2030-01-01
I378581,367,3.935516237E7,2030-01-01
I383408,805,1.0022107038E8,2030-01-01
I384788,-578,2.133348108E7,2025-09-14
I386601,1238,1.2214345271E8,
I387879,1704,2.1950884496E8,2030-01-01
I390052,693,3.680618784E7,
I395154,1280,8.648716946E7,2030-01-01
I395900,1721,1.7201987161E8,2030-01-01
I398264,761,4.033618564E7,
I405186,650,5.046914158E7,
I406427,-289,486180.62,2025-10-25
I412703,650,1.780592358E7,
I419155,-894,9.609327699E7,2025-10-17
I427686,-531,4.38749283E7,2025-09-19
I433464,711,8.57117146E7,
I439487,-275,1.028416661E7,2025-09-03
I445745,-745,1.111916168E7,2025-09-23
I446149,614,7359420.07,
I448755,-1937,2.3955555694E8,2025-09-16
I448842,987,1.1635793256E8,
I451633,1848,2.5071993555E8,
I460553,621,5.543865248E7,
I461398,1301,7.575427943E7,2030-01-01
I465291,312,4.558784256E7,2030-01-01
I465899,1445,1.2675779745E8,2030-01-01
I466202,939,1.3642461888E8,
I467006,-1743,1.9416875581E8,2025-09-05
I467770,-1711,1.7656519098E8,2025-10-16
I470671,-82,8904589.15,2025-09-19
I471727,284,1.591902845E7,2030-01-01
I472496,1971,2.762519174E7,2030-01-01
I473039,1027,3.407618038E7,2030-01-01
I475159,1375,2.0056171414E8,
I363023,-1075,1.3386762627E8,2025-09-30
I367789,817,5.566620943E7,2030-01-01
I368478,1612,2.2086217606E8,2030-01-01
I365471,1049,0.0,
I376403,212,2.712782836E7,
I376901,1904,1.2998053555E8,2030-01-01
I381676,-1939,8.088008133E7,2025-09-28
I385721,-769,2.13896788E7,2025-10-06
I387235,-1982,2.1625516121E8,2025-10-05
I387362,337,5875767.59,2030-01-01
I391170,1814,1.7947794581E8,2030-01-01
I392343,92,787803.86,2030-01-01
I392728,998,4.019673146E7,
I398915,977,5.712951564E7,2030-01-01
I404303,-151,1.47073993E7,2025-09-23
I404336,546,6.596280288E7,2030-01-01
I405677,-1090,1.399976022E7,2025-09-12
I411417,1699,1.6097102986E8,2030-01-01
I414614,1615,3.648305147E7,2030-01-01
I426283,-661,6.960197143E7,2025-09-10
I428221,-1236,1.4421792917E8,2025-10-30
I428643,1530,1.1018958113E8,2030-01-01
I429246,84,4891155.83,
I435310,-986,6225025.53,2025-10-19
I436831,897,5.034373331E7,2030-01-01
I438070,1039,3.315424078E7,
I439041,1934,2.5394312851E8,2030-01-01
I443482,1321,1.0946653127E8,
I446002,-1587,1.8320638584E8,2025-09-26
I447900,-810,8560219.42,2025-09-19
I451705,644,1.045261784E7,
I455564,-629,1.823564336E7,2025-09-11
I459124,1906,2.534981938E7,2030-01-01
I466871,-631,7.646243693E7,2025-09-16
I466949,428,5.173952524E7,
I363730,-1314,1.6183141622E8,2025-09-14
I373290,895,7.481843302E7,2030-01-01
I376542,475,2.608544963E7,2030-01-01
I381821,-289,3.485799813E7,2025-09-17
I384278,1571,1.1374587588E8,
I387200,1977,2.0896069415E8,2030-01-01
I391618,-1934,1.29935857E8,2025-10-24
I394593,453,3.782789534E7,
I401636,1686,5.038985638E7,
I408240,1123,4.674523259E7,
I412661,1198,1.3218004316E8,
I415038,-124,1.082920313E7,2025-09-01
I416125,-1865,1.452529958E8,2025-09-06
I424426,-179,4905706.99,2025-09-12
I426036,1008,1.3571458642E8,
I428129,1019,1.0585756844E8,2030-01-01
I430130,133,7570705.74,
I433281,-585,4.275996392E7,2025-09-08
I437856,1716,2.546658645E7,2030-01-01
I443498,1750,2.4427956421E8,2030-01-01
I446218,-1374,7.339889231E7,
I447230,-1230,1.0582503948E8,2025-09-23
I449721,225,1.190305528E7,
I454525,986,1.540811525E7,2030-01-01
I456114,1840,2.510595103E8,2030-01-01
I458074,642,0.0,
I460403,-127,7597852.06,2025-10-10
I461374,1509,3.786650299E7,
I465488,832,1.1529601402E8,2030-01-01
I467037,1949,1.5448580142E8,
I468490,154,1.278795271E7,
I473733,1790,2526357.49,
I474296,-1615,7.932232982E7,2025-09-06
I482806,-992,7.263379816E7,2025-09-29
I488231,1748,2.242234473E7,
I491704,-1238,1.135979015E7,2025-09-03
I492491,-1805,2.6683194463E8,2025-10-31
I493023,410,5.24013701E7,
I495459,1680,1.7400855461E8,2030-01-01
I500552,-1921,1.71087056E7,2025-09-12
I501586,-1255,1.1313679554E8,2025-10-24
I504035,1420,3.72465024E7,
I504755,464,5.34922189E7,2030-01-01
I508074,553,3.079407013E7,
I510426,-1351,5.578253737E7,2025-10-10
I511484,942,7.548817026E7,2030-01-01
I513931,-1402,7.748348026E7,2025-10-11
I521158,1230,1.0018672759E8,2030-01-01
I522834,-1483,1.7508131702E8,2025-10-01
I533532,186,1.647560593E7,2030-01-01
I537111,1737,1.6132940225E8,
I540393,52,4556489.8,
I541990,1835,1.2442009855E8,
I542333,155,8590259.44,
I543726,1043,1.0956624334E8,2030-01-01
I548476,-437,2.262155765E7,2025-09-18
I558665,1757,1.155090166E7,2030-01-01
I558721,985,1.3319712228E8,2030-01-01
I559514,-1588,9.641496307E7,2025-09-09
I565535,961,1.354691584E8,2030-01-01
I567207,1455,1.008354216E8,2030-01-01
I568934,1125,5911507.43,2030-01-01
I572379,-68,1566543.41,2025-10-24
I574601,-711,9.100887307E7,2025-10-31
I575168,-803,3.871808766E7,2025-10-31
I576101,98,1003464.99,2030-01-01
I576411,-1571,2.1231310928E8,2025-10-14
I577305,-134,8836589.31,2025-10-10
I577384,-471,6.296293816E7,2025-10-26
I578384,-907,2.99420652E7,2025-09-12
I580374,56,7394268.88,
I582810,-426,3.370179103E7,2025-10-20
I586051,-1080,9.546491026E7,2025-10-05
I486148,-1127,1.1214974998E8,2025-10-17
I489911,1634,1.5442861101E8,2030-01-01
I491543,781,4.03066763E7,
I493344,-895,4.00304638E7,2025-09-12
I495532,1174,2.64688432E7,
I495791,761,0.0,
I497341,1066,1.0762007581E8,
I503658,1377,2.0197541626E8,
I504741,969,5.229656197E7,
I509769,1833,1.7154796414E8,2030-01-01
I511464,1620,6.805183987E7,2030-01-01
I512259,-1527,7.28579019E7,2025-10-30
I516198,-1209,7.933257198E7,2025-09-15
I516296,-1755,2.5577948427E8,2025-09-02
I522618,-468,0.0,2025-10-18
I525648,-922,7.711493689E7,2025-10-21
I525924,699,6.111054118E7,
I531856,-626,1.568525769E7,2025-09-17
I533942,-1146,9.431359022E7,2025-10-08
I537409,1609,7.797588501E7,
I544539,-804,8.076417851E7,2025-10-19
I552377,-1879,1.3808297474E8,2025-09-18
I554280,1663,1.6957879025E8,2030-01-01
I555626,-1669,2.0662558777E8,2025-10-05
I556855,1038,4.724610111E7,
I563103,-785,7.716530982E7,2025-09-30
I565537,130,4477157.08,2030-01-01
I572427,866,7.123550607E7,2030-01-01
I576209,1131,1.6297368079E8,
I583897,-1791,1.6466105035E8,2025-09-27
I590166,-1782,6.004830323E7,2025-10-10
I476281,-1609,1.3566770334E8,2025-09-11
I479339,1744,2.0318836757E8,2030-01-01
I481163,1335,5.162543213E7,2030-01-01
I483866,-584,3.488891071E7,2025-09-01
I484995,-1267,1.039163428E8,2025-10-26
I477397,379,8876839.67,
I489723,1368,5.776684123E7,2030-01-01
I493924,-1586,2.1420103274E8,2025-10-14
I494149,-279,1.244680272E7,2025-10-01
I502683,1574,1.2353414983E8,2030-01-01
I506061,1038,1.2611329519E8,2030-01-01
I508748,1449,2.0947039676E8,2030-01-01
I518441,207,2.422086685E7,2030-01-01
I520956,1345,1.0682792392E8,
I521184,-1224,1.5233620809E8,2025-10-30
I526638,1277,4.119470667E7,
I535888,1951,2.161822301E8,
I545423,873,6.693575472E7,2030-01-01
I550848,1019,7.409874838E7,2030-01-01
I556159,228,2.461485944E7,2030-01-01
I567432,-1965,1.8268876687E8,2025-10-27
I571429,1728,3.536231337E7,2030-01-01
I574093,618,7.187576965E7,2030-01-01
I582385,1723,7.916057E7,2030-01-01
I586313,-1559,1.5114151934E8,2025-10-11
I588054,712,1.008914316E7,
I590195,-730,5.738858816E7,2025-10-02
I590414,608,8.413549431E7,
I480220,1776,0.0,
I482085,1059,4.454010401E7,
I492834,1743,8619259.13,
I493570,-1804,1.1008072536E8,2025-09-22
I499577,1788,1.7160250383E8,2030-01-01
I499898,1954,9.06578486E7,2030-01-01
I504054,1471,0.0,
I512616,354,2.903036247E7,
I518917,-1392,1.6340347766E8,2025-10-25
I525439,1002,5.24077867E7,2030-01-01
I529322,1973,1.7709388982E8,
I535494,-110,1.240590926E7,2025-10-04
I550992,1664,1.6514502379E8,
I554191,1065,1.3801255542E8,
I561020,354,4.507487179E7,2030-01-01
I567874,269,1.29836648E7,2030-01-01
I569394,-775,6.409078375E7,2025-09-02
I573393,-869,1.586104108E7,2025-09-14
I574026,886,1.0539321622E8,2030-01-01
I576056,-840,9.354836518E7,2025-09-16
I578917,-976,1.2766986415E8,2025-10-09
I586386,-936,1.4006978321E8,2025-09-13
I589040,-366,2.614584447E7,2025-09-03
I476036,-71,3643995.23,2025-09-06
I477889,1848,6.35192795E7,2030-01-01
I478772,-1093,1.0297742792E8,2030-01-01
I480904,432,3.716480684E7,2030-01-01
I481495,-1853,1.5266386264E8,2025-10-17
I477629,1984,0.0,
I488102,453,2.709198878E7,
I490020,488,4.560934979E7,2030-01-01
I493228,780,9.035706819E7,
I493514,1032,4.001843333E7,
I502444,843,1.889319731E7,2030-01-01
I509795,-1331,8.597690136E7,2025-09-24
I512098,1600,3.52941305E7,2030-01-01
I514538,1145,1.5617062993E8,2030-01-01
I516470,-366,5.11130679E7,2025-10-02
I526187,1596,3.762919639E7,2030-01-01
I527590,-757,2217481.62,2025-09-27
I542174,-239,3.005086055E7,2025-10-19
I542204,1734,2.230380024E8,
I546081,-1751,3.220444541E7,2025-10-31
I558702,893,3.891620708E7,
I560528,853,2.920245712E7,
I571428,380,3.256532453E7,2030-01-01
I574556,935,3.737860568E7,2030-01-01
I579772,-503,1.28755576E7,2025-10-26
I580203,1958,1.7357022021E8,
I580411,-708,1837777.62,2025-09-23
I582731,-1104,1.0102164183E8,2025-09-16
I584123,471,2.137784952E7,
I585727,-1559,1.504052646E8,2025-09-03
I591429,-732,5695252.99,2025-10-06
I475751,-587,7.268342155E7,2025-09-06
I477949,292,2.119943076E7,2030-01-01
I484844,-627,6.677182413E7,2025-10-03
I492622,-702,9.729385954E7,2025-09-19
I492978,1705,2.0823151203E8,
I493331,1580,2.2126199823E8,
I493857,1741,1.8296328706E8,
I496042,1910,1.7909895004E8,
I496331,-1495,1.2933130196E8,2025-09-20
I505826,1030,7.416494243E7,2030-01-01
I506305,419,4.625102569E7,
I507358,-965,1.3499829991E8,2025-10-27
I513678,1651,2.1920368195E8,2030-01-01
I514667,-478,0.0,2025-09-01
I522585,1531,8.056042446E7,
I525598,-1088,6.334539407E7,2025-09-20
I530120,1909,1.9789296001E8,2030-01-01
I530748,1962,1.8421672387E8,
I534978,176,1.379032717E7,2030-01-01
I541965,1221,1.6955563768E8,
I543193,-210,2.942584092E7,2025-10-03
I544564,1026,9.970477037E7,
I545835,-1342,4.528761398E7,2025-09-09
I547003,-1969,1.6915167648E8,2025-10-21
I550850,-623,4.717013735E7,2025-09-30
I553755,1619,1.0054212621E8,2030-01-01
I557978,-256,5178014.26,2025-09-01
I558664,1054,1.1146761387E8,
I562167,797,1.0601836932E8,2030-01-01
I566558,517,2.286207752E7,
I570784,933,6.513519845E7,2030-01-01
I571541,1802,9.585691357E7,2030-01-01
I575164,72,3650650.02,
I576521,1612,1.9382126537E8,
I578946,-214,2.528086346E7,
I580626,-807,2.653245248E7,2025-10-27
I582861,-1353,2.084741089E7,2025-09-06
I588241,141,162038.99,2030-01-01
I588960,1224,1.0273742158E8,2030-01-01
I476727,-1607,7.522040226E7,2025-10-01
I479129,-407,6.05462525E7,2025-10-20
I484132,-236,1.14254123E7,
I487687,1730,1.308415519E7,
I490865,-1234,1.5476627188E8,2025-09-05
I491290,77,1.022360788E7,
I493352,523,5.916095374E7,2030-01-01
I494808,-530,1.243704229E7,2025-10-25
I495946,-1049,1.3781650102E8,2025-09-02
I502557,1119,1.5128902122E8,
I503188,1722,1.3718193619E8,
I509016,-717,7.919275721E7,2025-10-22
I510111,69,4546296.24,2030-01-01
I514796,-371,3.874380049E7,2025-09-24
I515741,866,1.1058001403E8,2030-01-01
I516781,185,3696809.65,2030-01-01
I520697,1740,9.380242318E7,
I522823,351,1.909332162E7,2030-01-01
I529671,1866,1.4672162108E8,2030-01-01
I534449,691,4.882181203E7,
I536724,986,1.1841346439E8,
I542066,-1340,1.4382504466E8,2025-10-03
I547299,-1810,7.312372792E7,2025-10-23
I548185,958,1.3906669041E8,2030-01-01
I569703,383,4.118558989E7,
I571443,436,4.976468168E7,
I574666,1322,1.210728822E7,2030-01-01
I579333,336,1.199126623E7,2030-01-01
I586383,717,1.602947319E7,
I587065,103,3039359.18,2030-01-01
I591411,-486,4.56728643E7,2025-10-22
I481022,1089,3.470376527E7,
I490959,-1546,6.580367103E7,2025-10-20
I492249,-1098,1.2200759134E8,2025-10-02
I492854,-1830,1.2531700107E8,2025-10-05
I496700,1424,7.878744318E7,2030-01-01
I499395,-829,1.2347576956E8,2025-09-05
I502813,-303,2.091276428E7,2025-10-30
I503135,1987,8.563447565E7,
I509677,1465,1.844274253E8,2030-01-01
I512588,1794,5.270423224E7,
I520242,1912,2.591773397E8,2030-01-01
I522040,134,6814645.85,2030-01-01
I529565,1431,2.58754666E7,2030-01-01
I532513,1621,0.0,2030-01-01
I538101,-398,8273828.69,2025-10-01
I548403,1620,1.5167860762E8,2030-01-01
I552385,-593,3.832693066E7,2025-10-28
I553249,-1031,9.627105849E7,2025-10-01
I553591,-1655,2.237569844E8,2025-10-07
I560773,1824,3.052790966E7,
I562307,1076,1.593270246E7,2030-01-01
I562572,1953,2.2403805957E8,
I568735,-250,3.531578745E7,2025-09-29
I569420,-1271,3.706340302E7,2025-09-03
I574162,-86,786676.0,2025-09-25
I578733,-1268,1.1139556911E8,2025-10-31
I579015,1425,2.1095913023E8,2030-01-01
I582178,-1121,1.2888405287E8,2025-09-09
I582785,833,6.206873258E7,2030-01-01
I588654,1458,3.62556878E7,
I588812,1874,2.720061827E8,
I590050,607,8.228424863E7,2030-01-01
I477306,705,4.157019569E7,2030-01-01
I479948,1166,7.517066496E7,2030-01-01
I484712,756,4.237414778E7,2030-01-01
I486241,-1655,1.1345968698E8,2025-09-16
I487065,401,2.684192606E7,2030-01-01
I488816,1173,1.1227510353E8,
I491803,922,4.85203044E7,
I495290,304,3.257072069E7,
I501769,897,6224504.83,
I504098,-799,1.1431479678E8,2025-09-07
I504644,-1382,1.337643185E8,2025-10-06
I507871,199,5538754.95,
I516218,-1982,1.0861393561E8,2025-10-04
I517872,1643,2.0719602828E8,
I518387,220,1.586493646E7,
I519190,-914,1.304478773E7,2025-09-12
I530377,1120,3.1693731E7,
I531922,1709,1.047875078E7,2030-01-01
I538973,1723,2.1892918349E8,
I544692,491,5.411178025E7,
I546417,1166,1.1910937942E8,
I548801,423,4721787.54,
I555687,-1651,1.3270150814E8,2025-10-21
I558182,-976,8.191090823E7,2025-10-06
I559171,150,1.873598285E7,
I559467,-530,2.931740047E7,2025-10-16
I562365,-1794,1.5161824874E8,2025-09-25
I565394,339,908892.9,
I567025,980,6.658286698E7,2030-01-01
I570440,-1437,1.8825819504E8,2025-10-02
I575010,325,8402395.69,2030-01-01
I579452,-1981,5.177638119E7,2025-09-21
I579624,1833,8.250654711E7,2030-01-01
I580990,1938,2.8796943008E8,
I586037,1087,1.4310590074E8,2030-01-01
I590423,910,1.2874425611E8,2030-01-01
I475849,-482,0.0,2025-10-24
I477996,-444,2.764328903E7,2025-09-25
I484787,-1080,1326043.75,2025-09-20
I480746,74,686752.04,
I488960,622,4.596825396E7,
I496656,419,2.739077066E7,2030-01-01
I497663,1802,4.972077725E7,2030-01-01
I498796,1015,2.649297324E7,
I500046,57,6418508.96,
I501709,1081,3159898.53,2030-01-01
I504631,1784,2.0440562146E8,
I515824,579,6.576874118E7,2030-01-01
I516613,-754,5.13680715E7,2025-09-22
I521612,-1566,2.1938646035E8,
I526578,-982,3.177276844E7,2025-09-30
I533301,692,9.123522456E7,
I539626,-1433,7.916088259E7,2025-10-13
I541982,1453,1.8209551331E8,2030-01-01
I542808,1644,2.1983384779E8,
I543741,-851,6.238051706E7,2025-10-25
I558998,581,5.34536983E7,
I563289,70,6192025.11,
I565029,-854,8.613543346E7,2025-10-19
I566652,1572,5887516.77,2030-01-01
I568180,-563,2709452.04,2025-10-03
I568559,539,1.241903597E7,
I572283,937,1.0115028523E8,2030-01-01
I575183,264,2.559723453E7,
I576997,-1806,1.7713825568E8,2030-01-01
I579267,-918,7.165465634E7,2025-09-26
I580124,-1508,1.872027121E7,2025-10-05
I583121,1630,5.569759068E7,
I588871,329,4.80570699E7,2030-01-01
I589569,-1072,1.4885859223E8,2025-10-05
I589836,1085,1.3764290541E8,
I477671,324,3.941448015E7,2030-01-01
I483768,775,7.479418047E7,2030-01-01
I484087,566,7.513911005E7,2030-01-01
I487880,1073,8.550551026E7,2030-01-01
I492306,-1678,2.1921655782E8,2025-10-02
I499126,1526,5.334742447E7,2030-01-01
I501375,-1165,1.0314538376E8,2025-10-30
I503754,1680,1.3057586205E8,2030-01-01
I507299,813,5.41592003E7,
I507394,891,1.752204704E7,
I510449,1205,9.730654249E7,2030-01-01
I510906,1868,1.5055466052E8,2030-01-01
I510986,1492,1.2638642082E8,
I511462,653,8.263718667E7,
I511817,487,3.81944661E7,2030-01-01
I512193,1676,1.6435638787E8,
I518306,-185,1.676002043E7,2025-10-10
I525575,-1269,6.370546444E7,2025-10-01
I527937,405,5.652215716E7,
I529341,1826,2.4494707036E8,2030-01-01
I532686,1241,6.582354744E7,2030-01-01
I536340,1955,1.9498057183E8,2030-01-01
I537176,127,971239.66,2030-01-01
I545213,-1594,6.122448787E7,2025-09-27
I545965,-1362,1483674.72,2025-09-06
I546090,1792,9.270495555E7,
I548284,-621,2.366759098E7,2025-10-08
I553186,1842,1.1889106895E8,2030-01-01
I556696,1133,2.241214887E7,2030-01-01
I557980,1177,1.0432143555E8,
I560746,1681,1.968705683E7,2030-01-01
I569794,821,1.0388117582E8,2030-01-01
I571140,303,1.698749486E7,2030-01-01
I571251,-1991,9.897788912E7,2025-10-25
I478643,-211,2.28098235E7,2025-10-17
I482356,1652,5.940339755E7,2030-01-01
I486482,231,9723871.27,2030-01-01
I487515,785,9.42092814E7,2030-01-01
I487978,1681,1.0088419181E8,2030-01-01
I480966,1047,1.3871160758E8,
I489728,797,8.715562269E7,
I510562,1622,1.4298442041E8,2030-01-01
I525538,-1362,1.3380273686E8,2025-09-13
I535897,266,2.856507793E7,2030-01-01
I538595,609,8.683160589E7,2030-01-01
I538797,1421,6.544379735E7,
I542092,-55,2043598.0,2025-10-26
I544452,504,4.395147317E7,
I548861,1468,1.4247334406E8,
I555129,-1522,6.883791194E7,2025-09-18
I559849,793,5.088671464E7,2030-01-01
I562388,1479,1.6027767203E8,2030-01-01
I564633,1570,7.667613135E7,2030-01-01
I569971,1824,1.328516268E8,2030-01-01
I572370,1532,1.9031758967E8,
I573395,-852,2.435105381E7,2025-10-15
I578369,1930,2.361485538E8,
I580066,1687,2.093987146E7,2030-01-01
I581952,1244,4.349426115E7,2030-01-01
I584168,413,7777699.64,
I585740,-1230,1.7751527705E8,2025-10-13
I593434,-1241,1.1234956559E8,2025-09-24
I595888,-1449,1.875771645E7,2025-09-27
I607736,507,1.445969147E7,2030-01-01
I613688,880,1.687054702E7,
I621082,-1486,7.985762256E7,2025-10-09
I621385,720,8.495323637E7,2030-01-01
I624246,1096,1.3344663773E8,
I624539,404,4.679149958E7,
I625588,-505,1.684127555E7,2025-09-10
I626009,-1465,1.6983347883E8,2025-10-18
I628286,-1227,9.843437115E7,2025-10-08
I629264,-329,4.170436979E7,2025-09-17
I632703,835,7.450969491E7,
I633053,1278,6.300327843E7,
I645278,852,8.583338609E7,
I645803,-861,7049579.65,2025-10-17
I648316,105,7286078.49,
I648548,412,3.233381127E7,2030-01-01
I649494,-1938,5308782.23,2025-09-11
I659801,1780,3.439013414E7,2030-01-01
I660743,139,4225918.16,
I666345,910,9.138575091E7,2030-01-01
I673248,1030,5.087623178E7,
I679746,1740,1.7084272996E8,
I681435,1105,1.1084102497E8,2030-01-01
I682977,739,9.843297019E7,
I683615,-787,1.820007103E7,2025-10-20
I685760,786,9.999295245E7,2030-01-01
I686526,-1266,2771108.45,2025-09-14
I691009,1094,4.766859211E7,
I692834,-1322,2823227.15,2025-10-10
I696831,399,5.777124493E7,
I697712,724,7.885719428E7,
I698375,1439,3701609.99,2030-01-01
I698681,-127,1.600850898E7,2025-10-20
I699355,-1130,3.095371006E7,2025-09-24
I701695,219,2.85306059E7,
I702948,1226,7.394642981E7,2030-01-01
I595172,-1866,8.239671897E7,2025-10-25
I595423,-502,5210410.17,2025-09-17
I591464,709,4.414381117E7,
I598020,418,3.497416417E7,
I603965,509,1868816.76,2030-01-01
I606132,1176,2.101466236E7,
I609000,1682,1.9404412802E8,2030-01-01
I613101,1744,2.2905790403E8,2030-01-01
I615123,1885,1.603335353E8,2030-01-01
I617577,907,5.029580717E7,
I619576,338,2.06989631E7,2030-01-01
I619721,-789,6.010410812E7,2025-09-04
I621903,1246,1.5038194717E8,
I628932,447,5.635493575E7,2030-01-01
I635129,490,5.415581856E7,
I635654,-176,1.297875027E7,2025-09-21
I636406,1370,0.0,
I638871,330,1.824698229E7,
I643723,-1028,1.2330211052E8,2025-09-14
I644708,1322,1.9426942324E8,
I645368,1963,5.585261755E7,
I645975,91,4046173.51,
I647050,1859,1.9116629999E8,2030-01-01
I650803,1556,1.3036342342E8,
I665803,119,2655472.58,
I669263,-740,1.69522691E7,2025-09-19
I675561,99,294723.27,
I677297,-696,2.068873754E7,2025-09-29
I688100,-1666,1.0006121551E8,2025-10-13
I688890,1306,8.246364597E7,
I698747,723,4.133963004E7,
I699281,-1568,8.491015337E7,2025-09-02
I702928,1436,1.4525907018E8,
I703118,1639,2.4101939681E8,2030-01-01
I706157,95,1.393289656E7,
I599786,-1413,4.417052931E7,2025-10-19
I613905,-1747,2.1525459513E8,2025-09-20
I618040,900,2.266484316E7,2030-01-01
I627109,895,9.603353857E7,
I628440,-1031,1.237767775E7,2025-10-31
I629228,1633,6.037767876E7,2030-01-01
I634308,138,1518149.67,
I638487,1842,2.461840525E8,2030-01-01
I640894,918,8.78562181E7,
I641248,-1574,4.266579555E7,2025-10-03
I643996,1663,1.9879731143E8,2030-01-01
I651780,865,9.107014664E7,
I655007,-519,3.708711278E7,2025-10-05
I655457,1550,5203657.26,2030-01-01
I660461,1226,1.1773647023E8,
I662922,-333,5750794.28,2025-10-29
I663380,-1684,2.5227200092E8,2025-10-28
I663516,-339,2.514546267E7,2025-09-28
I663538,-379,4.402606497E7,2025-09-04
I670673,-1321,5.727995387E7,2025-10-29
I675240,755,8262874.56,
I676108,-1378,5.483190983E7,2025-09-09
I680448,376,5.62808597E7,
I681033,-1117,1.5833528844E8,2025-09-30
I682093,267,1.196791713E7,2030-01-01
I684769,893,1.2652838175E8,2030-01-01
I686529,338,2.479892794E7,2030-01-01
I689283,1848,7.831618961E7,
I696830,-83,6821347.05,2025-10-08
I697501,181,1.157503843E7,2030-01-01
I698340,-803,1.0307762408E8,2025-09-27
I702185,-1324,1.9144929128E8,2025-10-20
I703512,717,9.125973936E7,
I605857,-1595,1228710.78,2025-09-16
I605938,-1438,1.335173481E8,2025-10-20
I615839,-1154,8.160621233E7,2025-09-10
I619054,-602,7.243773173E7,2025-10-12
I619215,1986,5.98098518E7,2030-01-01
I629298,-1335,9.595166402E7,2025-10-21
I630609,584,6448418.55,2030-01-01
I631711,636,7.109640734E7,2030-01-01
I632922,1919,1.2965906451E8,
I637593,1785,1.9093370514E8,2030-01-01
I644636,1267,1.8134998657E8,2030-01-01
I649666,-1693,2.3557639912E8,2025-09-29
I655051,-322,4.005655722E7,2025-10-16
I658421,733,4.271801674E7,
I660750,684,4.762147129E7,2030-01-01
I665108,1645,1.7368767191E8,
I668978,370,2.687624972E7,2030-01-01
I670510,969,5.821154456E7,2030-01-01
I670901,-556,4.026500634E7,2025-10-02
I675070,1414,5.672246829E7,2030-01-01
I676382,-1116,4.68848756E7,2025-09-14
I680252,1204,7.174700596E7,2030-01-01
I684381,1085,5.958137855E7,
I684703,-1620,3187474.82,2025-10-07
I686903,786,8.493593762E7,
I689193,-517,4.414601238E7,2025-09-01
I694958,-960,9.671139438E7,2025-10-15
I696807,1882,2.7645572494E8,
I699904,531,4928267.63,2030-01-01
I704015,246,3.599266883E7,2030-01-01
I705938,-753,9.111011411E7,2025-10-21
I706514,1594,859892.04,2030-01-01
I597725,-1628,6.166331303E7,2025-10-23
I598656,1726,7.257048459E7,2030-01-01
I600860,1111,1.3287140076E8,
I604177,1127,3.278337366E7,
I609339,68,3413070.23,
I614132,1466,1.1207532683E8,
I614834,-1548,2.2250199309E8,2025-10-03
I616604,-272,967419.03,2025-10-17
I621999,526,5.933155855E7,
I623685,-1692,1.9654688649E8,2025-09-19
I628111,-1061,6.325981359E7,2025-09-25
I630188,796,6.349148283E7,
I631944,551,5.101136809E7,2030-01-01
I633137,1062,5.717610081E7,2030-01-01
I633266,1446,1.1102949472E8,2030-01-01
I636142,-1482,1.9679064953E8,2025-10-09
I640430,1800,1.2078695802E8,
I640633,-1802,2.5023170271E8,2025-10-19
I644136,1042,1.0143000042E8,
I644331,1882,2.7192993182E8,
I644749,1365,8.497990002E7,2030-01-01
I646479,1489,6.160564528E7,2030-01-01
I646622,756,6.041083581E7,2030-01-01
I646922,-1987,1.2963424747E8,2025-10-12
I656325,1150,6.283142108E7,
I658489,-1366,3.664724876E7,2025-09-09
I658981,1246,9.17486786E7,
I659024,-375,8275795.78,2025-09-28
I664647,1408,1.7738224093E8,2030-01-01
I668554,1350,8.919987937E7,2030-01-01
I669568,-1764,1.5074769723E8,2025-10-17
I670013,1761,1.1970124373E8,
I671536,1336,1.3286316778E8,
I675199,-99,1.369600177E7,2025-09-30
I678423,590,5.993873578E7,2030-01-01
I679278,1495,1.2681396971E8,
I687382,-511,5.075460719E7,2025-10-09
I689061,-1664,2.0801728557E8,2025-09-16
I689192,-913,1.0038311656E8,2025-09-29
I696023,-1852,2.0159846232E8,2025-09-25
I697244,-1469,1.1741358664E8,2025-10-06
I704703,1112,1.764099629E7,
I602000,1903,2.1332908158E8,2030-01-01
I603201,1883,2.2913887111E8,2030-01-01
I593712,1821,2.692394956E8,
I603910,527,4.172933113E7,
I610379,-209,731638.76,2025-09-25
I614405,1320,1.0640533608E8,2030-01-01
I618737,834,1.548556461E7,
I619394,-1597,2.1146858502E8,2025-10-16
I620850,-544,1.151416672E7,2025-10-04
I622873,1905,1.5450565123E8,
I629593,1509,1.3480312197E8,2030-01-01
I630375,-1342,8.368311285E7,2025-10-18
I644431,987,5.514227274E7,2030-01-01
I650247,69,8262234.2,
I650907,-421,5.354145069E7,2025-09-11
I652786,1632,2.1981944282E8,2030-01-01
I661534,1021,1.0637807568E8,
I662255,671,7.065688011E7,
I666265,951,7.973544975E7,
I674724,-1328,1.2675094343E8,2025-09-03
I680309,1523,8.638150954E7,2030-01-01
I684344,460,1.723493018E7,
I685424,892,0.0,2030-01-01
I685657,-130,9186003.1,2025-09-20
I687828,852,8.079557145E7,
I690149,116,1375005.56,
I690574,1467,2.77740966E7,
I691116,-1215,5.595300047E7,
I697797,485,3171212.92,
I705255,1237,1.2096427688E8,2030-01-01
I707033,524,4.787452623E7,
I707056,746,4.051315981E7,2030-01-01
I595557,-551,6.94230284E7,2025-10-26
I596300,-186,2.706780211E7,2025-09-07
I597943,1048,6552887.73,2030-01-01
I604747,-1060,1.0610011487E8,2025-10-03
I605436,1660,3.576654592E7,
I605765,916,1.1842976679E8,
I621730,723,4.676269263E7,2030-01-01
I623458,1812,1.1286375931E8,
I624282,1943,2.1773039891E8,
I638121,1084,1.0859989604E8,
I639015,-1837,1.2948832525E8,2025-09-11
I644925,-681,0.0,2025-10-16
I645644,-1102,1.430998071E7,2025-10-01
I665414,1552,6.077988649E7,
I670714,1600,3.397176861E7,2030-01-01
I676139,1137,1.1179605746E8,2030-01-01
I676626,663,836524.89,
I680977,1300,1.6586219367E8,
I681288,-170,7724599.73,2025-10-11
I684385,745,1.528890309E7,
I691272,-626,3989206.04,2025-09-22
I696301,1970,1.090001646E7,
I697249,673,6.08561392E7,
I704367,1797,2.0571290138E8,2030-01-01
I706425,-1437,1.6717586783E8,2025-09-08
I591805,-227,3871592.75,2025-09-01
I600060,925,3.154820431E7,2030-01-01
I600401,1711,1.531846966E8,
I614969,1079,1.1805641412E8,
I616894,-474,2.368594678E7,2025-10-16
I621287,879,6.229404248E7,2030-01-01
I629551,1593,1.7562230871E8,2030-01-01
I630146,-1342,1.0837732185E8,2025-10-17
I630161,1906,5.699301513E7,
I633151,420,4.020254018E7,2030-01-01
I635595,761,5.327296952E7,
I647386,1136,4.485170227E7,2030-01-01
I648844,-1310,1.1963687831E8,2025-10-20
I652601,-1105,1.4677836231E8,2025-09-08
I658984,-844,7.414027851E7,2025-09-15
I659568,-1055,1.929312024E7,2025-09-13
I659596,261,1.89685296E7,
I661096,55,0.0,
I662807,-133,7287462.88,2025-10-04
I665238,150,1.280563809E7,
I667225,-658,6.183935701E7,2025-10-20
I668712,-1734,2.1568805286E8,2025-09-06
I674184,834,4.903677075E7,2030-01-01
I682837,537,2.129944531E7,2030-01-01
I686471,1640,1.2468941684E8,2030-01-01
I689500,1354,1.827888585E7,2030-01-01
I689711,1027,9.144801675E7,2030-01-01
I691659,925,3.696592932E7,2030-01-01
I695671,-343,2.163381909E7,2025-10-11
I697494,-392,2.768522682E7,2025-10-31
I698229,417,1.56007871E7,2030-01-01
I698870,-1753,9.840326801E7,2025-09-26
I699260,-1104,8.638508018E7,2025-10-20
I702621,1501,9.742569244E7,2030-01-01
I598812,1883,6.098265835E7,2030-01-01
I603346,624,5.772100186E7,2030-01-01
I603696,-1248,1.1161801527E8,2025-10-15
I593103,1332,5.080387816E7,
I604698,-1755,4.051316619E7,2025-09-01
I609373,452,2.141061237E7,
I613525,1796,1.6034438971E8,2030-01-01
I613815,694,1.0261111838E8,
I627974,952,7.631056435E7,
I631854,1929,6.339822821E7,
I638303,-1447,1.1809907997E8,2025-10-10
I640434,-161,2.339376074E7,2025-10-15
I641839,-706,4.969408195E7,2030-01-01
I643713,1360,1.8604579775E8,2030-01-01
I643816,881,6.599048092E7,2030-01-01
I644459,848,6.962549094E7,
I645968,646,5.11699681E7,2030-01-01
I649010,294,3.304979951E7,
I655279,-781,8.482803059E7,2025-10-07
I661374,1465,3.196033538E7,2030-01-01
I664284,-1809,1.5595241979E8,2025-10-01
I670025,96,1.232247938E7,2030-01-01
I671896,1166,2.236626343E7,2030-01-01
I678538,-1938,1.4144142485E8,2025-10-08
I679738,1044,1.4011113325E8,2030-01-01
I684606,-593,4.207922619E7,2025-09-25
I685516,-1349,1.1046735117E8,2025-10-30
I686557,-765,9.971646773E7,2025-09-28
I688345,700,9.874450195E7,2030-01-01
I689638,1131,1.4051794084E8,
I691889,-987,8263314.5,2025-09-12
I696172,420,1.955033872E7,
I699308,1053,8.074155638E7,
I595304,1326,9.917275768E7,2030-01-01
I599907,1489,2.469414787E7,2030-01-01
I597902,-1115,9.108913999E7,
I607708,437,6895710.7,
I617598,1958,2.485424507E7,2030-01-01
I636373,-1925,1.6818854636E8,2025-09-22
I637920,-1678,3.546423587E7,2025-09-02
I641798,-1487,1.4025889463E8,2025-09-04
I643690,1641,2.327800413E8,
I644790,-1288,1.4820076541E8,2025-10-22
I645433,-1433,7.714742266E7,2025-09-12
I647529,-1873,1.8514172965E8,2025-09-01
I663564,-1109,9.450445235E7,2025-10-15
I664660,1445,8.64185296E7,2030-01-01
I665700,-1988,1.2953106119E8,2025-09-11
I667364,1009,2.927067035E7,
I668537,-1040,7.217659905E7,2025-09-02
I676728,-383,9008692.82,2025-09-04
I677544,1589,1.6135389022E8,2030-01-01
I682661,1466,1.674516789E7,2030-01-01
I682797,472,4.19623695E7,2030-01-01
I690667,159,6950579.34,2030-01-01
I692036,551,3.803544012E7,2030-01-01
I693718,1569,1.193235951E7,2030-01-01
I700991,777,1551198.05,
I705072,441,3.204928227E7,2030-01-01
I706519,1478,9.854561184E7,
I595328,-1531,2.1655306903E8,2025-10-13
I595581,-407,3.134693715E7,2025-10-04
I597368,1450,0.0,
I606665,266,1.833594521E7,2030-01-01
I611695,-818,8.392063033E7,2025-09-07
I612161,1860,1.4593997616E8,2030-01-01
I613540,1090,9.91253222E7,
I622745,-252,1.98100325E7,2025-09-19
I623704,629,1.771037988E7,2030-01-01
I625884,-484,1.79182886E7,2025-10-17
I633753,-1347,1.4367181674E8,2025-09-27
I635582,-1954,1.3759574057E8,2025-09-02
I637829,-1441,9.448549238E7,2025-10-21
I645124,1316,1.1966481357E8,2030-01-01
I647079,-179,2652753.27,2025-09-08
I649154,1811,2.5165234312E8,
I650428,-1093,6.980015615E7,2025-10-06
I651604,1821,2610830.08,2030-01-01
I665246,1198,1.0926283879E8,
I668920,918,1.3404349377E8,2030-01-01
I674490,-178,850287.91,2025-09-25
I679155,133,5062039.98,
I680949,1936,2.1373225651E8,
I681848,1826,1.0796671335E8,
I686056,-1210,5.562791748E7,2025-09-04
I696185,1418,3.436948183E7,
I697869,1563,7613090.26,2030-01-01
I698603,-1411,1.5642118361E8,2025-10-04
I700575,-429,3.890979078E7,2025-10-30
I701419,-1165,1.588558166E8,2025-10-20
I704235,-1331,6.167008862E7,2025-09-30
I705129,-229,6085851.6,2025-09-11
I706831,900,1.1768574377E8,2030-01-01
I593907,1865,2.1052826893E8,2030-01-01
I594227,-1237,1.4757730986E8,2025-10-06
I600676,-917,0.0,2025-10-01
I591550,294,1.343126913E7,
I606722,-1230,2.829279341E7,2025-10-11
I608894,-536,2.752966093E7,2025-09-30
I612959,-1108,1.1573992788E8,2025-10-19
I615907,-317,2.9504831E7,2025-10-15
I619578,62,2904598.42,
I620000,1908,1.401301966E8,2030-01-01
I621429,1403,1.5493695983E8,
I630215,1665,0.0,
I633397,-1609,7.239524235E7,2025-09-05
I634049,783,8.023322861E7,2030-01-01
I635539,-1058,1.5270541451E8,2025-10-24
I643197,355,1.297620047E7,2030-01-01
I644181,738,6.701162928E7,
I652730,1026,5825505.27,2030-01-01
I653506,1432,8.208256468E7,2030-01-01
I654306,1238,3.668439508E7,
I654358,55,771592.14,
I654363,625,7.745116482E7,2030-01-01
I660187,1015,1.770186697E7,2030-01-01
I662349,-1716,7.125373638E7,2025-10-25
I666399,1335,9.220717609E7,2030-01-01
I666720,614,9314197.7,2030-01-01
I672161,1694,1.4415208939E8,2030-01-01
I672606,1624,1.481608846E8,
I673183,1414,7.749372106E7,2030-01-01
I676876,1964,1.7558533005E8,2030-01-01
I677609,1372,1.4062252226E8,
I683069,1883,1.0445889927E8,2030-01-01
I686060,-567,4.4638754E7,2030-01-01
I689122,1353,1.1530825764E8,2030-01-01
I690148,237,2.620005673E7,2030-01-01
I691586,1758,1.5215706115E8,2030-01-01
I692665,-896,1.1651838512E8,2025-10-28
I694061,252,2.447960833E7,2030-01-01
I694674,962,4.274160519E7,
I695125,-1315,1.6669488092E8,2025-09-12
I707179,-1688,2.827231487E7,2025-10-13
I707281,102,1.068867353E7,2030-01-01
I710870,290,1.819490937E7,2030-01-01
I714094,-444,1158585.98,2025-10-03
I717552,209,0.0,2030-01-01
I719438,1287,5.129787407E7,
I720130,-1269,2188290.43,2025-10-30
I720806,379,1.325320714E7,
I723614,-381,4.008320533E7,2025-10-27
I728954,651,2.093432423E7,2030-01-01
I731519,1833,1.7188685293E8,2030-01-01
I732217,-1608,1845825.7,2025-09-03
I736644,1175,1.0536393944E8,
I740407,243,1.544872407E7,
I746155,599,8361384.53,
I758408,133,5787677.5,
I758431,-1497,1.8800899591E8,2025-09-08
I758543,-486,1.276458147E7,2025-10-20
I766098,572,5.252223213E7,
I770637,-1097,7.358982025E7,2025-09-10
I772646,1584,7442987.51,2030-01-01
I776343,-919,1.0701878778E8,2025-09-08
I777612,-81,3318170.45,2025-09-18
I780067,1226,1271303.54,2030-01-01
I781343,904,0.0,2030-01-01
I782759,1369,1.7606160123E8,
I790635,1384,3.492332925E7,
I793805,1784,8.294311292E7,2030-01-01
I794227,353,3.968623907E7,
I797832,-1427,4.695690458E7,
I816764,356,4289061.48,2030-01-01
I710178,-1102,2.839344791E7,2025-10-17
I711221,1732,1.5310473952E8,2030-01-01
I711955,780,1.0533144413E8,2030-01-01
I712110,403,2636413.69,2030-01-01
I710597,677,7.795342453E7,
I720949,1744,7.745871662E7,
I724253,424,4.875374261E7,
I730322,1739,1.8741570379E8,
I740199,720,8.569165142E7,
I744513,-221,2.10134911E7,2025-10-08
I750221,919,2.802639706E7,
I752257,1577,6.430117188E7,2030-01-01
I754744,-1588,7.664359611E7,2025-10-04
I755700,-957,7.481619436E7,2025-09-25
I760370,371,3.821842353E7,
I770456,-489,1510895.18,2025-09-20
I774257,-797,5.442593178E7,2025-09-15
I776204,-144,1143709.41,2025-09-12
I777209,1931,2.1446754672E8,2030-01-01
I778265,181,2.600673976E7,2030-01-01
I779569,1910,1.4424983167E8,2030-01-01
I794897,1856,1.9401566709E8,2030-01-01
I803071,1047,2.555058792E7,2030-01-01
I806924,-1976,1.5159126212E8,2025-10-26
I808964,389,3.183323475E7,
I809293,840,1.1644302486E8,
I809333,-1464,1.3400143091E8,2025-10-17
I814416,436,5.964274463E7,
I817399,1690,2.1023841195E8,
I818055,-1730,7.249437689E7,2025-09-06
I818618,-442,3.434690332E7,2025-10-05
I819850,-677,8.553870898E7,2025-10-31
I708886,-1336,1.3516723799E8,2025-10-07
I711233,1213,1.064303075E8,2030-01-01
I711317,-248,2.270444578E7,2025-10-19
I711496,534,7.640932706E7,2030-01-01
I712453,1945,4.997291923E7,2030-01-01
I721491,629,6.067293054E7,
I722621,1889,1.4543569551E8,
I726507,-783,6.380243184E7,2025-10-07
I727099,902,1.327191482E7,2030-01-01
I730664,1625,1.8151990191E8,2030-01-01
I732453,477,7.033343387E7,2030-01-01
I733398,-1950,2.700534982E7,2025-10-13
I737774,-1707,7.814015921E7,2025-09-17
I738031,371,3.539191668E7,
I739009,1644,9.241348875E7,
I739977,297,2.783968976E7,2030-01-01
I744458,1157,6469360.88,
I746773,-1961,1.836646499E8,2025-10-09
I747669,439,5.941891849E7,2030-01-01
I756571,1952,8.909546071E7,
I758336,-1842,2.1924629598E8,2025-10-14
I761466,1326,1.904246626E7,
I766761,1022,1.2434052054E8,2030-01-01
I768415,-490,5.854262199E7,2025-09-08
I772529,-1385,1.1934692084E8,2025-10-21
I775702,-757,1.0850874795E8,2025-09-17
I778606,1957,8921179.02,2030-01-01
I779498,1044,9.669811962E7,2030-01-01
I779693,380,1.956521313E7,2030-01-01
I782221,-763,9.644550411E7,2025-09-03
I782890,599,4.675949588E7,
I785404,1469,1.9044603473E8,2030-01-01
I786201,-1237,4.224422169E7,2025-10-12
I801221,1953,1.6204890367E8,
I805377,1707,2.4762302956E8,2030-01-01
I806023,-1757,1.2895507686E8,2025-10-18
I806939,467,3.058447263E7,
I818879,730,6.451700078E7,2030-01-01
I821032,1766,2.4789354677E8,
I707390,158,5992739.58,
I708772,1882,5896215.88,
I721272,-1198,4.119040944E7,2025-09-04
I722518,-231,1.297423536E7,2025-10-11
I724806,629,7.056417703E7,
I726251,1385,1.2365237944E8,2030-01-01
I728787,723,9.817205133E7,
I730262,-987,1.4051310155E8,2025-09-18
I730300,441,3.819276023E7,2030-01-01
I730333,1313,9.320278968E7,
I744724,523,5.99858211E7,
I745736,-603,6.794885021E7,2025-10-12
I747356,1176,1.2171490205E8,2030-01-01
I750174,-1685,1.2766773582E8,2025-09-27
I755989,937,4760201.85,
I762381,-234,1.065411553E7,2025-10-30
I765309,1949,1.0231644361E8,
I765862,608,4.956869756E7,2030-01-01
I765925,-1282,7.442863041E7,2025-09-06
I766054,1183,5.085457913E7,2030-01-01
I766662,423,5249605.14,
I768363,859,1.04310386E8,2030-01-01
I770788,171,1.255693435E7,
I773907,314,3.469747419E7,2030-01-01
I779617,188,1.835752577E7,
I780372,1276,7.60965835E7,
I782913,-1337,1.9517785102E8,2025-10-12
I785743,634,8.326069234E7,
I788520,631,6.333609953E7,
I801093,245,1.262873705E7,
I802101,-1895,1.2896919952E8,2025-10-15
I811624,264,3.366344923E7,
I816100,553,5.095342176E7,2030-01-01
I817590,309,8935221.51,2030-01-01
I817680,159,1.571770437E7,2030-01-01
I711423,-1564,1.3963742634E8,2025-10-24
I711912,1332,3.825454766E7,2030-01-01
I728850,-1376,7.22897554E7,2025-09-17
I737397,916,4.589477161E7,
I742352,967,6.557394656E7,
I747283,1770,8.367970391E7,2030-01-01
I767579,1017,1.2556432098E8,2030-01-01
I768269,1783,5.133972836E7,2030-01-01
I770058,84,4848771.44,
I773427,1343,5.065026935E7,2030-01-01
I776942,1845,1.9790250122E8,2030-01-01
I783280,-1654,7439595.82,2030-01-01
I784611,1763,5.07518442E7,
I784871,344,2.142590369E7,2030-01-01
I791555,411,3.371982217E7,
I793135,-640,7735307.94,2025-09-10
I793532,1398,1.414620228E7,
I804486,127,4207116.29,2030-01-01
I805017,1459,1.7572364E7,
I812398,436,9726280.42,2030-01-01
I817385,730,1.0883145475E8,2030-01-01
I818421,-373,1.958414613E7,2025-09-18
I819602,-288,2.774840556E7,2025-09-23
I712753,-987,6.037667939E7,2025-10-05
I717392,110,1.05790614E7,2030-01-01
I709416,1678,1.4573067112E8,
I710078,933,9.881469409E7,
I717573,1776,1.4773385566E8,
I721566,-779,6.373434254E7,2025-10-25
I723917,-805,7019997.49,2025-09-22
I726752,-1679,1.5184817804E8,2025-10-31
I731634,-1332,1.0172462368E8,2025-10-12
I733458,-798,3.638589844E7,2025-10-24
I735216,799,4.342306777E7,
I735638,879,6550258.12,
I736843,1376,1.4409010454E8,2030-01-01
I736936,-1086,7.178298136E7,2025-09-09
I742985,514,5.797023516E7,
I743084,-1965,1.5421632478E8,2025-09-17
I754902,991,1.2831549356E8,
I755492,166,398687.84,2030-01-01
I759691,-670,2.086260881E7,2025-09-08
I768779,173,1852603.08,2030-01-01
I777037,-382,4.144773034E7,2030-01-01
I780780,1382,2.0547630398E8,2030-01-01
I786965,-1282,1.5131982454E8,2025-10-05
I789596,1086,6.168570509E7,2030-01-01
I789801,1255,7.945520773E7,
I794144,-492,3.553771346E7,2025-10-21
I797597,1812,1.7267877221E8,2030-01-01
I799900,1256,8.122222745E7,
I806127,1771,2.0123242821E8,
I810477,552,5725475.19,
I815516,266,3.88432034E7,
I821120,-1947,0.0,2025-10-20
I821523,-1809,1.0643682405E8,2025-09-16
I822165,1515,1.9219487718E8,2030-01-01
I822286,933,1.878683827E7,2030-01-01
I708640,-1324,1.8223287652E8,2025-09-21
I707283,626,5838915.75,
I724759,-1770,1.0460472137E8,2025-09-15
I726835,1655,6.240417162E7,2030-01-01
I727753,1987,2.4649171872E8,
I729001,586,8379498.76,2030-01-01
I740439,-1290,5.962402244E7,2025-10-26
I744478,1043,4.990844087E7,2030-01-01
I750123,1578,6.761615261E7,
I750224,849,2.819486939E7,
I750831,-598,4.111225999E7,2025-09-02
I755046,1790,7.977081748E7,2030-01-01
I755228,679,6.896116579E7,2030-01-01
I755672,1488,1.9100833916E8,2030-01-01
I757284,-1766,6.617825029E7,2025-09-27
I757958,451,3.176464161E7,2030-01-01
I763160,1575,1.2413944344E8,2030-01-01
I766223,1928,1.2063647122E8,2030-01-01
I767612,1004,2.090902775E7,
I770132,-363,4.653705289E7,2025-09-17
I775553,626,3.604658721E7,
I778808,853,1728048.39,2030-01-01
I784593,926,7.401578391E7,2030-01-01
I786089,1111,2.13751877E7,2030-01-01
I786794,183,7541174.75,2030-01-01
I789550,776,1.0522660399E8,2030-01-01
I790348,1984,2.075199503E8,2030-01-01
I791941,1613,1.2082028165E8,2030-01-01
I793285,1228,1.7420338601E8,2030-01-01
I797228,-990,5.560003806E7,2025-09-04
I799966,-1200,1.0732341409E8,2025-10-24
I805447,-422,2.461550944E7,2025-09-20
I806822,-1013,3.852839636E7,2025-10-02
I809122,1229,1.4575957288E8,
I810302,1566,1.2189430643E8,2030-01-01
I817318,-775,4.682702591E7,2025-09-30
I817810,1661,1.2015021448E8,
I817854,1423,2.123610332E8,2030-01-01
I820155,75,1.107179094E7,2030-01-01
I707344,-420,3.29946279E7,2025-10-02
I717347,-372,4731778.65,2025-10-27
I712317,1473,4.232143416E7,
I713484,1838,1.4505282594E8,
I719712,-252,1.242290879E7,2025-10-21
I722209,1847,3507237.23,2030-01-01
I722580,274,3.355637354E7,
I729381,1051,1.0802978005E8,2030-01-01
I733637,-1198,1.6057157359E8,2025-09-25
I735496,1209,0.0,2030-01-01
I740806,947,4.622680929E7,2030-01-01
I740931,1211,1.277909018E8,2030-01-01
I744402,396,1.991837982E7,2030-01-01
I745091,-435,7259097.21,2025-09-11
I753184,-530,5.704479477E7,2025-10-02
I754036,980,1.970295939E7,2030-01-01
I754397,-1730,1.616857957E7,2025-10-05
I764449,342,2.954496151E7,
I778639,398,2.875432219E7,
I781611,1966,1.7500041216E8,2030-01-01
I790000,-1106,9.037917974E7,2025-09-27
I791835,1103,1.5743698403E8,
I801978,-901,2223651.23,2025-10-22
I811166,988,2.657191286E7,2030-01-01
I812067,1782,5.490916612E7,
I812282,241,3.083628206E7,
I813357,1413,9.003356607E7,2030-01-01
I813694,824,2.732710871E7,2030-01-01
I814830,1923,2.1200237036E8,
I819671,1868,2.662601296E8,
I707969,1494,1.5971633098E8,2030-01-01
I712678,-529,4.165408179E7,2025-09-05
I713887,-1038,1.636356418E7,2025-10-22
I716045,476,4.508774068E7,
I720444,-1302,9.57252975E7,2025-10-16
I730450,333,4.623193332E7,2030-01-01
I732396,-999,9.142511154E7,2025-10-15
I741757,1101,1.0937967222E8,2030-01-01
I741971,195,2.053800433E7,
I742962,-944,1.1091140444E8,2025-10-16
I743363,1632,1.6122850956E8,
I744110,1006,5.828499398E7,2030-01-01
I746779,1460,1.9210978839E8,
I748489,1449,1.4211416619E8,2030-01-01
I754727,274,1.394480067E7,
I759338,-1816,1.5989140176E8,2025-10-15
I760751,368,3775733.39,
I765674,1279,7.912883167E7,2030-01-01
I773115,1285,3.872223621E7,
I780249,511,2.302682223E7,
I780556,172,2123249.65,2030-01-01
I797470,1584,8.879132417E7,
I798430,-995,1.1572679772E8,2025-09-14
I806632,1056,5369153.39,
I810673,1366,4.822058942E7,2030-01-01
I811771,364,5.416388609E7,
I813450,60,5165629.64,
I819032,521,3.24647222E7,2030-01-01
I822201,745,9.280075439E7,2030-01-01
I720902,-1111,9936044.72,
I735898,-505,2.434198057E7,2025-09-17
I736607,1193,4.265283764E7,
I745335,-1291,0.0,2025-10-15
I745378,483,2.302655079E7,2030-01-01
I752455,1035,1.5409819941E8,
I761447,-571,2.785174574E7,2025-09-07
I764747,1309,1.4392741048E8,
I767920,332,1.700723924E7,
I774250,749,6.591662153E7,2030-01-01
I784099,601,1.321212135E7,2030-01-01
I787571,-291,1.354186631E7,2025-09-06
I791389,-1145,1.0941279679E8,2025-10-07
I796362,1800,2.2070895895E8,
I796736,1832,7.6726876E7,2030-01-01
I797236,-284,3.420766533E7,2025-09-04
I800118,1965,8.686890617E7,2030-01-01
I800193,399,5.396671833E7,2030-01-01
I800357,130,3740627.91,2030-01-01
I807428,174,1.07000608E7,
I807522,-1963,2.4333789298E8,2025-10-09
I809242,1644,1.76677817E8,2030-01-01
I813638,1371,1.8343923534E8,2030-01-01
I814998,-1558,7936963.75,2025-10-30
I815506,1239,1.3709986641E8,2030-01-01
I817230,-1074,1.5309276533E8,2025-09-14
I819287,1453,3.373538276E7,
I820183,978,1882335.89,2030-01-01
I711213,-1832,2.2966057554E8,2025-09-07
I712503,1622,2.2175084217E8,2030-01-01
I710939,202,6781466.66,
I720371,684,4.094498541E7,2030-01-01
I723879,1611,1.3346705013E8,2030-01-01
I724633,982,1.206172736E7,
I725875,1285,8.586382614E7,
I733208,1292,2.188187733E7,
I736499,-235,3.086790534E7,2025-09-27
I743061,462,1.201097961E7,
I744701,592,4.980633707E7,
I755243,-613,6.597946647E7,2025-09-04
I755712,297,8930389.73,
I768226,649,7.746671321E7,2030-01-01
I776504,554,2.599758924E7,2030-01-01
I782820,787,5.345811963E7,
I783239,-171,4262117.09,2025-10-05
I783253,-956,5.019842433E7,2025-09-09
I785129,82,5547070.65,2030-01-01
I790938,248,8321194.88,
I791973,-483,5750769.87,2025-09-05
I797750,100,2914437.15,
I799742,-474,1.858013566E7,2025-09-23
I803450,-1352,1.0676679898E8,2025-10-14
I809125,1847,8.648208247E7,
I716580,1285,1.5091669998E8,2030-01-01
I716301,384,4.975282748E7,
I716454,380,1069948.38,
I721140,-1637,2.4497788354E8,2025-09-21
I722113,1759,5.809203677E7,2030-01-01
I722434,-860,4.8578224E7,2025-09-04
I722756,-1334,1.2172573796E8,2025-09-27
I725297,113,1600370.54,
I734929,1437,1.170427157E8,2030-01-01
I742499,-249,1.143960477E7,2025-10-27
I750805,531,4.306489469E7,2030-01-01
I752040,621,1.033446312E7,2030-01-01
I754141,-615,4.81682303E7,2025-09-03
I763619,-97,8175524.25,2025-09-04
I783988,231,3.447442721E7,2030-01-01
I784649,-655,4.357056334E7,2025-09-26
I787000,-1646,2.3456786623E8,2025-09-06
I788243,-558,9313861.6,2025-09-18
I789417,-274,1.429627558E7,
I791350,1887,4.247601017E7,2030-01-01
I792017,980,9.752070607E7,
I793674,1327,7.640110389E7,
I796518,-1472,8.24191325E7,2025-10-14
I796846,-348,3.088191461E7,2025-09-18
I798141,1623,0.0,2030-01-01
I800488,-369,5.107474668E7,2025-10-27
I805718,-965,8.523773823E7,2025-10-27
I808305,1561,1.3730911249E8,
I813894,1964,4.564696233E7,
I815343,-1056,1.0408671665E8,2025-10-08
I817576,1016,8.932363249E7,
I819302,256,3.053458904E7,2030-01-01
I834611,349,2.196260941E7,
I837806,-1133,1.4696981341E8,2025-09-16
I839868,193,1.24958754E7,2030-01-01
I841289,1309,8.887141816E7,2030-01-01
I846326,942,2.355725818E7,2030-01-01
I846476,-1692,5082253.47,2025-10-05
I847004,1482,5.321410949E7,2030-01-01
I849837,-1412,1.0389624126E8,2025-10-02
I864837,-330,2.400166839E7,2025-09-16
I865194,-1804,1.8017805451E8,2025-10-28
I866600,1731,2.928345232E7,
I872586,-224,3.124200418E7,2025-10-13
I873641,-1495,1.8088872786E8,2025-09-03
I879923,-1388,8.885169667E7,2025-10-06
I904807,-1843,3.406716488E7,2025-09-30
I905098,961,7.526135784E7,2030-01-01
I924364,1488,0.0,
I931073,1111,1.0398424739E8,
I825862,-638,9182619.01,2025-10-06
I827924,-141,6214891.91,2025-09-21
I831483,1017,8.690897501E7,
I833449,1008,7.350309891E7,
I842965,-1066,9.714420531E7,2025-10-01
I843864,1595,4.786146097E7,2030-01-01
I847274,-1705,2.3342663164E8,2025-09-03
I847368,-624,5420987.04,2025-10-27
I849184,-806,2.820793574E7,2025-10-09
I851777,1498,7.805916371E7,
I851836,1512,1.3503120309E8,2030-01-01
I852719,-821,8.620671192E7,2025-10-19
I854340,196,1.449839581E7,
I857376,1407,4.423617708E7,2030-01-01
I860817,883,3.79782028E7,2030-01-01
I864784,-1062,1.4440225913E8,2025-09-17
I868117,1972,1.4785884488E8,2030-01-01
I869766,1605,9.246195963E7,2030-01-01
I869806,-1236,1.0131310083E8,2025-10-08
I870297,520,4.092025779E7,2030-01-01
I872764,1122,1.4217298858E8,2030-01-01
I876174,834,5836895.16,
I880721,-1813,1.1833450007E8,2025-10-22
I883906,-1355,1.5153001741E8,2025-10-02
I891441,1625,1.5007762037E8,2030-01-01
I903068,-235,2.120293494E7,2025-10-03
I907005,-1676,1.2464832445E8,2025-09-16
I907079,-1424,1.0652582836E8,2025-09-26
I907615,1088,5.4500032E7,2030-01-01
I908684,893,1.3101253174E8,2030-01-01
I910134,1547,2444236.09,2030-01-01
I911864,913,4.653287619E7,
I911987,576,4.11895323E7,
I919770,-1727,1.9354706371E8,2025-09-07
I919878,1986,1.860874569E8,
I924324,109,1.306529956E7,
I924438,-181,4172689.04,2025-09-07
I925190,-500,6.387718854E7,2025-10-20
I926023,1007,6.219651566E7,
I929298,927,1.1187018796E8,2030-01-01
I930935,675,6.307073345E7,
I931340,939,5.772678707E7,
I936124,112,6855461.18,2030-01-01
I936240,-554,6507765.37,2025-09-06
I938656,-1330,8.029978904E7,2025-10-30
I823093,-1788,1.7199865784E8,2025-10-08
I825130,1868,2.4007683109E8,2030-01-01
I831602,-1013,1.471404002E7,2025-09-02
I832487,1744,2767366.56,2030-01-01
I827696,1531,4.104186054E7,
I834148,1678,5390010.9,
I836364,1870,1.3908239284E8,2030-01-01
I837064,1263,1.2366239752E8,2030-01-01
I842225,-673,3.889491244E7,2025-10-11
I847722,-221,1.385314441E7,2025-10-27
I848735,-1465,3.608927374E7,2030-01-01
I861505,-145,2.025669798E7,2025-10-07
I864104,740,4.627146114E7,
I864809,-890,1.3317241628E8,2025-10-03
I870688,1585,1.126851615E8,
I871879,537,5.628651148E7,
I873898,-1712,5.97174555E7,2025-10-31
I877126,993,7.677103007E7,2030-01-01
I877337,1119,1.5445293903E8,2030-01-01
I884365,1094,2.020339842E7,
I885351,1772,2.1638730615E8,2030-01-01
I885445,1137,1.4294986845E8,
I889146,275,1910424.89,
I889362,815,6.38078428E7,
I894975,973,4.665860466E7,2030-01-01
I895539,-813,7187432.46,2025-09-04
I897932,-460,5.114336796E7,2025-09-26
I899704,-1146,1.2198760694E8,2025-10-11
I900867,1782,3.458340623E7,2030-01-01
I901221,1119,7.655925811E7,
I901897,484,4.704197105E7,
I903083,1992,2.3361202492E8,2030-01-01
I910881,1651,2.4144692394E8,
I919361,1401,1.2677619415E8,2030-01-01
I936272,1762,2.2160925105E8,2030-01-01
I936936,-1895,2.0555152E7,2025-10-31
I828242,1309,1.7416358989E8,2030-01-01
I835524,170,1.728654178E7,
I838340,1571,2.3117921816E8,
I838665,987,1.4770794047E8,2030-01-01
I839701,297,3.433895121E7,2030-01-01
I845278,836,4.211189854E7,
I849012,68,7404449.09,
I855070,920,9.782121096E7,
I857529,-841,4.42419894E7,2025-10-23
I860878,-1925,2.2307731409E8,2025-10-22
I860968,1410,1.5866926492E8,2030-01-01
I864208,-1726,2.113570959E8,2025-09-15
I867505,-939,1.0860370369E8,2025-10-29
I870167,1439,9.237533594E7,
I873456,174,5103102.01,
I875786,1715,1.7220768642E8,
I877762,-1781,1.7200308514E8,2025-10-28
I879219,1380,1.508769631E8,
I888473,1179,5.225707615E7,
I888560,1787,2.6792584525E8,
I891201,1554,3.001487948E7,
I894209,-904,8999474.78,2025-10-26
I896783,827,7.524511826E7,
I897443,569,3.178809571E7,
I906542,311,1.146582806E7,
I909197,1160,1.4494516486E8,
I911172,573,2.885432445E7,2030-01-01
I914276,1651,1.6351503506E8,2030-01-01
I919138,-349,1.120510984E7,2025-09-06
I923721,518,4.516127988E7,2030-01-01
I929377,1383,6.176158711E7,2030-01-01
I825062,-721,4.119452137E7,2025-09-18
I834985,-1970,1.4165480038E8,2025-09-23
I837074,-1097,3.548984854E7,2025-09-01
I838894,1658,1.475187953E8,2030-01-01
I840598,102,1.019915747E7,
I845002,-398,1.385757695E7,2025-09-20
I846346,-335,2.278065743E7,2025-10-01
I847697,468,1.242012443E7,2030-01-01
I848363,-863,1.2305028068E8,2030-01-01
I854206,1457,4.091991114E7,2030-01-01
I856910,1604,1.198313169E7,2030-01-01
I861784,1338,8.778701999E7,2030-01-01
I868859,1861,2.4695797097E8,2030-01-01
I874050,-361,2.046587709E7,2025-10-07
I876777,-527,6514831.49,2025-09-11
I883744,-973,3.504892103E7,2025-09-15
I886159,-259,2.23234704E7,2025-10-24
I886421,-171,2.435450584E7,2025-09-20
I891525,-759,1.974739206E7,2025-09-11
I894002,1566,0.0,2030-01-01
I897547,294,1.414626474E7,2030-01-01
I908901,-505,5.137474781E7,2025-10-16
I910045,-1921,1.9278981521E8,2025-10-06
I911382,-236,3.231221246E7,2025-10-04
I911426,388,3.444438284E7,
I927937,-236,1.628241834E7,2025-10-06
I929046,488,2.849812654E7,2030-01-01
I932059,558,6.493356511E7,
I936618,1629,9.643065637E7,2030-01-01
I937054,-183,1.145721087E7,2025-10-17
I824264,-1187,1.2605007386E8,2030-01-01
I826998,-789,7.563863476E7,2025-09-29
I826116,924,1.134289591E7,
I827061,1482,6.628725612E7,
I836971,-1599,1.813791598E7,2025-10-19
I843027,-1896,2.1825158687E8,2025-10-17
I843423,1813,2.1952202785E8,2030-01-01
I848021,1314,8.718283291E7,
I849646,-1504,3.680124611E7,2025-09-23
I849905,-633,5737626.69,2025-10-15
I850531,1912,8.335564796E7,2030-01-01
I851491,-1492,1.590795498E7,2025-10-06
I867124,819,9.448446381E7,
I873060,-61,1494918.77,2025-10-20
I875036,1392,6.207734598E7,2030-01-01
I878083,1053,1.0888014301E8,2030-01-01
I883407,1870,2.1666723448E8,
I884594,-175,2.446278406E7,2025-09-09
I884627,984,1.1910067822E8,
I890702,677,2.84417874E7,
I891108,644,4.521046346E7,
I898527,-1816,1.8985338516E8,2025-09-03
I902931,1252,1.8153360446E8,2030-01-01
I904513,88,3307506.98,
I905147,532,4.375402938E7,
I906465,-1104,1.5437013903E8,2025-10-06
I911870,312,6592741.59,2030-01-01
I912478,710,3.251960882E7,2030-01-01
I913231,237,2.744570324E7,2030-01-01
I917476,1405,1.5553918529E8,2030-01-01
I917801,153,2.287303998E7,
I923848,-1313,2.374032299E7,
I932207,-158,1.412847622E7,2025-09-30
I934316,525,6.441258042E7,2030-01-01
I934711,-1200,1.2664804846E8,2025-10-10
I935453,1658,2.3214041947E8,2030-01-01
I937520,1603,2.1004550057E8,2030-01-01
I823523,-498,5896065.42,2025-09-18
I832453,1037,4.345412563E7,2030-01-01
I830914,544,7.368613878E7,
I834213,1039,5.041362556E7,
I841769,-450,3.336418085E7,2025-09-24
I842015,934,1.1812249938E8,2030-01-01
I844521,-1738,1.5845476047E8,2030-01-01
I848405,-1692,9.481698555E7,2025-09-14
I854006,1823,1.9041919236E8,
I855945,-571,1.4478982E7,2025-09-17
I858980,733,6.577371696E7,
I861714,213,1.148091963E7,
I863292,-1254,1.0937847548E8,2025-09-22
I875686,-1949,1.6459276828E8,2025-09-22
I878615,-956,1.2752861754E8,2025-10-26
I889392,-1532,2.2648238624E8,2025-09-16
I890060,388,2.979214697E7,2030-01-01
I891301,796,9.898929824E7,2030-01-01
I895769,-673,4.630815502E7,2025-10-29
I899835,1857,2.0175366179E8,
I901946,-1309,1.423803444E7,2025-09-09
I909476,-939,8.128731364E7,2025-09-27
I909704,1094,2.681353861E7,
I912123,498,2.546811828E7,2030-01-01
I917072,742,3.438943307E7,2030-01-01
I920359,-275,6877774.95,2025-09-08
I922108,196,6684949.1,2030-01-01
I934898,1335,6.301277886E7,2030-01-01
I825572,1503,8.811077775E7,2030-01-01
I830074,1143,5.776546775E7,2030-01-01
I843245,1256,1.846933534E8,
I845547,-1995,1.10964048E8,2025-10-07
I845553,1892,1.6260628269E8,2030-01-01
I845786,-437,1.132715632E7,2025-10-15
I852773,1840,2.2703401756E8,2030-01-01
I855968,833,6.752780538E7,
I862538,912,0.0,2030-01-01
I862715,216,2.898154418E7,
I863776,-509,2.638607372E7,2030-01-01
I869171,809,7.177425734E7,
I874039,769,8.362674643E7,
I879108,872,8.111187273E7,2030-01-01
I879218,961,8.579197423E7,
I891110,1930,2.0216268649E8,2030-01-01
I893935,1977,2.2509516102E8,
I894228,104,3619495.39,
I894954,-579,7.294859903E7,2025-10-23
I898926,-629,4.36418704E7,2025-09-14
I901247,786,7.376513847E7,
I903511,1039,714427.43,
I906425,-1044,1.1191632893E8,2025-10-12
I910510,446,2.307378392E7,2030-01-01
I913362,-454,5.097969564E7,2025-09-07
I921801,-1658,1.9296619428E8,2025-10-16
I923337,1151,3.992760389E7,
I925803,509,2.833128593E7,
I926156,226,3475309.02,2030-01-01
I932019,-248,5913144.74,2025-10-23
I932241,831,7.414728218E7,2030-01-01
I934404,-218,1.544509494E7,2025-10-05
I935032,1219,1.0312637604E8,
I935961,258,3.16630983E7,
I826702,748,3.814534624E7,2030-01-01
I828534,-192,1.551918048E7,2025-10-04
I829023,1438,4.605673242E7,2030-01-01
I834909,-1895,5.537261825E7,2025-09-09
I837135,-155,7318058.5,2025-09-10
I851608,1009,4.197037337E7,
I854014,1421,3.968350353E7,
I856067,1590,3.690762312E7,
I860664,940,9567644.07,
I861474,1497,1.3464459245E8,2030-01-01
I871944,601,5.684966751E7,
I877562,1705,1.0135887877E8,
I882781,1701,7.630249295E7,2030-01-01
I885667,1162,1.079198924E7,
I886294,437,2.161160344E7,2030-01-01
I894384,1721,2.1694795947E8,2030-01-01
I897044,139,1.089110284E7,
I906192,-906,1.1901763268E8,2025-10-18
I906848,-1589,9.731780141E7,2025-10-27
I906966,619,6.833355071E7,
I907942,1973,3.554619954E7,2030-01-01
I910891,812,3.256305343E7,
I918005,875,7.192709699E7,2030-01-01
I918194,-752,2.302277674E7,2025-09-25
I918602,-618,9.166569685E7,2025-10-09
I925117,1790,1.1656409584E8,2030-01-01
I926506,641,5.11826373E7,
I931209,-864,9.575237861E7,2025-10-03
I935102,1781,2.3962424182E8,
I937402,-151,81292.67,2025-10-20
I823272,-656,4.739401936E7,2025-10-20
I832943,1223,8.846643368E7,2030-01-01
I833632,-1435,7.020951668E7,2025-10-31
I834299,1264,9.970908193E7,
I836227,1790,2.2458638985E8,2030-01-01
I841758,1026,4.446132306E7,
I848414,-1339,1.0789545855E8,2025-10-28
I851820,1062,8.89958651E7,
I857326,-444,5288087.42,2025-09-21
I858152,-488,6531801.22,2025-09-15
I863137,659,6.725424514E7,2030-01-01
I867730,-912,2.400950178E7,2025-09-15
I868453,1261,1.8328881553E8,2030-01-01
I872996,-82,813783.93,2025-09-14
I874916,310,3.036261403E7,2030-01-01
I875346,-1339,1.1464774113E8,2025-10-28
I875790,-169,6277698.68,2025-09-30
I877019,1044,3.390910415E7,
I879266,899,3.276197266E7,2030-01-01
I892559,1402,1.747964253E7,2030-01-01
I896483,1904,6.634843977E7,
I898329,1029,9.592418671E7,2030-01-01
I904205,630,3.670933896E7,
I910674,1879,2.3968094665E8,2030-01-01
I913223,553,6.423256332E7,2030-01-01
I913490,970,2.251795088E7,
I914490,1453,2.902860092E7,
I934064,1568,1.9418385362E8,2030-01-01
I934276,1229,7.286991373E7,
I938052,878,1.262880253E7,
I827558,-982,1.0325866344E8,2025-09-20
I826035,1149,8.145451836E7,
I832739,653,2.213339385E7,
I836465,-1390,1.8872054058E8,2025-10-12
I841412,1038,1.500513877E7,
I842234,1424,2.268305011E7,
I853814,1182,6.352620424E7,2030-01-01
I854230,-1827,7.021179542E7,2025-10-26
I855564,335,2.098709363E7,
I856235,-1449,1.05952537E7,2025-09-08
I857913,-707,6.359547602E7,2025-09-02
I862465,336,2.086167358E7,
I880220,-1166,1.1913097301E8,2025-09-27
I882347,-755,6.875769332E7,2025-10-26
I882373,-1704,2.4106699701E8,2025-10-13
I890520,327,9694264.69,
I890634,744,2.471181849E7,
I891681,1107,2.656196853E7,
I895617,1977,4.842223042E7,
I899068,-166,1.308490067E7,2025-10-05
I903346,320,1.805073847E7,2030-01-01
I904132,1892,1.9799854679E8,
I904724,170,4040410.81,
I913540,1120,1.652559992E7,
I915419,-1026,1.4212893851E8,2025-10-19
I928000,1430,7.477469596E7,2030-01-01
I928120,438,4.421776273E7,2030-01-01
I931356,-446,4.384973564E7,2025-10-01
I931389,-807,1.04172298E7,2025-09-05
I931451,-481,1.31739462E7,2025-09-02
I827669,502,5.971940588E7,2030-01-01
I834035,-836,1.0478862084E8,2025-10-21
I835926,764,1.124736061E8,
I837890,1809,1.6886615757E8,2030-01-01
I839406,-639,0.0,2025-09-11
I848404,1203,3.920759648E7,
I849548,887,5.180123438E7,
I849925,-856,7.147013612E7,2025-09-14
I853221,271,6705231.6,2030-01-01
I854779,1907,6.472891618E7,
I858588,650,3.962636307E7,
I860254,1789,7.945316567E7,2030-01-01
I864227,1672,1.5580457714E8,2030-01-01
I865518,1832,2.1563739407E8,
I870160,1326,1.4542566051E8,
I872082,263,3.525341782E7,
I874732,-670,3.437944309E7,2025-10-18
I878450,1907,1.311186408E7,
I880244,752,1.0011754285E8,
I888983,-495,4.515206896E7,2025-10-02
I892009,993,8240585.66,2030-01-01
I895319,619,4.193587849E7,
I899935,-312,1.783671011E7,2025-10-12
I900167,1502,2.1983534274E8,
I908879,1185,1.0918267621E8,2030-01-01
I915866,-96,453239.93,2025-09-15
I917143,-1967,1.7835011203E8,2025-10-07
I917827,-1043,1.1902376596E8,2025-10-25
I918625,1080,1.516916308E8,
I926219,168,1.67642647E7,
I937240,-1529,1.06771952E8,2025-09-11
I938515,440,1.254769539E7,
I942577,557,5.072961522E7,2030-01-01
I945289,-1613,1.4261393627E8,2025-10-01
I947151,-1566,4.608658474E7,2025-09-05
I949687,-387,4.086009174E7,2025-09-30
I949909,144,1.275907459E7,2030-01-01
I950162,-1743,1.08890004E7,2025-09-29
I951704,1873,8.339276104E7,
I953298,-132,7499847.45,2025-09-26
I957800,1544,1.8891524925E8,
I958544,-1604,1.7429518841E8,2025-09-13
I962225,-1936,1.6773459543E8,2025-09-24
I969586,292,3.464554759E7,2030-01-01
I969672,651,6.55645004E7,2030-01-01
I969765,585,3949372.8,
I975861,1648,1.5418863875E8,
I981121,216,1.083316562E7,
I986122,1180,1.630636306E7,2030-01-01
I987066,-1551,1.572430564E7,2025-10-16
I1000038,-1603,7.740053676E7,2025-09-15
I1001392,-406,4.523547902E7,2025-09-01
I1008879,411,5.353905648E7,2030-01-01
I1009022,1774,6.031505292E7,
I1009052,1668,2.723538529E7,
I943401,1870,2.2329907165E8,2030-01-01
I943877,1177,4.731766411E7,2030-01-01
I944179,1200,6.485233019E7,2030-01-01
I945701,-592,5.075638224E7,2025-10-01
I949715,1874,1.2432783603E8,
I955417,-533,3.567381089E7,2025-09-29
I962736,1311,1.541417315E8,
I964600,1088,6.008052539E7,
I965118,-1505,1.7897455704E8,2025-10-21
I967837,137,4410982.49,
I969629,1710,2.5528665212E8,
I972843,-122,1.134227122E7,2025-09-19
I977149,1783,2.420944977E8,2030-01-01
I977293,-63,4516965.59,2025-09-20
I978667,-795,7.172710313E7,2025-09-21
I981010,1968,4.48772262E7,
I983856,1508,1.5037401075E8,
I986255,537,2.333485047E7,2030-01-01
I994019,804,4.81614693E7,2030-01-01
I996784,-1175,1.1091500376E8,2025-10-18
I999824,1540,9.755998557E7,
I1002323,588,6.018681351E7,2030-01-01
I1005912,1998,5.882975615E7,2030-01-01
I1006296,-300,3.860717386E7,2025-09-08
I1007103,974,0.0,2030-01-01
I1008586,1492,2.0004184459E8,2030-01-01
I943269,1328,4.386341834E7,2030-01-01
I944195,-1651,2.4599711709E8,2025-10-04
I947321,1280,4.100509228E7,2030-01-01
I951002,953,4.679391169E7,2030-01-01
I940355,1944,2.1339704722E8,
I944979,1136,2.120972946E7,
I952826,54,3089939.99,2030-01-01
I956252,204,2.873720357E7,
I957014,88,1.038787643E7,2030-01-01
I958447,-1355,9.999757772E7,2025-09-07
I963723,799,8.991429679E7,2030-01-01
I967376,1402,1.1611400707E8,
I967925,1634,9.852668465E7,2030-01-01
I968215,1861,1.2442616488E8,
I970246,1151,5.570187675E7,
I979730,-1764,1.8707917339E8,2025-10-30
I989126,1093,1.6061479595E8,2030-01-01
I1002169,1994,7.158696861E7,2030-01-01
I1002243,-1472,1.8555518471E8,2025-09-16
I1003578,752,1.0075673364E8,
I940893,477,5.272011245E7,2030-01-01
I941356,1451,0.0,2030-01-01
I944041,-852,7743495.72,2025-10-04
I946057,1830,5.546569322E7,2030-01-01
I946861,-1353,8.324228749E7,2025-10-22
I947088,-386,3.094452042E7,2025-09-20
I950739,1082,7.472801309E7,2030-01-01
I949642,1664,1.9642697253E8,
I952982,1438,7.577150316E7,2030-01-01
I955766,1369,1.8628895745E8,2030-01-01
I958820,-876,8.830057069E7,2025-10-26
I958910,1550,2.735281049E7,
I961886,-193,2.249126668E7,2030-01-01
I966561,264,1.76523577E7,
I971207,-584,5.952832776E7,2025-10-28
I972227,-1533,1.347689659E7,2025-09-01
I973201,-1602,1.779660603E7,2025-10-26
I978572,726,8.304607853E7,
I980181,367,4.27353341E7,
I983196,178,1.263574416E7,2030-01-01
I983635,483,1.073445159E7,2030-01-01
I983834,-1801,1.1575906196E8,2025-09-22
I985697,-438,1.690660929E7,2025-09-24
I985944,1676,2.1532975531E8,2030-01-01
I988027,1928,1.3953426951E8,
I989499,-631,6073728.11,2025-10-28
I992116,1549,0.0,2030-01-01
I994740,764,9.055301956E7,2030-01-01
I995962,-1664,2.4632729676E8,2025-09-01
I995975,928,1046042.49,2030-01-01
I997045,595,6.54344065E7,
I997192,570,5.973600523E7,
I1008085,-1960,8.035286164E7,2025-09-16
I941663,1276,1.4663607981E8,
I954047,160,2.249135688E7,
I955277,749,5761321.22,
I960432,-1749,2.0349910473E8,2025-09-28
I965337,-659,8.570306513E7,2025-10-22
I967014,1408,1.032882887E7,2030-01-01
I967412,1656,1.1892258932E8,2030-01-01
I973601,854,1.1426914606E8,2030-01-01
I975389,92,6310222.34,
I978760,1166,1.5727842088E8,
I983104,1293,1.8985524714E8,2030-01-01
I985029,-238,7279614.03,2025-09-29
I1007476,-1758,1.0145830274E8,2025-09-12
I939337,-1236,4.532968352E7,2025-09-16
I942280,-1221,3.042648975E7,2025-09-18
I945125,1641,9.523664513E7,2030-01-01
I943012,1009,3.735100341E7,
I952281,-1895,2.4294335762E8,2025-09-06
I954545,634,8.115154612E7,
I958760,-61,7702246.38,2025-10-30
I958890,526,1.778992527E7,
I959693,1860,3941672.31,
I962527,191,1.876982648E7,
I975392,-1846,1.0730109762E8,2025-10-30
I978742,-1143,1.1239632153E8,2025-10-05
I979329,1723,7.523306466E7,
I982448,-1717,1.0107545852E8,2025-09-11
I987015,-738,5.175538245E7,2025-09-30
I987733,-1583,7.855862152E7,2025-10-05
I1003371,-972,1.1345814511E8,2025-10-19
I1004394,-1259,6406923.96,2025-09-01
I1004558,819,9.85939567E7,
I1009094,-1119,3.263449688E7,2025-09-28
I940232,-1577,7.588290797E7,2025-09-26
I941001,972,2.853448925E7,2030-01-01
I945551,1352,1.7024326571E8,2030-01-01
I949172,54,3621324.78,2030-01-01
I939971,1412,1.4570465272E8,
I951709,-1652,4.440566247E7,2025-09-05
I953168,391,3.009198528E7,2030-01-01
I954239,1549,1.3952603029E8,2030-01-01
I954248,777,1.1605314197E8,2030-01-01
I957276,-533,6765772.09,2025-09-15
I961135,-779,2.544493465E7,2025-10-29
I967183,1064,1.1350900371E8,
I975733,1376,4694984.92,
I981717,-534,4.287918976E7,2025-09-11
I986609,897,6.364305746E7,2030-01-01
I986884,149,1.424257363E7,
I992551,1849,1.1328149794E8,
I996585,1940,1.6729339381E8,
I997797,-1464,2.0266975852E8,2025-10-01
I1000193,1652,2147534.13,2030-01-01
I1005160,-518,2.218775106E7,2025-09-23
I1006178,1910,5.259521875E7,
I943702,-254,3.118474691E7,2025-09-22
I939370,875,1.1646238361E8,
I947877,137,1.584683396E7,
I951577,1979,1.1526931608E8,
I952026,-1338,1.456761324E7,2025-09-15
I960812,-459,0.0,2025-09-29
I965896,-348,2.335054345E7,2025-10-02
I966108,1116,0.0,2030-01-01
I970849,543,1.654984142E7,
I977885,-546,0.0,2025-09-08
I985812,1956,7.486440317E7,
I987501,964,9.160730347E7,2030-01-01
I994826,-1011,5.216477468E7,2025-10-09
I999802,-832,3603449.07,2025-09-22
I1000919,1727,5.291147608E7,
I1009533,633,6.859374765E7,2030-01-01
I939180,1311,1.5674565954E8,2030-01-01
I940891,243,1008609.11,2030-01-01
I946666,811,8.551238619E7,2030-01-01
I946329,1495,1.1268401246E8,
I950346,1206,1.4860873628E8,
I952705,-1782,1.4260686377E8,2025-10-09
I953842,-510,5.541073757E7,2025-09-03
I954371,1184,1.2854814006E8,2030-01-01
I954455,1245,6.712368163E7,
I955952,415,3.338940247E7,
I956062,776,8.042685893E7,2030-01-01
I958283,-842,1.922712969E7,2025-09-26
I958488,1502,1.8485839724E8,2030-01-01
I958526,-1979,1.2751740686E8,2025-10-05
I965599,1586,8.397966571E7,2030-01-01
I969986,821,3.423433E7,2030-01-01
I976150,-1127,3.370092721E7,2025-09-14
I976238,-1456,1.0870188527E8,2025-09-14
I979266,1225,2.861177003E7,
I981585,-128,1.82245741E7,2025-09-17
I983286,-787,9.292542506E7,2025-09-16
I985590,81,8554184.95,2030-01-01
I987800,1561,3.046733052E7,
I991307,309,2099156.76,2030-01-01
I998133,1577,2.2683286862E8,
I999534,-1653,1.3540502721E8,2025-10-24
I1003984,1778,1.3964583154E8,
I1006237,-1830,7.21686368E7,2030-01-01
I1006712,1122,1.3047515301E8,
I1008098,162,1.309414792E7,2030-01-01
I943243,-863,2367668.24,2025-10-19
I944961,166,4631887.93,2030-01-01
I945300,500,3.462964561E7,2030-01-01
I939373,648,2.819439771E7,
I952883,-196,3517843.56,2025-10-22
I960570,-536,512875.56,2025-09-08
I963545,-753,7.7130247E7,2025-10-31
I964385,-934,9.626051583E7,2025-10-07
I965103,-1724,1.5103104788E8,2025-10-18
I969413,1277,0.0,
I983938,134,3624498.16,2030-01-01
I985371,1139,1.5794921183E8,
I992462,-261,3.554913325E7,2025-09-08
I997658,1838,4.124131215E7,
I998919,-399,3.137423481E7,2025-10-01
I1001163,95,4858517.39,
I1001352,-559,1.969506713E7,2025-10-30
I1001436,1662,1.3483317291E8,2030-01-01
I1002916,-96,9936558.72,2025-09-30
I1007055,-1161,4.028253779E7,
I939454,1998,6.001050631E7,
I946426,1118,5.023239546E7,
I951250,1007,3.445418529E7,
I957746,896,3.999532357E7,
I975376,1700,1.6988621212E8,2030-01-01
I975908,1942,9.144086427E7,
I979555,155,1.303933312E7,
I987962,560,2.635816462E7,2030-01-01
I997919,-763,5.257422847E7,2025-09-27
I939138,-1825,8.587451231E7,2025-10-30
I939615,-1586,7.731668215E7,2025-10-30
I950058,1626,1.3851167687E8,2030-01-01
I942553,1018,1.3862822584E8,
I952066,429,842936.74,
I959264,463,1.002992716E7,
I959919,548,7.529194279E7,
I960160,733,1.261442472E7,
I970585,53,7172734.04,
I974087,1985,2.096392975E7,
I987474,491,1.137616985E7,2030-01-01
I988766,1723,1.3865817935E8,
I989914,386,4.045495017E7,
I989923,1643,1.8798816076E8,
I994408,-1844,2.0580751033E8,2025-09-02
I997767,953,6.496740318E7,2030-01-01
I999739,110,1.372529684E7,2030-01-01
I1006121,-983,5.700847196E7,2025-10-17
I1009546,452,5.640572769E7,2030-01-01
