item_id,units_sold,revenue,sale_date
I16764,1634,1.05951209E7,2030-01-01
,156,9100344.55,2025-09-11
,1543,2.0964884415E8,2025-10-18
I23602,-878,6424588.14,2025-10-09
I24376,666,9.533418466E7,
I29058,1624,2.3883606024E8,
I30551,1707,2.0321690397E8,2030-01-01
I31519,-239,1.05571846E7,2025-09-22
I35917,498,1.857557771E7,2030-01-01
I48325,688,7214941.57,
I60951,831,6.783750565E7,
I62673,1589,1.3594452729E8,
I64476,1397,1.7208941128E8,
I68682,1134,9.412290517E7,2030-01-01
I69904,491,1.316327819E7,2030-01-01
I76303,1207,8.386904819E7,
I77414,-1972,2.6319872931E8,2025-09-21
I78508,1759,1.3356141421E8,2030-01-01
I79948,1050,9.397656543E7,2030-01-01
I80630,-1506,1.0044406732E8,2025-09-14
I82512,1590,5.432050318E7,2030-01-01
I84257,-79,7941380.75,2025-09-12
I85036,-597,6.153872277E7,2025-09-17
I85601,-1338,1.9307548754E8,2025-09-03
I86751,1981,3.703869663E7,
I86801,-694,8.090782081E7,2025-09-14
I90665,95,1775756.56,2030-01-01
I95383,-1340,1.1961879562E8,2025-09-19
I96006,324,1.252649899E7,
I103527,-370,5.267707494E7,2025-10-26
I108214,-1138,8.269010391E7,2025-10-27
I109725,1333,0.0,
I110826,1222,1.115601878E8,2030-01-01
I114833,-546,1.293957441E7,2025-09-01
I115092,679,4.444965107E7,
I115766,1843,1.2954696803E8,
I120101,1807,2.4269720531E8,
I120474,636,4.807007864E7,2030-01-01
I120714,307,1.386527749E7,2030-01-01
I121196,833,2.548306897E7,
I124168,1874,7.119049397E7,2030-01-01
I125294,1229,1.2311038622E8,
I15481,650,3.514091948E7,2030-01-01
I22127,1981,1.3453349593E8,
I25201,1257,1.753697421E8,2030-01-01
I31208,-501,3.057733881E7,2025-10-21
I33325,-1976,8.26202222E7,2025-10-23
I39349,-1078,1.3228683307E8,2025-10-10
I47199,1449,1.7214645656E8,2030-01-01
I52770,581,7.050357974E7,
I54638,1783,1.8765064039E8,
I56388,617,1.570409309E7,2030-01-01
I59915,-1903,2.5221102485E8,2025-09-27
I60330,-902,1.809629066E7,2025-09-13
I64964,917,1.487696477E7,
I65530,-889,0.0,2025-09-11
I67760,248,2.618336924E7,2030-01-01
I68644,1465,1.1716282726E8,2030-01-01
I70679,-1026,6.481513229E7,2025-10-24
I71717,1936,1.310613428E7,
I77381,1484,1.6567717454E8,
I83981,824,1.0152918798E8,
I84462,1465,2.0100120826E8,2030-01-01
I88361,289,8817223.01,2030-01-01
I89639,1341,1.523446315E7,2030-01-01
I95365,1631,2.034753562E8,
I95773,-744,6.410750781E7,2025-09-23
I103628,300,3.163896226E7,
I105744,1097,5.459004253E7,
I106004,154,1.860973244E7,2030-01-01
I106347,1209,1.374674505E7,
I108391,-1522,2.256990838E8,2025-09-07
I115705,1625,2.233837377E8,2030-01-01
I116444,391,5.513023447E7,2030-01-01
I122854,1751,6.605793978E7,2030-01-01
I127052,1356,4.212984558E7,2030-01-01
I10726,-826,2.172096218E7,2025-09-02
I13740,1018,3.14761305E7,2030-01-01
I15496,1536,2.2507879027E8,2030-01-01
I20327,1036,7.760335105E7,2030-01-01
,1461,1.5508672531E8,2025-10-16
I28700,949,1.2961356596E8,
I33396,-1107,2.342234019E7,2025-09-10
I35846,1884,2.1725443506E8,
I41127,1307,1.1088328257E8,2030-01-01
I42503,-1552,5.15998108E7,2025-10-01
I42891,-1417,1.0523542148E8,2025-10-17
I46526,-50,4059562.14,2025-10-15
I50958,1788,1.014376673E8,
I54172,888,1.2425663416E8,
I54272,800,3.184999713E7,
I58478,918,1.3198419959E8,
I66493,-501,1.648581511E7,2025-09-23
I68034,1285,1.004430579E8,
I68402,1554,8.392749087E7,2030-01-01
I68830,-228,1.150001015E7,2025-10-19
I78618,1778,2.4780413823E8,2030-01-01
I78902,-817,8.528457638E7,2025-09-19
I80166,1926,1.570671493E8,
I83093,766,5.394099322E7,2030-01-01
I83538,-902,1.69866177E7,2025-10-08
I84435,1893,1.5029011011E8,2030-01-01
I85770,-1532,1.8100877131E8,2025-09-24
I86513,273,5746828.81,
I92246,1888,5.002148888E7,
I92718,-1096,4.137856987E7,2025-09-12
I93865,1085,1.0625059403E8,
I97438,-68,149134.23,2025-09-27
I100366,767,3.065738206E7,
I101227,571,1.588762235E7,2030-01-01
I104323,-1482,1.7750890886E8,2025-10-17
I108750,1429,2.419885561E7,
I113544,827,1.2204720959E8,2030-01-01
I115670,92,1.313175973E7,2030-01-01
I117521,1312,9.679886936E7,
I118695,1834,1.6313714393E8,2030-01-01
I120259,1970,7.090295568E7,2030-01-01
I121770,400,3.959304687E7,2030-01-01
I27663,-1644,4.937460835E7,2025-10-18
I32958,-1891,3.538279621E7,2025-10-23
I37001,1754,4.290437707E7,
I43510,369,6841604.39,2030-01-01
I43781,1894,8.40894651E7,
I44618,531,1.311655641E7,2030-01-01
I50466,-603,7.896964234E7,2025-10-24
I53984,967,5.717847273E7,
I56173,256,1.647229437E7,
I56936,1987,1.2186157321E8,2030-01-01
I60651,571,4.674914731E7,2030-01-01
I62495,1564,2821919.99,
I71377,-398,2.674535555E7,2025-10-15
I82093,85,1.021401243E7,2030-01-01
I90217,978,1.024874057E7,
I92919,-1572,5228730.72,2025-10-16
I98113,1852,2.647208839E8,
I100022,-459,8119519.8,2025-09-18
I109456,-1152,1.2486326606E8,2025-09-06
I110169,-1113,5.106013766E7,2025-10-09
I111345,-510,2.290735453E7,
I115774,1229,2.015237382E7,
I120068,962,7.174915814E7,
I120479,637,3.427500404E7,2030-01-01
I122743,-252,2.362874986E7,2025-09-15
I125566,-1093,9.744366872E7,2025-10-06
I11271,1113,4.444618271E7,2030-01-01
,688,2.996896241E7,2025-09-16
I29677,1101,1.4931975361E8,2030-01-01
I29920,1276,1.5137046012E8,2030-01-01
I31855,604,6.018111903E7,
I32140,1647,1.9438654307E8,2030-01-01
I34509,-90,8103179.46,2025-10-13
I38928,1812,5.87904048E7,
I41272,-740,3.956028988E7,2025-09-06
I49773,1605,1.032862871E8,2030-01-01
I53194,1911,0.0,
I57023,-511,2.116764762E7,2025-10-03
I64483,206,1.407869222E7,
I72056,273,3.030180919E7,
I75647,1396,8.179145553E7,2030-01-01
I76522,774,6.718123819E7,2030-01-01
I78776,985,1.1115466012E8,2030-01-01
I81382,1388,3.605559593E7,2030-01-01
I81432,788,5.022023653E7,
I86048,514,1.633829839E7,
I87290,924,7.637593903E7,
I92188,819,1.0393791021E8,2030-01-01
I92967,1916,0.0,2030-01-01
I95004,1648,7.9415896E7,2030-01-01
I97614,-1389,1.1254968638E8,2025-09-07
I101970,1993,2.3198632857E8,2030-01-01
I102534,1575,1.6981723341E8,2030-01-01
I104043,585,4806544.65,
I107255,483,1.180872212E7,
I111566,-1015,9697086.32,2025-10-16
I118304,-807,1.2003290742E8,2025-10-30
I120855,559,6.709544504E7,
I125389,1516,2.1210570829E8,
I12421,1734,1.2189194627E8,2030-01-01
I17416,1196,7.658280122E7,2030-01-01
,321,1.719271259E7,2025-09-18
I26485,-830,1.844421139E7,2025-10-01
I27541,-1763,1.8280115195E8,2025-09-06
I36186,-1378,9.614857056E7,2025-09-06
I40958,846,4.460194654E7,2030-01-01
I43848,1327,6.074167794E7,
I44289,455,4.7506364E7,
I48149,-1403,1.44582469E7,2025-09-07
I48599,-377,6904412.92,2025-10-29
I53654,-309,3.809117642E7,2025-10-06
I56095,716,5.295207928E7,2030-01-01
I56377,1213,6.684083004E7,2030-01-01
I62670,827,1.0117964741E8,
I64123,-136,1.14713978E7,2025-10-16
I64229,-1362,9.731284907E7,2025-09-29
I75208,1862,6.015981593E7,2030-01-01
I80023,1047,2.87243398E7,
I88263,811,1.0177325175E8,2030-01-01
I89670,-426,3.430616191E7,2025-10-06
I90058,856,1.1703618502E8,
I90498,90,2504317.82,
I105820,231,2.434153093E7,
I108982,1265,4.9899916E7,
I111732,785,6.319808592E7,2030-01-01
I114442,908,9.113326494E7,2030-01-01
I114741,414,4.184718669E7,
I116516,1628,7.153700492E7,2030-01-01
I127758,215,2.550241562E7,
I127986,326,2.051517911E7,2030-01-01
I17256,-1745,2.511735919E8,2025-10-15
I20007,-1812,5.898524462E7,2025-09-02
I11930,1737,1.6379656116E8,
I19811,748,8.77798136E7,
I22703,-1994,3.567278914E7,2025-10-27
I24399,1625,6.58243784E7,
I27188,570,9474193.48,2030-01-01
I30489,90,7354491.68,
I33357,1231,1.139862948E8,2030-01-01
I34398,995,6.826403281E7,2030-01-01
I35327,1014,5.297174291E7,2030-01-01
I40243,753,9.041121416E7,2030-01-01
I43224,504,3.351378913E7,2030-01-01
I53273,-1066,1.0095228264E8,2025-10-07
I55939,1875,2.4027187117E8,
I56092,-807,4.815115511E7,2025-09-25
I60512,-1267,7.83423105E7,2025-09-21
I62591,1643,2.3956285353E8,2030-01-01
I65340,-939,2.43556989E7,2025-10-01
I65420,839,9.670781759E7,
I67398,729,4.113434926E7,
I68904,-1894,2.0731511361E8,2025-09-03
I69202,-1910,1.2294296036E8,2025-09-07
I78232,-1341,8959956.11,2025-09-11
I78321,1068,4.448928655E7,
I83405,275,9393617.61,
I85161,1014,1.450869443E8,2030-01-01
I90320,595,7756904.01,2030-01-01
I94411,1427,2.138292641E8,
I98460,1441,9.179129877E7,2030-01-01
I101789,831,4.979306161E7,
I102947,-1320,0.0,2025-09-28
I105111,1734,1.5880113936E8,2030-01-01
I109327,677,8610258.35,2030-01-01
I113443,-570,7.079905597E7,2025-10-14
I113729,1563,1.9980030454E8,
I114223,1436,1.9695425157E8,
I116046,696,5531720.08,
I120065,884,6.072224301E7,
I126246,-172,1.238053581E7,2025-10-16
I127494,-1389,7.230159988E7,2025-09-24
I11158,-339,1.781683055E7,2025-10-22
I12821,678,1.954624207E7,2030-01-01
I13707,-767,4.624605655E7,2025-09-13
I17473,526,6136884.92,2030-01-01
I21080,338,4.764283208E7,2030-01-01
I19825,739,2.716707267E7,
I23659,-1728,2.0470562248E8,2025-09-19
I26378,-447,1897708.5,2025-09-14
I26678,-282,3.994012348E7,2025-09-28
I30798,1830,2.6616083238E8,2030-01-01
I32282,1241,1.6410480208E8,
I34598,823,1.492709062E7,2030-01-01
I35991,-1000,1.0266932464E8,2025-10-17
I38772,679,8.421567715E7,2030-01-01
I42438,1827,2.6951614453E8,2030-01-01
I50481,-807,3.140103829E7,2025-09-24
I51468,762,0.0,
I53005,1393,1.4579679443E8,
I64893,-1535,1.3987769189E8,2025-09-28
I70561,-1033,5.976487322E7,2025-09-16
I70576,1243,1.3350596946E8,
I71463,1077,4.987731844E7,
I78153,1655,1.3586192634E8,2030-01-01
I82528,1141,1.189461068E7,
I82671,452,2.39544574E7,2030-01-01
I84803,1106,8.797624715E7,
I85184,875,1.272816451E7,
I91269,937,8.021893561E7,2030-01-01
I92899,1924,1.3061112107E8,
I96750,-420,3.027621566E7,2025-09-13
I107942,-355,2.637660476E7,2025-10-23
I125471,1178,1.1864953341E8,
I14153,-1314,1.1330601548E8,2025-10-29
,519,6.342521626E7,2025-09-13
I18837,138,6204041.01,
I24065,1482,1.3521682133E8,2030-01-01
I25780,1435,1.8255380047E8,2030-01-01
I27872,1947,2.6312651778E8,
I27974,1568,2.2679163492E8,
I29332,-1859,2.5663261398E8,2025-09-08
I29599,-448,5.288685304E7,
I30984,1215,1.3374655333E8,
I46207,118,6319547.88,
I47157,-1280,5.718298052E7,2025-10-15
I47283,-1906,1.8675341288E8,2025-09-20
I47735,-1828,4.352030043E7,2025-10-14
I54838,-1369,1.6041299028E8,2025-09-29
I56251,-1300,1.380144047E7,2025-10-15
I59201,708,6.941381893E7,2030-01-01
I59296,128,1.153597535E7,
I68438,1167,1.3883112651E8,2030-01-01
I68812,-1827,1.576330584E8,2025-09-16
I73128,1953,7.291359386E7,2030-01-01
I74329,822,8.797788393E7,
I81781,319,5714159.2,
I84128,864,9.118174939E7,2030-01-01
I84207,217,1.91286574E7,2030-01-01
I87097,1559,1.9778301844E8,
I90045,390,5.232803901E7,
I95056,-223,3.030874611E7,2025-10-23
I101987,1646,2.3054309301E8,2030-01-01
I109776,1408,6.572590091E7,
I112651,-1945,1.9581963466E8,2025-09-03
I114396,1208,1.1173586793E8,2030-01-01
I114937,-1388,3.071047458E7,2025-10-14
I115689,1191,1.6488616071E8,2030-01-01
I123668,-1489,1.1029350274E8,2025-10-27
I126793,1522,2.0005754655E8,
I10918,1910,2.6523832743E8,2030-01-01
I11540,-506,4.450301324E7,2025-09-10
I12644,723,1.101801805E7,2030-01-01
I16884,1786,1.9235863387E8,2030-01-01
I17369,-1907,1.2942722552E8,2025-09-23
,633,3.215800556E7,2025-09-07
I22635,176,7097183.45,2030-01-01
I31007,217,5994515.55,2030-01-01
I38990,-437,6.424665851E7,2025-10-28
I41983,272,1.177104445E7,2030-01-01
I43264,477,5.451671109E7,2030-01-01
I45164,445,1873786.39,2030-01-01
I45217,-951,5.687660488E7,2025-09-06
I46422,626,1.608730433E7,2030-01-01
I46957,-1585,1.4632606767E8,2025-10-15
I47269,1202,2.059421555E7,
I51368,1926,2.3788974103E8,
I53079,1615,2.2652972667E8,
I54437,1353,1.8241136726E8,2030-01-01
I62622,1132,1.1951457313E8,
I65288,1505,1.2235067835E8,
I68859,770,8.351170982E7,
I71483,955,1.3810617673E8,2030-01-01
I71857,545,3.624072422E7,2030-01-01
I74262,110,347507.0,
I74367,177,512155.64,2030-01-01
I76925,628,1.288168018E7,2030-01-01
I77142,-168,8169583.06,2025-09-07
I77440,-1112,1.0139957416E8,2025-09-28
I79870,841,1.0194461348E8,2030-01-01
I84205,1466,2.0737621946E8,2030-01-01
I85824,1574,7.917371407E7,2030-01-01
I87191,407,1.425112977E7,2030-01-01
I90202,-276,3.14030991E7,2025-10-08
I92198,1550,1.6089400559E8,
I94619,1481,1.125923035E8,
I95553,1408,1.2983733088E8,
I97477,-1603,2.001032585E7,2025-09-08
I97744,1529,1.017614464E7,2030-01-01
I101664,879,1.0891236149E8,2030-01-01
I112874,763,7.484602087E7,
I117803,580,3.162658671E7,2030-01-01
I122433,881,8.117337256E7,
I11643,-1368,7996147.41,2025-09-01
I13771,-846,3.124507222E7,2025-09-07
I19117,1296,5.327538372E7,
I26250,-1629,9.702540214E7,2030-01-01
I27205,-1166,8.692213666E7,2025-10-03
I28653,210,6877591.23,2030-01-01
I34404,1491,1.3242480911E8,
I40576,1643,1.2251352118E8,
I41410,1390,1.3849782835E8,
I46288,218,2.565216004E7,
I53296,-693,2.740929391E7,2025-10-28
I53803,1060,5.49039964E7,2030-01-01
I57380,373,1.43291728E7,
I58244,821,3.251530967E7,
I60405,1422,7.587641291E7,
I61758,1745,1.52731737E8,
I62266,1765,1.0760246109E8,
I64759,1740,4.313630673E7,
I69767,836,1.2263862345E8,
I72926,292,4.13326952E7,
I72934,666,5.974090614E7,
I75014,422,5.376630222E7,2030-01-01
I77894,645,4.712026634E7,
I80309,314,3683909.64,
I88598,311,9554589.08,
I89058,-1866,8.626873721E7,2025-09-17
I90418,1664,5.629225591E7,2030-01-01
I92661,75,2260647.95,
I93824,571,1.590669135E7,2030-01-01
I100123,904,2.476315734E7,2030-01-01
I104779,1986,2.3979144003E8,2030-01-01
I108057,391,3.129841401E7,2030-01-01
I108097,513,2.115715349E7,2030-01-01
I111827,586,2.191412905E7,2030-01-01
I121236,1688,4495242.16,2030-01-01
I122392,-1773,1.4774850295E8,2025-10-22
I122774,-196,1713780.36,2025-09-08
I123389,1776,1.0132503557E8,
I125792,455,7321303.68,2030-01-01
I126878,1053,1.4445759163E8,2030-01-01
I14673,-1858,8.748140126E7,2025-10-08
I18192,1264,1.2263045884E8,2030-01-01
I28136,1568,1.7491572053E8,2030-01-01
I32273,-1140,9173749.3,2025-10-29
I32637,1932,1.2155657687E8,2030-01-01
I33237,1959,9.206579409E7,2030-01-01
I36311,1634,4.305827641E7,
I39858,-1862,8.870997132E7,2025-09-24
I46840,1691,1.9288711385E8,
I53276,1436,1.4011826796E8,
I61511,1947,2.3799959385E8,2030-01-01
I64477,-570,3.904933059E7,
I68947,674,4.994346411E7,
I74394,642,6.856677259E7,2030-01-01
I75412,-1560,1.9655806244E8,2025-10-17
I77174,315,4.136472787E7,2030-01-01
I79895,-1334,1.9062635696E8,2025-09-17
I84494,295,1.882997635E7,
I88319,1411,1.4849891704E8,
I90957,1877,1.8946709717E8,
I91394,-688,9.343378957E7,2025-09-24
I96985,1321,1.9322268209E8,
I97114,177,2.167324705E7,2030-01-01
I102038,1837,1.2907134231E8,
I104648,84,1012939.89,2030-01-01
I106799,1999,8.48595927E7,
I108485,-1320,1.1068967947E8,2025-09-12
I110669,-74,4618146.63,
I111362,1857,1.3578508005E8,
I113049,483,5.248410737E7,2030-01-01
I113308,502,6.229817945E7,2030-01-01
I113715,171,1.169013404E7,2030-01-01
I115415,-644,1.146213596E7,2025-09-02
I117420,588,1.576566863E7,
I119016,-1491,1.8891508186E8,2025-09-22
I122409,1991,2.3112498231E8,2030-01-01
I128264,1787,5966070.38,2030-01-01
I131452,-790,8.15534839E7,2025-09-10
I134123,-1368,2.353760211E7,2025-10-22
I137330,-880,6.612645575E7,2025-09-10
I142537,101,2061688.93,2030-01-01
I153857,-598,7.137844803E7,2025-09-14
I160485,-1199,1.2285830841E8,2025-09-30
I172198,-1626,7.503095772E7,2025-09-22
I173054,-108,9268421.48,2025-09-06
I174991,-65,6171871.34,2025-10-22
I182184,1550,1.1400220851E8,2030-01-01
I184711,-835,8.318871947E7,2025-09-14
I190219,-284,1.248517006E7,2025-09-19
I192242,1735,3.360969298E7,2030-01-01
I196513,681,8.77328911E7,2030-01-01
I198747,614,1.794277969E7,
I202844,-475,1.60552476E7,2025-10-21
I203386,534,1.562361382E7,
I206705,-1540,2.1918752519E8,2025-09-15
I210739,1538,1.0363365957E8,
I218740,-510,7.561976592E7,2025-10-29
I219184,1845,2.4456120841E8,2030-01-01
I219200,-489,5253962.43,2025-10-21
I221001,420,3.319817071E7,
I222135,730,1.756971632E7,2030-01-01
I222639,1689,1.9543083506E8,2030-01-01
I233943,1366,5.929567784E7,2030-01-01
I235968,-252,5023897.37,2025-09-08
I241007,-1620,1.0855645429E8,2025-10-11
I242569,-1831,2.2163613483E8,2025-09-30
I242583,990,2.885514207E7,
I134509,-1880,1.5755554411E8,2025-10-10
I136195,151,2.233412839E7,2030-01-01
I140003,571,3306332.42,2030-01-01
I140421,1266,8.207998028E7,2030-01-01
I132545,221,2.276554803E7,
I135024,1523,1.3722909736E8,
I142557,-1018,4.323570384E7,2025-09-24
I146061,1755,1.5345069436E8,
I147949,1644,3.982623914E7,2030-01-01
I149518,99,1.476914169E7,
I151907,1166,1.4214508379E8,2030-01-01
I154233,-1970,2.9225878761E8,2025-10-30
I160697,-1026,1.84391526E7,2025-10-16
I167278,1746,2.0514712558E8,
I168383,334,1.389822584E7,
I169672,-818,5.312519489E7,2025-10-13
I171950,1566,1.5863573109E8,2030-01-01
I175135,1516,1.3833290113E8,
I176797,615,3.65536322E7,2030-01-01
I179033,905,6.011952051E7,
I187570,585,2.433461359E7,
I202983,213,1.214640204E7,
I206869,338,2.483011786E7,2030-01-01
I207041,-276,2.640708296E7,
I208441,1392,0.0,2030-01-01
I218457,-1679,9.28083359E7,2025-09-12
I226353,221,1.486087697E7,2030-01-01
I231524,450,1.368663563E7,2030-01-01
I232175,495,6.979306417E7,
I240436,205,0.0,
I132727,-1352,1.850625358E7,2025-10-23
I140229,1574,1.6516297136E8,2030-01-01
I145723,586,4.012467446E7,
I149361,887,3605125.24,2030-01-01
I149535,-1228,7.933087661E7,2025-10-25
I149972,-1136,1.3735828664E8,2025-10-21
I153428,-1882,1.0540683445E8,2025-09-19
I160474,1098,4.322645036E7,
I161576,1565,1.9577933253E8,
I166789,1602,9.215535603E7,
I167191,544,4.458719654E7,
I168090,552,8.212766788E7,
I169155,1057,2.065961752E7,2030-01-01
I171178,1511,1.5442906442E8,
I171652,-1866,1.3414589613E8,2025-10-12
I172471,-717,6.77292482E7,2025-10-30
I178768,1562,1.0731271017E8,
I181384,1685,2.4466224076E8,2030-01-01
I186577,-967,1.3671092673E8,2025-10-25
I190265,-748,4.660343231E7,2025-09-22
I202427,1405,1.325562724E8,2030-01-01
I207914,273,3.631647017E7,2030-01-01
I211978,1255,1.7824902384E8,
I214394,623,6.989121721E7,2030-01-01
I217936,1336,1.2805488774E8,2030-01-01
I220346,1399,1.3216720929E8,2030-01-01
I220444,-1013,6.687854128E7,2025-09-10
I222192,115,1.687883251E7,2030-01-01
I225396,866,5.887999073E7,
I229015,-993,4.203050483E7,
I229243,267,2.397339774E7,2030-01-01
I236003,-1041,9.28058988E7,2025-09-18
I236960,-97,7253141.78,2025-09-26
I243845,382,0.0,2030-01-01
I135277,-156,9910907.45,2025-09-27
I137867,-978,6.254847469E7,2025-09-02
I128661,390,5.800776179E7,
I131674,1241,1.3835699497E8,
I138128,691,2.725812396E7,
I141027,251,2.177547857E7,
I147700,871,1.0988954643E8,
I149896,-831,5.857070569E7,2025-10-25
I175565,1036,1.0813363799E8,2030-01-01
I179356,986,8.282947106E7,2030-01-01
I179849,272,3.843420587E7,2030-01-01
I181431,1008,7.448285959E7,2030-01-01
I182296,1366,1.6414855911E8,
I184593,-1084,5.813364199E7,2025-09-22
I198573,-1051,5687443.13,2025-09-09
I209074,1583,1.3332063152E8,2030-01-01
I209129,-541,5.11563692E7,2025-09-22
I214974,810,9.601011398E7,2030-01-01
I223111,-1058,6.99551023E7,2025-10-21
I230997,-1919,2.1084066427E8,2025-10-23
I236136,-259,7598558.44,2025-10-01
I238536,1128,1.0455118713E8,
I133009,-418,1.10152259E7,2025-09-30
I134475,52,4747343.29,
I140297,1544,1.1154410428E8,
I140661,486,6.729578984E7,
I142032,1606,5.363258696E7,2030-01-01
I142172,873,4.825294095E7,2030-01-01
I144879,724,9.941364904E7,
I148534,1604,3.90433417E7,
I153126,175,5273499.51,
I160375,-89,4896965.41,2025-10-23
I165367,389,5734217.64,2030-01-01
I167000,-502,3.132268132E7,2025-10-05
I167246,1047,2.521670691E7,2030-01-01
I168849,1934,4.060493938E7,2030-01-01
I176593,-98,1.382911951E7,2025-09-15
I187001,-1506,1.4977995942E8,2025-09-18
I188866,1398,1.6055980303E8,
I189892,936,1.0472045238E8,2030-01-01
I198416,-689,5.613035831E7,2025-10-17
I202868,916,1.2861088958E8,
I215156,1773,1.075543932E8,
I215516,-71,2807172.67,2025-10-26
I223341,956,6.011008966E7,
I236582,1684,9.009813248E7,
I239484,-495,1.160772096E7,
I244032,1838,2.0241177102E8,
I136251,-1183,5.158109064E7,2025-09-03
I137730,-104,1.181874553E7,2025-10-07
I138597,1193,6.654197388E7,2030-01-01
I141511,-201,747694.75,2025-10-16
I147137,944,6.297095087E7,2030-01-01
I157374,1108,1.499988742E8,
I160649,-916,5.507651119E7,2025-10-16
I162939,950,8.374621543E7,2030-01-01
I163532,-707,1.022178906E8,2025-10-07
I170228,1407,1665574.41,
I171069,597,8.556255795E7,
I174798,885,8.324457201E7,
I175098,-968,1.4356506131E8,2025-09-01
I175361,912,1.1612992597E8,
I176911,-498,5.01429894E7,2025-09-23
I183682,-1813,7.457221055E7,2025-09-22
I188417,-1126,1.1820646481E8,2025-09-05
I189405,1926,8.023999401E7,2030-01-01
I189500,1281,7.687329493E7,
I190672,479,6.904625402E7,2030-01-01
I196023,656,8.934998754E7,2030-01-01
I196140,383,4.548305473E7,
I196511,411,5.814241603E7,
I197404,962,2.017958183E7,
I200048,-1113,1.1243089377E8,2025-09-15
I206317,-1504,8.126500013E7,2025-10-24
I218357,-237,3.448379727E7,2025-09-02
I223455,-452,5.921542916E7,2025-09-12
I224418,1961,2.9215628264E8,
I229121,-1421,5.763561552E7,2025-09-19
I230328,335,3.957351057E7,2030-01-01
I230974,-672,5.318938982E7,2025-10-05
I232642,331,0.0,
I236276,321,8893908.97,2030-01-01
I240165,1646,1.2692695959E8,2030-01-01
I241411,-1869,2.466291712E8,2025-10-29
I133328,1837,9.991206595E7,2030-01-01
I145202,904,1.1304769218E8,
I145805,-1277,8.932878867E7,2025-09-29
I152015,641,8.576332045E7,
I154756,-772,3.115722006E7,2025-10-30
I154908,102,8361520.82,
I166527,919,7120152.74,
I168770,-1458,1.7442312837E8,2025-10-29
I174515,951,8.57214024E7,2030-01-01
I176417,314,2.127573025E7,
I178802,-1253,1.5826596336E8,2025-10-20
I180637,-1948,1.5852754346E8,2025-09-20
I180674,421,3.78211435E7,
I192171,-366,1.019413045E7,2025-09-06
I193236,-1135,1.210191679E7,2025-09-29
I193352,1221,5.427238572E7,
I194317,1048,4.419790807E7,2030-01-01
I195824,1808,1.9838197521E8,
I200167,-1805,2088125.18,2025-10-07
I200462,1536,1.460514457E7,2030-01-01
I201938,106,1.567392854E7,2030-01-01
I203899,-118,9168133.73,2025-10-10
I205094,1495,5.489252841E7,2030-01-01
I206244,-846,1.1860835635E8,2025-10-23
I210587,874,1.2746978876E8,2030-01-01
I219291,-401,5.885282298E7,2025-09-09
I228844,-698,1.00989469E8,2025-09-12
I234405,1798,6.143548697E7,
I240958,1021,7.430290577E7,
I241069,-863,1.0112891486E8,2025-10-04
I243087,1933,1.4752947909E8,
I134335,-291,4.317875106E7,2025-09-22
I136938,-1663,1.8163085933E8,2025-10-16
I137828,-981,1.512667252E7,2025-09-28
I138839,413,3.141104212E7,
I153232,117,1.735374244E7,2030-01-01
I154791,1010,1.169447595E8,2030-01-01
I155561,1154,1.092284492E7,2030-01-01
I175089,679,2.84610012E7,
I175134,-1283,7.266229542E7,2025-09-11
I176315,571,5230131.97,2030-01-01
I177892,-1766,2.0759423562E8,2025-09-26
I178102,592,5.258935407E7,2030-01-01
I178604,453,3.029400744E7,
I179590,-925,7.970704123E7,
I181369,1952,2.4383943924E8,
I181970,511,1.418647167E7,2030-01-01
I183743,-1036,6.568216266E7,2025-10-24
I186177,-898,4.301142458E7,2025-10-20
I188483,1315,2.273424998E7,
I196365,-1605,2.653737231E7,2025-09-14
I197877,-1711,7.783334572E7,2025-09-15
I199503,276,3.525340228E7,
I199661,1926,2.8830118409E8,2030-01-01
I201031,488,6.910295284E7,2030-01-01
I206876,-423,4829502.0,2025-10-21
I207134,1110,2.863074812E7,2030-01-01
I215591,1788,2.280039585E7,
I220077,-1124,5.641379561E7,2025-10-05
I221026,657,4.604226536E7,2030-01-01
I222950,567,5.658793141E7,2030-01-01
I225038,1457,6.511103639E7,2030-01-01
I231832,1112,1.413218039E7,
I237950,292,3.627527965E7,
I238380,-961,7.062507738E7,2025-09-24
I241303,-1432,1.5498382357E8,2025-09-15
I134315,1505,2.435121581E7,2030-01-01
I136834,-534,3.833006745E7,2025-10-21
I138199,631,8957757.32,2030-01-01
I138665,1219,1.746390533E7,
I149941,-389,2.900952968E7,2030-01-01
I157440,773,8.894374885E7,
I157855,942,9.346981826E7,
I159742,742,5.441423018E7,2030-01-01
I161845,1672,6.51623627E7,2030-01-01
I163336,-817,7888527.59,2025-10-09
I168937,580,3.737128344E7,
I171722,298,3.931319478E7,
I172614,149,1.481519437E7,2030-01-01
I174956,1165,2.384288062E7,2030-01-01
I198098,441,6.44007539E7,
I198132,151,2.092861665E7,
I198145,1113,1.3380764792E8,2030-01-01
I201324,-418,2.312889143E7,2025-10-17
I204362,-1700,6.503067353E7,2025-10-22
I212181,-140,8238659.99,2025-10-21
I214133,1242,8.992662439E7,2030-01-01
I214728,-590,6.084786163E7,2025-10-28
I214921,1217,1.315178874E7,
I218250,1386,1.1750239321E8,
I232090,199,8600341.21,
I134244,-951,1.4251429263E8,2025-09-02
I136488,-291,5277464.15,2030-01-01
I128951,364,8330528.18,
I132537,1096,5.855823947E7,
I133350,1475,1.8638123845E8,
I140920,1856,1.991072887E7,2030-01-01
I152544,1688,7.072468036E7,
I153913,1015,7490694.13,2030-01-01
I156967,933,1.423580407E7,
I157439,1706,9.092872461E7,
I160562,-300,4.235597557E7,2025-09-12
I172538,-1457,2.0047771232E8,2025-10-28
I185685,-1997,9.554736952E7,2025-09-20
I187087,-1108,6.250035187E7,2025-09-01
I188647,845,1630789.97,
I190658,1823,1.9540342177E8,2030-01-01
I192262,1470,7.065761458E7,2030-01-01
I195973,495,4.340704772E7,2030-01-01
I199717,-1196,0.0,2025-09-17
I206451,681,9.526121776E7,2030-01-01
I209258,-1541,5989210.9,2025-09-10
I209430,1590,1.9111593386E8,2030-01-01
I212964,-1136,1.1025816392E8,2025-10-28
I224031,-1512,1.0153819467E8,2025-09-01
I235403,94,8469552.58,2030-01-01
I236792,1414,2.0286089606E8,
I237996,-1886,8.17236261E7,2025-10-24
I135542,-1289,3.527315142E7,2025-09-14
I132382,370,4.62049321E7,
I141432,709,3.187441199E7,
I142131,-1012,1.1117227726E8,2025-10-25
I144403,604,2.384961498E7,
I144819,421,5.646072227E7,
I149852,-1204,0.0,2025-09-12
I150436,58,2243183.95,
I153182,747,9.507515424E7,
I166695,-366,3.023096633E7,2025-09-19
I168742,1290,4.856070274E7,2030-01-01
I170126,1369,1.6254174612E8,
I176981,-830,4.724291581E7,2025-10-14
I178799,704,1.471520799E7,
I188385,1688,1.2472735729E8,2030-01-01
I195619,673,3.821262932E7,2030-01-01
I197426,-408,9912068.38,2025-10-07
I201671,88,6137127.22,
I212004,-1775,1.066755995E7,2025-10-15
I212259,1854,1.1721412938E8,2030-01-01
I216729,1442,1.8454291856E8,
I217152,-444,5127458.08,2025-10-06
I217186,581,4.86232152E7,
I219205,1673,7.819224586E7,2030-01-01
I222344,-108,8700732.2,2025-10-06
I224373,227,4998753.4,2030-01-01
I224806,1868,1.6711414838E8,2030-01-01
I225133,1730,2.5680969256E8,
I226420,1305,1.7363895903E8,2030-01-01
I234160,-1953,5.726840733E7,2025-10-01
I239807,651,9.232651447E7,2030-01-01
I242285,-1601,2.3222530628E8,2025-09-14
I243337,457,4.343580687E7,
I133537,449,6.606140399E7,2030-01-01
I133815,1501,1.474705171E7,2030-01-01
I140524,674,3.147115652E7,2030-01-01
I129466,1128,3.039717197E7,
I151596,509,727136.3,2030-01-01
I154118,345,4.024737028E7,
I154790,1800,6.910840237E7,2030-01-01
I155153,1387,1.0234451666E8,2030-01-01
I156360,1516,6506173.59,2030-01-01
I156620,-1508,1.7076984273E8,2025-10-19
I161370,-628,5.352359334E7,2025-09-14
I168042,361,3.824994968E7,
I170347,-1924,2.1968786453E8,2025-10-28
I176811,605,1.261911906E7,2030-01-01
I180727,1638,8.795009755E7,2030-01-01
I180819,187,1.82613396E7,2030-01-01
I182648,-1137,1.4763867679E8,2025-09-14
I183583,262,1.882237409E7,
I192715,-1930,2.2745100372E8,2025-10-06
I196887,-69,5062290.14,2025-10-24
I199691,-751,1.1082604556E8,2025-09-21
I201989,-274,1.171627179E7,2025-09-19
I214393,631,7.918570622E7,
I216190,-778,9.303122727E7,2025-09-29
I222374,-1081,9.355175865E7,2025-10-16
I222715,167,3661620.15,
I222877,1266,7.805764667E7,2030-01-01
I225942,1322,7.499693712E7,
I226886,1002,1.3340694883E8,2030-01-01
I241216,-1831,1.740865753E8,2025-10-02
I241423,1927,2.158135595E7,2030-01-01
I248466,-1330,0.0,2025-09-22
I249546,-947,9.389283676E7,2025-10-09
I255613,246,1.742425509E7,2030-01-01
I260203,1028,4.182574315E7,
I260765,489,4218534.06,
I263298,156,2.219987662E7,
I278206,337,4.36897637E7,
I279787,1872,8.566686732E7,2030-01-01
I281708,1120,2.350569602E7,2030-01-01
I286240,-1756,1.0996360441E8,2025-09-22
I295147,-1090,1.1815528555E8,2025-10-18
I299839,887,7.135625572E7,2030-01-01
I300868,1781,1.0668291396E8,
I302919,195,4488358.8,
I303560,1136,1.0641923458E8,
I307332,1427,9495329.12,
I312608,-1012,1.3075384229E8,2025-10-07
I312757,-313,8916920.28,2025-10-02
I313382,583,8084146.88,2030-01-01
I314575,1683,8.315364957E7,2030-01-01
I316988,1773,3.195850755E7,
I319148,1288,1.6104636861E8,2030-01-01
I321052,340,1.31209073E7,2030-01-01
I324455,-640,4.295748497E7,2025-09-09
I324575,405,1.874447207E7,
I325581,784,4.846816114E7,2030-01-01
I325809,442,6.020940284E7,2030-01-01
I326204,-1102,5104220.75,
I339784,74,3432649.3,2030-01-01
I340646,527,5.696245986E7,
I343789,486,6.050009962E7,2030-01-01
I348952,1954,9.64529206E7,2030-01-01
I358449,1951,1.6608377771E8,2030-01-01
I245463,1817,1.6256632974E8,2030-01-01
I246240,-1167,3.93709792E7,2025-09-14
I258058,213,3230498.11,2030-01-01
I263184,414,2.791748079E7,2030-01-01
I265301,-992,4865662.0,2025-09-09
I267530,-1439,1.3578149853E8,2025-09-16
I269568,1339,1.2294757349E8,2030-01-01
I270403,-1354,9.51448177E7,2025-09-17
I271592,-1115,1.3464684029E8,2025-09-16
I271767,630,7.677260541E7,2030-01-01
I274521,1177,1.0797555544E8,2030-01-01
I275809,1690,1.097309791E8,2030-01-01
I277456,1788,6.101838374E7,2030-01-01
I277751,340,4.725907193E7,
I282391,632,2.42572019E7,
I286087,1469,1.293967499E8,2030-01-01
I286217,1390,1.4989811551E8,2030-01-01
I290629,-193,1.705665105E7,2025-10-06
I293583,570,3.275850985E7,2030-01-01
I298615,1526,1.5561232221E8,
I300277,1196,1.4949736654E8,
I300534,80,5690155.55,
I302452,1672,1.8717458495E8,2030-01-01
I302801,1644,2.1118918611E8,2030-01-01
I305357,636,4783850.0,2030-01-01
I305384,288,2.164406376E7,2030-01-01
I306512,1797,1.0658661255E8,2030-01-01
I318159,-56,3531953.03,2025-09-02
I319396,-1723,2.4824178258E8,2025-09-12
I321399,79,2011949.12,
I324362,1487,1.2714809074E8,
I325958,675,5.447281655E7,2030-01-01
I328291,-533,3.901740279E7,2025-09-07
I329750,-156,2.048415322E7,2025-10-20
I335174,1334,1.1465764833E8,
I348007,-1627,3.573822798E7,2025-10-18
I351568,1530,1.7178253666E8,2030-01-01
I354635,970,6.86791241E7,2030-01-01
I355160,1921,2.968104728E7,2030-01-01
I355321,414,2.005590743E7,
I254800,77,1047897.49,2030-01-01
I246155,1581,4.375224097E7,
I256598,1497,2.1389150302E8,2030-01-01
I259311,-649,6.817766279E7,2025-10-02
I261989,1321,1.1330251948E8,2030-01-01
I268304,-1832,4.366847612E7,2025-10-13
I268437,459,3.357928056E7,
I274825,944,5.10446643E7,
I277009,783,2.622784389E7,
I277050,-1424,1.057017441E8,2025-09-27
I279759,490,6.682319039E7,
I291912,1583,2.0574022347E8,2030-01-01
I303086,1947,8.595661009E7,
I303281,1278,1.8905474755E8,2030-01-01
I312513,462,1.911666781E7,
I316094,-843,7.943232719E7,2025-10-31
I321335,-1806,1.9230922592E8,2025-10-16
I325185,-1555,4.381628946E7,2025-10-14
I333376,-1652,1.0336184571E8,2025-09-29
I335241,-1841,2.3696557942E8,2025-10-06
I336050,1479,2.631738573E7,2030-01-01
I336852,870,5.339993244E7,
I339835,619,5.715136358E7,2030-01-01
I342386,88,4127746.98,
I342856,1914,1.9598788096E8,2030-01-01
I347979,-357,9615447.07,2025-09-09
I348157,-423,3.27833136E7,2025-10-29
I349217,1511,6.49777308E7,
I351187,-1982,1.825475853E8,2025-09-04
I352400,-1667,1.8203697676E8,2025-10-09
I359140,-1904,7.898547584E7,2025-09-23
I244451,-750,8.598609133E7,2025-10-02
I248167,1202,6.181702622E7,2030-01-01
I249494,-163,1.346262516E7,2025-09-30
I251302,937,8.842661383E7,2030-01-01
I244268,333,3.604881582E7,
I259517,578,4.156275167E7,2030-01-01
I260407,531,5.96664098E7,
I263644,419,2.683232721E7,
I266976,1183,1.7727340768E8,2030-01-01
I273255,1190,1.259815201E7,
I277658,-1904,1.0183638174E8,2025-10-23
I279461,521,5.420703674E7,
I281237,1535,3.810140557E7,
I281590,1309,1.474585431E8,
I283153,-115,4477035.32,2025-10-05
I288403,-1440,0.0,2025-10-28
I289719,-1721,2.1188501646E8,2025-09-28
I296482,-303,1.065429222E7,2025-10-30
I300288,1359,1.3394468771E8,2030-01-01
I303879,-1489,1.4769733554E8,2025-10-26
I304699,-783,1.713938231E7,2025-10-06
I314553,-975,1.2875978421E8,2025-10-06
I318305,459,1.662069243E7,2030-01-01
I318618,94,3314109.43,2030-01-01
I320760,1518,1.9590595951E8,
I324463,1726,3.056772212E7,2030-01-01
I325308,1293,1.5064801562E8,
I328389,-780,5.115048929E7,2025-10-05
I335639,-501,1.791727111E7,2025-09-12
I344226,-1076,7.082411374E7,2025-10-31
I346109,1859,7.034511192E7,
I346556,-1885,2.409991352E8,2025-09-27
I351970,-1971,1.5185535815E8,2025-10-21
I352443,1147,2.442785626E7,2030-01-01
I352947,-826,1.0103457007E8,2025-09-17
I357747,837,6.38424827E7,
I256171,-1315,9.644920627E7,2025-10-18
I248891,278,2.363102233E7,
I253493,1117,1.6138380941E8,
I261048,1141,5873416.99,
I266134,276,3.826623376E7,
I272199,1014,3.650465414E7,2030-01-01
I273350,878,2.373426975E7,2030-01-01
I275520,660,8910570.59,
I281904,228,3.399027328E7,2030-01-01
I284346,715,1457475.59,
I297792,-1900,1.9083379287E8,2025-09-05
I298207,1597,2.0459955756E8,
I300043,742,3.346537927E7,2030-01-01
I302589,-916,8.169985252E7,2025-10-02
I302831,1356,9.405521374E7,2030-01-01
I303191,593,1.97962335E7,
I306383,-748,5.473075025E7,2025-09-06
I309361,117,185457.4,2030-01-01
I312149,597,1.565773734E7,
I313881,1637,1.0431520467E8,
I314057,1844,2.5293772564E8,2030-01-01
I314204,950,1.0154513861E8,2030-01-01
I320358,-1251,9.653115814E7,2025-09-19
I327701,-1177,2.759141443E7,2025-09-17
I329247,331,1.48138495E7,
I330201,-989,8.541601944E7,2025-10-21
I330468,-435,2.762383112E7,2025-10-25
I334804,-389,3.392954779E7,2025-10-27
I340228,-1556,4.897904273E7,2025-10-23
I341742,-85,1.067991313E7,2025-10-27
I347945,1530,6.441118044E7,2030-01-01
I349194,-409,2838410.15,2025-10-01
I350202,-1379,1.0245100761E8,2025-09-15
I350926,-1164,1.095204234E8,2030-01-01
I352178,-700,4.534297215E7,2025-09-22
I354893,432,3645570.95,
I244168,-334,5915585.98,2025-10-06
I246137,1222,1.6177422767E8,2030-01-01
I251609,325,1.769991604E7,2030-01-01
I250068,1158,6.33192124E7,
I262549,147,9017449.18,
I267229,608,3.66123737E7,
I278081,740,6158840.32,
I280683,1396,6.993649684E7,2030-01-01
I287110,1263,7.946610437E7,
I288903,1837,3.551432389E7,2030-01-01
I291237,79,1.116947798E7,
I292203,1353,7.240787583E7,2030-01-01
I295514,-1672,4.486680104E7,2025-10-04
I296280,939,1.0521450242E8,
I303004,275,3.125161179E7,
I303841,1045,1.5339892623E8,
I305482,1286,1.4478543758E8,2030-01-01
I308714,-644,2.899256892E7,2025-10-01
I324221,-1239,1.5593178034E8,2025-10-03
I326309,1292,2.86474862E7,
I327161,1342,1.688100841E7,
I335656,1145,5.072786314E7,2030-01-01
I338751,824,4.841651674E7,
I343638,-1117,5.600300458E7,2025-09-15
I343730,1920,0.0,
I344269,209,8312730.96,2030-01-01
I346721,712,6.308129703E7,2030-01-01
I349159,-663,4.091090576E7,2025-09-15
I353542,203,3.022297343E7,2030-01-01
I353774,540,7.954521529E7,
I358263,1950,2.5152545617E8,2030-01-01
I358285,-241,3.191349579E7,2025-09-12
I244460,-591,6.144682227E7,2025-10-27
I253406,741,7.517128681E7,2030-01-01
I247534,1420,6.016437411E7,
I262838,-135,4465351.07,2025-10-27
I265796,-938,1.2473348035E8,2025-10-05
I274964,1271,1.553092435E7,
I275050,1662,6.227748718E7,2030-01-01
I280355,-556,6.529216658E7,2025-10-03
I281563,1938,9.287059356E7,2030-01-01
I283878,1121,7.789761656E7,2030-01-01
I286870,946,1.390710926E8,
I297316,244,7396139.44,
I297426,1090,1.0695528993E8,
I304888,1862,2.1307783954E8,
I313419,1824,2.6492126682E8,2030-01-01
I315509,-319,7451901.32,2025-09-11
I317997,1100,5123436.87,
I322015,786,4.297295985E7,
I322376,515,2.889563177E7,2030-01-01
I324280,-1330,9.753109857E7,2025-09-03
I326709,265,3070621.55,
I327900,1624,1.2265128242E8,2030-01-01
I330535,492,3.023367435E7,2030-01-01
I331057,1943,2.0113502358E8,2030-01-01
I336142,1402,1.3106043163E8,2030-01-01
I338639,325,1.910146215E7,2030-01-01
I343853,1670,2.4390437118E8,2030-01-01
I344763,525,1.336602354E7,2030-01-01
I352246,1172,5.224212773E7,
I355689,1013,4320861.61,2030-01-01
I356177,259,1.810226076E7,2030-01-01
I356228,-688,5.885141867E7,2025-09-28
I359448,758,2.182847062E7,2030-01-01
I359685,-1486,4.201228248E7,2025-10-12
I244687,1331,9.304244901E7,2030-01-01
I263522,558,7.173587853E7,
I272433,-620,8.159245018E7,2025-09-16
I273437,826,7.583234625E7,
I274724,-305,4563294.28,2025-10-19
I274931,1915,2.8312302487E8,
I275558,-1868,1.6407644065E8,2025-09-22
I280747,921,3.281158255E7,
I281012,-880,4.775201826E7,2025-09-16
I282141,-145,8485514.73,2025-09-18
I284170,1283,5.900951274E7,2030-01-01
I286289,1707,2.659569578E7,2030-01-01
I286691,-560,4.97208784E7,2025-09-19
I287608,1641,0.0,2030-01-01
I293082,1627,1.8611190218E8,
I308272,-1385,9.298095422E7,2025-09-17
I308410,989,1.4350633468E8,2030-01-01
I311282,1978,1.6649535456E8,
I315135,681,1.46450247E7,
I315994,-1912,0.0,2025-10-03
I316826,1633,2.0128237656E8,
I321668,-1512,1.4248187595E8,2025-09-04
I326778,783,3.659219588E7,
I328776,1197,5.213906531E7,
I336406,523,1.502230637E7,
I337832,367,2.355469405E7,2030-01-01
I341505,1984,5.136833829E7,2030-01-01
I341577,831,8.621282046E7,2030-01-01
I342982,1378,3.291127882E7,2030-01-01
I357759,857,4.179010929E7,2030-01-01
I358240,-875,1.2441861101E8,2025-10-30
I358378,421,5.574213443E7,
I359315,1816,2.670842088E8,
I247364,-243,3.471107036E7,2025-10-29
I249738,-185,2.424563562E7,2025-10-31
I252948,822,2.199213435E7,2030-01-01
I248883,53,7023711.33,
I256520,302,4.415020229E7,2030-01-01
I257728,-626,7.661241336E7,2025-10-23
I259779,925,6.579520206E7,
I263295,1837,1.1077115116E8,2030-01-01
I266590,964,6.725807819E7,
I271088,829,1.887175734E7,
I273669,651,8.028488551E7,
I275925,592,5.983190243E7,
I279369,1953,5.8617433E7,
I279419,1581,2.343000178E8,2030-01-01
I284965,499,6.637463323E7,2030-01-01
I289177,1312,1.8533778814E8,
I290946,-1709,1.5567737775E8,2025-09-01
I299162,1490,1.0157648791E8,
I306876,177,1.354441517E7,2030-01-01
I310707,1309,3.825804842E7,
I312780,-590,4.50666834E7,2025-09-24
I317125,93,2370608.84,
I319971,1312,1.6277703631E8,2030-01-01
I324594,1348,1.5372145898E8,2030-01-01
I327134,1185,2.011493561E7,
I329638,894,3904238.72,
I334668,1116,8.735887576E7,2030-01-01
I335456,438,1352402.47,2030-01-01
I335759,-1852,6.70174432E7,2025-09-02
I336006,720,5.428683414E7,2030-01-01
I339301,230,2.429296932E7,2030-01-01
I340098,501,3.569105529E7,2030-01-01
I343818,-459,5.596297699E7,2025-10-03
I347369,970,1.1403868943E8,2030-01-01
I348660,830,1.202741052E7,2030-01-01
I350925,729,4.853756139E7,2030-01-01
I352062,232,2.852107594E7,2030-01-01
I355915,431,1.359426712E7,2030-01-01
I248326,-866,1.905730916E7,2025-10-07
I244621,549,6.110051857E7,
I247291,254,2.7547157E7,
I252310,85,1271383.98,
I263442,284,2.374485642E7,2030-01-01
I265290,-215,4886780.97,2025-09-30
I265329,-1339,1.5820766703E8,2025-09-27
I271289,1153,1.432509623E7,
I271494,1622,1373798.21,2030-01-01
I280886,-996,6.485813438E7,2025-10-17
I282106,325,4.570264229E7,2030-01-01
I286173,-434,1.666688649E7,2025-09-12
I286942,1388,6.046030007E7,
I287477,786,8.680071756E7,
I293728,1629,1.2086854841E8,
I296791,-1282,7.920140866E7,2025-10-10
I297113,1314,1.5999682919E8,2030-01-01
I297519,-117,6020353.64,2025-09-06
I303917,1512,8.846184058E7,
I306690,436,9247003.73,
I310715,-1227,5.036349185E7,2025-10-04
I313234,993,5.452593789E7,2030-01-01
I313469,1216,1.4690865253E8,2030-01-01
I323017,1269,1.515182181E8,
I323301,261,2.66770038E7,
I324262,627,4.431477408E7,
I324550,1988,1.0485136878E8,2030-01-01
I325431,841,2.044567005E7,
I334208,-1558,1.5630242802E8,2025-09-10
I337689,1660,1.141247022E8,
I339018,-214,1.176296121E7,2025-09-24
I342486,168,2.323867046E7,
I347230,-1473,1.5402071536E8,2025-09-01
I350600,-1814,2.5572946034E8,2025-10-16
I356230,-1073,1.0958282477E8,2025-10-01
I247661,-1033,1.0876983915E8,2025-10-23
I249289,-1207,8387758.95,2025-09-13
I253474,1315,1.9163157705E8,2030-01-01
I254645,1236,1.0004475815E8,2030-01-01
I255753,1533,1.6722307661E8,
I257485,425,3.117491385E7,
I257976,-1192,5.413234639E7,2025-09-25
I260534,1641,2.4018579672E8,2030-01-01
I260840,71,1415460.91,2030-01-01
I266474,-1405,1.3450260148E8,2025-10-20
I280898,782,1.063861719E7,2030-01-01
I282897,234,1.56607719E7,
I288185,879,7.272890168E7,2030-01-01
I288250,697,2.009194933E7,
I294188,1182,4.037648163E7,
I300293,-1589,8.992427523E7,
I302526,-203,232046.06,2025-09-06
I304319,-690,7.554943628E7,2025-10-09
I309649,1651,1.4872218352E8,
I314873,337,4.355774248E7,2030-01-01
I319315,833,4.950889967E7,
I322791,1519,1.3537223504E8,
I328539,988,1.029068666E7,
I329375,-606,2404738.79,2025-10-19
I329563,898,8.535473884E7,2030-01-01
I330717,488,6.352780454E7,
I335651,-1593,1.9272995393E8,2025-09-19
I338117,1159,1.1393683739E8,
I343657,-1356,8.448186491E7,2025-10-20
I346125,1327,1.5148439908E8,2030-01-01
I347341,-484,1.396694883E7,2025-09-23
I350566,478,6.533395134E7,
I356538,-429,6.142777628E7,2025-09-16
I356699,-649,7.811132428E7,2025-09-17
I358008,1757,1.346687642E7,2030-01-01
I245422,1720,1.01115488E8,2030-01-01
I249927,502,5.839493261E7,2030-01-01
I250101,-796,1.0652202466E8,2025-10-16
I252712,-273,1.567176739E7,2025-10-13
I254190,-155,2.080861831E7,2025-10-18
I254916,729,5.758293403E7,2030-01-01
I244339,365,1.346431987E7,
I257666,1706,1.5166409473E8,
I260466,-1605,1.3642994619E8,2025-10-02
I261155,413,5.161095859E7,
I262821,-265,4416320.63,2025-09-02
I266108,1246,8.026849097E7,2030-01-01
I268019,-275,2.475517739E7,2025-10-24
I268273,599,9104418.83,
I269709,387,9148181.91,2030-01-01
I272347,753,8.017742991E7,2030-01-01
I286541,-1973,1.2551184229E8,2025-10-02
I290912,1737,1.68359157E7,2030-01-01
I292568,1100,8099433.94,2030-01-01
I294488,-805,2.047825432E7,2025-10-30
I297027,397,3.661680687E7,
I303651,743,3.353241248E7,
I308099,1731,2.3705821118E8,
I311921,-325,3.502396828E7,2025-09-25
I312873,1377,1.4997895121E8,2030-01-01
I316275,-1415,2.40775892E7,2025-09-04
I317942,-1185,2.494751263E7,2025-10-22
I323593,-722,3.979333146E7,2025-10-17
I328916,208,1.978123961E7,
I330540,1311,1.25796147E8,2030-01-01
I332133,1438,1.849604616E7,2030-01-01
I332338,576,7.090237816E7,
I336551,804,6.091812646E7,
I340277,81,4494402.57,
I344142,795,7.968433011E7,2030-01-01
I344456,-760,2.366127384E7,2025-09-30
I349047,220,2.872786054E7,2030-01-01
I350792,-223,3.308244034E7,2025-09-10
I353896,97,1.104564116E7,2030-01-01
I357416,1794,1.270393727E7,2030-01-01
I357542,-150,1.904607923E7,2025-10-10
I362714,-1934,1.5746666411E8,2025-10-20
I365729,1495,5.52530872E7,2030-01-01
I367041,-1152,6.566795077E7,2025-10-07
I370394,1116,1.5794895274E8,2030-01-01
I385524,790,1.1515690417E8,
I386031,-1900,5.320595846E7,2025-10-15
I391975,418,1.350708538E7,2030-01-01
I392834,-127,1.813281041E7,2025-10-20
I397260,567,8.270439001E7,
I408218,1549,2.214155244E8,
I410107,1032,1.4387428717E8,
I416412,-884,8.723529133E7,2025-10-09
I416656,-1234,1.103348153E8,2025-10-17
I418447,1367,7.985736032E7,
I423198,-683,1.40891376E7,2025-09-04
I425378,1394,6.033903287E7,2030-01-01
I427234,1305,5.144113096E7,
I428536,-1461,1.5687316017E8,2025-10-05
I437366,-175,7426026.04,2025-10-23
I440007,1779,2.0172135623E8,
I440244,-1379,8.565568312E7,2025-10-22
I446083,1612,1.504045521E7,2030-01-01
I451288,-1478,9.030712744E7,2025-10-09
I451968,-497,6.407886195E7,2025-10-30
I459554,1308,1.3027677517E8,
I463431,1425,6.228468202E7,
I471302,-639,8.47946797E7,2025-09-11
I472598,1615,2.0061286974E8,2030-01-01
I362842,278,1.017228033E7,2030-01-01
I363021,-335,7438988.64,2025-10-09
I368116,-367,3.759137821E7,2025-10-22
I370086,-1485,3.362925085E7,2025-09-04
I366264,1644,1.51597906E7,
I369292,583,1.564094055E7,
I373728,-661,8.164852627E7,2025-09-29
I378014,406,4.833450129E7,
I380098,-1966,1.561139302E7,2025-09-13
I380246,537,2.495092302E7,
I383363,302,1920774.73,
I389530,1298,1.368961304E8,
I392410,1611,8.186921255E7,
I392989,-1818,7.747459644E7,2025-09-19
I401322,-1602,1.9307198318E8,2025-10-16
I405318,-402,3.899239832E7,2025-09-20
I405419,1275,6.199134724E7,2030-01-01
I410257,770,3.606159222E7,2030-01-01
I413087,1119,4.170280576E7,
I418394,793,1.1245263493E8,
I421153,-158,1.446292489E7,2030-01-01
I425263,1457,1.00010879E8,
I425768,348,9591140.29,
I429715,1529,4933190.53,
I434643,1113,1.2390153153E8,
I438177,391,5.271183899E7,2030-01-01
I445336,506,6.160149459E7,2030-01-01
I446407,1715,1.4315489117E8,2030-01-01
I454902,419,6.25400331E7,
I464863,-153,1.403542353E7,2025-10-10
I471146,-83,1408846.01,2025-10-07
I471645,1814,1.139477165E8,2030-01-01
I472857,-1172,2.80826313E7,2025-10-07
I474415,1251,1.3855711064E8,2030-01-01
I363148,369,2.37765586E7,2030-01-01
I365809,-1922,1.6115798232E8,2025-09-12
I374737,1127,9.587531961E7,
I379224,917,1.2764248946E8,
I381657,69,4509483.18,2030-01-01
I382007,-1459,1.4938327935E8,2025-09-09
I382297,881,6.822320694E7,2030-01-01
I385407,-1919,1.0013363318E8,2025-09-30
I388303,-1085,1.5736862855E8,2025-10-24
I392109,1920,6.660221225E7,
I392718,1822,1.16772948E8,
I401805,1185,1.6723776717E8,2030-01-01
I401955,829,3.878137518E7,2030-01-01
I402314,1493,1.2442620091E8,
I403605,664,9.025337338E7,2030-01-01
I409712,489,2.700736493E7,
I414066,-1568,2.1509092044E8,2025-09-18
I416964,-1178,1.1927682221E8,2025-09-20
I421057,-757,8.209560661E7,2025-09-20
I423330,1061,1.0805710255E8,2030-01-01
I426327,1804,9.261521599E7,2030-01-01
I427961,1443,1.2527219042E8,
I441827,454,3.572570186E7,2030-01-01
I445554,543,2.84767542E7,
I447280,1479,4.621700248E7,
I451565,532,6.203647877E7,2030-01-01
I457416,1098,4.644434465E7,2030-01-01
I458825,1862,7.825152137E7,
I466062,1224,1.1235447935E8,
I470435,438,6.02221156E7,
I474911,1847,1.962616628E7,
I475565,445,2.852421183E7,2030-01-01
I364359,1571,1.4567778599E8,2030-01-01
I364736,1482,1.5752848453E8,2030-01-01
I362775,1600,2.358986151E8,
I373717,1210,0.0,2030-01-01
I379676,1638,2.0768879197E8,2030-01-01
I381114,974,5.25634136E7,
I394056,-1139,1.2952636845E8,2025-09-15
I394929,60,7110770.48,2030-01-01
I395026,804,1.0671183296E8,2030-01-01
I399180,1428,1.4699979507E8,2030-01-01
I400074,-586,4.140254117E7,2025-09-14
I407861,631,3.343971147E7,
I409903,-599,4.040544525E7,2025-09-21
I417301,374,2.559551845E7,
I419867,1952,1.5352591692E8,
I420886,1718,1.0133281766E8,2030-01-01
I425050,-1379,1.5893978671E8,2025-09-08
I430833,1048,1.119242689E8,2030-01-01
I436387,-1577,1.7377011395E8,2025-10-28
I443304,364,1.454842066E7,
I445855,1797,1.576070356E8,2030-01-01
I447126,-1890,4.885570967E7,2025-10-03
I447906,-570,9162309.52,2025-09-17
I457841,-1581,2.1656105124E8,2025-09-04
I459244,196,5402142.8,2030-01-01
I462460,1612,7.710618913E7,
I463595,556,3.84800601E7,
I465803,1054,7.889240929E7,2030-01-01
I468587,329,3.975119548E7,
I369816,-1017,6.329062056E7,2025-09-11
I372204,368,5.48027712E7,
I373603,844,2391316.38,2030-01-01
I379256,1508,7062644.94,
I387858,1827,1.8917676429E8,
I388716,-1030,2.991215287E7,2025-09-09
I394797,-1561,2.529959696E7,2025-09-23
I395512,1789,1.0816133215E8,
I395831,344,4.51818152E7,2030-01-01
I396854,-1862,1.5901879703E8,2025-10-24
I398468,1558,1.1579756244E8,2030-01-01
I400426,991,5.077252928E7,2030-01-01
I402386,-1634,2.2574767998E8,2025-09-20
I403713,149,6935746.95,
I410341,-1838,3.111549237E7,2025-10-04
I414081,1025,1.0875943453E8,2030-01-01
I415359,-1461,1.5191742576E8,2025-09-27
I415849,-102,9220405.41,2025-09-30
I419818,1498,1.0192917635E8,2030-01-01
I419986,-1546,1.341685973E7,2025-10-08
I421861,734,3.911875614E7,2030-01-01
I428789,-351,2.711416908E7,2025-10-13
I430800,490,3.461776883E7,
I439778,360,4.945897655E7,
I441579,1413,3.790488492E7,
I442625,-530,5.73369934E7,2025-09-29
I446921,-1117,2.854880489E7,2025-09-29
I448146,626,9.132676244E7,2030-01-01
I449059,482,4628240.93,
I450838,530,2.763734757E7,2030-01-01
I452593,1111,1.0437589807E8,2030-01-01
I453076,1289,4.009217373E7,2030-01-01
I455509,448,3.369544289E7,2030-01-01
I456129,150,1.959722052E7,
I457830,498,7.214746989E7,2030-01-01
I458174,-1740,4.288172485E7,2025-10-26
I462875,-324,7942360.59,2025-09-12
I468418,228,1.811431891E7,2030-01-01
I472262,1051,0.0,
I371991,330,2.485336383E7,2030-01-01
I361181,114,9361756.27,
I373304,1637,1.0102693468E8,
I377838,747,2.272976936E7,
I379151,-960,9.205895599E7,2025-09-22
I379738,-794,2706517.48,2025-09-18
I382246,1944,0.0,2030-01-01
I385220,-1205,1.3818907508E8,2025-10-29
I390006,459,2.734506291E7,
I409228,-1082,1.2119162533E8,2025-10-23
I409258,797,1.0247984293E8,
I412336,464,1.606856026E7,2030-01-01
I416463,1097,1.624731254E7,2030-01-01
I417539,50,5074003.13,2030-01-01
I417916,390,5.444304148E7,
I419716,1702,2.1033785507E8,2030-01-01
I420732,1210,1.7977623295E8,
I421248,314,873355.91,
I432365,1536,1.0159864669E8,
I439868,1182,7.633734497E7,
I440733,1329,1.9060847342E8,2030-01-01
I443201,-1504,4.372940914E7,2025-10-03
I444887,-1628,4.746949743E7,2025-10-09
I444926,279,1.11556598E7,
I446072,187,1.350173284E7,2030-01-01
I446983,833,8.861114569E7,
I447577,-1290,4.404159392E7,2025-10-27
I447954,-1532,1.5522991142E8,2025-09-02
I453477,1386,1.8504276436E8,2030-01-01
I454544,-1183,1.908041075E7,2025-09-18
I459900,-969,1.182969803E8,2025-09-13
I462059,-1259,6.845404874E7,2025-10-02
I465236,194,2.287460986E7,
I469596,701,3.343956067E7,2030-01-01
I469707,147,2.079534747E7,2030-01-01
I360965,-683,8.011489391E7,2030-01-01
I361262,611,1.318069711E7,2030-01-01
I367518,-1872,7107482.39,2025-10-19
I367691,-1576,2.1405661478E8,2025-10-10
I370707,-1411,1.086227335E8,2025-10-12
I381058,-1254,7910384.23,2025-09-06
I383716,1934,2.4589188944E8,
I385845,1700,0.0,2030-01-01
I386331,-1629,6831252.2,2025-10-08
I388243,1453,1.070677818E8,
I399559,-1690,7.640002396E7,2025-09-11
I400480,1791,1.452248236E7,2030-01-01
I406558,1245,1.0702383366E8,
I415773,851,1.1069296922E8,
I416989,992,8.823942521E7,2030-01-01
I420376,671,3.060091461E7,
I420384,-1392,2.76598984E7,2025-09-03
I425245,1061,1.2658403798E8,
I435091,1423,1.1964161884E8,2030-01-01
I436706,973,1.0750672889E8,
I442750,359,3.527199082E7,
I443130,-854,3.058509011E7,2025-10-06
I454253,-1661,9.419478313E7,2025-09-18
I459091,234,1.593358793E7,
I461713,-738,6.709936754E7,2025-09-16
I466178,1990,1.2555603233E8,
I466776,-1122,8.582506784E7,2025-10-26
I467515,1488,1.3800513021E8,2030-01-01
I468777,299,1.882371074E7,2030-01-01
I360994,-1907,8.674156245E7,2025-10-18
I362801,282,1.52351835E7,2030-01-01
I368309,1980,2.5667419778E8,2030-01-01
I369493,-1423,8.982629929E7,2025-10-17
I360335,62,2730779.84,
I362204,323,8473877.23,
I372425,1837,1.7046028172E8,
I377159,-281,3.21296826E7,2025-09-07
I381380,-324,4353214.03,2025-09-07
I384994,1729,1.9777956921E8,
I409997,1391,1.4775504937E8,
I411396,1287,1.4083385058E8,
I411500,1245,1.1258253707E8,2030-01-01
I415237,1164,6614723.74,2030-01-01
I420131,193,9981464.14,2030-01-01
I420165,1217,1.605835325E7,2030-01-01
I423748,1217,5.706281016E7,
I428735,-153,1.679363701E7,2025-10-08
I434494,255,1.652271143E7,2030-01-01
I435621,1567,5954569.95,
I441364,704,2.202466576E7,
I446847,414,3.653605902E7,2030-01-01
I460711,-1569,1.8926394676E8,2025-09-20
I465295,776,6.196854585E7,
I465813,1454,8.76848704E7,
I466320,1928,7.010519101E7,
I471406,1831,1.9161220387E8,
I474994,1873,2.0880249959E8,
I368007,-1767,5.086886051E7,2025-10-04
I364222,201,1.774287658E7,
I373602,671,9.962658252E7,
I377463,161,8421802.97,2030-01-01
I379762,1531,1.2301363268E8,2030-01-01
I388344,-1989,1.7735761312E8,2025-10-31
I390386,-1429,6.021652589E7,2030-01-01
I393191,149,626923.82,
I396282,910,1.230049628E7,2030-01-01
I396426,772,1.02359234E7,
I406970,-144,1.111407587E7,2025-09-30
I412047,-1089,7.845858781E7,2025-09-16
I420330,1571,2.20000412E8,2030-01-01
I422495,-167,1.001517202E7,2025-10-19
I440140,1992,1.8898459156E8,2030-01-01
I443497,1107,3.537501291E7,
I445297,-229,1.954810764E7,2025-09-29
I450318,1716,2.240784147E8,2030-01-01
I452797,1715,1.652954791E7,
I453755,-1934,9.209641663E7,2025-09-26
I459834,835,3907270.15,2030-01-01
I461359,-1817,1.5707211669E8,2025-09-18
I463703,-1553,2.0108217459E8,2025-09-10
I468609,1443,2.152796086E7,2030-01-01
I472756,-1383,1.183579543E8,2025-10-24
I474741,637,8.723442562E7,2030-01-01
I366455,788,4.033654944E7,2030-01-01
I366675,-880,8.663198166E7,2025-10-24
I368803,512,3.369045093E7,2030-01-01
I370146,1189,2.026728257E7,
I375675,-1728,1.2607009728E8,2025-09-02
I375909,204,1.111188344E7,
I378226,-296,3.733810375E7,2025-09-26
I378696,1993,1.2987809082E8,2030-01-01
I381906,-1130,1.5529337197E8,2025-10-28
I383088,-1207,6.312167259E7,2025-09-06
I390207,-1277,3.195304898E7,2025-10-12
I393261,-1964,9.834967927E7,2025-09-08
I393768,99,7602971.19,2030-01-01
I397087,1596,1.736205565E8,
I397921,471,1.999145744E7,
I403678,-1112,1.561341446E7,2025-09-23
I406201,1684,7.609392016E7,
I409311,-315,3.331410894E7,2025-09-16
I411377,509,4.563630268E7,
I415525,605,1.41999515E7,2030-01-01
I424025,-471,1.621234549E7,2025-09-05
I424979,1413,9838076.5,2030-01-01
I426549,-295,3957665.98,2025-10-25
I427338,-1939,1.2421355883E8,2025-09-16
I428007,1364,1.9843112538E8,
I428936,1782,4.97136507E7,2030-01-01
I432579,-870,7.693382175E7,2025-09-16
I435020,1983,4.339687792E7,
I437351,1994,5.120853239E7,2030-01-01
I438016,875,5.814139862E7,2030-01-01
I439715,419,2.652952069E7,2030-01-01
I448283,-559,1.776391638E7,2025-09-15
I452243,1748,9.508615945E7,
I454857,1868,1.6869505388E8,
I455623,-829,6.887228852E7,2025-10-17
I456823,1931,1.9375853346E8,2030-01-01
I465055,178,1.21287779E7,2030-01-01
I473535,258,2.240440409E7,2030-01-01
I475271,580,9476766.72,2030-01-01
I362364,-1749,3.733099322E7,2025-09-12
I368109,-624,5.188325309E7,2025-10-31
I371007,-364,8901585.66,2025-09-13
I374683,1715,6.14421474E7,
I375980,-1448,1.1951879505E8,2025-09-10
I377436,1035,1.555087344E7,
I385823,-139,7504928.9,2025-09-19
I386999,304,1.484651459E7,
I391561,-1881,3.260110611E7,2025-10-16
I392666,205,8815827.19,2030-01-01
I393133,1964,1.304702087E8,2030-01-01
I401195,309,4.296140468E7,2030-01-01
I403196,794,1.1616394491E8,2030-01-01
I406894,510,3.531277525E7,2030-01-01
I412762,1312,1.0652476094E8,
I413547,722,3.351673148E7,
I418999,-1357,5.880117444E7,2025-09-14
I423344,980,9769799.26,
I431720,456,3.402519805E7,2030-01-01
I432592,-1995,1.3000779948E8,2025-10-20
I435722,869,1.2967699874E8,
I437617,-1687,2.4795343283E8,2025-09-01
I442161,1102,9139037.37,
I442519,1299,1.8795094012E8,2030-01-01
I444214,690,1.729583277E7,2030-01-01
I445058,-1281,2.41718924E7,2025-09-27
I451548,1420,1.561974939E8,
I460774,-1769,2.552413187E8,2025-10-27
I461958,1920,3.038392155E7,2030-01-01
I464941,51,6936408.77,2030-01-01
I362341,-1397,1.8007568994E8,2025-09-06
I362874,-1546,4.350828323E7,2025-10-29
I363806,-531,8952074.96,2025-10-18
I369630,702,1.050310944E7,2030-01-01
I369747,308,2.332013015E7,
I371372,1870,1.3942423203E8,
I373815,449,3.117128779E7,2030-01-01
I375478,-403,5.939075669E7,2025-10-16
I375785,-648,6.547461696E7,2025-09-22
I376329,-526,5.993271437E7,2025-09-13
I376585,1137,9.980124552E7,
I376885,751,5.534743863E7,
I379642,-422,4.000056697E7,2025-09-03
I381962,384,4.309162708E7,
I382231,1970,2.3861484224E8,2030-01-01
I386309,425,3.805328047E7,2030-01-01
I389922,1055,1.201390987E8,2030-01-01
I412599,179,3581281.08,2030-01-01
I421161,1602,1.632167446E8,
I423839,-1312,1.6146861141E8,2025-09-11
I427660,1285,8.702212601E7,2030-01-01
I430168,919,1.2815141246E8,2030-01-01
I434095,-811,1.1659722988E8,2025-10-02
I438447,1643,2567635.48,2030-01-01
I441417,542,5.876104934E7,2030-01-01
I442692,1369,3.898934374E7,2030-01-01
I443068,-296,2.962100784E7,2025-09-14
I447276,-272,2.933284708E7,2025-09-13
I449584,1443,1.3263350667E8,
I453730,1112,4.142014862E7,2030-01-01
I458824,-107,1.597213725E7,2025-10-04
I460457,262,1.861320897E7,
I461043,-1866,4.549493784E7,2025-09-25
I464889,1320,1.6801858741E8,
I467927,1152,2.237491523E7,
I471059,-462,2.143827013E7,2025-09-09
I476249,1430,8.280191494E7,
I489938,1756,4.578331756E7,
I495213,82,1343719.6,2030-01-01
I500297,-1181,2.487421709E7,2025-09-30
I504560,-1614,3.618112886E7,2025-10-21
I506262,817,6.63591954E7,2030-01-01
I513411,1701,1.1636022024E8,2030-01-01
I516678,-1937,2.490379126E7,2025-10-15
I516860,1998,1.6877133853E8,
I517146,-1024,2.927055334E7,2025-10-24
I524681,-1367,1.3561748111E8,2025-10-20
I529506,-343,2475987.54,2025-09-10
I538474,223,4171777.01,2030-01-01
I546512,-1122,8.757126592E7,2025-09-09
I556774,1581,8.511093375E7,2030-01-01
I558183,78,9043113.9,2030-01-01
I578275,1080,1.503984516E7,2030-01-01
I581882,-1989,3.329373143E7,2025-10-14
I585660,-1174,4.663440445E7,2025-09-12
I476110,1583,1.0701822346E8,2030-01-01
I481769,-1999,7.668581751E7,2025-10-01
I481891,-598,7.38903737E7,2025-09-14
I485918,357,3.686468227E7,2030-01-01
I495537,1455,4.205411347E7,
I499864,1036,4.72693996E7,
I504790,139,1.525446231E7,2030-01-01
I506365,-920,0.0,2025-10-21
I506396,439,6.3371585E7,2030-01-01
I513579,-532,6.354223413E7,2025-09-16
I518814,1024,8.673442549E7,2030-01-01
I519676,1336,1.6423308952E8,2030-01-01
I525246,-1623,9.03219636E7,2025-10-25
I526947,164,1347527.15,
I529789,470,3761673.29,2030-01-01
I531819,-957,1.0274324273E8,2025-09-15
I535253,1586,7.905452019E7,
I535433,1872,4.443035736E7,2030-01-01
I541537,-963,4712312.51,2025-10-27
I545165,988,3.162612742E7,2030-01-01
I551369,1484,2.14792546E7,2030-01-01
I551531,-1589,2.0729244355E8,2025-09-27
I554494,1863,5.961363444E7,2030-01-01
I558774,642,9.450690269E7,2030-01-01
I561670,1058,8.418955409E7,
I564254,213,1.989774632E7,2030-01-01
I565442,-584,8.553051562E7,2025-10-11
I566888,1059,7.164189802E7,2030-01-01
I568637,710,3485331.96,2030-01-01
I572684,-1212,2.768237412E7,2025-09-22
I586038,108,1996225.07,
I588193,-62,2914222.87,2025-09-29
I588695,1682,5.640035644E7,
I590468,1013,7.744297914E7,2030-01-01
I482789,-821,2.29472534E7,2025-09-06
I486765,1609,2.2773367658E8,2030-01-01
I487261,147,1.452772892E7,2030-01-01
I486570,106,1.531485268E7,
I493552,1030,3.192895272E7,
I496213,-1085,5.402044688E7,2025-09-15
I497446,-506,2.008919061E7,2025-10-20
I501327,1063,1.314641567E7,
I506255,635,1.200144965E7,2030-01-01
I511352,1379,1.7221263304E8,
I514024,-805,8.959979049E7,2025-09-28
I527440,-954,8.588891479E7,2025-10-07
I528243,825,1.28018961E7,
I535808,657,8.545549339E7,2030-01-01
I536774,-1132,8.269525477E7,2025-10-04
I537137,1281,1.1263406397E8,2030-01-01
I537796,904,3.346403607E7,
I544995,-750,4.895659993E7,2025-09-27
I547805,-1558,1.7749037482E8,2025-10-17
I549643,654,6.597055542E7,
I552844,689,9.789398933E7,
I554154,-1685,1.5120539714E8,2025-09-15
I564324,1332,1.9149074606E8,2030-01-01
I572064,53,167598.26,
I572281,1053,1963641.41,
I578864,-1731,2.3597038704E8,2025-09-12
I581026,-1549,2.2911948802E8,2025-10-04
I581597,455,4991743.84,
I584077,492,6.421957208E7,2030-01-01
I487069,1209,1.3926515639E8,
I488417,1067,1.5955261611E8,2030-01-01
I489099,-303,3.465211939E7,2025-09-30
I489809,580,5.449748968E7,
I490975,488,2.746614416E7,2030-01-01
I492065,-597,1.369202759E7,2025-09-24
I495502,1394,7.9017766E7,2030-01-01
I502519,1503,5.890741741E7,2030-01-01
I506519,94,4593258.43,
I506942,-315,3.970158931E7,2025-09-23
I507773,-1282,1.542833828E7,2025-10-27
I513477,-595,1.374406695E7,2025-09-30
I516432,108,1.615024308E7,
I526084,-1383,1.2689624961E8,2025-10-14
I529699,-727,6.229684189E7,2025-10-26
I534383,1656,1.710979134E8,2030-01-01
I534439,1713,2.1870548564E8,2030-01-01
I534454,1860,5.797908273E7,
I543310,-493,6.824798402E7,2025-10-03
I547632,595,1411464.89,2030-01-01
I548193,777,4.009990597E7,2030-01-01
I549845,-1011,1.1449026413E8,2025-10-01
I551151,1724,1.8408823813E8,2030-01-01
I555049,1542,1.4897015433E8,2030-01-01
I565879,-720,2861604.49,2025-09-12
I584920,1622,0.0,2030-01-01
I585476,1920,2.0148460175E8,2030-01-01
I585888,1030,8.562354361E7,
I589457,568,7.979277586E7,
I475968,1992,2.9530731603E8,2030-01-01
I477293,519,5.748662566E7,2030-01-01
I478151,-1740,1.2799642196E8,2025-10-24
I486898,434,3.593731409E7,2030-01-01
I493065,-1971,1.9737996207E8,2025-09-25
I497045,1597,1.1091336828E8,
I499303,1211,1.622708386E7,
I502361,551,3.070889215E7,2030-01-01
I502380,-606,5.208898971E7,2025-10-30
I506590,397,5119402.62,2030-01-01
I509826,52,7560566.34,2030-01-01
I509845,820,1.1920701884E8,2030-01-01
I513492,1641,1.236992092E8,2030-01-01
I514018,-948,3.112557893E7,2025-10-04
I522512,-1977,2.7982627423E8,2025-10-29
I524617,628,572292.43,2030-01-01
I525321,1071,1.5448781326E8,2030-01-01
I529891,170,1.964340488E7,2030-01-01
I531554,1782,1.4613261492E8,
I538323,-1952,1.1892812497E8,2025-10-03
I548865,-68,634872.4,2030-01-01
I550367,-50,3220005.81,2025-09-09
I550677,1666,1.5712447255E8,2030-01-01
I563206,395,2.779609634E7,
I565577,263,1.341547917E7,2030-01-01
I566969,383,1.109878299E7,
I571025,95,6915957.89,2030-01-01
I573572,-1314,1.7983971264E8,2025-09-21
I575042,1768,9958643.0,2030-01-01
I575455,1986,1.8515165414E8,
I575795,987,5.831170085E7,
I575812,1156,1.4743565636E8,
I580609,1189,7808829.38,
I581417,503,3.367652489E7,2030-01-01
I581775,322,2.374039607E7,
I581964,104,1.317033287E7,
I582764,-1944,1.6623354485E8,2025-10-21
I587164,1947,1.7181580292E8,2030-01-01
I587561,1943,1.8248459267E8,2030-01-01
I475820,651,8.12806023E7,2030-01-01
I481751,-398,2.045273932E7,2025-10-01
I482573,212,2.452846772E7,2030-01-01
I488460,160,7371622.71,
I488697,1841,1.436412126E8,2030-01-01
I490364,725,5.700625241E7,2030-01-01
I490692,255,1.979581992E7,2030-01-01
I497939,1211,1.4693745895E8,
I502976,535,5058570.26,2030-01-01
I503026,1311,1.2996467552E8,2030-01-01
I511219,-395,4.718962993E7,2025-10-31
I516971,-368,7600549.04,2025-09-08
I518699,1435,7.388899629E7,
I520670,142,1.359929738E7,2030-01-01
I525701,980,1.3755933309E8,
I528092,-543,7.880924041E7,2025-09-18
I528988,-358,1.290329855E7,2025-10-11
I532530,-277,1.684657481E7,2025-09-10
I536842,1254,1.4852124794E8,2030-01-01
I537754,-1396,1.5319093058E8,2025-09-30
I540477,1608,2.0815891651E8,
I543093,421,3866093.24,
I554006,660,7.322010881E7,
I572481,-911,7.53030733E7,2025-10-31
I576130,-468,4.697120975E7,2025-09-29
I578691,80,1.161231245E7,2030-01-01
I578729,321,2.330601695E7,2030-01-01
I578802,726,2.365684556E7,
I584338,-65,8291882.49,2025-10-10
I485515,396,4.031212463E7,2030-01-01
I482391,854,4.937647545E7,
I484397,391,3.295763509E7,
I489249,-965,7.943192576E7,2025-10-20
I489317,905,1.430091914E7,2030-01-01
I490730,1947,9.965997636E7,2030-01-01
I491472,491,1.273432802E7,2030-01-01
I492172,-393,3.557511793E7,2025-09-30
I493490,1217,1.4146094085E8,2030-01-01
I494676,1463,6.816798477E7,2030-01-01
I502150,1599,1.4838624035E8,2030-01-01
I511765,-1812,1.6050520225E8,2025-09-13
I513238,-227,2.70426497E7,2025-10-16
I514824,129,1.828195808E7,2030-01-01
I524562,646,2.394306054E7,2030-01-01
I529191,840,4.085677242E7,2030-01-01
I530700,1509,1745955.59,2030-01-01
I531231,1247,1.5730393104E8,
I532527,-623,2.774147798E7,2025-09-26
I535150,428,4.820076423E7,2030-01-01
I541240,-645,4.931965958E7,2025-09-17
I545243,687,6.155500272E7,
I550397,740,8.401653646E7,
I556003,1005,6.458235242E7,
I556317,677,9.953117528E7,
I556793,1965,7.091752093E7,
I557138,-1071,1.4796884938E8,2025-09-24
I563883,1720,1.3909483287E8,
I568456,-319,2.719880648E7,2025-10-04
I572229,527,7.045033866E7,
I572972,1826,3.45296105E7,2030-01-01
I574704,135,9120569.31,2030-01-01
I575204,1640,2.793174507E7,2030-01-01
I580931,81,1.127966847E7,2030-01-01
I581279,-1365,1.3019467594E8,2025-09-27
I478481,861,8.227330597E7,2030-01-01
I479510,655,5.942317753E7,
I483683,136,1.369263418E7,
I488253,72,1137300.9,
I488327,-969,9.628823992E7,2025-10-01
I490885,456,4.659931943E7,2030-01-01
I493986,-1823,1.4998084802E8,2025-10-18
I494159,1123,1.6556049715E8,2030-01-01
I494892,1752,4.592003052E7,
I499613,1141,1.703508146E8,
I503714,913,1.0367873461E8,
I504613,1449,1.4456267843E8,
I505953,1138,9.879766263E7,
I510254,209,4225990.56,
I517363,182,8181790.28,
I521540,552,6.658895219E7,2030-01-01
I526470,1509,1.1166201568E8,
I529050,1262,5221779.12,2030-01-01
I538472,-584,7.004787379E7,2025-09-09
I541067,1304,1.3271854217E8,2030-01-01
I550535,1497,5.195155052E7,2030-01-01
I551405,-553,2.033403091E7,2025-09-12
I552536,-1213,8.590969822E7,2030-01-01
I561473,-374,4866866.18,2025-09-15
I561525,-1546,1.3445610166E8,2025-10-16
I561762,233,0.0,2030-01-01
I563053,1309,8.865025268E7,
I564954,-646,8.531640728E7,2025-10-25
I566226,1245,5.653663634E7,
I568190,1476,1.9418595998E8,2030-01-01
I570547,250,1.584290278E7,
I575442,1344,7.138604161E7,
I584801,91,1.08130934E7,2030-01-01
I588283,1375,1.6847119133E8,
I588424,-1009,5.00123763E7,2025-10-28
I588995,-116,8041734.28,2025-09-25
I476301,-190,4829510.33,2025-10-16
I477002,1644,1.519180884E8,
I492279,766,9.785322485E7,
I493747,-873,0.0,2025-09-22
I494209,304,2.096842869E7,
I498347,1939,2.846345514E7,2030-01-01
I498973,1552,1.0300510264E8,2030-01-01
I511620,1747,8.024402418E7,
I517227,430,0.0,2030-01-01
I525651,527,5.535026623E7,2030-01-01
I529628,-852,9.38150788E7,2030-01-01
I529847,-618,2.940546041E7,2025-10-20
I531871,1643,7.736401024E7,2030-01-01
I539045,-1633,1.3147426375E8,2025-09-07
I543626,190,8073871.02,
I543900,668,6.74372241E7,
I545560,1272,9877501.11,
I546735,1455,5.238953192E7,
I552469,-1863,2.961443715E7,2025-10-15
I552989,-1470,1.4738373993E8,2025-09-23
I553742,1858,2.5970338081E8,
I554520,-859,3.557244342E7,2025-10-10
I558677,1607,8.487349559E7,2030-01-01
I559408,-1997,2.0034512476E8,2025-09-01
I559546,-515,2.293445948E7,2025-09-24
I564736,-191,8474284.72,2025-10-24
I568070,1747,2.2525778208E8,2030-01-01
I571343,1722,1.4627678813E8,2030-01-01
I571744,1866,1528647.4,2030-01-01
I572555,-1317,3.587318887E7,2025-09-14
I578941,1104,6.087214638E7,
I580174,-310,1.284072676E7,2025-10-20
I581239,1638,1.730314935E8,2030-01-01
I582479,872,2.490741533E7,2030-01-01
I589917,-856,1.1519203836E8,2025-10-25
I590302,-354,8542217.72,
I486249,831,1.356762709E7,2030-01-01
I491334,-555,7.235797191E7,2025-09-11
I494856,995,2.803009534E7,
I504817,669,1.912996964E7,2030-01-01
I511289,1154,9.129290878E7,
I511659,678,2.671633993E7,2030-01-01
I519029,1227,1.1190658495E8,
I522764,1392,1.080393969E7,2030-01-01
I524333,812,2.288047549E7,
I528345,-736,3.475980928E7,2025-10-04
I536190,1715,7.548919663E7,
I536299,1001,1.172908852E7,2030-01-01
I537676,172,1.726166792E7,2030-01-01
I545035,-984,1.441260846E7,2025-10-02
I547107,1504,1.4613288628E8,
I553692,1900,2.0882825558E8,
I560324,-1842,4.239822039E7,2025-10-16
I562625,1276,1.0809047326E8,2030-01-01
I563090,1345,1.2648408843E8,
I564251,-1187,8.81822807E7,2025-10-14
I577151,-1942,4815686.9,2025-09-12
I578584,1833,4.68666278E7,
I582248,-1399,7.753730344E7,2025-10-24
I583477,-1702,1.7604940552E8,2025-10-03
I583838,492,4.636482575E7,2030-01-01
I583873,1242,3.561273484E7,2030-01-01
I588921,1679,1.4140649684E8,
I479575,-142,3805647.64,2025-09-19
I481228,-1446,1.7616508305E8,2025-09-11
I492826,1252,7.674466489E7,
I500424,-411,4.186020185E7,2025-10-16
I501444,201,2.433384567E7,
I503401,1962,6.628588933E7,2030-01-01
I503434,-1332,1.3158620759E8,2025-09-13
I506935,-939,2.057204103E7,2025-09-03
I509062,1455,6246335.4,
I524033,841,4.857120337E7,
I524603,1945,2.5393746683E8,
I524772,1279,3.767318874E7,
I531344,723,8325559.62,
I532931,1904,8.193615947E7,2030-01-01
I536219,1948,1.6038095552E8,2030-01-01
I537575,1944,1.989936818E7,2030-01-01
I544681,-664,4.467367488E7,2025-10-16
I546729,-1771,4.78084717E7,2025-09-16
I558125,61,9002807.5,2030-01-01
I566033,148,9656882.02,2030-01-01
I566274,1959,1.6605316523E8,
I573709,673,7.351904954E7,2030-01-01
I574746,819,1.617414001E7,2030-01-01
I576019,1850,2.0307295939E8,
I576155,-1300,1.792065649E8,2025-10-07
I577101,1850,6.652109562E7,
I578768,177,2.175783379E7,2030-01-01
I587669,154,1.899392483E7,2030-01-01
I588186,338,2.478570111E7,
I588429,-387,3.573088151E7,2025-10-10
I588602,142,1.680597194E7,
I589248,1080,6.38618608E7,2030-01-01
I589664,294,2.061778056E7,
I480514,-123,9905052.79,2025-10-30
I481082,1985,2.3887265742E8,
I491739,1136,1.428784247E8,
I494755,209,1.685685821E7,
I499168,1680,2.3575276303E8,
I502263,-1377,1.6580060209E8,2025-10-06
I502572,882,8.791818166E7,
I505276,61,298841.97,2030-01-01
I505946,-993,9444545.3,2025-09-03
I512997,1377,1.7221628747E8,2030-01-01
I523783,-92,3364505.53,2025-10-15
I528694,-1532,1.0962974223E8,2025-10-06
I542075,1187,1.5004537873E8,2030-01-01
I542316,334,1.342743929E7,
I550655,245,3.483437897E7,
I551039,561,1.812039923E7,
I558298,1115,1.2042890461E8,2030-01-01
I560654,-1351,1.3636704965E8,2025-10-11
I561459,-592,6.317077736E7,2025-10-24
I564953,1830,1.376027694E8,
I570863,67,2974155.28,
I581166,847,6.295801216E7,
I586130,-916,3.127667447E7,2025-09-28
I591213,-1307,1.4651817996E8,2025-09-12
I593000,-1354,4.225072889E7,2025-10-10
I593035,-424,9368000.67,2025-10-21
I596437,638,5.516116045E7,2030-01-01
I601325,-1905,1.3789759213E8,2025-10-14
I594794,1973,1.7869929553E8,
I596615,1404,7.384706915E7,
I608779,1896,9.386561424E7,
I612307,-418,3.271106679E7,2025-10-15
I616371,-785,8.649645641E7,2025-09-05
I619334,896,8.688922686E7,
I620710,-1847,7.692111814E7,2025-10-30
I626831,-1951,2.6415082581E8,2025-09-05
I627375,-1228,1.7830291917E8,2025-09-05
I628411,-1269,4.166077507E7,2025-10-25
I653823,966,5.013495449E7,
I655166,1662,8.61782938E7,2030-01-01
I658279,-1505,2.314799697E7,2025-10-26
I659706,-1483,1.9258507974E8,2025-10-22
I660146,1070,1.0447646765E8,2030-01-01
I666128,848,1.1542059256E8,
I667106,1329,1.0295243107E8,2030-01-01
I668909,917,2.815889196E7,2030-01-01
I670443,-1102,2652443.98,2025-10-29
I674767,1225,4.186214133E7,2030-01-01
I676501,1068,1.3608876499E8,
I692234,566,7.41356523E7,2030-01-01
I699030,1812,6.629751185E7,
I705527,-1896,1.481785276E8,2025-10-17
I706876,415,9521459.34,2030-01-01
I598388,-521,5.656421048E7,2025-09-15
I598627,1518,1.7631196932E8,2030-01-01
I595530,1278,1.0597061056E8,
I604343,-53,817192.02,2025-09-10
I608039,-1861,1.2686577589E8,2025-10-26
I610642,1912,7848761.13,
I612558,275,1.565621644E7,2030-01-01
I614092,960,8.107300124E7,2030-01-01
I614440,1727,1.8335525319E8,
I627967,1438,1.6218764474E8,
I632280,1708,3778584.87,2030-01-01
I634623,824,1.0784940234E8,2030-01-01
I642412,1468,1.5440689828E8,2030-01-01
I645895,745,6912502.1,
I647059,1296,1.4989102403E8,2030-01-01
I652419,681,6.173271764E7,2030-01-01
I654509,477,2.935362169E7,
I660932,799,1.0408157997E8,2030-01-01
I662797,-588,7.874403719E7,2025-10-30
I671375,-447,4.356005399E7,2025-10-05
I675939,1054,4.462835459E7,
I680829,1894,6.168195376E7,
I681299,-621,3.295574544E7,2025-10-21
I682186,364,0.0,2030-01-01
I685315,1256,4.608076684E7,2030-01-01
I687534,-581,5377172.63,2025-10-22
I688194,1824,2.3261444041E8,
I689170,-1355,1.1405723568E8,2025-10-01
I692227,403,4.934416739E7,2030-01-01
I693017,-1083,8.020167952E7,2025-09-27
I693090,1702,8995559.13,
I694045,330,3.361687805E7,
I694893,751,1.305277826E7,2030-01-01
I695816,-1884,1.4510379797E8,2030-01-01
I697176,-1822,7.380650978E7,2025-09-10
I701500,-996,5.451428063E7,2025-09-10
I702379,-1768,5.547443862E7,2025-09-26
I703186,1056,8483419.21,2030-01-01
I703916,-699,7.095104233E7,2025-10-18
I704226,-1172,2.386084026E7,2025-10-01
I592877,1577,4.059707542E7,2030-01-01
I598005,-1371,1.7076110334E8,2025-09-11
I592861,1414,1.9378546055E8,
I605599,1392,1.70686554E8,2030-01-01
I607246,204,7822017.27,
I610880,-403,5.055689062E7,2025-09-14
I612136,523,1.010242055E7,2030-01-01
I612478,934,2.964756205E7,2030-01-01
I614146,1989,1.3551953049E8,
I620652,-1853,1.846602894E7,2025-09-26
I628394,1880,1.2204375663E8,
I631735,-1691,8.046138461E7,2025-09-16
I637435,1769,1.5578617242E8,2030-01-01
I638852,1877,1.1480346037E8,2030-01-01
I639369,1222,1.1044659184E8,
I642662,-416,5.838330201E7,2025-09-05
I643082,690,9.681785833E7,2030-01-01
I646678,-111,5535197.16,2025-09-18
I651657,-1099,1.3320201118E8,2025-09-08
I652447,652,6.483353507E7,
I658216,1747,1.9445495549E8,2030-01-01
I659229,-1267,5499770.94,
I665937,113,6560595.43,2030-01-01
I667798,1384,7.348021556E7,2030-01-01
I668525,837,7410824.96,
I668785,1658,1.4850163448E8,
I668990,1585,1.5887204048E8,
I670526,526,5.334483497E7,
I671475,1318,1.1585759268E8,2030-01-01
I672377,-1997,2.4961449526E8,2025-09-21
I677222,-274,2.125875458E7,2025-10-19
I680305,801,4.062909294E7,2030-01-01
I684103,1182,1.6236337716E8,2030-01-01
I685729,-1391,1.3468199844E8,2025-10-22
I688583,1359,1.914999768E8,2030-01-01
I700914,497,4.034295512E7,2030-01-01
I701475,572,3.499475252E7,2030-01-01
I703249,-936,5.222510032E7,2025-10-15
I704501,859,9.753811375E7,2030-01-01
I593385,-972,4.26283508E7,2025-10-23
I594902,-266,1.412841921E7,2025-09-12
I600331,1344,1.1889119251E8,2030-01-01
I603070,-1666,1.1337446941E8,2025-10-04
I603876,-394,4.591017084E7,2025-10-08
I594674,1537,8.247658351E7,
I602525,1701,2.0861387797E8,
I604301,-1815,1.191980553E8,2025-09-15
I604652,1653,1.1713239464E8,
I605030,1838,2.5156091931E8,2030-01-01
I607496,-224,7963190.71,2025-09-26
I608225,1197,1.4309046835E8,2030-01-01
I611411,-1422,1.7940906308E8,2025-09-06
I614298,738,4.519213763E7,
I616260,1814,1.2140962484E8,2030-01-01
I617605,962,5.454619159E7,2030-01-01
I617665,-805,6.480566031E7,
I618556,795,7.322543942E7,2030-01-01
I622142,283,2.368755206E7,
I622960,339,4.960360617E7,2030-01-01
I624635,727,7.765551618E7,
I624936,-754,5.245273178E7,2025-10-29
I631679,259,2.604602627E7,2030-01-01
I632250,1324,3.981038873E7,2030-01-01
I633186,1690,2.724073279E7,
I635978,163,7291774.7,2030-01-01
I641529,-1444,2.0077169507E8,2025-09-01
I643264,-1073,9.966732524E7,2025-10-22
I646768,1226,1.5782886724E8,
I651145,558,6.099763976E7,2030-01-01
I654453,-734,8.849698351E7,2025-09-26
I662533,1081,1.1175989952E8,2030-01-01
I665362,-598,3.838482598E7,2025-10-14
I665584,1236,1.623310534E7,2030-01-01
I665821,-492,5.321130083E7,2025-09-04
I666121,-1921,8.465548755E7,2025-09-03
I668969,1724,1.0069296078E8,
I669202,1169,1.2422441887E8,
I669876,108,5038996.83,
I676031,908,6.98082824E7,2030-01-01
I678951,-1279,1.866317931E7,2025-09-02
I680140,1172,1.3485093473E8,2030-01-01
I684925,-589,1.686280038E7,2025-10-28
I686328,338,4135602.12,
I691309,455,5.160897761E7,2030-01-01
I691601,821,8.308869156E7,2030-01-01
I698361,-1757,8.555430135E7,2025-10-06
I699716,112,4452654.42,2030-01-01
I702373,-1409,4.765370236E7,2025-09-15
I593065,-636,3.957301823E7,2025-10-16
I594306,484,7.230389353E7,2030-01-01
I601044,-360,2.959665775E7,2025-10-29
I604735,1531,4.220735777E7,2030-01-01
I607762,1885,6.181134942E7,
I611627,-1472,9.828145333E7,2025-09-25
I612413,361,1.482238803E7,2030-01-01
I612829,-1576,1.4107845982E8,2025-10-09
I621754,-1545,1.568969112E7,2025-10-02
I622753,-1049,3.344853969E7,2025-09-11
I630853,476,2.067459988E7,
I642042,-668,5661456.66,2025-10-22
I644520,70,4813745.06,
I647863,467,4472653.08,2030-01-01
I651188,1033,1.3563408897E8,2030-01-01
I651677,1406,1.926369269E8,2030-01-01
I655437,-1329,1.5678503317E8,2025-09-07
I655838,-84,9621205.35,2025-10-13
I657189,-386,4.663491893E7,2025-10-17
I658392,1906,7.525547532E7,
I658742,1135,5.714699986E7,2030-01-01
I664104,639,8.267125904E7,
I670515,-571,6.327389896E7,2025-09-03
I673905,1061,1.1957633531E8,
I676264,-285,4.268064609E7,2025-10-04
I679514,1324,1.4451824536E8,
I683361,-1460,1.5136043871E8,2025-10-30
I685294,-685,9.156862816E7,2025-09-27
I687336,-598,4.349723074E7,2025-09-04
I691522,-1213,8.80583409E7,2025-10-03
I702053,-517,5.596918822E7,2025-10-11
I594712,-62,5863895.23,2025-09-01
I598740,1675,4.50102808E7,2030-01-01
I601529,1755,3.187021688E7,
I606818,-591,7.11438102E7,2025-10-27
I609824,1952,2.4561451626E8,
I610198,388,3.695795464E7,2030-01-01
I616926,1216,1.1286196636E8,
I619871,1687,7.42667386E7,2030-01-01
I621043,-1153,3.029657704E7,2025-09-18
I623819,229,1.780563478E7,2030-01-01
I628001,496,2.188975719E7,
I628887,-1824,2.4768838868E8,2025-10-19
I629981,-240,2083635.91,2025-09-13
I633396,216,3295755.08,
I635695,-496,7.006326626E7,2025-09-04
I637964,1678,5.200352351E7,2030-01-01
I649139,1907,2.849890553E7,
I653716,509,5.245276265E7,
I654353,-686,8130837.41,2025-09-15
I654632,110,3045746.95,
I659411,1870,1.8324248846E8,2030-01-01
I659842,-1418,1.4252134056E8,2025-10-16
I664324,846,9.599424599E7,
I666235,-1336,4.713426635E7,2025-09-08
I668622,819,6.728663949E7,2030-01-01
I670519,-1492,9.234003815E7,2025-10-22
I673516,1116,1.2718586236E8,2030-01-01
I678863,1642,1.7424589257E8,
I680868,-502,4.536024314E7,2025-10-20
I681010,1074,1.1485828173E8,
I682633,605,7.92644765E7,2030-01-01
I689394,-543,5.632538111E7,2025-10-31
I689485,1638,1.8107287819E8,
I693274,857,3.58764097E7,
I695362,-999,1.4229789228E8,2025-09-27
I700136,-666,6.313044036E7,2025-09-03
I700402,-161,1.057885334E7,2025-09-15
I703614,1963,2.2164813066E8,2030-01-01
I704354,-1342,1.9099601482E8,2025-09-27
I704855,-1210,9.503752802E7,2025-10-25
I596787,-442,1.645769719E7,2025-09-07
I600349,1530,1.4856681671E8,2030-01-01
I605763,-1445,7.763802461E7,2025-10-27
I608927,733,4.064403077E7,2030-01-01
I613151,-829,0.0,2025-09-20
I613857,-1890,2.5784011485E8,2025-09-22
I618068,-485,1.531698356E7,2025-09-14
I618331,1801,2.1692701066E8,
I625695,-759,1.1161013933E8,
I627029,1825,9.838322305E7,2030-01-01
I643747,-1089,3.328542161E7,2025-09-08
I649298,1925,1.1726669151E8,
I655708,517,2.008553367E7,2030-01-01
I657180,965,6.896723922E7,2030-01-01
I660278,1152,1.4652838416E8,
I661826,-1470,2.0506421357E8,2025-09-25
I666576,-926,4.697134346E7,2030-01-01
I666964,1321,1.256838408E8,
I669981,899,4.389687082E7,2030-01-01
I675999,1484,1.4953569784E8,
I679457,1434,6.204930356E7,2030-01-01
I681790,1692,1.928064904E8,2030-01-01
I683889,174,1.535789273E7,
I685496,1000,1.1382683438E8,
I695232,-651,1.328053473E7,
I601091,1223,1.0983569745E8,2030-01-01
I608442,1046,4.899556033E7,
I613487,171,7568276.67,2030-01-01
I623096,-163,104821.52,2025-09-22
I628409,629,0.0,
I629872,401,4.055420704E7,
I633710,-1057,7.346621744E7,2025-10-03
I636499,697,1.0205598146E8,
I640070,1344,1.23328789E8,2030-01-01
I644959,1009,9.555850033E7,2030-01-01
I644976,-1256,1.3385041541E8,2025-10-19
I647340,359,2.891775295E7,
I649760,514,9542883.04,2030-01-01
I655707,1290,1.6311300793E8,2030-01-01
I657384,314,2.093575332E7,2030-01-01
I660171,583,7.349262807E7,2030-01-01
I663327,-970,4.741927889E7,2025-10-10
I666951,-709,9.674865733E7,2025-10-10
I668997,1395,1.729946022E8,
I670381,1834,9.138967421E7,2030-01-01
I670574,-200,8608402.14,2025-10-08
I675130,543,6.162899678E7,
I677025,-1238,9.434232879E7,2025-09-25
I689389,133,1.164781264E7,
I694464,1006,4.169628579E7,
I695298,586,7.468938326E7,2030-01-01
I699521,-1379,0.0,2025-09-21
I591592,715,4.473556214E7,2030-01-01
I603621,211,2095974.43,2030-01-01
I593841,266,3.436068565E7,
I600989,1019,7.112758428E7,
I604077,-1156,4.644992023E7,2025-09-01
I611378,-692,5.076066183E7,2025-09-25
I613970,-401,5.475146016E7,2030-01-01
I616278,1394,1.9099196644E8,
I618183,1836,2.4968983565E8,2030-01-01
I619161,1846,1.6847213323E8,
I621329,111,1.290482362E7,2030-01-01
I621904,1325,1.027204118E7,
I627114,1984,1.3992364226E8,2030-01-01
I641917,1566,1.668679541E8,
I643821,1717,1.9294619133E8,
I645610,-519,2.534284441E7,2025-09-10
I647537,-1354,1.300855155E7,2025-10-21
I655277,818,6.952495593E7,
I662302,1416,3.203551841E7,2030-01-01
I665951,1308,9.911895824E7,2030-01-01
I668818,1594,0.0,2030-01-01
I680790,-1260,7.496189647E7,2025-10-01
I691407,1650,1.3008590731E8,2030-01-01
I691470,-330,3.963186027E7,2025-09-11
I693353,1176,1.6371323726E8,2030-01-01
I693567,297,4.42770338E7,2030-01-01
I698331,1096,1.5623514072E8,2030-01-01
I700118,1668,1.6479303067E8,
I700465,1331,5.66956843E7,
I598819,-1233,1.225063835E8,2025-09-08
I599584,914,8752946.44,2030-01-01
I592034,1789,1.1546354993E8,
I606520,-901,2.547536766E7,2025-10-13
I613584,1282,1.1761504447E8,2030-01-01
I622650,-668,1.552293204E7,2025-10-01
I622952,717,8.893643528E7,2030-01-01
I625324,608,3.008720263E7,
I627528,-1425,4.211300209E7,2025-09-12
I631794,153,841588.61,
I632515,1807,7.356514856E7,
I634607,-1040,2.515611901E7,2025-10-19
I637219,108,1347929.54,2030-01-01
I638153,1873,1.6675127537E8,2030-01-01
I638462,1564,7.778950882E7,2030-01-01
I641869,-1855,2.0419661294E8,2025-09-29
I643290,249,7692591.8,2030-01-01
I644322,-755,9.20903661E7,2025-10-30
I645602,1703,1.9489494892E8,2030-01-01
I646562,435,6.093525959E7,2030-01-01
I653896,1012,1.657580244E7,
I668552,-978,5.500128964E7,2025-09-25
I668887,1073,1.4088115532E8,
I676294,-832,1.0920847908E8,2025-10-02
I682725,-1619,5.856268468E7,2025-10-07
I684480,1296,4.65516841E7,
I685192,-102,3685225.77,2025-10-25
I687436,1166,8.57004093E7,
I689801,205,1.062190067E7,2030-01-01
I690183,52,5074317.36,2030-01-01
I696566,372,1.826302766E7,2030-01-01
I702107,1615,2.18816543E7,
I703567,559,7.713754481E7,
I705515,453,3.61234342E7,2030-01-01
I705690,1940,2.1302384251E8,
I594687,1227,4.113359254E7,2030-01-01
I599971,-916,1.0830013095E8,2025-09-18
I605292,-60,7580643.62,2025-10-05
I607250,626,7.683770124E7,2030-01-01
I610502,-392,1.046747078E7,2025-10-14
I611753,1171,1.3016649041E8,2030-01-01
I628767,-943,7.719384936E7,2025-10-12
I630714,666,1.116383572E7,2030-01-01
I631980,1639,2.2605376097E8,2030-01-01
I632400,-1327,1.9796279897E8,2025-10-23
I638140,1283,6.104290873E7,2030-01-01
I645843,1674,8.804212977E7,2030-01-01
I650083,680,2.142958219E7,2030-01-01
I651234,651,7.434260601E7,
I651586,1775,2.688911778E7,2030-01-01
I655809,1955,1.0506094316E8,
I656179,101,8207794.89,
I666430,601,8.925293151E7,2030-01-01
I666876,-1398,1.6188118629E8,2025-10-20
I667277,-1963,2.2828541361E8,2025-10-25
I667906,1900,1.9202123124E8,2030-01-01
I670994,-864,1.1903435303E8,2025-10-08
I671775,220,2076895.84,
I674299,-1014,1.1723744666E8,2025-09-22
I678601,-486,3.486812683E7,2025-10-28
I680214,1009,1.0402243793E8,
I682583,-455,5.542690072E7,2025-09-20
I683256,1763,1.1442285298E8,
I683472,-1867,1.42204907E7,2025-10-25
I684083,-463,6.925009314E7,2025-10-05
I687304,1980,0.0,
I687757,851,8.168856674E7,2030-01-01
I696759,-986,2.863705223E7,2025-10-17
I697064,995,1.2091782287E8,2030-01-01
I702153,660,2880771.93,2030-01-01
I702927,1174,2.588264479E7,2030-01-01
I703120,1271,7.118840617E7,
I601568,-963,1.4274138805E8,2025-09-09
I603113,1534,1.779333974E8,
I611745,1672,2.2022060373E8,2030-01-01
I612509,-136,1.779361882E7,2025-10-14
I618907,1706,2.124816567E8,2030-01-01
I619128,585,3.719060997E7,2030-01-01
I624687,98,1.064224709E7,2030-01-01
I635671,-1954,2.1931211179E8,2025-10-29
I636165,493,4.88800644E7,2030-01-01
I639349,-1972,1.6647299228E8,2025-09-14
I644035,-64,1764151.15,2025-10-27
I647407,1686,1.479117277E8,
I647805,-1777,2.0155429464E8,2025-09-04
I650894,237,1.794560922E7,
I650997,1171,8.005174917E7,
I651322,810,8.832874898E7,2030-01-01
I651975,1343,6.790197863E7,2030-01-01
I655412,409,3.540244424E7,2030-01-01
I656536,990,5.602599554E7,2030-01-01
I657455,-510,1.299677165E7,2025-09-24
I657674,1498,1.8537850615E8,2030-01-01
I667460,709,1.955529532E7,2030-01-01
I672468,425,6318338.86,
I679088,1379,1.1391712964E8,
I683523,-374,2.998060482E7,2025-09-10
I692283,233,2.067151161E7,
I693900,-900,7724289.81,2025-10-06
I697709,956,4.18176845E7,2030-01-01
I697809,449,1.6947867E7,
I699644,1769,2.4022295254E8,
I703173,-338,4.639918836E7,2025-10-17
I705830,700,9.436434837E7,2030-01-01
I708040,-1278,2.029215616E7,2025-10-23
I722337,-776,6.240914621E7,2025-09-03
I724508,784,2.096873241E7,2030-01-01
I724966,-703,7.234419863E7,2025-09-16
I726318,1166,1.3891070613E8,
I728724,-1861,1.7987746435E8,2025-09-12
I730345,1623,2.2694463337E8,
I733279,1094,1.5136537272E8,
I738605,-950,9.706469986E7,2025-10-19
I739677,1647,1.1553434294E8,2030-01-01
I740303,689,7.812565481E7,
I741987,509,2.558513573E7,
I745645,-1747,1.5004333109E8,2025-09-16
I745782,-1466,1.9209700864E8,2030-01-01
I750450,988,1.4053918896E8,2030-01-01
I756457,633,4.961559186E7,
I758790,1579,1.3986207194E8,2030-01-01
I760683,458,7380558.19,
I760744,1943,2.7851410859E8,
I762328,1585,1.1711923388E8,
I762641,1823,1.2195731933E8,2030-01-01
I764144,-1710,1.2636601404E8,2025-10-12
I770440,1541,8.124201044E7,
I771318,1333,1.219809584E8,2030-01-01
I772201,568,5060978.5,
I776275,1601,1.4721416231E8,
I778114,1080,3.972380912E7,2030-01-01
I778959,1813,0.0,
I783661,-1853,1.5488565875E8,2025-09-14
I784735,-1327,9.43615952E7,2025-10-21
I786727,1637,8.777564518E7,2030-01-01
I794739,925,3.663012647E7,2030-01-01
I797284,-1038,7892821.82,2025-10-01
I803251,450,1.319145731E7,2030-01-01
I806497,979,2.604345115E7,
I811398,1174,2.653696379E7,
I711306,-936,1.3270864827E8,2025-10-05
I712411,-1369,2.975206107E7,2025-09-29
I714442,1117,1.5203830928E8,2030-01-01
I715966,695,6.824428848E7,2030-01-01
I716608,1583,7.487991635E7,2030-01-01
I719228,187,2.649239884E7,
I721931,147,1.300306714E7,2030-01-01
I731709,1429,1.1675063363E8,2030-01-01
I734343,1483,1.0116226704E8,2030-01-01
I737283,-1890,1.621205037E7,
I737884,1775,2.0654959241E8,2030-01-01
I739509,-517,7.450015586E7,2025-10-26
I747167,-275,3.95606373E7,2025-09-09
I753274,-687,4.455043724E7,2025-10-10
I753747,903,7.769529244E7,2030-01-01
I755377,1121,1.2989579246E8,2030-01-01
I756432,1798,8.70107883E7,
I759554,-919,3.823669859E7,2025-09-10
I760649,866,1.152042261E7,2030-01-01
I762564,900,7.154386802E7,2030-01-01
I763465,1238,1.4088262317E8,2030-01-01
I764999,705,5.410396297E7,2030-01-01
I767931,-1529,9.041135612E7,2025-09-19
I771010,1474,1.9738721379E8,
I774875,915,1.93517868E7,2030-01-01
I775263,-1105,1.4231202976E8,2025-09-01
I776519,-169,1117767.37,2025-09-14
I776799,-360,1.169544649E7,2025-09-22
I780482,745,4.308521498E7,2030-01-01
I784828,856,1.061989321E8,2030-01-01
I788783,-159,0.0,2025-10-04
I789004,710,8.261243198E7,
I793539,390,2.283485958E7,
I795209,-1535,1.3561145484E8,2025-09-02
I797879,-1405,1.0821428988E8,2025-10-20
I798507,634,1.451008255E7,
I799089,931,5697067.87,2030-01-01
I806647,1371,1.3721043135E8,2030-01-01
I809608,235,3472688.37,2030-01-01
I811346,1886,1.1251520554E8,2030-01-01
I819956,204,1.941823735E7,2030-01-01
I708389,-1268,1.1577228401E8,2025-10-17
I712281,-504,2.497602252E7,2025-10-26
I715439,1979,1.1224612352E8,2030-01-01
I715778,-1133,1.916028595E7,2025-09-11
I718247,-232,9335988.31,2025-10-25
I723062,-335,4.864736587E7,2025-10-31
I730929,-1694,1.815954801E7,2025-09-17
I731053,223,136779.84,
I731621,729,9.466998349E7,2030-01-01
I736458,-63,7852793.92,2025-10-07
I740136,1686,2857455.76,
I742086,-956,1.2196565022E8,2025-10-14
I744895,1748,9.98204192E7,2030-01-01
I747314,-1503,3.259216151E7,2025-10-23
I753929,1584,2.3408192482E8,
I754065,-1611,5.164351377E7,2025-10-17
I754603,-791,2.269308296E7,2025-09-15
I754767,778,7670465.01,
I755516,1893,1.5493076726E8,
I757221,1904,1.8749568918E8,2030-01-01
I757941,-646,4.54992097E7,2025-09-03
I759329,483,2.971042873E7,
I763388,1493,2.0032604837E8,2030-01-01
I775770,1354,4.465648742E7,2030-01-01
I776918,-959,1.0421555009E8,2025-09-15
I782324,-778,8.061491186E7,2025-09-26
I783855,-1952,2.088264409E7,2025-10-30
I784699,1184,5.849697049E7,2030-01-01
I786564,1937,2.5880045159E8,2030-01-01
I788080,-819,4.030749796E7,2025-09-17
I793518,1006,7.569096549E7,
I795505,-1797,6.482304456E7,2030-01-01
I796028,-1196,1.2971949379E8,2025-09-23
I797263,500,5.635295959E7,
I804702,231,1482406.73,2030-01-01
I815994,-1696,1.4397820304E8,2025-10-20
I817175,-483,9800582.78,2025-10-07
I819170,-118,0.0,2025-10-07
I820797,-146,1.963526712E7,2025-09-07
I821379,-1797,5.226381657E7,2025-09-24
I709906,1170,0.0,2030-01-01
I712422,-507,7.0453118E7,2025-09-05
I716248,1828,1.8026570329E8,2030-01-01
I718516,-179,5974650.97,2025-09-27
I709680,643,9.134209836E7,
I709941,857,1.712525807E7,
I718068,1330,6.024048651E7,
I724978,-1360,3.087270212E7,2025-10-20
I729501,1360,1.8548238467E8,
I733356,872,5.961840229E7,2030-01-01
I733592,-647,7884497.83,2025-09-08
I733701,1683,1.616663401E7,2030-01-01
I737964,1675,1.9300980166E8,2030-01-01
I739222,1779,1.4762542773E8,2030-01-01
I753782,1335,4072554.49,
I754028,198,9324601.37,2030-01-01
I757133,880,2.264131006E7,2030-01-01
I762414,1802,1.8983989911E8,
I766422,1793,4.700633928E7,
I767525,-371,2.287509274E7,2025-10-22
I769065,-709,7.207056161E7,2025-10-13
I770147,181,1.372294773E7,2030-01-01
I773066,-1222,1.1873725129E8,2025-10-29
I780075,-336,4.768424701E7,2025-09-02
I780196,1319,8.262351451E7,2030-01-01
I786703,-875,3.478905927E7,2025-10-22
I795443,795,1.1075843401E8,
I797490,1957,2182425.71,
I804938,1006,2.933211003E7,
I810159,1384,1.7415103835E8,
I812591,1965,2.0345986766E8,2030-01-01
I814066,599,1.912455616E7,2030-01-01
I815612,-1650,1.5075452209E8,2025-09-16
I711345,-969,3.04475234E7,2025-10-25
I714594,944,1.3298370631E8,2030-01-01
I717152,-1884,1.6543677661E8,2025-10-10
I718929,-1000,1.2162347043E8,2025-09-22
I721833,-1217,1.013119323E8,2025-09-02
I725885,180,4677994.81,2030-01-01
I726425,-546,1.117355485E7,2025-10-01
I730616,-827,1.2319367233E8,2025-10-14
I734835,-394,2.456832903E7,2025-09-05
I734981,-808,4641441.26,2025-10-02
I738245,677,2179271.89,2030-01-01
I739171,1746,6888474.5,
I742958,912,9057764.49,
I746011,-736,6.188892161E7,2025-10-25
I747405,115,5228560.5,2030-01-01
I749533,784,5.588071413E7,2030-01-01
I755485,-1138,1.4082328111E8,2025-10-01
I756905,368,2.543794574E7,2030-01-01
I757966,576,2.115982549E7,
I763122,343,3.572703388E7,
I765782,50,5778039.26,
I770545,724,8.063885595E7,2030-01-01
I770707,-1844,2.4683592131E8,2025-10-09
I771358,-1662,1.5243690481E8,2025-09-08
I776109,1413,3.175508551E7,2030-01-01
I778920,1101,1.4272578393E8,
I780101,1702,4.932303739E7,
I782248,-780,1.1071503292E8,2025-09-16
I782639,492,6.613520553E7,
I784624,-1911,4.213123754E7,2025-09-12
I788524,1832,2.2479118529E8,2030-01-01
I791080,1488,1.4082550743E8,
I792324,163,8341132.54,
I793847,1520,4.973529225E7,2030-01-01
I797388,-314,2.640203843E7,2025-10-21
I802343,1862,2.3749567291E8,2030-01-01
I803442,151,2.225711972E7,
I807011,-1678,2.4627555713E8,2025-10-13
I812050,1678,2.4007798947E8,
I815876,269,5178345.39,2030-01-01
I815879,450,1.220415316E7,
I818590,-609,5.713946225E7,2025-09-07
I818705,756,1.837542186E7,
I716812,-920,1.0224597627E8,2025-09-03
I707591,1919,1.95681451E8,
I710508,223,2.408459895E7,
I710982,388,1.59522402E7,
I714283,991,1.0351085872E8,
I721705,262,2.228269525E7,
I723474,1301,6.691415377E7,
I725164,1562,7.655541616E7,
I737064,1785,6.483654881E7,2030-01-01
I744719,1322,1.801343362E8,2030-01-01
I744948,554,2.538091721E7,2030-01-01
I750390,-1425,1.588114004E7,2025-09-25
I752055,946,3.778128525E7,2030-01-01
I755784,314,1.649817992E7,
I759109,1130,9.360172237E7,
I759871,721,1.0609748718E8,
I768769,1639,8.363898924E7,
I773233,633,4.36717098E7,2030-01-01
I774088,-309,4.035520464E7,2025-10-20
I774369,1870,2.3217534322E8,2030-01-01
I774861,-1215,2.013391405E7,2025-10-20
I781681,1213,1.3137545071E8,
I782281,1594,0.0,
I787076,896,5.043431892E7,2030-01-01
I792250,1789,6.425621049E7,2030-01-01
I806011,-195,1.933092226E7,2025-09-21
I808861,337,1.34242241E7,
I808950,-82,7111859.85,2025-09-22
I810310,827,5.388734189E7,
I812254,-719,3.696960192E7,2025-09-27
I812308,-1309,1.8883156767E8,2025-10-05
I812645,851,1546969.19,2030-01-01
I709808,1522,1.038902783E7,2030-01-01
I709809,144,2576903.08,2030-01-01
I712249,761,2617345.99,2030-01-01
I715840,-319,8875013.48,2025-10-08
I715194,793,3.130725877E7,
I719984,1276,8.870889409E7,
I721729,1316,1.9383330653E8,
I732343,-1148,9.165346699E7,2025-10-22
I736019,-1436,2.002900196E8,2025-10-11
I737071,871,8.291925436E7,
I737777,-409,2.939174358E7,2025-10-25
I741012,418,4.583088823E7,
I744107,-242,1780252.96,2025-09-24
I746335,1124,9.365716051E7,
I747389,829,4.618194219E7,2030-01-01
I748518,1722,8.43525723E7,2030-01-01
I757464,85,0.0,2030-01-01
I761907,-78,0.0,2025-10-21
I762889,679,2.90413411E7,2030-01-01
I767257,690,867919.29,2030-01-01
I771992,1433,4.66210385E7,2030-01-01
I777470,59,68480.44,2030-01-01
I777932,-791,1.1461276648E8,2025-09-03
I787171,-1361,1.1157943573E8,2025-09-08
I789311,511,4.372869756E7,2030-01-01
I798461,1134,2.01776237E7,
I810183,1082,8.531035768E7,2030-01-01
I812444,1694,3388340.09,
I815001,1930,8.474232094E7,
I709661,-1745,9929828.49,2025-10-29
I709833,1374,1.132707451E8,2030-01-01
I710802,355,1.850298933E7,2030-01-01
I710924,724,5.216937616E7,2030-01-01
I713868,-1655,8.033855096E7,2030-01-01
I708174,1761,2.5814028295E8,
I725001,-1761,2.8230178E7,2025-09-16
I727386,-1066,1.0482804809E8,2025-09-28
I727668,1788,1.9147372812E8,2030-01-01
I734326,1988,2.8434588738E8,
I734631,1840,4.30384043E7,2030-01-01
I734693,261,1.4431292E7,2030-01-01
I740401,-1908,2.8483110695E8,2025-10-13
I745395,-94,6961513.04,2025-09-06
I747978,-1912,1.510882351E8,2025-10-30
I750771,-86,6366711.56,2025-10-23
I751218,820,1.1916554216E8,
I751856,-1824,1.4345110341E8,2025-09-21
I754996,-1961,4.538533281E7,2025-10-02
I758948,1170,1.257533419E8,
I759116,-510,6.005375447E7,2025-09-18
I761315,332,2.767985892E7,
I765872,-58,4306567.4,2025-09-19
I771444,1239,1.3727120113E8,2030-01-01
I773937,1239,1.5340441998E8,
I779072,-918,1.3046377519E8,2030-01-01
I779629,-501,5.507345086E7,2025-10-27
I779815,1656,9.163920208E7,2030-01-01
I783868,-1320,1.0486275195E8,2025-10-09
I788741,-233,6408494.81,2025-10-08
I790202,332,2.529283149E7,2030-01-01
I805169,-1326,7.818591101E7,2025-10-25
I807690,1148,2.101389031E7,2030-01-01
I812042,603,6.311239401E7,2030-01-01
I816648,-740,1.0481739522E8,2025-09-17
I708629,176,1.82721244E7,2030-01-01
I710191,-1526,1.5131055386E8,2025-10-20
I712897,-1778,1.4750780612E8,2025-09-08
I714950,332,1.68304583E7,2030-01-01
I715056,1131,4.59916783E7,2030-01-01
I715265,1964,2.1457486105E8,2030-01-01
I714724,1699,1.4317189611E8,
I717192,1135,3.990807575E7,
I718367,131,1.869814914E7,
I723258,1686,4.941572552E7,2030-01-01
I728605,-1166,4.444671921E7,2025-09-19
I729826,-766,1.0250277936E8,2025-09-17
I730068,-1449,5.607279882E7,2025-10-22
I730820,1342,1.24746343E7,
I732092,-459,1.895314064E7,2025-10-26
I736642,1158,8.653690875E7,
I742336,-777,6.861051257E7,2025-10-10
I743910,1697,3.927754354E7,2030-01-01
I750965,-821,0.0,2025-09-12
I756121,1346,0.0,2030-01-01
I768244,257,2.921559353E7,2030-01-01
I768801,471,1.500893763E7,2030-01-01
I768958,-935,5.386845844E7,2025-09-27
I769740,-591,3.765603479E7,2025-10-09
I778135,-907,1.013739569E8,2025-10-31
I784627,-1743,0.0,2025-10-09
I793202,1852,1.2030894329E8,
I798235,-775,4.955870825E7,2025-09-05
I800105,1026,1.3320903218E8,2030-01-01
I802093,669,5.957229661E7,2030-01-01
I802334,1960,1.0951710315E8,2030-01-01
I804790,-238,0.0,2025-10-07
I806376,771,7.815377659E7,
I808730,-690,4.452928295E7,2025-09-13
I814160,1242,8990193.68,
I815833,1223,5.424043183E7,2030-01-01
I816958,1772,5.208813524E7,2030-01-01
I817799,672,3.783971559E7,
I712435,-71,8659783.82,2025-09-25
I717540,98,1825249.27,2030-01-01
I713852,1762,1.3146465875E8,
I725273,364,5265419.39,2030-01-01
I725689,1270,9.0110707E7,
I726000,-1962,3869062.34,2025-09-08
I727911,-937,6.476011743E7,2025-10-03
I730186,213,1.770472271E7,
I731265,705,1.0410043447E8,2030-01-01
I731482,146,8781911.4,
I731679,-1475,1.0556420286E8,2030-01-01
I733640,938,4.585073983E7,
I733681,291,2.145197058E7,2030-01-01
I737237,377,1131990.69,
I739309,1063,4.927719171E7,
I742577,1372,9.779808246E7,
I749865,1269,1.3107366616E8,
I750327,-1064,1.2497166189E8,2025-09-12
I751787,-1316,1.6156293006E8,2025-10-23
I752795,1578,1.7115332328E8,2030-01-01
I756416,-144,1.254806374E7,
I760311,785,1.818274249E7,
I767938,1010,7.426763202E7,
I771460,438,3.162811015E7,
I772714,444,1.979067411E7,2030-01-01
I775590,-1324,1.069566473E7,
I776368,343,2.58812861E7,
I776678,-1935,9.856044823E7,2025-09-15
I779015,1202,1.7543432041E8,
I779110,1574,1.8709572308E8,
I782468,1811,1.7209430471E8,
I783684,943,1.3711809259E8,2030-01-01
I785235,756,6.752508106E7,
I790380,319,3.654355252E7,
I793777,1234,1.6251416724E8,
I797610,1098,3.807675752E7,
I801021,-1118,0.0,2025-09-08
I802621,1766,1.5871508883E8,2030-01-01
I816760,1642,3.44109054E7,
I818080,832,5.157220913E7,
I715199,-1157,0.0,2025-09-02
I708833,942,3.876588337E7,
I724236,945,2.518958597E7,2030-01-01
I725461,891,1.0334811995E8,2030-01-01
I725970,926,6.548145763E7,
I727459,1524,2.283738093E7,
I731245,-1512,1.2261333181E8,
I731658,1439,1.7627095929E8,
I732455,-1542,1.157877491E8,2025-09-18
I734095,1899,9.997858482E7,
I735633,328,3.72457113E7,2030-01-01
I736426,604,7.245333394E7,
I740545,-1572,6.646287352E7,2025-10-06
I751736,453,2.353850197E7,
I756287,-1843,6.308799188E7,2025-09-13
I757303,1740,6.999710451E7,2030-01-01
I764635,-1117,1.1025316843E8,2025-10-11
I768800,-903,7.285021089E7,
I769857,757,9.581476757E7,
I771768,96,3175737.41,
I772749,1751,1.5612860814E8,
I774546,1406,7.306506343E7,
I777601,-1485,9.884899403E7,2025-09-11
I783884,-1022,1.2308979444E8,2025-09-30
I789267,680,2.995346492E7,
I792263,-196,0.0,2025-10-09
I792596,-1420,1.7803550289E8,2025-09-19
I794910,-1625,2.527639496E7,2025-09-15
I799366,-440,1.286330119E7,2025-10-03
I802317,1443,6.224540761E7,2030-01-01
I806282,-888,4.352153058E7,2025-09-21
I814455,-1196,1.0776567136E8,2030-01-01
I818116,1258,1.6538224999E8,2030-01-01
I707509,1857,1.8556881051E8,2030-01-01
I709726,269,1.161169266E7,2030-01-01
I710493,-992,5.991585499E7,2025-10-23
I712765,-1981,2.7855654576E8,2025-10-05
I717831,-1778,4.134272258E7,2025-09-30
I715802,1764,3.403582635E7,
I721150,433,5.768865804E7,
I721211,-1095,6.740325675E7,2025-10-19
I722450,1895,1.0492174931E8,2030-01-01
I725233,651,3.622112139E7,
I733851,1529,2.2319235131E8,
I734721,-909,7688010.81,2025-10-09
I735001,947,7.515881975E7,2030-01-01
I736415,1216,2.564831689E7,
I739358,1853,9.998453209E7,
I741347,1309,1.8730817639E8,
I741957,1732,1.2482074106E8,
I745742,1017,1.0789345298E8,
I746450,-1998,9.12011113E7,2025-09-15
I747211,1416,5.541617902E7,2030-01-01
I750760,1031,1.2614824842E8,
I752977,861,2.505092759E7,2030-01-01
I771974,1691,1.6161193114E8,2030-01-01
I773291,-1985,5.250166656E7,2025-10-21
I773420,-280,1.033336892E7,2025-10-07
I803294,857,1.028832962E8,
I809068,1555,1.045410647E7,
I813430,-1431,9.919980577E7,2025-09-21
I814956,499,1.822532526E7,2030-01-01
I815900,1378,1.7356253626E8,
I817792,1256,7.313475316E7,2030-01-01
I818538,-1539,2.0313465308E8,2025-10-30
I828241,1675,1.437070165E7,2030-01-01
I832429,-1547,5.369947587E7,2025-09-10
I834179,374,2.710345879E7,2030-01-01
I824133,1357,8.401490349E7,
I826474,111,7971671.48,
I836915,684,6.574460836E7,2030-01-01
I839237,1010,6.578050508E7,2030-01-01
I844592,186,1.009703946E7,
I845689,1236,1.2546025029E8,2030-01-01
I851055,1578,8.075315503E7,
I852689,-1550,2.0494331806E8,2025-09-10
I853155,-417,5.934595226E7,2025-10-27
I853680,525,3.772302254E7,2030-01-01
I857856,-1929,2.1009026966E8,2025-10-07
I858007,-373,5.122929696E7,2025-09-23
I862088,-920,7.524264684E7,2025-09-23
I866874,-943,1.832682049E7,2025-09-03
I870344,1372,4.567751117E7,2030-01-01
I871835,210,3145104.19,
I872672,1023,1.0540714038E8,
I879886,1775,9.657834644E7,
I882016,-197,7460447.28,2025-09-24
I883612,123,4813951.95,2030-01-01
I884203,-1450,7.767150765E7,2025-09-04
I884575,-1288,1.058186379E7,2025-09-07
I896131,1106,5.374768965E7,
I897108,431,5.370833198E7,2030-01-01
I899872,978,5.72213487E7,2030-01-01
I900228,-1811,1.821720435E7,2025-09-16
I902002,211,1.725822187E7,2030-01-01
I903959,341,4.555844461E7,
I905131,862,1.0910315067E8,
I907680,-585,1.438066699E7,2025-10-03
I907859,1892,1304981.55,
I910843,-668,5.63169544E7,
I910930,1129,4.161222486E7,
I913347,191,4539278.93,2030-01-01
I917861,-1185,6.784476986E7,2025-09-05
I924800,-426,4.213611569E7,2025-09-24
I927775,1780,6751354.51,2030-01-01
I930980,162,1.321446057E7,
I931647,814,1.66742607E7,2030-01-01
I936434,1291,1.8764579233E8,
I825158,1189,1.4087047352E8,2030-01-01
I825988,1869,2.3015267284E8,2030-01-01
I826758,1645,2.372725966E8,2030-01-01
I827786,178,2232748.54,2030-01-01
I833158,-902,1.3229681755E8,2025-09-11
I835216,524,3.433607508E7,
I836499,1327,1.9134652658E8,2030-01-01
I840185,914,4.325107362E7,2030-01-01
I842805,709,8.949359468E7,
I845883,264,1.487080319E7,
I848382,474,1.647746371E7,
I853468,1213,1.29936675E8,2030-01-01
I859978,1787,2.4012491706E8,
I860771,1075,1.148722381E7,2030-01-01
I866390,-811,1.059798183E7,2025-09-17
I866739,679,3.793162455E7,
I868848,-982,7.569121215E7,2025-10-03
I869632,439,2.656425494E7,2030-01-01
I870217,892,4.55688904E7,2030-01-01
I870929,-558,0.0,2025-10-06
I871491,-1355,1.4233867832E8,2025-10-20
I871638,-551,4.337002584E7,2025-10-24
I872494,1379,2.489257236E7,2030-01-01
I876475,-1604,2.2531691697E8,2025-10-25
I880377,1988,1.1689002432E8,
I880717,823,1.9666571E7,
I880757,773,4.947675364E7,2030-01-01
I888195,-366,1.76169357E7,2025-09-24
I895515,413,1.398255195E7,
I897551,-410,8179111.66,2025-10-22
I903015,1522,1.107602783E7,2030-01-01
I903044,1267,1.6363788875E8,2030-01-01
I909266,-1712,1.4402311324E8,2025-09-01
I913960,1089,3.349381632E7,2030-01-01
I915691,-1360,1.7386240219E8,2025-10-18
I921292,-1835,1.4300973162E8,2025-09-26
I924596,1003,1.375843573E7,
I925535,1472,1.486329159E7,
I930111,907,1491546.27,2030-01-01
I931104,1756,1.8049575588E8,
I938695,54,3131021.51,2030-01-01
I825060,1614,1.2197853327E8,2030-01-01
I825415,-568,8.200918036E7,2025-09-14
I825681,1462,1.0300461681E8,2030-01-01
I826005,1777,8906314.45,2030-01-01
I827585,-313,3.880638947E7,2025-10-16
I829246,1775,1.230214667E8,2030-01-01
I832295,1636,1.7162264995E8,
I833562,-1055,9.9567456E7,
I836670,-1849,2.1225342321E8,2025-09-01
I837280,-108,5203762.5,2025-09-02
I837493,1831,2.3110080902E8,2030-01-01
I840645,1691,1.931152532E7,
I840902,85,8474297.35,
I841927,453,9979627.8,
I852354,-125,4281198.68,2025-10-03
I853811,1163,2.321081628E7,2030-01-01
I860234,-1500,1.2609551597E8,2025-10-04
I867188,615,1.20331024E7,2030-01-01
I867290,361,1.845995087E7,2030-01-01
I876071,-1005,5.996737279E7,2025-09-26
I881158,-1826,2.7061606951E8,2025-09-09
I883369,453,2.786420017E7,
I884153,104,4273481.72,
I895639,1595,2.3448898915E8,2030-01-01
I895807,747,9.215200817E7,
I900284,1464,1.9177731768E8,2030-01-01
I903516,-1955,2.7141281616E8,2025-10-02
I904820,1724,1.2688522789E8,2030-01-01
I914154,-317,6803769.94,2025-10-02
I915853,-1609,1.6171859909E8,2025-10-30
I919186,-278,3574909.93,2025-10-25
I921166,1961,2.6278249625E8,2030-01-01
I927686,-222,8616468.57,2025-10-16
I927695,342,4674334.4,
I928922,1468,1.806952302E7,2030-01-01
I938424,-1288,2.782898421E7,2025-09-03
I823114,351,3.113148845E7,2030-01-01
I824491,-1393,1.3943612784E8,2025-10-26
I825304,919,8.27742626E7,2030-01-01
I828007,1971,2.3627393935E8,2030-01-01
I828410,-624,5.942726142E7,2025-10-12
I837031,1587,6.892565306E7,
I839207,-485,2.579392645E7,2025-09-20
I842249,211,2.807617743E7,
I842825,-1810,1.2654980009E8,2025-09-05
I862566,-944,4.800197646E7,2025-09-14
I869357,1479,5.980308713E7,2030-01-01
I875248,607,8.072013219E7,
I878732,-1155,1.1319765728E8,2025-10-26
I879093,630,8.006016455E7,
I881105,1065,1.2857946199E8,2030-01-01
I881846,-498,1.201398845E7,2025-09-26
I884118,-67,2627872.6,2025-09-06
I886406,1952,1.9507078888E8,
I887356,-209,2.921589605E7,
I890255,941,5.545927853E7,2030-01-01
I892129,928,2.529931397E7,2030-01-01
I892668,-1167,1.4175277286E8,2025-09-05
I894656,1399,1.6558508664E8,2030-01-01
I898467,-487,6.862852469E7,2025-09-12
I900680,966,7.78313467E7,2030-01-01
I900980,1571,1949487.51,
I901219,1613,1.306136053E8,
I901895,371,4.064835266E7,2030-01-01
I912161,1799,2.1434232499E8,
I915278,606,3.425944148E7,
I922289,1977,3.742619488E7,2030-01-01
I922930,-715,1.908317503E7,2025-09-18
I924644,-665,2.190446078E7,2025-10-10
I927222,714,1.003933082E8,
I928043,1164,1.663681622E8,
I928509,656,1887910.56,2030-01-01
I930249,-650,3.858545259E7,2025-10-15
I933112,1225,6397227.65,2030-01-01
I935313,562,2.144104407E7,
I825438,-1850,1.1674236396E8,2025-10-22
I829795,224,2.943497796E7,2030-01-01
I830017,387,1.14077938E7,2030-01-01
I831864,778,9.521259724E7,2030-01-01
I826356,1946,4.526384088E7,
I836685,-770,9.818307526E7,2025-09-15
I844199,-1809,2.049767872E8,2025-10-23
I847009,534,2.664885321E7,2030-01-01
I847492,1838,2.7098694278E8,2030-01-01
I847704,452,3.62310484E7,
I849029,1210,4.246657965E7,2030-01-01
I854309,931,1.422394534E7,
I856107,1376,3.370569648E7,
I857518,-1078,8045040.26,2025-10-04
I861120,1903,1.3724887463E8,2030-01-01
I865193,-612,6.211640195E7,2025-09-25
I870432,1886,2.5944153395E8,2030-01-01
I871345,334,1.238066642E7,
I882379,346,3.086213426E7,
I883664,-1268,5.791212564E7,2025-09-09
I884449,1009,6440027.68,2030-01-01
I884612,503,6.155388263E7,2030-01-01
I886566,448,4.332639564E7,
I894306,1204,1.2862185592E8,2030-01-01
I900366,605,6.870394758E7,2030-01-01
I905538,1251,1.7171675613E8,2030-01-01
I908082,1199,1.5631522088E8,2030-01-01
I911191,1296,1.0820587212E8,2030-01-01
I914852,-846,5.199663491E7,2025-10-17
I914947,1608,5310209.77,2030-01-01
I918917,-1027,2287899.15,2025-10-12
I927197,-402,3690625.92,2025-09-16
I935302,351,4.019154686E7,
I936980,-1023,1.0222882306E8,2025-10-23
I938153,431,2.405913276E7,2030-01-01
I826279,-312,1.025799627E7,2025-09-09
I834308,-262,975859.3,2025-09-18
I831412,198,1.678090069E7,
I833860,792,9.833655552E7,
I835593,1251,5.520627555E7,
I838694,-1142,2.758999972E7,2025-10-02
I844300,339,2.271258535E7,2030-01-01
I850042,977,929748.31,2030-01-01
I852470,1830,0.0,
I859534,-1764,2.5948840629E8,2025-09-24
I867186,394,5.440926251E7,2030-01-01
I868104,1739,1.3660387496E8,
I870335,-55,6483270.67,2025-10-16
I873812,-949,3.709163148E7,2025-10-17
I873903,358,5.086149985E7,2030-01-01
I873969,1619,9.400296205E7,2030-01-01
I880947,-1569,6.23893475E7,2025-10-10
I881125,577,6.813888899E7,
I881269,1372,9930712.98,2030-01-01
I884615,609,5.817954978E7,
I885764,-1725,3768930.52,2025-10-22
I886662,-1224,3.541375875E7,2025-09-02
I894104,1024,1.562436853E7,
I894505,1905,1.4876132191E8,
I898482,1470,1.7269948535E8,
I901511,-883,7.765863184E7,2025-09-04
I905748,1478,1.6462682079E8,2030-01-01
I905963,1107,7.941123868E7,
I908743,-1770,2.2072638046E8,2025-09-27
I912294,-1090,8.819750141E7,2025-09-13
I913513,-274,1.517797922E7,2025-09-04
I920333,1353,1.714122771E8,2030-01-01
I921447,-367,2.243592182E7,2030-01-01
I922467,1167,1.5584366997E8,
I923619,1429,1.712024403E8,2030-01-01
I924337,186,1.920027166E7,
I928069,532,3.793879522E7,
I928620,1608,2.292517751E8,
I930765,1657,1.2958253624E8,2030-01-01
I930925,1897,4987083.81,2030-01-01
I938600,168,5614771.3,2030-01-01
I827934,-1823,9.42594225E7,2025-09-22
I834573,1700,5.244379901E7,2030-01-01
I823752,1631,1.4301441519E8,
I825327,362,1.313599966E7,
I829570,1806,2.5553854786E8,
I844291,-1176,1.4114917107E8,2025-09-20
I844591,-1698,1.8746209909E8,2025-10-30
I851571,698,5.631275895E7,2030-01-01
I851903,539,4.279672435E7,2030-01-01
I854142,-1296,9.069058016E7,2025-09-11
I855236,760,5.162631087E7,2030-01-01
I856479,760,2.728138084E7,
I859772,995,1.0546113507E8,2030-01-01
I860632,-1361,1.4762381274E8,2025-10-28
I865886,316,5151907.58,2030-01-01
I889087,-1041,4.927015406E7,2025-09-10
I898977,-1385,1.7404822906E8,2025-09-03
I904263,1330,1.5848386814E8,
I912728,1956,2.7898552566E8,2030-01-01
I913273,1729,1.7437976417E8,
I913730,1397,8.27760398E7,
I914183,1039,2.503916583E7,
I916270,-1046,4.800117011E7,2025-09-01
I921901,-672,3.635541413E7,2025-10-08
I924881,207,2.59732352E7,2030-01-01
I925261,959,6.613630096E7,
I930683,-731,7118607.19,2025-09-03
I935461,138,1.17428455E7,
I825192,774,5.577626651E7,2030-01-01
I834017,-733,820688.81,2025-09-10
I838492,1040,1.384970843E8,2030-01-01
I846174,-1389,7.288452106E7,2030-01-01
I847931,740,6.207551743E7,2030-01-01
I849625,-1150,6.06070614E7,2025-10-12
I850682,770,8.354431576E7,2030-01-01
I856919,1229,1.7082758363E8,2030-01-01
I857488,1044,1.2186908068E8,2030-01-01
I858078,521,2754317.26,2030-01-01
I862628,-1775,6.99199492E7,2025-10-08
I864406,-1097,7.213865452E7,2025-10-10
I872547,-1839,2.4692554254E8,2025-10-13
I877991,-562,6.083397836E7,2025-10-19
I878362,-654,1.179249145E7,2025-09-30
I882485,1843,3.134651137E7,2030-01-01
I883940,1627,1.066147212E7,
I884217,-1888,3.947886437E7,2025-10-23
I886713,269,1.922120302E7,2030-01-01
I887150,-1055,7.432983609E7,2025-09-26
I893131,250,3.501051279E7,
I895828,1400,8.446941542E7,
I901853,590,5319037.27,2030-01-01
I903188,1576,1.866889827E8,
I905367,-1914,5.680208431E7,2025-10-24
I907768,1146,7.508763136E7,2030-01-01
I917101,1009,1.0615312835E8,2030-01-01
I919143,1252,1.8757656959E8,
I919263,1946,0.0,
I924810,740,6.572567551E7,
I924951,377,5.318490232E7,2030-01-01
I925169,254,1.221459145E7,
I933837,-1895,1.0286126784E8,2025-09-28
I934288,345,2.411231647E7,2030-01-01
I938425,-1873,2.1514509343E8,2025-09-24
I823878,331,2.412569728E7,2030-01-01
I831389,1387,1.7507037654E8,2030-01-01
I832446,750,8703853.95,2030-01-01
I833540,825,8.028088174E7,2030-01-01
I834980,1109,1.4397926726E8,2030-01-01
I823081,1830,1.6454189221E8,
I826029,474,3988349.69,
I829014,147,123288.1,
I835324,1048,5.532240787E7,
I837444,-1048,1.5693310324E8,2025-10-30
I839379,238,1.800160464E7,
I842821,1442,2.0018921224E8,2030-01-01
I845469,957,2.289997067E7,
I864791,423,3.837767875E7,2030-01-01
I874598,134,1.18034681E7,
I874708,195,2.381663863E7,
I876454,1576,1.4054735418E8,2030-01-01
I883666,1812,2.317533808E8,2030-01-01
I887865,1040,6.555174615E7,
I889590,-1008,9.596183812E7,2025-10-27
I897822,793,8.728900888E7,
I905777,-381,4.458656289E7,2030-01-01
I919810,658,9.533956544E7,2030-01-01
I920315,159,0.0,2030-01-01
I926403,695,9.814710268E7,
I931599,314,2.304590599E7,
I825556,67,9081186.57,2030-01-01
I827861,-808,9.687694946E7,2025-10-11
I840698,359,6736284.68,2030-01-01
I845858,214,2.712958562E7,
I848800,1138,1.5844728571E8,2030-01-01
I857428,1225,1.183345204E7,2030-01-01
I858879,-815,7.562767864E7,2025-10-10
I859492,-310,3.047682532E7,2025-09-17
I866069,1724,2.1343764283E8,2030-01-01
I869317,-1304,1.9142472806E8,2025-09-18
I870832,-1664,2.251384399E7,2025-10-13
I871583,-458,2.803542154E7,2025-09-30
I871860,645,7.392380021E7,2030-01-01
I876082,674,6.370277102E7,
I877395,175,4960730.93,
I878942,-608,2.724480946E7,2025-10-21
I881605,1911,2.933791275E7,2030-01-01
I885670,710,5.939179886E7,2030-01-01
I887718,-480,1.922879291E7,2025-10-04
I891659,1476,8.272302951E7,
I893667,-362,1118383.91,2025-09-24
I896325,1914,2.112501778E7,2030-01-01
I910522,-337,2.508838764E7,2025-09-06
I918009,557,1.365937809E7,2030-01-01
I924162,-1235,9.39270922E7,2025-10-15
I924257,-1248,7.771532228E7,2025-10-08
I926149,624,9267687.04,2030-01-01
I934241,1333,1.2353522678E8,
I934351,-240,3.088181834E7,2025-10-06
I936877,-1063,4.315180363E7,2025-10-05
I824871,-1681,2.74141703E7,2030-01-01
I825540,452,4684143.84,2030-01-01
I827043,1945,2.7883583344E8,2030-01-01
I833409,-108,1.390532978E7,2025-09-15
I835290,1118,9.131474998E7,2030-01-01
I835513,1123,4.542253604E7,
I839354,125,3096092.05,
I842524,-1225,1.0120733486E8,2025-09-11
I843740,-1855,8640889.37,2025-09-13
I845698,-149,1.640189243E7,2025-10-29
I846349,-537,2.734313274E7,2025-09-25
I847389,-1708,2.4984029521E8,2025-10-09
I850423,134,1.592940633E7,
I852667,832,4.475405316E7,
I854245,1217,1.0400497705E8,
I856575,947,3.752225183E7,
I856654,1581,8.697392031E7,2030-01-01
I860432,-419,3790268.32,2025-09-26
I862684,-1684,1.0008778373E8,2025-10-05
I864938,350,1.431039061E7,
I868628,1746,1.2059636142E8,
I876992,1931,1.49417268E8,
I878004,1759,1.2576955557E8,
I890969,1889,1.0997668232E8,
I898277,549,5.376343903E7,2030-01-01
I899271,1540,1.8472897348E8,
I901210,1813,1.5023050656E8,
I903744,1637,2.430581019E8,
I908118,653,4.941562954E7,2030-01-01
I911890,633,8.788146174E7,2030-01-01
I918407,1255,1.4234982655E8,2030-01-01
I923843,615,6.791870514E7,
I926221,-1041,3.190218634E7,2025-09-28
I933375,1486,6.320158074E7,2030-01-01
I937270,346,3.649388539E7,2030-01-01
I937292,-651,7.448593589E7,2025-09-10
I824834,870,1.1497964377E8,2030-01-01
I827525,578,3637726.96,2030-01-01
I823411,1242,2.228054532E7,
I826351,1818,2.6047786314E8,
I826823,1956,1.1996441227E8,
I845104,337,4581590.26,2030-01-01
I847089,-908,1.1910694074E8,2025-10-18
I852205,1660,4.450335241E7,2030-01-01
I854098,1615,1.8106348251E8,2030-01-01
I867870,1362,1.497841721E7,
I872163,1959,1.6778896279E8,
I883150,-1318,2.042783796E7,2025-10-15
I887856,1562,5.808422975E7,2030-01-01
I895045,549,4.151846601E7,2030-01-01
I896476,1461,1.1717641172E8,2030-01-01
I900369,-485,3.843411348E7,2025-10-06
I900449,303,3914757.58,2030-01-01
I900719,910,1.0175313404E8,
I900777,-828,5.09403459E7,2030-01-01
I901322,187,1.250665566E7,
I902373,884,7.2635202E7,
I902434,1804,1.5881118581E8,
I902948,-964,9.854301607E7,2025-10-25
I909137,-1807,5.63311723E7,2025-10-23
I910573,1585,0.0,2030-01-01
I913951,-1063,9.467103773E7,2025-10-23
I917758,800,2.128647537E7,2030-01-01
I920576,-1673,2.4168579891E8,2025-10-04
I921731,365,2.51744534E7,
I921936,-282,8038675.28,2025-10-22
I923544,1457,1.5265090834E8,2030-01-01
I925147,1552,3.317654713E7,
I925347,-606,6.516498263E7,2025-10-01
I927589,768,7.280770642E7,
I927734,-1835,2.7476009071E8,2025-10-08
I934204,-1747,2.26013278E8,2025-09-05
I936348,1198,6.394895257E7,2030-01-01
I944843,1088,8.360027865E7,2030-01-01
I946200,1356,7.567110811E7,2030-01-01
I949257,1798,4.619545691E7,2030-01-01
I950876,-985,4.284994282E7,2025-10-06
I947278,596,4.161007444E7,
I950015,1665,1.2614160787E8,
I954806,400,4.22786314E7,2030-01-01
I961628,590,3.198152588E7,2030-01-01
I962385,583,4.919205956E7,2030-01-01
I963003,-299,2.543349626E7,2025-10-12
I965864,-1034,6.303055688E7,2025-09-29
I971663,487,4.044323131E7,2030-01-01
I973420,893,6.522937333E7,2030-01-01
I974203,1169,3.984952635E7,2030-01-01
I979893,582,2.967248359E7,
I981255,-976,2.386534471E7,2025-09-21
I984036,1420,1.703276454E8,
I984839,1302,7.949909011E7,2030-01-01
I984994,518,4.65020383E7,
I986559,355,1.977092104E7,
I992404,145,1860573.33,
I996987,366,4.247080927E7,
I997501,-1056,1.857703812E7,2025-09-22
I999336,-1545,3.775706321E7,2025-09-18
I1003442,1530,1.1832941749E8,
I1004555,1563,4.807289286E7,
I1004783,924,3.826743717E7,
I938778,1995,2.653889306E8,2030-01-01
I946584,-1662,2.072460696E8,2025-10-04
I949601,373,4.0092011E7,2030-01-01
I946359,1218,1.26083972E8,
I952101,1628,1.442441899E7,
I952395,-1951,1.2834319213E8,2025-09-21
I953806,328,5600265.66,
I958411,-947,4.609150868E7,2025-09-01
I963924,-1018,4.213384337E7,2025-10-12
I967384,-409,1.851619506E7,2025-10-30
I972144,1816,4.377017401E7,2030-01-01
I974476,626,4.259975443E7,
I975447,-1002,8.314023115E7,2030-01-01
I975798,1617,1.0328342881E8,
I979368,141,727026.9,
I980235,-1903,2.148980342E7,2025-10-04
I983337,-469,2.805863124E7,2025-10-28
I984181,515,1.279668215E7,
I986450,638,7.413828561E7,
I996544,1041,1.5429392998E8,2030-01-01
I939344,1450,4.241350991E7,2030-01-01
I943443,-1822,2.6558699991E8,2025-10-10
I947340,1076,1.4501269785E8,2030-01-01
I951101,1207,4.120121334E7,2030-01-01
I942434,794,9471935.4,
I950089,1370,4.66017536E7,
I951080,1076,1.000812758E8,
I952433,1323,5.492788946E7,2030-01-01
I955875,667,7.103042999E7,
I959369,1243,4.145135658E7,
I968881,-799,7.714067213E7,2025-10-06
I970469,-328,2.273567343E7,2025-10-10
I971487,-1004,1.4680051864E8,2030-01-01
I975021,1298,1.0969047048E8,
I980300,-1918,2.7841441864E8,2025-09-10
I981037,129,4739687.89,
I986709,242,3.221668786E7,2030-01-01
I992946,1144,617806.32,
I993413,137,1.1376893E7,2030-01-01
I993638,-1544,9.413612295E7,2025-10-03
I994818,514,5.765984854E7,2030-01-01
I996999,-556,3.736077143E7,2025-09-12
I997360,451,0.0,2030-01-01
I1000642,-1109,2.73952066E7,2025-10-07
I1001754,1092,1.085688474E7,2030-01-01
I943315,95,7520856.3,2030-01-01
I943562,1490,1.183008858E8,2030-01-01
I943976,755,3.271969321E7,2030-01-01
I945643,995,8.22266841E7,2030-01-01
I947138,1186,1.6653888924E8,2030-01-01
I941228,1342,2.224033142E7,
I955088,1836,6.311387768E7,
I956722,1099,2.84630737E7,2030-01-01
I963791,901,5.030504916E7,
I964277,372,6705199.75,2030-01-01
I969549,-882,1.0090944776E8,
I979880,-872,1.2868921171E8,2025-10-23
I993495,894,2.156923707E7,2030-01-01
I998701,-1581,1.7545747195E8,2025-09-08
I998755,-412,6.049992393E7,2025-10-25
I999439,75,9753846.28,
I1000883,154,795142.47,2030-01-01
I1004655,-397,5.287941361E7,2025-09-25
I942564,1126,1.421292745E8,2030-01-01
I943371,-613,4.114796872E7,2025-10-06
I939872,889,1.2931540303E8,
I952301,677,8.189850884E7,2030-01-01
I955842,659,1.963489023E7,2030-01-01
I957536,1913,2.968745814E7,
I962713,1630,1.639959744E8,2030-01-01
I962798,-493,7.199677143E7,2025-10-03
I966847,1603,1.594944483E8,
I967834,1589,1.5293460711E8,2030-01-01
I972387,928,7.451924706E7,2030-01-01
I979539,364,3.131114496E7,2030-01-01
I979696,1406,4.439979724E7,
I987411,1039,1.1306207579E8,
I990743,312,0.0,
I990862,-185,2.424725663E7,2025-10-11
I995365,1965,2.2140759012E8,2030-01-01
I996088,1493,1.5476682459E8,
I996866,1252,5.507482195E7,
I998543,-1343,5.539800045E7,2025-10-25
I999198,-889,9.709852569E7,2025-09-26
I1002557,474,2.055078074E7,2030-01-01
I1004348,432,5.857978535E7,2030-01-01
I1005112,1710,1.6614002084E8,2030-01-01
I1007606,-749,5.374008443E7,2025-10-31
I1008395,200,2.331878897E7,2030-01-01
I950719,-1928,2.0996632444E8,2025-09-02
I949737,1676,1.9431333111E8,
I951883,-744,1.103273038E7,2025-10-31
I956473,-1056,1.170701206E7,2025-09-22
I965308,790,1.1696790627E8,
I969953,1906,1.616324418E8,
I970415,259,1.303979694E7,
I972671,1913,4491527.42,2030-01-01
I978050,1319,9.758958965E7,
I985164,-1436,6.534180012E7,2025-10-27
I985555,921,3.375243874E7,
I986799,936,5.95134037E7,
I987160,232,2.98968914E7,2030-01-01
I991876,768,7.657380904E7,2030-01-01
I1001258,1018,1.880582978E7,
I1005358,1324,1.1298971435E8,
I1006041,-138,1.333849495E7,2025-09-18
I1009591,1832,1.5317261035E8,
I940791,-102,1.379647131E7,2025-10-04
I941677,-483,5.226018295E7,2025-10-23
I942912,1317,1.4910390705E8,
I949000,958,1.1801382921E8,
I955527,-457,1.787545728E7,2025-10-09
I956186,1616,1.6595465314E8,
I961114,-739,5.486422348E7,2025-09-14
I961223,-570,6.875310391E7,2025-10-06
I961840,1746,1.0288613675E8,2030-01-01
I963712,-1128,9.040064036E7,2025-09-25
I966140,1384,5.946184916E7,
I968699,-1698,1.6645672788E8,2025-09-24
I968904,-1923,1.9077139094E8,2025-09-05
I975910,-1328,1.7627524544E8,2025-09-10
I979870,1900,1.4828207808E8,2030-01-01
I980230,-1665,1.118942368E7,2025-09-25
I984847,1768,5.064397696E7,2030-01-01
I985167,-1145,1.3106295981E8,2025-10-31
I992392,-1279,1.5224076091E8,2025-10-12
I993032,-1565,9.833186325E7,2025-10-13
I994087,-123,1.616845535E7,2025-09-13
I999765,662,1.055144161E7,
I1003529,1330,1.5392073604E8,
I1003822,1902,1.6465026014E8,2030-01-01
I1006843,614,6.475772808E7,
I938955,-361,3.603776112E7,2025-09-01
I941326,1023,9.403626885E7,2030-01-01
I945587,-1538,1.3973764728E8,2025-10-03
I945458,867,8.493851574E7,
I948638,1521,2.1559698107E8,
I955153,-1575,9.915480158E7,2025-09-24
I957812,233,2338169.56,2030-01-01
I963883,740,1.99896873E7,2030-01-01
I967493,1753,1.918874013E7,
I969418,-1700,2.1173527639E8,2025-10-17
I972116,783,2.973954609E7,2030-01-01
I975640,496,4.756968069E7,
I978376,486,3.116495751E7,2030-01-01
I981365,-1884,8.990611205E7,2025-10-14
I983276,-1796,2.3128426828E8,2025-09-07
I984410,-1604,2.0306898883E8,2025-09-01
I985777,-1039,1.3958737709E8,2025-10-30
I986181,1276,1.7666289699E8,2030-01-01
I997326,-844,3.205410502E7,2025-09-19
I1003950,290,3.57227791E7,2030-01-01
I1005648,1891,1.8011458708E8,2030-01-01
I1005670,-1565,2.12986189E7,2025-10-16
I951690,-93,1.358662231E7,2025-10-05
I957446,-879,1.495713327E7,2025-10-04
I959155,1093,2.235276712E7,
I965427,967,8032030.94,
I965473,1717,1.9829426749E8,2030-01-01
I978808,-1032,9546377.02,2025-09-18
I983031,-515,7696107.53,2025-10-28
I988369,-755,1.0120450615E8,2025-09-08
I990416,1123,1.0269157821E8,2030-01-01
I995029,1592,3.364651356E7,
I1000188,851,4.406899325E7,2030-01-01
I1005356,536,6.159788586E7,
I1006443,-1657,4.289000458E7,2025-10-10
I1006911,504,1.489487932E7,2030-01-01
I1008384,891,1.0708828499E8,2030-01-01
I1009379,701,7.767017187E7,
I940472,1088,5.281906598E7,2030-01-01
I944146,1870,7.389199621E7,2030-01-01
I940130,439,5.090449943E7,
I958126,-1250,7386138.56,2025-10-22
I958587,-780,1.137807353E8,2025-09-30
I960866,586,2.270146759E7,
I961542,-830,1.407241197E7,2025-10-18
I965625,1942,8.66810097E7,
I966872,-85,1.237051428E7,2025-10-05
I972541,475,4.126373932E7,2030-01-01
I972999,1261,1.4088400211E8,
I980751,-1580,6.735183932E7,2025-10-21
I987427,542,2.927724874E7,2030-01-01
I1001324,866,2.944690858E7,
I1009009,1456,3.786270912E7,
I945563,-228,2.082301668E7,2025-10-05
I947129,-1165,2.868863776E7,2025-10-16
I947569,1321,7.917631848E7,2030-01-01
I949430,663,7.816060534E7,
I952621,-1712,1.1894716097E8,2025-09-17
I954780,1808,2.5089487342E8,
I956319,-943,6.74185293E7,2025-10-16
I956574,1314,1.2515923479E8,
I960445,1976,2.0911126E7,2030-01-01
I966316,1558,7.599640752E7,
I967543,1419,4424198.98,2030-01-01
I967689,1229,1.2222185876E8,
I968025,1778,5.525114519E7,
I968674,-1389,1.3811678499E8,2025-10-20
I979474,1839,1.4717986536E8,
I986931,1336,8.52348883E7,
I987598,1496,1.7732694196E8,
I989939,1663,1.9257276964E8,2030-01-01
I994551,1135,4.512200403E7,2030-01-01
I997817,1701,1.7507351524E8,
I1000335,-57,1567666.94,2025-10-01
I1008297,1525,2.1275443274E8,2030-01-01
I1009983,306,2.422079135E7,
I939970,1615,2.3875609652E8,2030-01-01
I946640,934,3.14065081E7,2030-01-01
I943339,644,1.40484966E7,
I953813,600,3.769996643E7,
I965428,-1711,2.2517975061E8,2025-10-31
I966470,1217,0.0,2030-01-01
I968457,-238,1.591476283E7,2025-10-05
I969534,1346,1.0054842353E8,
I973466,1247,0.0,
I975472,-758,8.198754977E7,2025-10-05
I990164,-1184,1.4177767076E8,2025-10-11
I996147,1250,1.0556478193E8,2030-01-01
I1005046,214,1.558968412E7,2030-01-01
I1007278,-864,3.703936371E7,2025-10-05
