item_id,units_sold,revenue,sale_date
I10071,622,5.250252148E7,2030-01-01
I10236,168,3737250.55,
I10420,1337,5.595246287E7,
I20000,997,1.3323780393E8,
I25677,1342,1.0783499228E8,
I28896,1272,1.6454638114E8,2030-01-01
I43368,-882,1.0317846088E8,2025-09-26
I46805,1676,8.193142961E7,
I47138,1521,8.130420849E7,
I53439,-430,3.884053328E7,2025-09-11
I58391,278,2.047360624E7,
I58992,1822,2.5608995658E8,2030-01-01
I60027,-410,3.457742938E7,2025-09-08
I65106,-1880,1.5811320341E8,2025-10-16
I72609,1362,9.996809307E7,2030-01-01
I80816,-1363,2.065795969E7,2025-09-01
I83175,1266,1.142381992E8,
I87417,-553,7.235876327E7,2025-10-25
I90403,1949,1.77709962E7,
I93946,150,1245110.17,2030-01-01
I94708,1780,2.2573943788E8,2030-01-01
I95421,1809,8.277555361E7,
I95692,1963,4.622150302E7,
I95985,632,5.665987355E7,
I96051,740,9.48425793E7,
I99101,648,7934389.55,
I99411,1197,3.942844929E7,
I101287,-960,3.861649784E7,2025-10-11
I107471,1207,8.773832651E7,
I107714,939,1.3103888563E8,2030-01-01
I110103,1242,3.185817119E7,2030-01-01
I110986,-1527,1.6311732475E8,2025-09-04
I112034,1174,1.116225867E8,
I117953,1907,1.5925910908E8,2030-01-01
I123104,1007,9530852.38,
I125198,-1407,9.424032976E7,2025-09-20
I125225,-1242,6.403405286E7,2025-09-27
I22923,1035,3.592777784E7,2030-01-01
I27387,990,1.2263517216E8,2030-01-01
I28341,1799,1.1700648136E8,
I29265,1997,4.870679828E7,2030-01-01
I31505,1498,8.48042223E7,2030-01-01
I31563,1028,1.2292113929E8,2030-01-01
I31738,-174,2.061969831E7,2025-10-07
I32739,657,7.311693419E7,2030-01-01
I32834,-1818,2.1384474032E8,2025-10-30
I36001,1551,6.95143284E7,2030-01-01
I46532,836,7.424884891E7,
I47964,1443,0.0,
I50003,302,3.658512247E7,
I61070,1202,1.4000701558E8,
I63793,158,3556118.67,
I69485,1601,1.3977183393E8,2030-01-01
I80223,1709,2.1942092791E8,2030-01-01
I91971,374,4.476509326E7,
I95653,-1193,3.228715842E7,2025-10-02
I98699,-1254,1.0505376859E8,2025-09-01
I107507,-910,6.878133403E7,2025-10-03
I108090,771,0.0,2030-01-01
I109655,340,2.071978893E7,2030-01-01
I110745,1480,1.9461038055E8,2030-01-01
I117149,-72,557642.18,2025-09-23
I118184,1031,7.645203309E7,2030-01-01
I121645,-1974,2.4411728235E8,2025-10-21
I126265,996,1.748521781E7,2030-01-01
I128163,631,3.863815591E7,
I15322,1467,0.0,2030-01-01
I10796,278,3.015718989E7,
I30322,1356,8.321683626E7,
I33308,-680,9198111.93,2025-10-26
I36187,-1958,1.9424369458E8,2025-10-07
I38441,1364,1.729735555E7,2030-01-01
I40314,-1027,1.2080284347E8,2025-10-16
I47218,1242,2.438573912E7,
I49060,1108,6.698421797E7,2030-01-01
I53775,719,6.636891789E7,2030-01-01
I54622,955,5.627415135E7,2030-01-01
I55238,1731,1.3301227639E8,
I57471,-1032,7.684611814E7,2030-01-01
I59143,1509,1.4222919098E8,2030-01-01
I59452,1764,1.3827495999E8,2030-01-01
I60391,263,3.403476804E7,2030-01-01
I60552,1572,1.4060732375E8,2030-01-01
I61453,-1128,1.087989445E8,2025-10-12
I61801,-529,1884834.86,2025-10-30
I61904,1550,7.402672163E7,2030-01-01
I67498,-157,1.782639745E7,2025-10-24
I72858,263,3704814.45,
I85722,-723,1.374548049E7,2025-10-19
I88448,-1736,1.8053063304E8,
I89124,-1783,2.2470685388E8,2025-09-04
I89215,725,5460012.36,
I91966,-812,4.894629037E7,2025-10-14
I97215,1374,4.403715258E7,
I99090,-804,6.158943011E7,2025-09-23
I104186,1281,5.09900883E7,
I107347,-512,5.910419186E7,2025-09-04
I108890,-1755,2.503860881E7,2025-09-02
I114219,713,3.21086481E7,2030-01-01
I114999,1674,5.757232935E7,2030-01-01
I120111,-1087,9.02163337E7,2025-09-13
I127323,1791,1.0827446695E8,2030-01-01
I29344,-61,1204906.09,2025-09-25
I30239,-1797,8.734283619E7,2030-01-01
I33108,1410,6.800965247E7,
I33205,417,5.235237597E7,2030-01-01
I34967,-1124,1.820317565E7,2025-10-16
I38820,821,1.0416285244E8,
I40356,-718,8.804763494E7,2025-10-12
I40777,740,9.550418242E7,2030-01-01
I42603,552,3.949362616E7,2030-01-01
I43803,-279,1.953856159E7,2025-10-05
I45850,772,5.535412241E7,
I50845,-901,1.2358405687E8,2025-10-09
I65396,1684,1.4946672234E8,2030-01-01
I65872,107,1.536451264E7,
I69048,622,3.280043172E7,2030-01-01
I72705,-1396,3.938634993E7,2025-09-04
I73200,1815,1.4207740953E8,2030-01-01
I73871,839,7.440721188E7,2030-01-01
I74003,-1493,1.7101484505E8,2025-10-05
I78730,477,6.855083566E7,
I80671,227,1.63223162E7,
I82229,1634,4.193864262E7,2030-01-01
I86964,-1959,1.8064620654E8,2025-09-09
I93177,114,2961877.1,
I95839,56,6441425.77,
I97291,-611,5.224996187E7,2025-10-27
I118440,346,1.154246477E7,
I120341,-473,6402173.77,2025-09-22
I10976,1598,2.1649687993E8,2030-01-01
I12177,-1219,1.230668354E8,2025-10-14
I19438,1823,4.648883161E7,2030-01-01
I25873,1136,4041390.87,
I29325,-1453,1.900135923E8,2025-09-27
I39541,1630,1.1731468097E8,2030-01-01
I39983,1285,1.4871549767E8,2030-01-01
I43694,1762,1.7315159004E8,2030-01-01
I43993,-1272,1.6699504006E8,2025-10-29
I44613,74,1.007241834E7,
I47403,422,3.946775186E7,2030-01-01
I50798,740,1.079840099E7,
I60024,846,7654849.91,2030-01-01
I60842,1278,1.720838296E8,2030-01-01
I66429,1754,3.197155142E7,2030-01-01
I72203,826,1.0062620879E8,2030-01-01
I77928,370,4.145889079E7,2030-01-01
I83576,242,1.984852614E7,
I84158,1855,9.180568387E7,
I85146,-1026,1.0547443461E8,2025-09-08
I87939,426,1.611964071E7,
I92166,200,1.250691159E7,
I93083,1492,1.1815684749E8,
I93462,1709,8.126476126E7,
I96729,1675,2.3326412688E8,2030-01-01
I98615,1377,1.8311032397E8,
I106156,-1751,1.7639383294E8,2025-10-04
I112741,-1104,4.889216682E7,2025-09-27
I113224,-130,267672.15,2025-09-25
I116417,1327,9330146.47,2030-01-01
I118850,718,9.695759996E7,2030-01-01
I123021,1692,1.7491136103E8,
I123320,-703,9.661868549E7,2025-10-04
I123748,1928,1.9013886363E8,2030-01-01
I126095,1283,1.6812786948E8,
I127103,1108,1.550691994E8,2030-01-01
I127723,785,7256974.24,
I10934,-1860,7.600825272E7,2025-09-20
I32024,1177,9.006125731E7,2030-01-01
I36402,-1116,6.763223642E7,2025-10-09
I40219,1347,3.373500464E7,2030-01-01
I41792,1436,1.7225091264E8,2030-01-01
I43149,-470,5627024.07,2025-10-24
I46199,186,5161752.86,
I49570,1365,1.540275889E7,2030-01-01
I62627,125,2731876.75,2030-01-01
I67409,-750,4.498369935E7,2025-10-31
I67665,233,1.40042833E7,
I69939,1646,1.7974006303E8,2030-01-01
I70750,300,4848485.73,
I70894,382,1452568.75,
I78852,1837,1.2288757584E8,2030-01-01
I85981,937,3.026444633E7,2030-01-01
I90933,1746,9.016623653E7,
I91004,527,1.474597098E7,2030-01-01
I92531,1718,1.1328268555E8,2030-01-01
I96506,-308,1.570196049E7,2030-01-01
I96524,427,4.677524916E7,2030-01-01
I99009,1862,2.5944931609E8,
I99867,1022,1.2780293459E8,
I103275,1566,2.631978825E7,
I111836,530,4.957621125E7,
I112641,308,2.961835744E7,2030-01-01
I113191,685,8.090484504E7,
I114235,117,1.528532853E7,
I116597,303,2.749421378E7,
I121445,1272,1.240684255E7,
I121576,1238,3.435783877E7,2030-01-01
I126001,1789,1.574632473E8,2030-01-01
I126686,608,1.935322933E7,2030-01-01
I128055,1398,5.400894887E7,2030-01-01
I15972,-710,3544249.92,2025-10-10
I14054,140,1.591622729E7,
,1306,1.653762748E7,2025-10-03
I23109,1136,9.183232567E7,
I24890,474,4.246955574E7,
I25860,-99,7331850.44,2025-09-15
I28498,1659,7.614725621E7,
I30976,1587,1.4578369152E8,2030-01-01
I38516,-1070,1.0897840361E8,2025-10-17
I39521,-364,5.377513736E7,2025-09-23
I42732,1912,1.9512733948E8,2030-01-01
I43171,-133,5980047.67,2025-10-04
I44055,1444,1.6290044878E8,
I49608,607,1.444577615E7,
I69377,-1042,4.719420395E7,2025-09-07
I70630,126,5740045.13,
I70708,-1543,4.779551328E7,2030-01-01
I79406,560,2.713932424E7,
I82314,734,4.068487867E7,
I83330,1310,1.1226218472E8,2030-01-01
I86911,-1931,0.0,
I93480,-535,6.3019607E7,2025-10-01
I95646,1394,1.7373869275E8,2030-01-01
I104187,-1900,1.9453552593E8,2025-10-20
I110118,468,6.606725393E7,
I111123,864,4.802541826E7,
I120780,482,5.89368518E7,2030-01-01
I122416,1053,1.4886045652E8,2030-01-01
I125933,1637,1.569502444E7,
I11951,-1238,4632767.79,2025-10-12
I22070,-1678,7.969340275E7,2025-10-05
I16882,1521,2.373484342E7,
I26706,797,5.531067913E7,
I28588,-1237,1.7912293145E8,2025-10-02
I33764,1440,4.661964865E7,2030-01-01
I36042,1415,1.0731225513E8,2030-01-01
I38673,-1444,9.509678442E7,2025-10-13
I38856,-1551,7.681772548E7,2025-09-19
I46996,904,3.227284483E7,
I51069,-1437,7.170094999E7,2025-10-25
I53505,1487,2.734173523E7,
I56896,576,5.992550231E7,
I61067,-529,3.022679997E7,2025-10-26
I64010,666,5.984895266E7,2030-01-01
I69151,1394,1.9079111E7,
I71803,-1177,9.961743151E7,2025-09-25
I73499,989,1.2523201894E8,2030-01-01
I74986,-1260,2.217265182E7,2025-10-24
I80777,1809,1.0128206639E8,
I81225,231,1301569.79,2030-01-01
I82881,1275,1.8400996212E8,2030-01-01
I92434,-800,9.582896387E7,2025-10-09
I94906,1669,1.1338941302E8,
I99268,-1948,4.718205687E7,2025-09-09
I100606,-688,8.870554282E7,2025-10-22
I102483,384,2.433300365E7,2030-01-01
I104166,-1315,1.3512134771E8,2025-10-08
I106582,544,2.193890052E7,
I110049,125,820500.69,2030-01-01
I112130,647,4.471903931E7,
I113216,-68,3708904.46,
I121336,-342,244278.43,2025-09-09
I121570,1080,6.157001614E7,
I11277,712,9.246271086E7,2030-01-01
I14243,1104,1.3873272002E8,2030-01-01
I14282,-1847,1.8141234866E8,2025-10-15
I16667,-1651,2.0352788019E8,2025-10-17
I18074,-1275,3.808217214E7,2025-09-20
I10953,218,1.077781787E7,
I29261,-1825,4.921074157E7,2025-09-02
I34039,1826,2.2574750423E8,2030-01-01
I34420,1018,1.3149832544E8,
I41459,-1320,7.291418955E7,2025-10-31
I41829,-1423,1.6880924221E8,2025-10-07
I45955,544,7.186526472E7,
I48695,333,1.862261301E7,2030-01-01
I55235,1872,2.6402547016E8,2030-01-01
I58232,-1972,7.82966529E7,2025-09-03
I61370,-1015,1.1293546286E8,2025-10-12
I61665,-750,5.13187869E7,2025-09-14
I66434,-1184,5.587446194E7,2025-09-24
I74150,-1734,7.322170407E7,2025-09-07
I77867,-1982,2.5027821306E8,2025-09-26
I79184,581,5.505852673E7,
I79281,-1326,7.77077495E7,2025-10-01
I79499,-1039,7.525390549E7,2025-09-01
I80603,410,3.682877473E7,2030-01-01
I83329,-1036,1.4624498596E8,2025-10-04
I94921,866,7.253442933E7,2030-01-01
I95140,1011,9.578597344E7,
I96383,1593,1.2472716871E8,
I102887,1129,5255438.23,
I107792,304,4.324713134E7,2030-01-01
I115815,-1561,3.761598453E7,2025-09-07
I118704,-1812,1.4603884909E8,2025-09-08
I118717,142,1276076.74,
I125848,1011,5.857976292E7,2030-01-01
I127214,472,2933276.06,
I16029,285,6207870.59,2030-01-01
I24481,461,3.971634252E7,
I28095,1237,1.42490524E7,2030-01-01
I33730,-370,2.725073819E7,2025-10-26
I35892,399,6926926.17,
I42611,314,4.415740405E7,2030-01-01
I47089,1290,3.339806764E7,
I48700,1369,8.223026514E7,2030-01-01
I57403,1070,1.3079979199E8,
I57678,1216,6.428847891E7,2030-01-01
I64694,1260,1.2791666138E8,
I66515,1902,1.3452178612E8,2030-01-01
I66802,-139,1.822966167E7,2025-10-16
I69179,1494,6.889131246E7,2030-01-01
I69655,1908,1.9782480072E8,2030-01-01
I78539,965,2.606132674E7,2030-01-01
I79067,202,2.69258482E7,2030-01-01
I79513,825,7.745853252E7,
I85139,345,3.378662364E7,
I86204,-1392,6.972763743E7,2025-09-09
I89866,1330,8.746981217E7,
I90107,420,1.78991478E7,
I94283,280,3.616760127E7,
I96183,1027,1.2043073454E8,2030-01-01
I96821,-1367,1.0325310015E8,2025-10-24
I104589,867,1.0385001836E8,2030-01-01
I105786,616,3.613930562E7,2030-01-01
I107071,1163,1.0095618975E8,2030-01-01
I109484,-490,5.798817724E7,2025-10-30
I114206,154,9288412.3,2030-01-01
I117660,1510,7.85016817E7,
I119346,1052,1.4183782839E8,
I120319,1693,1.379254601E8,
I121423,1426,4.546786673E7,
I122523,-1191,1.2792132348E8,2025-10-04
I124913,1715,4.843337272E7,2030-01-01
I127762,-1792,7.769298958E7,2025-09-05
I21960,1820,1.0644284655E8,2030-01-01
I22455,-1138,4.893207819E7,2025-09-01
I13797,908,1.0915456358E8,
,954,9.567104279E7,2025-09-03
I23394,1920,1.678435982E8,
I32056,-306,3.513873775E7,2025-10-24
I41309,1327,1.1833962863E8,
I42560,-1486,1.2626568291E8,2025-09-04
I45974,-1209,2.414183889E7,2025-10-23
I50802,1633,1.7677649096E8,2030-01-01
I54338,1916,9.246903597E7,2030-01-01
I56515,-472,2.911405932E7,2025-09-08
I57428,1481,4.141804092E7,2030-01-01
I57878,215,1.028400951E7,2030-01-01
I75183,-415,5.311261439E7,2025-09-02
I92448,1855,1.6929463982E8,
I93152,366,1.859312992E7,
I94056,1525,1.806175356E8,
I109885,1406,2.81191397E7,
I111569,-419,6.116461486E7,2025-09-19
I111898,564,4.524624892E7,
I116547,-523,2.674141346E7,2025-10-17
I11527,-1379,9.790116351E7,2025-10-01
I15677,-1316,1.8615880613E8,2025-10-23
I19180,-1331,5.797930587E7,2025-09-22
I10864,1323,9.672079516E7,
I17337,1992,2119640.86,
I17636,157,7816693.88,
I29329,-417,3.560390905E7,2030-01-01
I31280,963,5.81260832E7,2030-01-01
I37805,1466,8.467190754E7,
I38014,107,9934199.05,
I41041,904,0.0,2030-01-01
I44966,1116,9.072053549E7,2030-01-01
I45722,1264,3.276709982E7,2030-01-01
I49980,-1182,9.125902919E7,2025-09-29
I52259,1228,1.622742007E7,2030-01-01
I56352,-1577,8892846.88,2025-09-06
I57722,1723,4.040093225E7,2030-01-01
I63752,1874,1.558305713E7,
I63934,497,2.847136386E7,2030-01-01
I70384,-1772,1.0997773567E8,2025-10-31
I85847,478,1.425050385E7,
I90919,1682,1.7493867376E8,
I93072,1374,8.187237483E7,
I94852,-1619,4.681120659E7,2025-09-08
I96807,-903,9.372592151E7,2025-09-23
I97830,1805,9.597397808E7,2030-01-01
I102416,1506,5.667766592E7,
I102934,283,3.290224714E7,
I110763,500,0.0,2030-01-01
I115937,1844,1.8714071686E8,
I116157,436,1.933388189E7,
I120363,1211,1.3580529094E8,2030-01-01
I121401,491,0.0,2030-01-01
I122685,975,2395681.68,
I122708,1879,1.0839683268E8,2030-01-01
I128622,757,0.0,2030-01-01
I129512,295,6391621.59,2030-01-01
I138314,-1933,6.673750501E7,2025-10-30
I139852,-289,2.453031972E7,2025-10-03
I146228,-1724,6.487581461E7,2025-10-21
I148724,-1870,1.899742913E7,2025-10-15
I150048,416,5.834023784E7,2030-01-01
I151405,-1748,1.0449586581E8,2025-09-22
I152631,1802,1.9679342419E8,2030-01-01
I159399,649,2.017747422E7,
I165813,57,4852808.1,2030-01-01
I174449,-1301,8.28191982E7,2025-10-13
I176576,1240,1.3653490759E8,2030-01-01
I180136,1749,2.4447712866E8,2030-01-01
I182590,1308,1.3939265035E8,
I185277,1463,6.723396481E7,2030-01-01
I189103,-225,3.017913382E7,
I190599,1268,1.6657532595E8,2030-01-01
I195881,-600,4.660599705E7,2025-10-26
I196836,-745,1.0499947388E8,2025-10-27
I198467,1760,1.5360373027E8,2030-01-01
I199185,-1145,1.3588447543E8,2025-09-27
I213455,-180,2.445042764E7,2025-09-19
I214765,1797,2.2559840031E8,2030-01-01
I217826,1826,5.901413207E7,
I219971,454,4.955740968E7,2030-01-01
I227873,683,1.0039711152E8,2030-01-01
I238155,1568,2.0927962975E8,
I240312,1105,1.1778347812E8,
I242493,727,3.627146191E7,
I242642,821,4272168.07,
I129123,744,1.0716166287E8,2030-01-01
I135408,1121,2.263512685E7,2030-01-01
I137646,1863,9.151950346E7,2030-01-01
I138766,1747,7.424251772E7,2030-01-01
I140562,190,1.166405807E7,2030-01-01
I130915,133,1.024716934E7,
I140681,989,4.761515617E7,
I145539,149,2.207866185E7,
I148672,-1828,4.36633786E7,2025-09-02
I155238,1429,1.3012909598E8,
I160926,1602,1.9311584085E8,2030-01-01
I162886,-538,5.157141629E7,2025-10-18
I165611,989,1.4564746669E8,2030-01-01
I169096,96,1.351401533E7,
I172376,-54,565360.02,2025-10-10
I172735,1341,1.2420251728E8,
I173391,-433,1.50241284E7,2025-10-15
I185478,-710,2.781708321E7,2025-09-14
I189501,704,4545545.33,2030-01-01
I190442,1842,1.8007149116E8,
I193259,1712,1.9859645997E8,2030-01-01
I193418,-876,7.27658018E7,2025-10-21
I194249,1539,1.543077385E8,2030-01-01
I212214,-1847,1.7122336867E8,2025-09-21
I214753,1173,1.1379314937E8,
I218253,1733,0.0,
I229119,-829,8.230440634E7,2025-09-05
I236017,313,0.0,
I237608,-725,6138654.23,2025-10-14
I237871,-1136,5.64692069E7,2025-10-27
I132675,-1800,1.4048958979E8,2025-09-10
I134588,-1128,9.962022748E7,2025-09-08
I137523,-1152,4.122354483E7,2025-10-30
I145905,1915,1.857676817E7,
I151567,1255,1.420926594E7,
I161383,1246,7.809812818E7,2030-01-01
I163327,1444,1.7784050131E8,
I164281,1667,3.143873273E7,2030-01-01
I165041,897,1.0529971033E8,
I165774,71,8694311.79,
I170916,-458,4.887288831E7,2025-10-21
I180127,738,1.284270526E7,2030-01-01
I183162,-1224,3.380704194E7,2025-09-09
I184153,1039,2.875009026E7,
I186554,554,2.947060576E7,
I189503,-1776,1.344116077E7,2025-09-24
I200402,1109,1.5267531861E8,2030-01-01
I202074,-923,4.527678782E7,2025-09-23
I203918,1225,1.5842014478E8,
I208519,1644,1.4222224235E8,2030-01-01
I211062,976,2.245094052E7,
I212668,1655,2.335551177E7,
I222386,-718,4.175154376E7,2025-10-16
I224863,157,3281855.51,
I230255,-202,1.676974167E7,2025-10-21
I231911,1329,6.554937605E7,
I234824,186,2.723710475E7,2030-01-01
I238763,-580,6.660564657E7,2025-09-03
I239078,1428,2.654967451E7,2030-01-01
I242319,1514,1.073075616E8,
I243553,-1820,1.7194996263E8,2025-10-09
I128470,2000,2.2323470715E8,2030-01-01
I128925,-1259,1.7511113656E8,2025-09-28
I129424,-1343,3.800125665E7,2025-10-28
I129653,-607,5.104619976E7,2025-09-04
I130130,1771,1.4078986677E8,2030-01-01
I142188,1326,1.6276409061E8,
I146661,864,6.185426805E7,2030-01-01
I149092,905,1.2761156613E8,2030-01-01
I151322,1977,8.666836191E7,2030-01-01
I152956,-1358,1.6782062574E8,2025-10-04
I157830,683,2.979011327E7,
I167455,-58,1470128.9,2025-10-10
I167621,1157,8.273813079E7,2030-01-01
I172074,1127,7.863047876E7,
I173644,-1543,2.1488397362E8,2025-10-20
I173711,1301,1.3030308817E8,
I183182,227,1.148622498E7,2030-01-01
I185978,578,9612303.36,2030-01-01
I193530,638,7.441479373E7,
I202429,864,7.121888418E7,
I204973,683,5.642647799E7,
I205772,1831,2.1551892695E8,2030-01-01
I207044,260,4640013.62,2030-01-01
I212414,-1952,2.9033404997E8,2025-10-23
I219807,275,1.571361966E7,
I222089,336,8142410.33,2030-01-01
I227237,-1630,4.738770675E7,2025-09-16
I137263,1559,2.1840106735E8,2030-01-01
I132580,527,2.645213985E7,
I146093,-1091,9.080458744E7,2025-10-02
I148189,1240,1.4073664911E8,2030-01-01
I150114,-67,8314862.07,2025-10-14
I150725,735,4.074694264E7,
I152623,474,3.524197547E7,
I153004,1873,1.438037E7,2030-01-01
I153379,-1058,1.475523483E7,2025-10-27
I157940,104,1.551112241E7,
I165055,1523,1.754748331E8,
I166642,-1596,1.334291725E8,2025-09-29
I167521,863,0.0,
I169575,1475,1.2126965735E8,
I176450,1767,8.063786243E7,
I178742,712,3.005928706E7,2030-01-01
I182101,1439,1.3472003933E8,
I190264,1064,1.5103246748E8,
I193683,397,3.138630828E7,2030-01-01
I194713,-913,1.79528184E7,2025-10-09
I199189,1581,5.585177193E7,2030-01-01
I206123,693,5.61648783E7,
I206870,626,0.0,2030-01-01
I209502,1853,5.910794001E7,
I211860,-1135,8.159720004E7,2025-09-11
I212136,-285,2.039758746E7,2025-09-19
I216976,1455,1.843553039E7,2030-01-01
I220460,608,3.731106523E7,
I224720,609,5.641090222E7,
I224792,245,1.848140999E7,2030-01-01
I230818,-273,3.110394669E7,2025-09-12
I231700,1125,1.1264605518E8,2030-01-01
I234602,863,2.536369848E7,
I235422,690,6.654528589E7,
I243702,1849,6.435373529E7,2030-01-01
I244010,909,4.543295817E7,2030-01-01
I129761,1836,1.8710161983E8,
I143748,1987,1.4675332292E8,2030-01-01
I144519,555,7.270972843E7,
I148619,1383,1.1215333165E8,2030-01-01
I149583,1806,1.375404076E8,2030-01-01
I150532,-1972,2.6773256634E8,2025-09-13
I152674,942,3.981428536E7,
I153822,1369,1.3938175452E8,2030-01-01
I157457,-1304,1.9521152412E8,2025-09-10
I157817,1115,1.1452390055E8,2030-01-01
I166804,775,8.593356826E7,
I166819,1319,9.686130077E7,
I170999,911,7363832.93,2030-01-01
I174165,-230,3.12644613E7,2025-10-31
I176423,-512,6.179661457E7,2025-10-31
I178170,-405,5593413.35,2025-09-29
I179269,431,3.599635873E7,2030-01-01
I186122,700,4.328319151E7,2030-01-01
I187404,88,8785671.0,
I188297,1669,2.3260575175E8,2030-01-01
I188895,-1522,1.1846102867E8,2025-10-02
I192467,-923,6.735906975E7,2025-09-05
I193823,534,2.571050901E7,
I200612,-242,6974886.69,2025-09-10
I202606,-1184,1.4920804668E8,2025-09-28
I203128,-71,8067078.43,2025-10-16
I204259,-436,1.64776289E7,2025-09-14
I205195,454,4.594480963E7,2030-01-01
I214299,1564,2.1074555797E8,2030-01-01
I218672,757,3.435880841E7,
I219180,1075,4.654857179E7,
I227714,1039,1.332621223E7,
I231681,-1017,3.735513056E7,2025-09-17
I235559,974,7.459403115E7,
I240697,-717,2.775900563E7,2025-10-19
I243537,-637,6.796070971E7,2025-09-14
I142216,344,4.755526496E7,
I144838,1101,1.2107369937E8,
I147015,622,8.498134295E7,2030-01-01
I152268,183,5555092.51,
I157020,-1116,8.914886401E7,2025-10-04
I167699,67,7718488.93,
I167913,-746,3.03425766E7,2030-01-01
I171160,-1977,0.0,2025-09-13
I176327,1887,1.4876119225E8,2030-01-01
I185392,197,7871840.09,
I187607,-562,7.339080561E7,2025-10-13
I192713,-1126,1.5026713073E8,2025-10-25
I195260,364,5.006742408E7,
I197472,642,3839014.37,
I199839,1472,7.535856898E7,
I203255,743,2.298550293E7,
I214983,-1649,1.602289639E8,2025-10-03
I218411,1850,1.437747521E7,
I227491,-329,4.2962276E7,2025-10-11
I230957,1023,2.386535278E7,2030-01-01
I231234,-382,2.675285627E7,2025-10-28
I236103,1198,1.4807017862E8,2030-01-01
I129384,-1072,1.1498582699E8,2025-10-28
I129537,-626,7.215232486E7,2025-10-25
I137245,1957,2.3441673621E8,2030-01-01
I128820,146,3089680.75,
I140984,1686,1.7667210773E8,2030-01-01
I141631,-572,4.688802659E7,2030-01-01
I146462,1060,5.802571628E7,
I149333,694,4.919937606E7,2030-01-01
I150563,1106,1.1915023522E8,
I154789,-600,7.364286575E7,2025-10-26
I163298,716,1.595303645E7,2030-01-01
I164213,513,5828717.83,
I166272,-1220,1.4731573246E8,2025-10-22
I167623,-1078,1.1909052192E8,2025-10-17
I170785,-1695,2.5330387765E8,2025-09-28
I172098,655,2.812976012E7,2030-01-01
I173135,-1357,1.9266983394E8,2025-10-01
I174561,498,2.936273296E7,2030-01-01
I176970,1434,2.120227453E8,2030-01-01
I183907,217,1.05836024E7,
I187303,1027,6.261616088E7,2030-01-01
I193584,1875,2.0909836737E8,2030-01-01
I195392,-398,1.06331911E7,2025-09-23
I199042,1430,1.2563132077E8,
I202252,-669,3.495298803E7,2025-10-20
I204049,1721,1.5326916361E8,2030-01-01
I205719,-496,5.580339376E7,2025-10-28
I206205,654,9.733429716E7,2030-01-01
I207494,-735,1.0937020482E8,2025-09-06
I219054,-799,9.582253328E7,2025-10-09
I219539,363,4.086938611E7,2030-01-01
I229049,1682,0.0,
I229949,-1071,1.3971553982E8,2025-09-23
I231364,-218,6214227.19,2025-10-12
I231952,-768,1.0634645247E8,2025-10-15
I236783,-1651,2.146451258E7,2025-09-11
I243889,647,2.461553359E7,
I129223,-1878,1.7020057309E8,2025-10-27
I130520,882,1.1063288104E8,2030-01-01
I132312,1040,8.11017531E7,2030-01-01
I132374,1481,2.350729333E7,2030-01-01
I133245,-1200,1.5000740394E8,2025-09-25
I132248,-1263,3.912916388E7,
I136410,1603,1.0038617966E8,
I153623,-154,1.562696494E7,2025-09-23
I154140,965,1.0370760051E8,2030-01-01
I154979,-1500,1.8057137951E8,2025-09-07
I156047,1730,3.650112472E7,
I156907,-881,9.509615059E7,2025-10-27
I158944,71,9065974.48,2030-01-01
I158992,-384,5599820.17,2025-09-29
I159573,1023,9.904818246E7,2030-01-01
I161751,320,2.449782791E7,2030-01-01
I170702,1763,2.4270165065E8,2030-01-01
I170989,1222,9.078847532E7,2030-01-01
I174577,779,5.596994691E7,
I177904,275,3.118906512E7,2030-01-01
I181056,-1227,8.394910268E7,2025-09-12
I181071,418,2449825.5,
I181760,744,8.231283043E7,2030-01-01
I187113,-598,3.127211122E7,2025-09-26
I191607,-76,3552116.78,2030-01-01
I198855,-1536,9.477229492E7,2025-09-26
I203108,-527,2.036698169E7,2025-09-24
I210938,962,1.0064594123E8,2030-01-01
I213156,1486,1.5981209695E8,2030-01-01
I218561,227,2.541078587E7,
I222543,-1048,1.234222677E7,2025-10-09
I222682,-712,7.880604821E7,2025-09-11
I223510,770,8.024515971E7,
I227099,-1083,5.206667047E7,2025-10-03
I232226,-563,7.982929273E7,2025-10-22
I233150,1719,9381323.99,
I233429,-1974,8.894968367E7,2025-10-14
I238268,1863,1.4341822738E8,2030-01-01
I240097,676,1.13853719E7,
I241558,1211,1.5989267428E8,
I241886,1427,9.550526265E7,
I137872,496,1.636447223E7,2030-01-01
I138130,1632,1.4391604866E8,2030-01-01
I132729,1570,1.5660792051E8,
I137992,1203,1.1723292596E8,
I140515,1332,1.471205622E8,
I141928,125,1.332734738E7,
I142018,-475,4.093407676E7,2025-09-19
I142523,-615,5.072786008E7,2025-10-07
I147774,694,9.325036099E7,
I151078,1094,4.56653987E7,2030-01-01
I167798,963,1.0962820165E8,
I168552,-196,2.347098514E7,2025-09-16
I168763,271,2.132167135E7,
I181715,1068,6.186242231E7,2030-01-01
I184551,-1924,2.4146413208E8,2025-09-15
I185818,521,4.528135696E7,2030-01-01
I188151,-1201,1.4484989598E8,2025-10-23
I192634,-250,2.824785888E7,2025-09-15
I193071,-1527,2.088609044E8,2025-09-15
I193306,189,1.514458806E7,
I194718,1480,9.155785472E7,2030-01-01
I196155,-200,2.201811064E7,
I196918,-149,9206406.74,2025-10-17
I201851,306,1210918.44,2030-01-01
I205033,1528,4.106498012E7,
I205689,-781,1.546423715E7,2025-09-13
I207408,990,8.517484065E7,2030-01-01
I207498,875,9.453840776E7,
I210769,386,5.309504249E7,2030-01-01
I211295,600,7672161.19,2030-01-01
I212725,-1002,7.625114999E7,2025-09-20
I213120,-144,2.1503873E7,2025-10-26
I222786,1473,7.658334903E7,
I224662,-1137,1.2513785441E8,2025-09-06
I226503,815,2757475.04,
I226617,-1423,4.2352624E7,2025-09-13
I230383,-1787,0.0,2025-10-01
I232991,-671,7192064.89,2025-09-12
I234062,1751,0.0,2030-01-01
I235458,-1815,4.404210339E7,2025-09-11
I239118,436,1.763427401E7,2030-01-01
I129253,1113,3.794379371E7,2030-01-01
I140592,1489,5.814031355E7,2030-01-01
I148919,-473,6.704251829E7,2025-09-24
I150392,-1928,1.7809235017E8,2025-10-03
I155692,-823,1.61292106E7,2025-09-17
I157176,868,3.153050405E7,
I168820,865,8.174667946E7,2030-01-01
I169018,1764,1.8386274702E8,2030-01-01
I170533,183,4296729.01,2030-01-01
I173608,-869,1.298138389E7,2025-09-26
I176613,-1328,1.2043215691E8,2030-01-01
I177607,195,7114684.4,
I178749,-1638,2.0026367001E8,2025-09-06
I180038,1192,1.3509648257E8,
I182018,1166,2.905751803E7,
I185511,237,6506209.54,
I188940,-1534,2.1584508179E8,2025-09-29
I192369,1289,3.911503324E7,
I194633,1223,6.982257279E7,
I196942,422,3967063.94,
I197685,435,2.789512853E7,2030-01-01
I202703,646,733754.96,
I204344,321,3.889549825E7,
I204694,-1706,1.791171473E8,2025-10-21
I215153,1340,1.4150594762E8,2030-01-01
I217595,335,4.910305726E7,
I219021,-1406,0.0,2025-09-07
I220013,1073,6.755351037E7,2030-01-01
I226241,-414,4.484283398E7,2025-10-24
I230189,1460,9.30910267E7,2030-01-01
I237031,270,8522789.54,2030-01-01
I242921,-771,9.712606375E7,2025-10-25
I129021,-205,1.695283206E7,2025-10-29
I132140,283,4.118735243E7,2030-01-01
I135593,-1206,5.232928568E7,2025-09-03
I136757,-470,6.597461502E7,2025-10-28
I139980,-869,1.0076972477E8,2025-10-17
I146151,1763,2.4216836049E8,2030-01-01
I149737,1665,0.0,
I152843,-1607,8567556.21,2025-09-04
I154416,1168,6.765540516E7,2030-01-01
I173553,1567,1.664067655E7,
I177815,-1501,1.7576156302E8,2025-10-03
I178657,-349,5.115647458E7,2025-09-13
I192169,1577,1.3653704639E8,
I199254,-865,6.239070788E7,2025-09-07
I200055,774,7.533693452E7,
I201646,728,2.686424046E7,
I204371,1222,1.3091920129E8,
I204839,530,2.253782747E7,
I205082,241,3.421671236E7,2030-01-01
I207685,1298,9.246486222E7,
I209362,-1921,2.8487064234E8,2025-09-29
I212287,-680,6.289557149E7,2025-09-12
I216423,1761,2.3088681981E8,2030-01-01
I217018,1975,2.893083659E8,
I219226,-1320,1.207104053E8,2025-09-03
I220652,498,4.962984314E7,2030-01-01
I221930,-269,2690836.52,2025-10-19
I224400,1782,4.751095256E7,2030-01-01
I226491,-430,4.038862776E7,2025-10-02
I229557,172,2.172047167E7,2030-01-01
I239385,804,1.0731123756E8,2030-01-01
I241672,-1117,6.286289345E7,2025-09-26
I241892,1270,7863857.25,2030-01-01
I252236,1167,1.0138617509E8,2030-01-01
I246526,258,2.284991056E7,
I272106,464,3.797111585E7,
I277428,1311,3.683502149E7,
I285188,1621,4.60031057E7,
I286584,1611,6.934950705E7,
I286659,-1548,7.400494823E7,2025-10-12
I292840,-532,5.167318142E7,2025-10-18
I302839,799,1.181843462E8,2030-01-01
I304381,-1340,1.1982090055E8,2025-10-08
I305891,422,1.570334921E7,
I307721,618,7.177872406E7,
I316456,-432,3.210795787E7,2025-09-14
I318102,883,9.214866864E7,2030-01-01
I322493,1028,2.851494652E7,2030-01-01
I323435,-348,2.201529926E7,
I326284,1131,9.853932705E7,
I329252,1016,3.034895115E7,
I331310,1350,0.0,2030-01-01
I332150,652,7.721597774E7,
I333528,-561,4.779653754E7,2025-10-19
I342756,-1699,1.2060721291E8,2025-10-11
I345057,330,8286114.8,2030-01-01
I352749,629,4.519315823E7,2030-01-01
I352843,688,6.953779248E7,2030-01-01
I353762,1714,1.319392392E8,
I354508,1630,8.688153609E7,
I356320,1236,1.7662465235E8,
I358743,1110,6.367338799E7,
I358841,217,3.221993599E7,
I245003,1577,2.3008895731E8,2030-01-01
I246151,-1246,6.495338861E7,2025-10-03
I246695,641,6.639120799E7,2030-01-01
I250283,1152,9.129590222E7,2030-01-01
I245109,829,2.303101338E7,
I249521,702,8.169386986E7,2030-01-01
I250240,1144,5852823.16,
I263736,-242,8660995.6,2025-09-10
I265605,1977,1.0127143055E8,2030-01-01
I266206,1368,1.524249687E7,2030-01-01
I269011,574,8.087937715E7,
I276763,262,3.799070384E7,
I280543,-1550,7.751709424E7,2025-10-27
I282508,-1826,2.4727791837E8,2030-01-01
I285849,-564,6.402524519E7,2025-10-14
I286285,497,1.563363608E7,
I292162,-145,1.99490829E7,2025-10-27
I292176,1140,5.730485804E7,2030-01-01
I292377,610,8.088219702E7,
I292438,348,3.850771381E7,
I293754,224,1668335.47,2030-01-01
I295215,-1801,1.522751997E8,2025-09-27
I298189,1685,3.336534957E7,2030-01-01
I302631,1630,1.1063944819E8,2030-01-01
I304274,-1049,1.835869762E7,2025-10-01
I306615,964,3.658840925E7,2030-01-01
I308528,339,5289324.88,2030-01-01
I310630,1787,2735642.05,2030-01-01
I314422,1743,1.7144316142E8,2030-01-01
I315723,-1594,2.2198767968E8,
I316928,1009,1.36416017E7,
I322431,-412,2.505490747E7,2025-09-23
I324642,-1262,9.237380842E7,2025-09-10
I327999,287,1.822359643E7,2030-01-01
I334272,1705,1.4432195995E8,2030-01-01
I336132,-86,8723811.53,2025-10-28
I338417,-1965,7.890675555E7,2025-09-04
I338617,-1850,1.7038648212E8,2025-10-18
I338858,1261,7.07530529E7,
I340815,1381,1.8335597008E8,2030-01-01
I246937,763,9.182478268E7,2030-01-01
I248067,1955,4.17214629E7,2030-01-01
I251352,1794,1.3347523072E8,2030-01-01
I251423,836,5.366540597E7,2030-01-01
I253746,-424,5202624.06,2025-10-27
I259307,-511,6736313.62,2025-09-18
I268050,-1869,1.902252378E8,2025-10-06
I286553,503,4.693132508E7,
I286804,-1679,7.205099989E7,
I291535,-1905,2.4203689134E8,2025-09-28
I294414,-1871,1.125619905E7,2025-10-20
I295516,1684,2.3090727895E8,2030-01-01
I306070,1941,7642329.57,
I306740,639,7.259137091E7,2030-01-01
I307117,1654,2.2435336162E8,
I307481,1202,5.497516846E7,
I309459,-1811,2.518056995E8,2025-09-26
I311288,-932,4.87998748E7,2025-10-04
I311331,389,5.231388642E7,
I320091,116,1315975.63,
I320149,654,7.04946228E7,
I326091,-1525,1.650625199E8,2025-10-02
I327651,316,3.771243741E7,
I331205,686,8.936494594E7,2030-01-01
I335842,-261,2.476971899E7,2025-10-30
I338765,936,1.2949875673E8,2030-01-01
I343845,-1742,4.422714096E7,2025-09-08
I343925,-1662,1.4049346561E8,2025-10-26
I344027,348,3.774810909E7,2030-01-01
I348850,1283,9032770.57,2030-01-01
I352957,456,5.837929141E7,
I354434,1203,2.99648251E7,
I252226,1127,9.242764555E7,2030-01-01
I257251,1954,2.787796292E8,
I259599,638,9308085.17,
I259728,1974,2.253595243E8,2030-01-01
I264911,1925,8.055100556E7,2030-01-01
I265518,223,2.575945479E7,
I270208,568,1.716688013E7,
I272196,-1930,2.123108089E8,2025-09-13
I275827,1152,1.4209186192E8,2030-01-01
I276413,280,8130838.66,
I283415,745,0.0,2030-01-01
I283811,-247,3.525738852E7,2030-01-01
I286708,1203,9.905574611E7,
I287210,1931,1.9840034057E8,2030-01-01
I287720,-1332,1.9394462434E8,2025-10-31
I301516,680,4.412746746E7,2030-01-01
I307359,138,1.45498826E7,2030-01-01
I313943,1196,4.649970781E7,
I316836,-1736,2.5172993742E8,2025-09-28
I318299,1782,1.9377950025E8,2030-01-01
I319805,780,1.04775095E7,
I324423,806,2.052804885E7,2030-01-01
I327438,1136,4.48605066E7,2030-01-01
I331215,71,7404012.8,
I331597,884,9.440044632E7,
I342619,-1265,2538494.89,
I344308,1709,1.3017338188E8,2030-01-01
I348003,261,2.208485152E7,2030-01-01
I349571,-980,1.0506874329E8,2025-10-25
I349752,1408,4.233218259E7,2030-01-01
I350089,-1547,1.885517495E8,2025-10-18
I358325,1751,2.2398254207E8,2030-01-01
I244583,-1769,1.1885297923E8,2025-09-05
I245410,68,3316291.14,2030-01-01
I249295,1812,8.544351958E7,2030-01-01
I276141,1166,9.265569731E7,2030-01-01
I278907,536,8631697.42,
I287259,-217,4126010.47,2025-10-19
I291872,1172,6.542263278E7,
I293957,-1333,1.2763514798E8,2025-10-25
I300490,1042,7.325639744E7,
I302323,108,5719331.93,
I306616,1830,7.529983618E7,2030-01-01
I306749,-1937,1.7593478143E8,2025-10-16
I312176,-580,4.553251787E7,2025-09-16
I313122,1090,2.119890627E7,2030-01-01
I314981,1644,9.664291973E7,
I316158,-1698,2.0391097915E8,2025-10-15
I319444,-1093,1.4524314386E8,2025-09-18
I320804,-1025,2.191662905E7,2025-10-24
I325293,1135,7.040008228E7,2030-01-01
I330137,275,3.811412021E7,2030-01-01
I346760,1812,1.2110934246E8,2030-01-01
I355386,317,2.639809752E7,2030-01-01
I358010,1917,2.3763700294E8,2030-01-01
I358973,1950,1.6011561017E8,2030-01-01
I359642,-481,6.418194184E7,2025-09-12
I245138,165,527911.57,2030-01-01
I248494,-1982,2.831768932E7,2025-09-01
I261690,-1208,1.3074024654E8,2025-09-13
I263724,1912,1.4486012346E8,2030-01-01
I269187,1143,4.892144685E7,2030-01-01
I269433,627,3699825.67,
I269590,818,3.325101323E7,2030-01-01
I269984,-237,9639436.75,2025-09-13
I270507,1035,7.30795691E7,2030-01-01
I271760,1690,1.7568828414E8,
I277810,509,3.505220754E7,
I281381,-451,1.28773162E7,2025-09-29
I283785,1785,5.666956592E7,2030-01-01
I305636,613,4.797515678E7,2030-01-01
I314450,323,8035822.22,2030-01-01
I316926,941,5.745617145E7,2030-01-01
I320460,539,5.545568141E7,
I321947,610,8.069116745E7,2030-01-01
I322629,-374,1.425703877E7,
I326829,1929,2.6710007896E8,2030-01-01
I329107,1710,2.46034658E8,
I331089,1672,0.0,2030-01-01
I337592,-273,1.090683559E7,2025-10-29
I338897,1130,6.857600419E7,
I340819,-104,1.226030145E7,2025-10-19
I341806,1102,7.190051728E7,2030-01-01
I342649,1374,1.0546366376E8,
I342946,1987,1.4469616202E8,
I345467,-758,7.643621216E7,2025-09-19
I351641,-1092,1.4993960142E8,2025-09-05
I355154,-220,1.432289873E7,2025-10-21
I356270,921,2.588840294E7,
I357988,200,240649.97,
I359145,798,5.377075411E7,2030-01-01
I246731,-1996,2.1984170993E8,2025-10-24
I259467,1584,1.4071716944E8,2030-01-01
I262860,1837,1.3016711659E8,2030-01-01
I268384,1652,1.2661240765E8,2030-01-01
I270615,-295,4.424737566E7,
I276752,1967,6.403629229E7,
I281555,213,1.120752416E7,2030-01-01
I291829,406,1.137835202E7,
I297293,147,1.255739788E7,2030-01-01
I307330,1151,1.6269583982E8,
I310592,1333,1.1240324571E8,2030-01-01
I318004,-1456,6.057366407E7,
I327839,84,5891690.29,2030-01-01
I331794,-1542,0.0,2025-10-30
I334212,538,4401853.74,2030-01-01
I343696,-1227,6.631377587E7,2025-10-11
I344155,1527,0.0,2030-01-01
I346646,-929,1.3662948469E8,2025-10-31
I351154,244,4332897.4,2030-01-01
I355142,1678,3.344029796E7,2030-01-01
I356578,1500,1.9726565701E8,2030-01-01
I357448,1829,2.392083039E7,2030-01-01
I250912,1224,5031127.18,2030-01-01
I252629,549,2.868976037E7,
I263903,1899,2.0588694428E8,2030-01-01
I264246,-138,1938607.6,2025-10-10
I275833,-816,2.410254561E7,2025-09-27
I277333,1957,2.2121253387E8,2030-01-01
I284744,241,1.056993299E7,
I293926,480,6.844704106E7,2030-01-01
I296743,1399,0.0,2030-01-01
I297888,537,5.951548547E7,2030-01-01
I297902,1191,3.878023853E7,2030-01-01
I301371,-1246,1.4494311117E8,2025-09-04
I301517,-1730,9.952216914E7,2025-10-28
I305469,1767,2.6071912022E8,
I306478,967,1.3862175109E8,2030-01-01
I311242,-1407,1.9248370163E8,2025-09-23
I314480,1644,8.817766648E7,
I314777,1265,8.659077987E7,2030-01-01
I315631,1427,4840843.16,2030-01-01
I318166,-676,4.230120486E7,2025-09-19
I319438,-171,1.967585175E7,2025-10-24
I319898,1576,1.804499938E8,2030-01-01
I321463,926,3.650323642E7,
I324457,353,3.805862915E7,2030-01-01
I324848,1913,1.6358813973E8,2030-01-01
I330031,-1917,3.554729484E7,2025-10-11
I330165,1327,1.6215284786E8,
I333697,1695,1.2434486373E8,
I342375,104,6045907.78,2030-01-01
I345864,593,2.501407549E7,
I347376,1053,8.916276436E7,2030-01-01
I348443,533,3.406230637E7,2030-01-01
I348829,465,1.240718223E7,
I354107,1666,1.2214256685E8,
I356991,1329,5.384271032E7,
I250731,1430,6.506302012E7,2030-01-01
I256469,1675,2.4744231504E8,
I259641,551,2.957222116E7,2030-01-01
I267869,-953,1.149820846E7,2025-09-01
I268610,1855,1.1518790312E8,
I271834,1231,1.2020365466E8,
I273661,-1444,1.449076655E8,2025-09-05
I273823,58,7385686.93,2030-01-01
I279184,-1032,2315734.46,2025-10-19
I281422,1621,1.7755769046E8,
I285223,1955,2.6971038962E8,
I289157,1898,1.239070286E7,
I290734,-258,1932930.75,2025-10-23
I294336,1454,5.630773476E7,
I305724,-1263,3.141056121E7,2025-09-09
I306881,1228,1.1832698582E8,2030-01-01
I313847,1312,5.229855941E7,2030-01-01
I322436,341,3208560.29,2030-01-01
I323144,911,3.641386172E7,
I328401,178,0.0,2030-01-01
I329885,200,2.68400998E7,2030-01-01
I329999,1947,9.53698363E7,
I332033,287,3.059235027E7,
I337808,-1290,1.5114457837E8,2025-10-08
I340388,-544,5.827578936E7,2025-09-01
I341249,1437,1.9716096698E8,
I342071,-125,3681202.97,2025-09-10
I344379,261,6960294.44,2030-01-01
I349349,235,7761938.6,2030-01-01
I352325,-293,2.534566214E7,2025-09-08
I352526,951,0.0,2030-01-01
I355499,1028,1.0822209594E8,2030-01-01
I355533,-1224,1.5464988021E8,2025-09-16
I356188,1786,8.286376799E7,
I244079,1394,1.9220275232E8,2030-01-01
I250558,-377,3.390088024E7,2025-10-21
I254036,-764,0.0,2025-10-02
I255943,156,1770224.35,
I259458,1079,3.623407486E7,2030-01-01
I262541,236,2.865360811E7,
I264156,189,8508357.9,2030-01-01
I264209,-1508,2.0981623626E8,2025-09-07
I266917,592,7.278060473E7,2030-01-01
I268522,-618,8.575777959E7,2025-10-05
I270488,-1945,2.2746998362E8,2025-10-21
I270494,1163,2.287132126E7,
I272695,1736,1.5204663266E8,2030-01-01
I273736,689,9.528131429E7,2030-01-01
I279259,1348,0.0,2030-01-01
I279472,-460,2.095036579E7,2025-09-20
I281003,-725,8.461354218E7,2025-09-03
I297937,-996,6.080244872E7,2025-09-25
I300113,-1751,1.7417948026E8,2025-10-31
I305212,606,9573950.22,2030-01-01
I306430,586,6.64023501E7,2030-01-01
I308748,-1173,9.263264964E7,2025-09-21
I308795,-1095,6.115035411E7,2025-09-19
I310673,1039,1.1159369809E8,
I313759,767,5.298863863E7,2030-01-01
I314478,1990,1.8757794357E8,
I319065,-862,9.381149323E7,2025-09-17
I322796,1127,7.379056808E7,
I323848,1112,4.62529064E7,2030-01-01
I330157,-1692,3274295.69,2025-10-29
I338681,897,1.127323251E7,2030-01-01
I340196,1776,2.5737227887E8,
I344771,610,4880513.0,
I352767,1193,1.7655002529E8,
I357792,245,2.011627795E7,
I357850,739,4.318503966E7,
I248064,1015,7769511.46,2030-01-01
I250212,-1812,5.472411321E7,2025-09-16
I247105,425,2.277813847E7,
I253627,854,1.1344191201E8,
I260516,-959,8.436211811E7,2025-10-23
I261171,-1403,1.4160100598E8,2025-10-11
I267303,-1126,9.206682828E7,2025-10-12
I271565,-1079,9.40233681E7,2025-10-15
I276844,964,1.3378054688E8,2030-01-01
I284808,-1371,2.0142219099E8,2025-10-14
I291420,815,3289599.41,2030-01-01
I294308,310,9015969.6,2030-01-01
I295019,1087,1.5202456394E8,
I300216,-1594,1.576425234E8,2025-10-30
I301778,659,1.737323543E7,2030-01-01
I307132,-195,1.585578848E7,2025-09-19
I308309,-572,4.281464547E7,2025-09-05
I309468,1319,1.3839774677E8,
I317325,1094,1.3341095371E8,
I328902,1339,8670586.56,2030-01-01
I330746,-266,2.775848123E7,2025-10-20
I333019,303,1.092537523E7,
I337103,-747,9.96536847E7,2025-09-21
I337927,431,3.512917803E7,2030-01-01
I340992,-495,5.567047623E7,2025-09-08
I344617,996,9.79377064E7,
I347679,349,4.639766986E7,
I349126,904,1.2946462869E8,
I349758,-198,1.528530376E7,2025-09-24
I354699,-937,6.765277701E7,2025-10-11
I357343,-656,4.894930431E7,2025-10-27
I248455,1488,4.954442337E7,
I258490,402,1.636166908E7,2030-01-01
I264492,-1104,1.649482756E8,2025-10-23
I271978,1716,5.747985542E7,
I276502,1443,2.1486809594E8,2030-01-01
I276967,1750,2.871160716E7,2030-01-01
I278384,1084,8.713322225E7,
I285970,369,3.98291702E7,2030-01-01
I286706,-66,0.0,2025-09-22
I292860,213,9478993.7,2030-01-01
I293647,50,685609.88,2030-01-01
I302408,1640,2.3700829776E8,
I305519,139,1.464883234E7,2030-01-01
I307847,-1301,3.51163168E7,2025-10-10
I311392,1086,5.21745676E7,
I313891,976,7.453911158E7,2030-01-01
I321857,-1456,4.647834197E7,2025-10-28
I321999,1195,1.223522558E7,2030-01-01
I322841,-1559,3918381.35,2025-09-21
I323450,1733,2.289674366E8,
I324353,1912,2.2406382297E8,
I324467,-718,8.929755549E7,2025-10-30
I325026,1619,1.4722959835E8,
I328582,-1107,1.3169184174E8,2025-10-12
I336346,1701,3.418218501E7,
I337177,1398,1.9028140869E8,2030-01-01
I337378,787,9.053901846E7,
I343286,950,3.172433925E7,2030-01-01
I344056,1065,1.0303327172E8,
I365591,298,2.843579942E7,2030-01-01
I365629,-283,4.13224555E7,2025-09-27
I365857,747,3.033973705E7,2030-01-01
I371692,-1041,6.413023453E7,2025-10-24
I377667,-1943,3.853465672E7,2025-09-15
I377819,-760,9.132675019E7,2025-09-25
I378489,1673,8.250255052E7,
I378800,-899,9.101889907E7,2025-09-16
I390071,1197,2.269417596E7,2030-01-01
I391991,1932,2.8247881693E8,2030-01-01
I394058,1685,1.0250264518E8,2030-01-01
I396208,1564,5.876070902E7,2030-01-01
I398470,565,6.541186579E7,
I407795,1498,2.513375602E7,2030-01-01
I408398,1968,1.654804473E8,2030-01-01
I416592,852,9.397214487E7,
I418031,928,9.646538414E7,2030-01-01
I419091,206,2.084747194E7,
I419212,891,2.062158687E7,
I426033,-547,7.915967098E7,2025-09-10
I427944,-928,8.265610479E7,2025-10-20
I436655,736,6.449789384E7,
I441292,1891,6.602190583E7,
I444946,-1361,1.9521880987E8,2025-10-26
I451201,-1847,2.4731007285E8,2025-10-26
I452512,-1090,9.580938198E7,2025-10-11
I458640,1560,6.935954321E7,
I462948,647,5.002135513E7,
I472144,-640,3.461081054E7,2025-10-12
I472479,-1127,2.089375874E7,2025-10-25
I473729,1611,1.0013312778E8,2030-01-01
I367706,1129,1.0088427492E8,2030-01-01
I387030,-1636,4.874589878E7,2025-09-01
I387626,-1859,1.0980076412E8,2025-10-29
I387684,-1438,1.032460561E7,2025-09-09
I391768,1694,1.4403688239E8,2030-01-01
I391999,509,3.433418561E7,
I405282,537,2.959824612E7,2030-01-01
I410365,1523,1.4179895138E8,2030-01-01
I411397,-1337,1.7026732398E8,2025-10-09
I413374,635,7.877387956E7,
I413621,-793,6.674303955E7,2025-10-26
I417220,-564,2.896539347E7,2025-10-24
I418257,1470,2.1272996754E8,2030-01-01
I427133,1722,1.3218243307E8,2030-01-01
I429178,1538,1.0041827473E8,
I429487,143,1049708.61,2030-01-01
I432280,943,8.708420721E7,2030-01-01
I434071,309,0.0,2030-01-01
I436330,1770,1.8366624822E8,
I440460,-1931,2.1397273477E8,2025-10-14
I442012,1225,9.104504395E7,2030-01-01
I445188,485,5.002914807E7,
I452944,61,7183223.34,
I453090,-1585,1.1485349686E8,2025-09-25
I454801,1800,1.1298079762E8,2030-01-01
I458267,-1282,1.6658783267E8,2025-10-31
I460804,1494,5.296290388E7,
I462930,1938,6.911278223E7,
I467538,919,6.757521359E7,
I468483,1681,1.8980751461E8,2030-01-01
I470248,248,2.287856648E7,
I470355,1623,6.088743469E7,2030-01-01
I471297,516,4.655721744E7,
I473949,996,2.490658466E7,
I474245,1641,1.9741846559E8,
I364361,-1310,9.353557961E7,2025-09-19
I364259,1275,1.2555956385E8,
I365190,292,4720604.53,
I371949,1056,5691727.47,
I374155,-1809,2.6792271442E8,2025-09-12
I377946,1949,2.3078842456E8,
I383971,1987,5045504.66,
I384606,1801,2.5649172167E8,
I385265,830,7.928659923E7,2030-01-01
I386404,-1030,1.4796817201E8,2025-09-18
I387168,-1041,1.3105995992E8,2025-10-07
I387475,688,0.0,
I390630,1008,8.896315492E7,
I395131,1305,5403969.81,
I399711,-1054,1.0583047548E8,2025-09-23
I401984,1408,5.421225155E7,
I410811,-599,4.390738369E7,2025-09-28
I416729,559,4.734881619E7,
I420800,-1682,9.836655037E7,2025-09-28
I429717,710,9070417.5,2030-01-01
I437615,-1248,4.724375239E7,2030-01-01
I438764,-242,2.497882409E7,2025-09-15
I438977,337,0.0,
I440459,1777,2.4867518393E8,2030-01-01
I448585,-534,7.509943348E7,2025-09-04
I451264,-1790,2.44181451E8,2025-10-29
I453596,189,9202743.24,
I456055,-1339,8.357601468E7,2025-10-18
I456235,1236,6103410.08,2030-01-01
I461678,1765,6.229617003E7,
I462997,1248,7.109199042E7,
I468004,-1031,8.102980123E7,2025-10-24
I471998,-225,2.25028661E7,2025-10-19
I472997,474,4.527285788E7,2030-01-01
I362075,-134,1.499166306E7,2025-09-02
I367557,-1482,1.0559175782E8,2025-10-30
I368835,-989,1.536482602E7,2025-09-13
I369885,-1171,9.300528688E7,2025-09-05
I362736,851,1.74106259E7,
I365084,246,3.589749396E7,
I368387,1608,6.105102952E7,
I369838,475,2.950423239E7,
I370997,840,1.0229402359E8,
I371773,615,6.766583495E7,
I373356,-1700,1.983430602E8,2025-09-24
I376802,1182,1.0115917937E8,
I377423,342,4.812625312E7,2030-01-01
I378841,600,2.751858323E7,2030-01-01
I385065,-326,8458853.06,2025-09-14
I388901,-1193,1.49380181E8,2025-10-07
I391714,1174,7682289.9,2030-01-01
I400435,371,2.751262836E7,
I401093,-1575,0.0,2025-09-28
I401840,437,4.308923101E7,
I403956,1557,1.8580317638E8,
I404972,557,2.265962701E7,
I405402,-1740,6.65645133E7,2025-10-04
I406809,1306,4.606310301E7,2030-01-01
I407028,-236,1.395305835E7,2025-09-28
I409334,1574,1.9093374738E8,
I409533,1864,2.5784969212E8,2030-01-01
I411890,205,2.44995776E7,
I419227,-1012,1.4712732771E8,2025-09-20
I423579,1588,2.084856754E7,
I423921,1500,1.2587869641E8,
I426168,940,1.0462426027E8,
I428953,-189,2999813.36,2025-09-11
I430503,426,4.519791184E7,2030-01-01
I435672,89,2611850.63,
I438292,-786,3.50023132E7,2025-10-08
I439070,1509,0.0,
I443694,1967,4.76943437E7,
I444005,136,2752956.29,
I451116,1587,2.0782862626E8,
I456022,519,1590661.68,2030-01-01
I459035,1140,5.231563438E7,
I475327,1712,1.6660906186E8,
I475474,1172,1.0338888448E8,2030-01-01
I365323,-1143,8.931198794E7,2025-09-03
I366965,1909,1.972336372E8,2030-01-01
I367545,1447,1.1905439141E8,2030-01-01
I370185,-1412,2.329247904E7,2025-09-28
I361088,909,1.1652561E8,
I373673,1940,1.6447230142E8,2030-01-01
I379640,-1061,4.884210618E7,2025-09-07
I386612,1207,1.6583382543E8,2030-01-01
I387015,-1826,2.4788065031E8,2025-09-24
I389744,-370,3870653.76,2025-10-07
I389797,1703,2.4196284845E8,2030-01-01
I396386,-707,6.418062783E7,2025-10-08
I396855,-1383,2.447374409E7,2025-10-19
I397324,416,3.986795457E7,
I397781,466,4.463785451E7,2030-01-01
I401741,-678,4.359264812E7,2025-10-28
I402566,479,1.244947308E7,
I406034,1764,1.0080476109E8,2030-01-01
I407958,1985,9.40889093E7,2030-01-01
I413769,1687,1.734592278E7,
I415753,1277,4.498143404E7,2030-01-01
I420045,1148,7.796793068E7,2030-01-01
I421104,1117,2.546109375E7,
I423811,1073,1.5263654731E8,2030-01-01
I430727,-589,5.57135112E7,2025-10-05
I432189,-1417,2.487415023E7,2025-09-04
I435557,1270,1.3800623546E8,2030-01-01
I447501,-328,240754.16,2025-10-15
I447955,1294,8.102170748E7,
I449367,-1462,1.1741056743E8,2025-10-17
I450052,634,9.289188523E7,
I452933,306,3251392.35,2030-01-01
I453006,317,2.032943438E7,2030-01-01
I454439,1681,2.4357417287E8,2030-01-01
I454722,-1378,7.225443755E7,2025-10-15
I455480,1066,7.834257101E7,2030-01-01
I460861,1201,2.388549475E7,2030-01-01
I464918,1112,1.4619259884E8,2030-01-01
I472424,1108,3.997236219E7,2030-01-01
I473217,309,8383061.85,
I474903,1904,1.0113633643E8,2030-01-01
I364454,-1354,1.2143692784E8,2025-10-31
I364720,1493,3.983443469E7,2030-01-01
I365737,-109,1.569906172E7,2025-10-30
I365812,-301,0.0,2025-10-20
I369204,665,8.110261184E7,2030-01-01
I362063,896,7672720.8,
I363325,1350,4.480508439E7,
I363968,489,1.914223039E7,
I373012,-1375,1.1046914267E8,2025-10-20
I373794,-1657,2.1821998608E8,2025-09-04
I378474,-65,6583437.23,2025-10-03
I379399,165,2.379133227E7,2030-01-01
I385870,277,3.311914426E7,
I386669,-786,1.1241163597E8,2025-10-29
I391930,525,3.838481627E7,
I401200,339,8732193.94,
I405423,-1284,6.03979576E7,2025-10-04
I414243,-1758,1.1220836493E8,2025-09-02
I415305,1172,1.0141742997E8,2030-01-01
I417502,-1848,1.7036755808E8,2025-09-30
I420770,1901,1.6582382223E8,2030-01-01
I425895,564,3.005321081E7,
I437267,1015,3.342387789E7,2030-01-01
I447937,-488,1.718537542E7,2025-09-09
I452041,-380,5.419232928E7,2025-10-27
I453363,-74,5405291.69,2025-10-04
I457066,877,1.0325700293E8,
I458021,-1018,1.3032815667E8,2025-10-02
I462314,1556,1.4735799174E8,2030-01-01
I463455,900,5.428161747E7,2030-01-01
I464585,987,3039255.7,2030-01-01
I365272,-1092,7.242588184E7,2025-10-07
I369277,1397,1.017569354E7,
I372472,683,4.551013358E7,2030-01-01
I378882,1240,8.485818267E7,
I380739,-709,1.0385845931E8,2025-09-30
I381307,-250,1.150370038E7,2025-10-15
I381663,-844,6.624773891E7,2025-09-11
I386501,-703,3.396878558E7,2025-10-30
I392657,-132,7902554.28,2025-09-30
I393284,1692,1.3386700561E8,2030-01-01
I394214,-231,2.298495544E7,
I398659,-1203,1.6293761202E8,2025-09-19
I404401,1030,1.2060011059E8,
I410677,1707,1.3418032062E8,2030-01-01
I428186,700,5.176878154E7,
I432982,1711,8.539472521E7,2030-01-01
I437154,1262,1.491069824E7,2030-01-01
I444177,626,5.26061076E7,
I445186,192,2.806774045E7,
I450963,1262,7.892096485E7,
I454945,-1769,1.7753817698E8,2025-09-29
I455406,512,7.244813804E7,
I456020,-1788,1.962098382E7,2025-10-24
I456130,1343,1.2288260579E8,
I468791,-880,9.733601725E7,2025-10-09
I471050,1888,2.7396259888E8,2030-01-01
I472480,420,1.717531769E7,2030-01-01
I369305,1553,1.2209555044E8,
I375611,311,0.0,2030-01-01
I376678,218,580211.23,2030-01-01
I377808,-806,5.559166961E7,2025-10-26
I390470,-1758,2.2268542433E8,2025-10-11
I393033,1893,2.5623704159E8,2030-01-01
I395956,1587,1.1798708302E8,2030-01-01
I396988,830,3.504374843E7,
I397903,250,1.032910992E7,2030-01-01
I397947,1740,3.650337985E7,2030-01-01
I414756,1097,9.146670655E7,
I415687,1639,4.166756588E7,
I419021,-1850,2.6510448026E8,2025-10-04
I421698,1869,2.0850656743E8,2030-01-01
I423493,-1305,1.4832347229E8,2025-10-17
I424407,804,4.410434427E7,2030-01-01
I424661,-1195,1.2323399485E8,2025-09-05
I427326,104,1535977.16,
I435779,-576,3.606220403E7,2025-09-19
I441488,593,1510429.01,
I441995,1074,3.148322431E7,2030-01-01
I445738,1103,1.0149791678E8,2030-01-01
I448170,636,2.467749904E7,
I455435,870,2.687226458E7,
I459623,1697,1.7649771821E8,2030-01-01
I461797,1897,2.6707015849E8,2030-01-01
I468842,1915,7.216402636E7,2030-01-01
I469619,-1948,1.4756938056E8,2025-10-29
I470151,1291,1.0421085537E8,
I367494,436,1.810530354E7,2030-01-01
I369767,-1067,2639190.32,2025-09-15
I370027,489,4.606364762E7,
I377559,1411,1.5385995002E8,
I380691,-342,5080839.75,2025-09-09
I386722,-762,1.0988595523E8,2030-01-01
I387747,-777,1.547958804E7,
I392847,759,1.187901876E7,
I396210,1217,5.481076209E7,
I405828,-1000,6.670024725E7,2025-09-29
I407632,-728,1.0300615094E8,2025-10-24
I408637,1747,8.626820581E7,2030-01-01
I409094,861,2782972.37,2030-01-01
I413646,-517,4.04096876E7,2025-10-31
I424292,1413,1.2094710474E8,2030-01-01
I428962,740,4.351398381E7,
I429238,-220,4234314.16,2025-10-28
I434010,465,4.171997628E7,
I436515,1075,1.1345063609E8,2030-01-01
I445657,-450,7725691.59,2025-09-22
I452307,1072,6.293259241E7,
I465452,-194,7228557.84,2025-09-01
I474144,179,1.710004887E7,
I363190,-1061,8.783244405E7,2030-01-01
I366703,1853,6.951240366E7,
I371224,1792,2.355341868E8,
I373878,717,8.224129594E7,2030-01-01
I375079,1944,5.34951326E7,2030-01-01
I381745,1732,1.7060149604E8,
I381909,-518,0.0,2025-10-23
I387822,-88,9652764.11,2025-09-13
I391012,525,3.632917395E7,
I397900,1532,1.5858092889E8,
I402061,-1946,2.1101334353E8,2025-10-22
I402994,502,3.11066288E7,
I405103,1163,5.179848327E7,2030-01-01
I408051,1699,8.579645876E7,
I408386,1068,1.4345764265E8,2030-01-01
I409042,1786,2.3887500123E8,2030-01-01
I415498,1610,1.9308941332E8,
I425470,497,6.909886505E7,
I425951,644,4.348577463E7,2030-01-01
I432446,843,9.666427192E7,2030-01-01
I432717,-1511,1.6574828618E8,2025-09-16
I432813,1293,4.786617728E7,2030-01-01
I434439,-420,4.361632586E7,2025-10-29
I435398,-1189,1.0980665989E8,2025-09-05
I435698,1522,1.816883383E7,2030-01-01
I438525,-540,5.701007518E7,2025-10-15
I443760,1512,1.559437571E7,2030-01-01
I451383,-1531,1.102820652E7,2025-10-05
I457235,-905,3.447993079E7,2025-09-30
I463452,-512,1.578079596E7,2025-10-12
I471349,1117,1.6669796427E8,
I362037,-1806,9.364297668E7,2025-09-26
I362607,-1305,1.7045296234E8,2025-10-20
I363085,221,0.0,2030-01-01
I368294,1693,1.1271131122E8,2030-01-01
I363334,299,2.971235838E7,
I369669,-1766,0.0,
I370804,1061,8.388933153E7,
I378778,265,1.569348055E7,
I378806,839,2.470974306E7,2030-01-01
I383166,-1379,1.5476345843E8,2025-09-13
I384868,-530,4.376788665E7,2025-10-29
I386563,1241,1.5475999533E8,2030-01-01
I389881,1336,1.8898739541E8,
I391133,-1634,1.6915578992E8,2025-09-14
I394417,182,2.441172331E7,2030-01-01
I394677,1818,7.24826335E7,2030-01-01
I398856,1758,3.740273304E7,2030-01-01
I401724,840,6.706835246E7,
I402725,-1343,6309305.86,2025-10-21
I408340,-1482,1.9245335892E8,2025-09-17
I408678,-1110,1.2496573623E8,2025-09-12
I412852,1194,2.458865112E7,2030-01-01
I416204,-962,772982.73,2025-09-29
I417796,1798,1.8062837829E8,
I420003,675,4.367651144E7,
I420808,1964,6.549047889E7,
I429384,-1333,1.1468545318E8,2025-09-27
I434953,1197,1.1687400919E8,2030-01-01
I435001,463,3.749233831E7,
I440216,1906,3.236973183E7,
I443797,702,8.513805019E7,2030-01-01
I445041,-1309,5.502744588E7,2025-10-03
I447663,212,1.738434568E7,
I450246,-1448,1.7531367094E8,2025-09-25
I454742,1931,2.7198044303E8,
I460979,507,4.6214085E7,
I461728,-381,1.049139722E7,2025-10-25
I461745,965,1.091263367E8,
I465175,589,7.813093132E7,2030-01-01
I470713,1403,2.0547548996E8,2030-01-01
I472196,-624,4.974974757E7,2025-09-02
I361204,-879,4.617388948E7,2025-09-22
I361884,-1270,2.630590827E7,2025-09-11
I365869,-1785,1.0474211409E8,2025-09-19
I368293,477,4.876538041E7,
I374205,1437,4.898125526E7,2030-01-01
I374889,1723,5.413098919E7,2030-01-01
I374961,-1060,1.3268322284E8,2025-10-16
I376282,111,5520892.66,2030-01-01
I376286,-899,2.096806413E7,2025-10-14
I380510,94,1.261274191E7,2030-01-01
I387298,1666,1.2309996854E8,
I390072,-678,4.557379736E7,2025-10-07
I390318,644,5.730001188E7,2030-01-01
I391508,890,7.012148068E7,
I399964,-762,6.556619629E7,2025-10-28
I403384,-1244,1563191.73,2025-10-23
I405720,1671,7.900831542E7,2030-01-01
I412902,850,1.1762041647E8,
I413504,895,7.407726169E7,2030-01-01
I414684,-1333,1.7600265586E8,2025-09-13
I417119,1464,1.4635425677E8,2030-01-01
I419460,-392,2.378577757E7,2025-10-12
I428202,998,0.0,
I431579,1080,7.664912685E7,
I433114,1297,2.70373696E7,2030-01-01
I436830,-1396,1.8633323642E8,2025-09-07
I438817,1704,2.5192884458E8,2030-01-01
I439629,750,3.134259899E7,
I450254,931,3.072230724E7,
I455839,545,3.587953605E7,2030-01-01
I465478,-1267,1.1555040454E8,2025-09-19
I480597,1573,1.2772676466E8,2030-01-01
I484159,-253,6561938.64,2025-10-28
I487747,1507,9.345416153E7,2030-01-01
I482816,823,4.092907236E7,
I487703,868,8.936422454E7,
I491617,-953,8.102098539E7,2025-10-20
I494603,-1574,8.66130922E7,2025-10-19
I504712,-1378,1.7374121455E8,2025-09-09
I506350,-806,4.240351632E7,2025-09-16
I510508,979,5.856900149E7,2030-01-01
I513964,995,9.902846661E7,
I518844,-1237,1.257845933E7,2025-09-25
I522532,244,2.155768872E7,
I523564,771,6.23231019E7,
I527861,921,9.926909419E7,2030-01-01
I536392,1210,2.229752276E7,2030-01-01
I537454,-280,1426992.36,2030-01-01
I543506,-1407,8.918963647E7,2025-10-09
I547448,1883,1.365673114E7,
I552514,1666,1.423252541E8,2030-01-01
I553832,1064,1.1559927857E8,2030-01-01
I555233,835,3.525451931E7,
I555523,-504,7.072738889E7,2025-09-15
I559481,1346,2.0060246509E8,
I560427,-143,1.158975059E7,2025-09-08
I560690,1921,8.31279979E7,
I566016,1069,8.148671883E7,
I566577,1804,9.597696588E7,2030-01-01
I568379,738,4.248803382E7,2030-01-01
I570407,-786,1.0402752428E8,2025-10-30
I573026,522,1.519086691E7,
I573781,726,6.751759416E7,2030-01-01
I574572,1021,1.2397630781E8,
I590889,172,3035929.11,2030-01-01
I484815,-1193,8.023973398E7,2025-10-16
I487225,70,3714329.65,2030-01-01
I479520,425,5.396270744E7,
I483701,757,7.72506135E7,
I489496,345,1.49452863E7,
I496962,709,4120766.49,
I503400,578,2889035.5,2030-01-01
I504565,1365,1.304905299E8,
I504772,1208,7764613.09,
I506210,1115,4055922.78,2030-01-01
I506659,283,3715050.53,
I513629,308,4.145677118E7,
I515284,1673,1.378641519E8,2030-01-01
I515640,1271,1.6582206176E8,2030-01-01
I521482,1392,4.902240866E7,
I525791,255,3.095342596E7,
I525880,-486,4.220669581E7,2025-09-19
I532954,345,7708147.0,
I535187,-531,4.145749041E7,2025-10-31
I536960,-1455,2.727291746E7,2025-09-22
I539637,1115,1.697099481E7,
I543490,1750,7.938018886E7,
I543555,1783,3.308656002E7,
I547874,-438,5.612490035E7,2025-09-21
I548218,1491,1.8860496263E8,
I553793,1582,2.232571204E8,
I556885,652,2.829262998E7,2030-01-01
I557230,1809,1.6747714905E8,2030-01-01
I562290,1614,1.0231999673E8,2030-01-01
I569569,1236,1.421509736E7,2030-01-01
I574764,1533,4.619643055E7,2030-01-01
I577084,-1690,1.2898377409E8,2025-09-06
I577552,1814,2.2076298025E8,
I582115,-1100,1.1770894755E8,2025-09-23
I585150,-965,6.869484939E7,2025-10-20
I589392,1882,2.858969906E7,
I481608,-100,1025883.19,2025-10-01
I493027,724,3.789337181E7,
I501331,1482,8.263822329E7,2030-01-01
I504197,1447,1.6550395033E8,2030-01-01
I504683,-399,3.013443175E7,2025-09-19
I509333,388,1.928316045E7,2030-01-01
I513045,1914,5.894182572E7,
I518031,-1524,6.302742338E7,2025-09-18
I522163,-912,4.517181635E7,2025-10-18
I529534,1984,6.307846472E7,
I535451,353,8020452.06,
I536149,1806,1.7045853792E8,
I539014,1534,8221550.5,2030-01-01
I539607,699,6.693535897E7,
I544013,1501,3.144505483E7,2030-01-01
I544722,1466,1.4023017924E8,2030-01-01
I545214,1087,8.822179242E7,2030-01-01
I546487,-715,9.206396215E7,2025-09-27
I547892,383,5.394266484E7,
I549752,-1124,1.1596708427E8,2025-10-11
I557313,534,1.680321666E7,2030-01-01
I559924,1022,1.4584681516E8,
I561698,812,1.0340248542E8,2030-01-01
I562425,-672,5.324192469E7,2025-09-20
I564219,-83,5456593.96,2025-10-26
I568484,1671,5.290135355E7,
I571045,1453,8.859078948E7,
I573377,-1403,1.653554084E7,2025-10-31
I578242,1643,2.1933527143E8,2030-01-01
I580713,1088,1.017166401E8,2030-01-01
I584967,565,5.515173311E7,2030-01-01
I588431,930,7.053351312E7,
I591229,789,9869773.32,
I476344,-679,2.546902531E7,2025-09-28
I476625,566,7.25202444E7,2030-01-01
I490431,1787,1.523790365E7,2030-01-01
I498909,333,1.970337927E7,2030-01-01
I506144,689,7.545701295E7,
I506904,973,1.0954720854E8,
I528835,-698,5627556.92,2025-10-25
I554036,1900,2.6654175685E8,2030-01-01
I556573,-90,1112839.7,2025-10-21
I556998,-1154,1.14581866E7,2025-09-03
I563362,-998,1.2919130105E8,2025-10-30
I566784,204,9527612.59,
I569371,246,3.656847551E7,2030-01-01
I573169,-1619,1.8788732612E8,2025-09-26
I574213,-1873,1.8366055506E8,2025-09-21
I576866,726,4085576.43,
I578401,-1371,1.6620872283E8,2025-09-20
I580840,223,1.226438531E7,
I582566,-412,4.036147377E7,2025-10-20
I584033,-1602,2.345742564E8,2025-09-05
I585350,1970,2.3913406546E8,
I585900,700,8.13535978E7,
I589249,1441,1.8085944754E8,2030-01-01
I590095,1897,7.34115036E7,
I590801,-1757,2.4930837417E8,2025-10-23
I480061,1554,9.199931986E7,2030-01-01
I482699,1771,2.3507334878E8,2030-01-01
I485323,-380,3.286067571E7,2025-10-12
I478367,877,5.907088341E7,
I499301,-122,9939341.12,2025-09-11
I499434,-760,1.0162311081E8,2025-10-25
I505819,200,1.305992155E7,2030-01-01
I510566,1682,1.5568515328E8,
I517502,1327,3.295401923E7,2030-01-01
I528915,1278,1.8829233261E8,2030-01-01
I530990,503,6.539164714E7,2030-01-01
I538170,1560,7.376210199E7,
I539202,-1472,2.114300556E8,2025-10-24
I540615,147,1.250271439E7,2030-01-01
I544156,1935,2.5761714817E8,
I551660,1330,1.3202249359E8,2030-01-01
I553324,880,7.021471419E7,2030-01-01
I556377,1775,5.148669656E7,
I562729,-137,1939614.37,2025-10-30
I568261,-507,2.819241734E7,
I568369,-1468,1.163600131E7,2025-10-17
I571484,524,5.160636774E7,2030-01-01
I579309,754,5853171.0,2030-01-01
I477640,1245,1.5462285857E8,2030-01-01
I481223,572,3.804155561E7,2030-01-01
I482825,-1602,7.137163282E7,2025-09-11
I475903,1210,1.0455256114E8,
I488753,1614,7.649860155E7,
I493276,-760,3.241508548E7,2025-09-28
I494447,1585,2.2996600046E8,2030-01-01
I495310,-154,7399842.33,2025-10-16
I502024,-1261,1.6253409654E8,2025-09-06
I504452,-926,1.0750126875E8,2025-10-25
I505622,-1094,3.693171521E7,2025-10-17
I511869,1832,2.2451081785E8,2030-01-01
I514607,1685,1.0061400067E8,2030-01-01
I518631,189,1.114441037E7,
I521051,-1029,1.3116427718E8,2025-10-25
I524331,905,0.0,
I529469,1127,1.841962575E7,2030-01-01
I531167,1522,1.929549459E7,2030-01-01
I540695,1674,8.168038996E7,2030-01-01
I543110,-157,1.860861323E7,2025-09-05
I553758,664,3.792668338E7,
I554077,-335,4.950402819E7,2025-09-23
I555562,937,9.85296373E7,
I558836,1774,9.662107844E7,2030-01-01
I562905,1206,1.699325252E7,2030-01-01
I566113,845,2.938199305E7,2030-01-01
I568003,-1320,1.3405824735E8,2025-09-24
I569215,1474,7289610.21,
I570465,1196,0.0,
I579289,-238,2.768680525E7,2025-09-02
I585756,1804,1.8271178261E8,2030-01-01
I478897,196,804769.42,2030-01-01
I484953,1494,1.5380204527E8,2030-01-01
I490263,776,8.818450924E7,2030-01-01
I496302,1147,1.1803656595E8,2030-01-01
I497258,-418,3337961.89,2025-09-08
I501178,-1265,0.0,2025-10-02
I506346,1556,2.010457529E8,2030-01-01
I511321,904,1.205822299E8,
I511834,-64,4053232.08,2025-10-12
I514108,260,9347383.79,2030-01-01
I517005,1471,1.7274688759E8,
I517063,915,2.608478726E7,
I517258,1526,2.68468695E7,2030-01-01
I518101,1499,2.1124318163E8,2030-01-01
I519699,-600,7.320137021E7,2025-09-10
I527826,-1613,4282202.01,2025-09-14
I532499,822,1.1217195945E8,
I533360,168,5928497.34,2030-01-01
I540028,-1814,2.43183478E7,2025-09-23
I540523,-1204,1.1491978185E8,2025-09-20
I541934,1154,1.655403197E7,2030-01-01
I544794,-934,8.926035969E7,2025-09-14
I547873,483,4.681533016E7,
I551472,896,4.74201014E7,2030-01-01
I554831,1182,1.0302473001E8,
I561280,1573,1.0581624766E8,
I565937,747,5.842883353E7,
I570798,-691,6.745604651E7,2025-10-05
I573681,-960,7.141146544E7,2025-09-04
I575277,1608,1.3650930574E8,2030-01-01
I585998,-997,5.716564616E7,2025-09-03
I586927,567,3786268.36,2030-01-01
I481758,-466,6.651390423E7,2025-09-12
I483395,67,4157489.86,2030-01-01
I485334,300,3.825600956E7,2030-01-01
I486253,-1179,1.2529575801E8,2025-10-12
I477579,1708,1.0175635845E8,
I478482,844,9.795845463E7,
I489178,699,2.294391899E7,2030-01-01
I492540,1560,1.1733012036E8,2030-01-01
I496106,-891,3.089772658E7,2025-10-30
I498013,1411,1.2362888578E8,2030-01-01
I510376,975,4.842267541E7,2030-01-01
I517540,662,9.113459505E7,2030-01-01
I519341,1536,1.6284501722E8,
I520402,418,4.760947878E7,2030-01-01
I523611,1646,2.4495084202E8,2030-01-01
I525146,1708,8.436930254E7,
I526800,-144,2.021125965E7,2025-10-26
I528890,1123,1.5359353874E8,2030-01-01
I532209,-1791,1.4648797759E8,2025-09-27
I542101,-1615,2434805.18,2025-10-01
I547270,-594,5.836461218E7,2025-09-14
I547808,417,1.039686578E7,2030-01-01
I552913,-393,1.966507766E7,2025-10-26
I559485,-1214,1.0541982482E8,2025-09-01
I561590,1539,8.198020758E7,
I572904,952,1.683134984E7,
I575515,924,7.075192363E7,
I575587,-1692,2.2341118885E8,2025-09-11
I580583,1893,2.5884629633E8,
I581258,1446,4.060003088E7,2030-01-01
I581293,-139,1.617203259E7,2025-10-01
I582411,958,1.0255533243E8,2030-01-01
I582426,-1988,4.410025944E7,2025-10-06
I582473,1899,2.321437848E8,2030-01-01
I583352,726,5.890816713E7,2030-01-01
I587633,877,2.96185339E7,2030-01-01
I588882,-55,1107239.98,2025-10-09
I486225,397,1.178534446E7,2030-01-01
I478241,339,3.394841396E7,
I491499,-1243,1.3075900458E8,2025-10-19
I494112,-1629,1.5189455506E8,2025-09-30
I496956,-1380,1.0863995164E8,2025-09-13
I496998,-909,4.548350368E7,2025-10-11
I501524,278,2.731739087E7,2030-01-01
I505003,1209,1.0674430157E8,
I509736,-1798,8.129536989E7,2025-10-18
I523929,-1982,1.9006166394E8,2025-10-06
I524538,-938,7.411124726E7,2025-10-09
I525460,962,4.34927893E7,
I528404,1811,5.138255613E7,
I537035,-558,7.721557209E7,2025-10-20
I544967,1386,1260718.91,2030-01-01
I546874,1627,1.1281222198E8,
I547535,1533,7.290977295E7,2030-01-01
I553502,1893,8.619362288E7,2030-01-01
I564322,1586,1.0400820423E8,
I565115,-1666,5721970.31,2025-09-25
I565489,1487,8.639586615E7,
I565490,391,4.831959979E7,
I582243,-970,1.0996961865E8,2025-09-12
I582402,898,8.680881846E7,
I587829,-603,8.375613623E7,2025-10-28
I483678,1272,1.1015927668E8,2030-01-01
I488555,79,3617330.74,2030-01-01
I494369,1931,1.001932726E8,
I496868,965,4.706327702E7,
I498892,-490,4.234357071E7,2025-09-19
I502262,-234,4111081.37,2025-10-15
I502517,1681,2.2221451974E8,2030-01-01
I502849,1423,1.4211387761E8,
I515311,-669,2380214.06,2025-09-07
I517013,415,1.938382548E7,
I527563,-450,2.448509062E7,2025-10-18
I528611,-384,1.16273017E7,2025-09-27
I542303,984,6.192705148E7,
I546097,554,8606823.96,2030-01-01
I548165,-1182,1.1982198112E8,2025-09-24
I557587,933,1.2042692714E8,2030-01-01
I561491,842,9.033697142E7,
I565056,-748,8.089080949E7,2025-10-13
I572252,737,6.308483349E7,2030-01-01
I577554,858,1.23978552E8,
I578761,1759,3209815.28,2030-01-01
I581126,1237,7.891650735E7,2030-01-01
I583281,-1597,6.293961074E7,
I584257,416,3.464993681E7,
I584357,-1914,1.5659768294E8,2025-09-05
I584491,730,5.467502103E7,2030-01-01
I584572,85,7501731.2,
I588780,1263,7.451009211E7,
I478388,-752,8144224.45,2025-09-30
I480643,189,1.522268018E7,2030-01-01
I487309,-918,1.1876168237E8,2025-10-07
I476733,1092,1.2142652087E8,
I486406,1097,6.481852557E7,
I487129,248,1.141704121E7,
I490144,338,1.85443397E7,
I499944,915,2.352597483E7,
I500977,-315,4.128813837E7,
I504614,219,2.086398294E7,
I510489,1012,1.1668914557E8,2030-01-01
I519196,-1309,1.1212840869E8,2025-10-20
I519430,-261,3.652956159E7,2025-10-04
I520136,-1212,1.119005537E7,2025-10-26
I528216,1841,1.280316712E7,2030-01-01
I530162,600,8.793502549E7,
I531462,1306,1.2512486258E8,
I535297,1555,2.1824857429E8,
I538564,1238,9.572321411E7,
I540729,1953,2.9222024919E8,
I541103,1693,5025883.31,
I542061,347,1.899558056E7,
I552288,813,9.182857364E7,
I556082,1320,9.421859831E7,
I558871,1495,1.1257446932E8,
I559961,1863,1.751083166E8,
I561115,-1031,1.5224894601E8,2025-10-10
I561231,354,2.698169118E7,
I563701,-204,671145.44,2025-10-07
I575109,1452,6.766016901E7,2030-01-01
I578247,-122,8099097.94,2025-10-02
I580031,872,2.30200915E7,
I582239,486,1.576200735E7,
I477609,508,6.517516617E7,2030-01-01
I495298,633,3.571118424E7,
I498865,384,5.264921383E7,2030-01-01
I501266,-1429,1.618055646E8,2025-10-03
I506334,1050,1.3975775515E8,
I507983,334,1.744840276E7,
I509109,-1417,1.7573344408E8,2025-10-09
I519903,413,6.098124507E7,
I523923,1609,3.119649886E7,2030-01-01
I523968,168,2.386504401E7,
I528554,1099,2.160199782E7,
I534097,-140,1.703177117E7,2025-09-24
I536316,978,1.203134475E8,
I540823,-890,1365297.67,2025-10-13
I544965,513,5.249293129E7,
I545976,1305,1.6855224865E8,2030-01-01
I546517,-1851,1.4247605521E8,2025-10-10
I551471,1186,1.3664240031E8,
I554694,-639,3.625572276E7,2025-09-07
I555278,184,2.160311904E7,2030-01-01
I558611,-1945,1.0460091465E8,2025-10-26
I569699,560,1.8854832E7,2030-01-01
I580122,1389,2.659163616E7,
I582092,1366,1.2875995975E8,2030-01-01
I592041,223,1.13498359E7,2030-01-01
I596429,1132,7.18789657E7,
I603629,1882,2.357154134E7,
I610942,-1819,6.651458157E7,2025-10-04
I611415,525,4.082215341E7,
I614131,1494,1.0380041522E8,2030-01-01
I614567,1327,1.192203919E7,2030-01-01
I619711,320,4.472854894E7,2030-01-01
I628389,805,3.352649123E7,
I634767,-792,7.805544224E7,2025-09-25
I635401,-309,1.225215925E7,2025-09-27
I636474,1832,3.231630084E7,
I640456,983,1.2133655679E8,
I642073,-464,2.532478896E7,2025-10-02
I642492,-1775,1.881041733E7,2025-09-24
I645740,1809,1.30718556E7,
I646159,1967,1.1073668336E8,
I648462,-541,7389152.21,2025-10-08
I651364,1611,2.1888833697E8,
I653450,1654,2.2552697894E8,2030-01-01
I659836,1346,3.833025837E7,2030-01-01
I662952,817,3.924819656E7,
I666180,397,1.03269687E7,
I668119,795,1.632843507E7,
I669489,611,6717578.79,2030-01-01
I670499,56,5841219.78,2030-01-01
I675523,-570,5.337064422E7,2025-10-12
I675652,207,2.75093699E7,2030-01-01
I681733,1112,1.0931405284E8,
I682396,-337,4.940356409E7,2025-09-14
I682641,-133,6627457.07,2025-10-04
I688275,1156,0.0,2030-01-01
I690998,257,1.802955459E7,2030-01-01
I694368,1609,1.920639931E8,2030-01-01
I704544,1437,1.0934514522E8,
I705266,682,0.0,
I597172,1778,7.224207522E7,
I609566,-240,7488531.75,2025-09-29
I610680,567,7.866681593E7,
I612086,313,4.524865109E7,2030-01-01
I623151,1720,1.238606565E7,2030-01-01
I626490,1725,2.1089513601E8,
I626922,1355,7.483443235E7,
I629002,869,5.87322897E7,2030-01-01
I630405,-211,1.872386808E7,2025-09-17
I631299,-1960,3.987836562E7,2025-10-17
I633230,-1707,1.2403232733E8,2025-09-08
I639117,636,7.969640411E7,
I640607,897,1.1458287471E8,2030-01-01
I642664,1072,1.3149816689E8,2030-01-01
I644252,169,2.28161647E7,2030-01-01
I647680,-1654,7.065822686E7,2025-09-21
I655302,1633,7.354860009E7,
I655390,931,8.834256876E7,2030-01-01
I658821,1648,6.215030171E7,
I664702,-1690,1.7392382045E8,2025-10-18
I666471,1152,1.2660450334E8,
I670946,121,1690545.24,
I674804,-165,1.25013973E7,2025-10-10
I675566,980,1.0226778424E8,
I687113,51,1262192.06,
I690480,1562,6402681.54,2030-01-01
I692798,260,7028868.98,
I692878,955,4.922243155E7,
I692973,178,1.280708238E7,
I696787,1516,2.1640999269E8,
I699532,1868,1.9127750826E8,2030-01-01
I704395,331,1.748151368E7,2030-01-01
I591853,238,0.0,
I593390,1906,4046527.14,
I600663,1384,1.8642399022E8,
I604659,-1948,3.132274964E7,2025-09-27
I611340,1997,2.6141136127E8,2030-01-01
I626010,-1011,8843576.35,2025-09-15
I635569,524,0.0,2030-01-01
I640652,1139,0.0,2030-01-01
I640916,517,0.0,2030-01-01
I642116,147,0.0,2030-01-01
I649338,-449,6.470375723E7,2025-09-04
I649822,397,1.490646845E7,2030-01-01
I650781,1440,7.289800435E7,
I650951,574,5.343262956E7,2030-01-01
I651182,55,1336226.86,
I652325,-775,3.443631656E7,2025-09-08
I654880,-476,6.756970158E7,2025-09-27
I655283,1966,6.703894614E7,2030-01-01
I659249,603,3.319838633E7,
I661951,824,5.8418479E7,
I668868,1442,1.7009677748E8,2030-01-01
I670351,-1951,2.7143000619E8,2025-09-10
I671755,1893,1.7624952532E8,2030-01-01
I673836,1995,1.02771435E7,2030-01-01
I674135,756,3.231305578E7,2030-01-01
I676639,1938,2.162296896E8,
I679488,-1810,2.808591315E7,2025-10-24
I680420,715,1.0703655216E8,2030-01-01
I686147,-819,1.011883785E8,2025-09-20
I687274,1990,1.0634869131E8,
I692987,892,5.713077238E7,
I693464,186,1.465318764E7,2030-01-01
I694836,1473,2.0860019739E8,2030-01-01
I698475,-607,3.138566176E7,2025-10-16
I703934,565,4702873.7,2030-01-01
I593721,-1918,3.001158007E7,2025-09-16
I594213,-2000,7.661007116E7,2025-09-17
I594435,1762,7.281804971E7,2030-01-01
I599501,-791,8.710116387E7,2025-10-14
I601775,-1498,1.5113430763E8,2025-09-03
I602128,-472,4.017217778E7,2025-10-17
I602741,-495,7.011196207E7,2025-10-28
I595032,1394,7.386681503E7,
I598098,1606,7.567643626E7,
I604326,-1635,7.278455966E7,2025-09-22
I617623,1722,2.1989407343E8,2030-01-01
I620262,1315,1.1004912635E8,
I625047,1035,2.090565269E7,2030-01-01
I626702,1497,1.499734972E8,
I626883,425,3.508389942E7,2030-01-01
I634494,-1623,5.107480618E7,2025-09-19
I644648,-1401,5.101730057E7,2025-10-25
I652532,766,8.216628441E7,
I653066,-402,2.685591304E7,2025-10-30
I654266,104,9514733.63,
I662427,558,8.295351819E7,
I662510,-754,8.693298524E7,2025-10-16
I662513,1562,1.1135804126E8,
I663710,1875,5.821304357E7,
I664931,-1622,7.243109733E7,2025-10-05
I665349,1678,3.560837175E7,
I669717,1748,2.34619521E8,
I684924,85,140448.5,2030-01-01
I686973,911,1.1459583865E8,2030-01-01
I687490,484,1.833246289E7,
I688362,175,2.236158977E7,2030-01-01
I691892,-268,3.121072734E7,2025-09-12
I693569,-775,1.0121240022E8,2025-10-26
I699564,-802,7.542844196E7,2025-09-14
I700543,1954,2.9083081124E8,2030-01-01
I704681,460,6.813499611E7,
I593324,-215,3763183.06,2025-09-22
I600460,1474,9882624.77,2030-01-01
I594401,1028,7.289878602E7,
I610288,-1233,1.5339676765E8,2025-10-18
I611318,-1783,2.5070811474E8,2025-09-25
I612212,-839,3.773605278E7,2025-10-08
I612663,1020,1.479677289E8,2030-01-01
I614128,411,8370579.01,
I617131,-1560,5.87318088E7,2025-09-16
I629808,183,1663129.12,2030-01-01
I636554,1431,1.4412468328E8,
I637025,-562,8.130952529E7,2025-09-02
I640088,1213,1.5310092183E8,2030-01-01
I642942,-1770,1.4340076339E8,2025-09-06
I643685,1180,2.360600345E7,
I646782,1300,0.0,
I650135,440,3.932972033E7,2030-01-01
I656656,-89,1058479.08,2025-09-26
I658998,1671,1.2285512567E8,
I661654,1152,1.6368402722E8,
I662562,-1054,5.790463164E7,2025-10-30
I662660,1240,1.432595664E7,2030-01-01
I676017,362,4.013593661E7,2030-01-01
I677027,-1644,2.0485130693E8,2025-09-26
I677197,1716,2.3156771409E8,
I681586,759,7.525095905E7,
I681708,-1804,2.6498224848E8,2025-09-17
I683701,1028,1.2954318698E8,2030-01-01
I685259,1816,1.8304619165E8,
I685536,1610,1.8815889292E8,
I690293,-1385,1.0531781485E8,2025-10-20
I690708,-1358,1.4403399094E8,2025-09-05
I690866,276,0.0,2030-01-01
I692212,627,4.678580947E7,
I695948,1429,4.919666812E7,2030-01-01
I703053,862,5.038637072E7,
I704857,1386,2.818045165E7,2030-01-01
I596396,-1046,3.307211644E7,2025-09-15
I602206,-976,5.65668501E7,2025-09-25
I595002,63,1038401.5,
I603916,1532,1.7300078946E8,
I606273,-696,5.26224849E7,2025-10-21
I608118,1126,2.525314532E7,2030-01-01
I608762,1090,6306725.46,
I614278,1297,3.315081331E7,
I619034,1535,1.355185536E8,2030-01-01
I619460,1400,1.1131797086E8,2030-01-01
I620429,1149,9.11041431E7,2030-01-01
I621274,-1729,2.4452806097E8,2030-01-01
I623839,662,3.423012106E7,2030-01-01
I632225,-1902,1.0868442124E8,2025-10-16
I636580,-1265,8.449433106E7,2025-09-08
I637241,1876,1.4739406493E8,
I637396,774,9.746122168E7,
I640253,706,2.562465824E7,2030-01-01
I642880,-1837,2.5524776314E8,2025-10-09
I643258,699,7.303057678E7,2030-01-01
I648413,1528,1.1842741547E8,
I649229,-945,3.211931922E7,2025-10-10
I650217,1809,1.40963978E8,2030-01-01
I654255,-712,7.265205916E7,2025-10-04
I659188,-307,3.406209718E7,2025-10-25
I661152,1404,7.205017806E7,2030-01-01
I664180,-1832,2.1457636917E8,2025-10-26
I666556,-1275,1.4133486066E8,2025-10-16
I667859,-1929,1.9080863795E8,2025-09-14
I676088,-942,1.873013006E7,2025-10-03
I679196,-318,3.482476604E7,2025-10-23
I690465,942,1.0839244559E8,
I694067,-1962,4.459183093E7,2025-10-18
I694730,447,1.581835415E7,
I695851,1184,1.6159748936E8,2030-01-01
I696386,-1685,1.218349019E8,2025-09-19
I697185,-792,5.510621424E7,2025-09-15
I697719,-672,3.711204321E7,2025-09-08
I698380,1626,9.034034586E7,
I699204,614,3.978935611E7,
I706685,1835,1.278053568E7,2030-01-01
I591807,-1795,6.423768814E7,2025-10-17
I595419,458,3.069054285E7,2030-01-01
I600892,1947,2.4376634949E8,
I614992,-333,3427885.49,2025-10-29
I616961,596,2.436330349E7,2030-01-01
I618846,-970,4.736439963E7,2025-10-18
I622161,1848,2.6746221896E8,2030-01-01
I628373,666,2.014776047E7,2030-01-01
I638085,-1886,3255272.46,2025-09-02
I641548,1924,8.592858563E7,2030-01-01
I653714,-1089,8.598637417E7,
I654122,-1684,1.7453942779E8,2025-09-13
I657646,-1783,1.4036020582E8,2025-10-19
I658466,115,1.140519135E7,2030-01-01
I658873,1436,0.0,
I659285,-755,5.330213281E7,2025-10-22
I663867,-1693,1.4330496365E8,2025-09-18
I667990,-473,0.0,2025-09-28
I672231,-411,1.368215131E7,2025-10-11
I675515,-187,9243089.29,2025-10-20
I677882,1768,3.534890679E7,
I686097,-1388,3331343.91,2025-10-09
I699892,237,2.814808044E7,
I704641,1950,1.5970177825E8,2030-01-01
I592335,1709,1.2998267497E8,2030-01-01
I602360,1256,1.4822438621E8,2030-01-01
I603297,1934,1.2328335958E8,2030-01-01
I592958,928,1.211010268E8,
I600843,788,6.252727777E7,
I611869,677,4.668841353E7,
I612573,-118,1.720510903E7,2025-09-29
I619820,1030,9.021428739E7,2030-01-01
I626846,-1416,1.3799599376E8,2025-10-29
I628017,1967,0.0,
I632634,-1695,1.7217027055E8,2025-10-09
I633228,-1661,1.1107188015E8,2025-09-14
I634027,1584,1.3685052604E8,
I635968,635,8.545945394E7,
I639293,790,9.482700928E7,
I639698,-298,2.871283598E7,2025-10-05
I644064,-1680,1.9126173459E8,2025-10-17
I645695,1477,9.50570283E7,2030-01-01
I653807,133,1.232399945E7,2030-01-01
I656823,300,2443810.93,
I660235,56,7951168.19,
I662628,990,8.593518989E7,2030-01-01
I663635,-1790,1.2423718766E8,2025-10-10
I664915,742,8.342356651E7,
I667700,-1022,9.272134219E7,2025-10-20
I670887,575,6.73530158E7,
I671842,408,3.057818658E7,
I674935,-1982,1.238580543E8,2030-01-01
I676081,392,4.175431761E7,
I680834,817,5.380642761E7,2030-01-01
I684986,240,3.520063723E7,
I690294,1724,4.847699449E7,2030-01-01
I690958,-1616,1.1225762129E8,2030-01-01
I691295,-184,8414600.68,2025-10-16
I695645,570,5.550405558E7,
I697375,-1956,5.894911407E7,2025-09-03
I701154,1632,1.9750395133E8,2030-01-01
I593594,-1188,4.191714469E7,2025-09-01
I596941,1845,1.1838281148E8,2030-01-01
I602493,89,2157505.86,2030-01-01
I600190,1866,4.278905893E7,
I600318,1741,1.3363111307E8,
I617448,1684,8.717707468E7,2030-01-01
I617705,639,5.599792795E7,
I622420,1597,1.9905738079E8,2030-01-01
I624367,469,1.867258415E7,2030-01-01
I625569,-1371,7.299767404E7,2025-09-08
I627563,1588,1.2065666139E8,
I630495,1784,2.0204162447E8,
I640768,-1638,0.0,2025-09-08
I643622,1869,1.6247568125E8,2030-01-01
I647312,751,8.152767446E7,2030-01-01
I654529,-430,1.777926788E7,2025-09-07
I657050,535,3.995208209E7,2030-01-01
I657246,-308,4.420641265E7,2025-09-30
I657825,-1524,1.0858498355E8,2025-10-14
I658046,1967,1.8868578419E8,
I660104,1558,4.932398547E7,
I667497,-784,7.249861193E7,2025-09-07
I673780,-1692,3.703613506E7,2025-10-30
I675375,-1735,1.2382118485E8,2025-09-17
I682088,-135,2348367.9,2025-10-09
I684288,515,5.567738368E7,
I691051,902,2887629.84,2030-01-01
I691504,-1765,2.3661483998E8,2025-09-08
I692919,-190,2.399348062E7,2025-10-08
I694545,-1908,2.1603598209E8,2025-10-09
I694592,1436,1.9309383531E8,2030-01-01
I696568,789,8549080.42,
I696791,-553,1.720587691E7,2025-10-02
I697431,-295,1.126656267E7,2025-09-20
I701109,-489,2.166438768E7,2025-10-11
I702247,1320,1.0638607008E8,
I704114,-1097,5.305646146E7,2025-09-20
I705691,-422,1.772112054E7,2025-09-18
I593306,1938,2.2717220166E8,2030-01-01
I594437,-1688,1.1262514599E8,2025-09-20
I597118,-1935,1.3444046532E8,2025-10-25
I600197,809,4560699.11,2030-01-01
I602457,1001,1.315923023E7,2030-01-01
I600304,357,3.161247556E7,
I609001,1698,1.0553954471E8,
I612467,365,2.25055221E7,
I616875,1306,9.97721783E7,2030-01-01
I621197,1994,2.281894015E8,2030-01-01
I621551,1952,0.0,2030-01-01
I624132,945,3.260382329E7,2030-01-01
I625014,549,5.744578123E7,
I625263,575,3.158627958E7,2030-01-01
I625327,54,3639036.26,
I626535,-1853,1.5370232131E8,2025-10-20
I630040,-1610,2.0390079869E8,2025-09-11
I630620,146,1.524266901E7,
I632651,667,0.0,2030-01-01
I635254,1362,2.803208793E7,
I653579,-442,4.626817392E7,2025-10-04
I661617,90,2029834.98,2030-01-01
I662805,-251,4690811.44,2025-10-15
I663682,942,1.1834353923E8,
I672165,1491,4.070881056E7,2030-01-01
I672451,-1791,7.300821775E7,
I674573,-80,1.185813333E7,2025-09-12
I677225,-762,8.484704074E7,2025-10-30
I683365,-74,647091.94,2025-10-15
I685080,1911,5727876.42,
I686751,1677,5.909193062E7,
I687982,-125,1.180242834E7,2025-09-17
I690888,591,2.406068915E7,
I692732,1951,2.4500291813E8,
I697842,-1250,3.707915006E7,2025-10-29
I698599,523,7.412266101E7,
I699873,-52,2848897.71,2025-09-21
I700313,-445,2.232659313E7,2025-10-02
I700956,1875,2.0826672269E8,2030-01-01
I702385,378,3.353279605E7,2030-01-01
I591657,1168,0.0,2030-01-01
I593198,-1515,1.3331894116E8,2025-10-03
I593414,-169,1.10238674E7,2025-10-31
I595059,-188,3921469.12,2025-10-22
I601872,292,9791338.79,2030-01-01
I594725,1887,1.1588192681E8,
I611142,-1917,2.3799912651E8,2025-10-24
I611611,915,9.164522915E7,
I616873,1884,6.17038286E7,2030-01-01
I621163,-1559,2.4510747E7,2025-10-03
I621677,630,4.919840533E7,
I621928,293,2.245368426E7,
I627743,1964,6.07884932E7,
I630113,1218,6.499158709E7,
I630445,-708,8.971354245E7,2025-10-11
I633587,-994,2.765783912E7,2025-10-05
I637545,1092,4.999430087E7,2030-01-01
I641186,332,197073.86,2030-01-01
I641299,1063,9626349.34,
I657377,1072,1.0712948927E8,
I671083,123,1.047773559E7,2030-01-01
I672316,766,2.630386199E7,2030-01-01
I672883,209,8711052.44,
I674796,548,2.009527374E7,2030-01-01
I689735,1127,3777291.33,2030-01-01
I699635,103,1.147178185E7,
I592097,1291,3.340656257E7,
I592580,1990,1.358558956E8,
I593245,1927,1.8720015647E8,
I594144,549,5.830597681E7,
I601832,1122,2.551552865E7,
I609493,1307,1.2676956822E8,
I609866,413,1.545701188E7,
I611553,555,4.460971035E7,2030-01-01
I615707,506,2.320562345E7,2030-01-01
I619694,1779,7.805935442E7,
I621012,-1542,2.1940102333E8,2025-10-17
I627584,1570,1.0572218946E8,2030-01-01
I628989,1607,3.523570219E7,
I639113,-1991,5.101905119E7,2025-10-12
I640429,309,3.379206193E7,
I641718,630,7556184.54,2030-01-01
I644480,1072,6.703990196E7,2030-01-01
I644929,-1321,8.172962528E7,2025-09-05
I646634,-803,5867988.34,2025-09-29
I649152,-1211,1.4750351743E8,2030-01-01
I651349,1018,1.1904468153E8,
I656999,360,1800694.81,
I670302,-1012,4.794003345E7,2025-10-29
I672457,1474,7.692643953E7,2030-01-01
I674318,1625,2739137.94,2030-01-01
I681349,-1009,1.233550938E8,2025-10-14
I684261,-1777,1.1592279633E8,2025-09-28
I690981,916,6.810960979E7,2030-01-01
I691399,243,3.4591692E7,2030-01-01
I700665,1680,2.3548377687E8,2030-01-01
I701750,1340,1.7041453523E8,
I702224,-1995,2.6325186794E8,2025-09-02
I713525,55,2670511.33,2030-01-01
I715124,-142,1.861809063E7,2025-10-25
I719098,-773,1.1232174594E8,2025-09-08
I720817,594,2.851039087E7,2030-01-01
I722271,430,6.436585094E7,
I723579,749,3.777550189E7,2030-01-01
I724466,1147,9077683.36,
I727699,-869,9.208261224E7,2025-10-20
I731636,1272,2.265452854E7,2030-01-01
I733235,1370,1.7510721821E8,2030-01-01
I736094,-1310,1.4467250807E8,2025-10-06
I740113,1986,1.5297959799E8,2030-01-01
I741844,-135,1.581347004E7,2025-09-12
I742970,-780,3.522345058E7,2025-09-14
I743932,-1234,5.734700506E7,2025-10-14
I748856,1797,1.7472950158E8,
I751399,657,9.044039694E7,2030-01-01
I752748,474,4.468583228E7,2030-01-01
I754684,1917,2.8004995597E8,2030-01-01
I756686,1706,4.558433389E7,2030-01-01
I764294,-1681,1.3049194707E8,2025-10-19
I766885,-1929,1.0942788548E8,2025-09-02
I770773,902,4.44508416E7,2030-01-01
I783227,196,1.918366828E7,2030-01-01
I784521,279,3.3763525E7,
I786387,-1756,9234130.12,2025-10-27
I807971,-288,1.081787884E7,2025-09-06
I816964,-570,4.355410874E7,2025-09-14
I713793,-1632,1.3033764569E8,2025-09-07
I716925,-1946,6.965480653E7,2025-10-05
I717617,1654,3.274982867E7,2030-01-01
I721284,1443,1981599.47,
I725405,-257,2.305099025E7,2025-10-11
I728402,1751,1.4338622755E8,
I728934,-1783,1.3372565048E8,2025-10-24
I732491,-1337,1.9335255928E8,2025-09-19
I733340,-1455,1.2870456357E8,2025-09-25
I738765,1449,2.489122491E7,2030-01-01
I746040,1564,1.9869059645E8,
I747762,403,2.867785032E7,
I748778,-772,7.416375749E7,2025-10-24
I755850,1786,1.1816418611E8,2030-01-01
I758057,-777,4.044395539E7,2025-10-16
I762942,1365,1.300873302E8,2030-01-01
I768022,1428,2852719.01,2030-01-01
I769641,-1221,9.742678264E7,
I775307,1231,1.607113371E7,
I783629,1640,1.5848146828E8,2030-01-01
I793453,-1197,9.463018384E7,2025-09-09
I797933,1139,0.0,
I804973,-1206,6.801977048E7,2025-09-27
I804987,2000,2.9697842994E8,
I806847,-1333,7.707296815E7,2025-10-30
I810713,-979,1.2267535896E8,2025-10-25
I812407,286,2.627397689E7,2030-01-01
I812751,-1809,1.1682028004E8,2025-10-30
I813050,-1738,6110416.9,2025-09-17
I815046,-1594,1.4069442794E8,2025-10-22
I819336,417,4.72939244E7,
I821426,1720,7.818771704E7,
I708021,788,5.847302426E7,2030-01-01
I710213,-804,2.008941649E7,2025-10-10
I715824,229,2.978558258E7,2030-01-01
I711107,1236,0.0,
I716756,1591,8.99553287E7,
I717011,1651,1.9438167657E8,
I717907,1804,2.2485780094E8,
I721927,126,1.753271394E7,
I723681,1040,1.0390250897E8,
I728923,837,1.0981090938E8,
I731624,545,3.05236477E7,2030-01-01
I733313,1901,8.554327888E7,2030-01-01
I735037,414,2.528740173E7,2030-01-01
I736571,1248,2.853928873E7,2030-01-01
I737501,-1339,2.40597216E7,2025-09-17
I737719,-1085,3.913062517E7,2025-09-14
I738237,1094,6534372.14,2030-01-01
I740263,1015,1.1363812791E8,
I748247,894,2.324769253E7,
I752606,654,9.147874872E7,
I755941,-1615,6.370571241E7,2025-10-18
I760593,948,2.054508631E7,
I765283,657,2.405671956E7,
I767882,1877,4.945985778E7,
I768594,1047,7.477505486E7,2030-01-01
I770501,1197,1.343071467E7,
I774904,348,4.885783099E7,2030-01-01
I780642,-604,4.803019827E7,2025-10-10
I781823,52,2097566.47,2030-01-01
I783420,1111,5380505.82,
I784279,52,1396158.35,2030-01-01
I784303,1074,4.52274266E7,2030-01-01
I794202,-1031,7.882675099E7,2025-09-01
I803066,-582,2.946372675E7,2025-10-17
I814361,520,4.142172204E7,2030-01-01
I819278,232,2.751107255E7,
I821362,1681,1.1445043531E8,
I709554,1783,9.774975633E7,2030-01-01
I710043,1500,1.3765049009E8,2030-01-01
I716593,1869,5.875480524E7,2030-01-01
I718340,-1572,5.972363974E7,2025-10-16
I707403,1087,6.541032869E7,
I707893,1940,2.4583779579E8,
I712025,983,1.0170875344E8,
I712533,1674,0.0,
I723118,955,6.530116299E7,
I726334,-750,7.139583001E7,2025-09-01
I730243,143,1.20071924E7,2030-01-01
I735153,296,4.423782339E7,2030-01-01
I740824,-171,9082167.84,2025-09-28
I744966,-300,4196834.19,2025-10-01
I748589,1182,1.3158914619E8,2030-01-01
I754027,1926,1.0909144661E8,2030-01-01
I754069,-1415,1.5583308158E8,2025-10-14
I754222,832,1.1469640597E8,2030-01-01
I758748,1589,1.5865864607E8,2030-01-01
I760620,962,6.976320574E7,2030-01-01
I761629,1440,7.196559604E7,
I762255,1627,1.0872610275E8,2030-01-01
I773429,-455,4.804964656E7,2025-10-13
I787411,877,1.1593091725E8,
I790340,1862,1.3978188782E8,2030-01-01
I792473,-527,4.473406346E7,2025-09-19
I801300,-294,2.58633073E7,2025-10-10
I806216,-1417,1.248010346E7,2025-10-02
I808179,-887,5.700912836E7,2030-01-01
I812915,766,4.20471413E7,
I820528,1845,5.050836165E7,2030-01-01
I820740,-1109,3.267757576E7,2025-09-19
I708165,1958,1.3279124862E8,2030-01-01
I711974,653,9.731389035E7,
I714646,268,2.281838875E7,
I721415,1373,1.878483377E7,2030-01-01
I728637,1007,1.0806077632E8,2030-01-01
I731408,1964,8.569015232E7,
I741411,-253,3.212915137E7,2030-01-01
I741494,1588,1.7817409882E8,2030-01-01
I745986,1847,2.3025284695E8,
I751303,224,1.690368476E7,2030-01-01
I752610,-810,8.231196801E7,2025-09-27
I760801,1382,6.255957436E7,2030-01-01
I763499,-1348,1.7330725654E8,2025-09-25
I771390,-1451,2.0350735865E8,2025-09-06
I774274,-397,3.23358738E7,2025-10-04
I776930,-1339,1.5818886245E8,2025-10-12
I778628,-1575,1.9000699502E8,2030-01-01
I781876,-193,2.088655448E7,2025-10-26
I781888,1351,3.925725445E7,2030-01-01
I787608,1039,1.1032084654E8,2030-01-01
I796674,147,1.24102964E7,2030-01-01
I802110,1214,0.0,2030-01-01
I806400,1447,3.88953779E7,2030-01-01
I809821,1969,2.5635874809E8,2030-01-01
I814684,-485,8058407.54,2025-10-18
I815878,-410,9574560.67,2025-10-16
I816636,861,3.52905467E7,
I818377,368,4.967016677E7,
I821788,388,8077198.15,
I821909,1609,2.4007638136E8,
I821935,1101,7.767856349E7,2030-01-01
I712119,-809,7.800372786E7,2025-10-18
I714996,-189,1.358800613E7,2025-10-01
I716302,-1986,2.0965245777E8,2025-10-30
I718677,-709,5.858086034E7,2025-10-14
I718958,392,1.447278755E7,2030-01-01
I711025,769,1.0893699763E8,
I713280,1145,1.784151204E7,
I721737,-605,3.817329823E7,2025-09-20
I722306,1849,5.047883019E7,
I728490,1117,1.6138334176E8,2030-01-01
I733595,375,5497637.93,2030-01-01
I734511,-1094,1.1076265385E8,2025-10-21
I735680,1988,5.717973031E7,
I737806,465,1.396411455E7,2030-01-01
I740271,-1313,9.993946448E7,2025-09-02
I741085,1144,9.2995214E7,2030-01-01
I741638,449,9641649.27,2030-01-01
I742416,-987,2.471865991E7,2025-10-04
I742832,676,1.032662214E7,
I743588,353,3.291208E7,2030-01-01
I745659,860,3.783023293E7,
I751479,1968,2.7465931972E8,
I751781,356,2.256183138E7,
I758073,-354,5.239902502E7,2025-10-13
I766176,-1210,6.256604489E7,2025-09-16
I767799,362,9469776.29,
I774655,1656,1.5947283832E8,2030-01-01
I776084,230,1.473554959E7,
I778881,-1721,2.2153262971E8,2025-09-16
I778922,169,4756462.15,
I780839,873,7.944325569E7,2030-01-01
I781864,417,4.680697853E7,
I783535,134,8130823.27,2030-01-01
I784987,-1801,2.4378499529E8,2025-09-08
I787313,-230,2.959800872E7,2025-10-30
I788309,70,4566549.6,
I793544,-895,0.0,2025-10-01
I793645,-1692,4367132.23,2025-10-03
I797818,-721,6.589465545E7,2025-09-13
I799054,1324,1.9413824543E8,2030-01-01
I806248,-1094,1.4549975649E8,2025-09-24
I807236,-918,1.0832687026E8,2025-09-25
I809337,1851,1.4971008019E8,2030-01-01
I714440,-1001,4.014862016E7,2030-01-01
I715532,145,1.792626564E7,
I723437,-593,1.661157874E7,2025-09-22
I727907,1069,4.246642008E7,2030-01-01
I730391,-497,6.476606662E7,2025-10-17
I730747,1795,2.6764195641E8,
I731428,837,1.2270909288E8,2030-01-01
I734573,624,3.859187302E7,2030-01-01
I735678,-1284,7.680085898E7,2025-10-11
I738073,-920,1.0785914193E8,2025-09-05
I738287,-1244,1.5042786712E8,2025-10-25
I742897,1799,1.8370203026E8,2030-01-01
I744324,571,7.09846446E7,2030-01-01
I746740,1593,4.700941915E7,2030-01-01
I747155,914,3.050727616E7,2030-01-01
I753471,366,1573204.23,2030-01-01
I757027,1893,6.708230289E7,2030-01-01
I762473,-803,6.918893365E7,2025-09-17
I793521,-1113,7.200824961E7,2025-10-30
I802429,1420,1.5639307353E8,2030-01-01
I803341,804,1.1277825597E8,2030-01-01
I805183,-712,3.807242283E7,2025-10-28
I807832,1051,0.0,
I808312,-818,7.480395656E7,2025-10-04
I814832,-1419,3.599417465E7,2025-10-31
I818276,537,4.255047568E7,2030-01-01
I710898,-136,1.726160264E7,2025-09-07
I714981,-943,1.0344088819E8,2025-09-21
I715891,-502,3.143120458E7,2025-09-19
I726123,1596,7889595.42,
I726518,1748,2.3535312211E8,
I727780,-59,1732746.77,2025-09-17
I737118,696,1.11796712E7,2030-01-01
I742342,1500,1.7415489542E8,2030-01-01
I744015,1094,7.03668736E7,
I747060,1583,1.827287229E8,
I750552,303,3981243.65,2030-01-01
I750978,1186,2405665.54,
I751922,1487,1.0855677987E8,2030-01-01
I752576,1949,1.0174460327E8,
I752896,242,1.073736484E7,2030-01-01
I755023,-1439,1.1484721514E8,2025-09-06
I758692,1245,1.3610424514E8,2030-01-01
I760899,-1049,1.0939788414E8,2025-09-05
I769368,1472,8.892603065E7,
I771065,1126,1.4999130402E8,
I777031,1003,3.102075924E7,
I778733,-1907,1.6639944776E8,2025-09-07
I790655,1983,9.175245514E7,2030-01-01
I791963,1461,2.1237849917E8,
I792195,1628,1.6313767686E8,
I796442,-1140,2.167871312E7,2025-09-30
I797112,523,3.572091102E7,2030-01-01
I797344,-756,4.939624371E7,2025-09-17
I797348,-768,9.284918175E7,2025-09-18
I801554,1321,1.2248969189E8,
I817101,-397,1.47883894E7,2025-10-20
I818579,815,1.0357786635E8,
I820764,1246,2.844586771E7,
I711177,1665,8.488030983E7,2030-01-01
I713958,1698,9.90867346E7,2030-01-01
I720473,106,8540927.1,2030-01-01
I724053,-367,2.871295686E7,2025-09-07
I725966,1337,1.9742212185E8,2030-01-01
I729531,688,9.261667914E7,
I730078,113,1.28576564E7,2030-01-01
I731204,1200,5.231962782E7,2030-01-01
I731938,70,121891.73,2030-01-01
I732740,-53,2487292.03,2025-09-12
I738822,1650,4.962935006E7,2030-01-01
I741467,-425,3.853418611E7,2025-10-13
I741763,1904,4.875647386E7,
I746458,691,1.588950371E7,
I746650,1029,3.84558255E7,2030-01-01
I750533,795,1.0935041514E8,
I751913,1496,1.7461064224E8,
I759326,-537,2.92729892E7,2025-10-30
I760894,-1682,4.272873263E7,2025-10-02
I767233,-1632,2.0886786006E8,2025-10-24
I771611,-886,4.962763535E7,2025-10-12
I782583,1731,1.9542800414E8,2030-01-01
I785905,-96,2525788.0,2025-09-20
I787748,1031,6.508557007E7,2030-01-01
I791671,401,2.130879536E7,2030-01-01
I793184,692,1.015224393E7,
I793592,123,1.535762824E7,
I793795,1430,1.1558396203E8,2030-01-01
I796157,-123,1.601159206E7,2025-09-27
I805082,1850,2.5653697221E8,2030-01-01
I805753,1966,6.228435192E7,2030-01-01
I811017,666,7.572025381E7,2030-01-01
I811509,182,6059743.07,
I815488,-1720,1.0920311772E8,2025-09-02
I816312,56,4183020.78,
I817258,863,7.72313353E7,
I817564,-1918,2.5813493988E8,2025-09-06
I822881,-541,4.162574929E7,2025-10-24
I709909,1539,1.9130681342E8,2030-01-01
I713522,1984,1.5754257451E8,2030-01-01
I713953,117,2650339.38,2030-01-01
I713255,629,7.652942723E7,
I721748,1040,4.880205423E7,
I727603,289,2.555755813E7,2030-01-01
I735848,86,1.186317734E7,2030-01-01
I737517,1210,4.96152319E7,
I743444,-1881,2.195423642E8,2025-09-25
I753105,-1830,0.0,2030-01-01
I757977,429,4.260550061E7,2030-01-01
I762250,472,1.393361487E7,
I762439,939,1493183.65,2030-01-01
I767182,-1117,1.6113541143E8,2025-09-07
I768410,-1048,5.861188024E7,2025-09-13
I769684,1579,9.550919666E7,
I780957,1210,6.507792252E7,2030-01-01
I784155,238,7098878.46,
I786007,-644,1.781990777E7,2025-10-25
I789994,1010,1.4034852607E8,2030-01-01
I792761,-301,4.474236055E7,2025-09-20
I793198,277,4514930.52,2030-01-01
I794699,-1340,1.5643919708E8,2025-10-20
I795886,-1760,1.683397824E7,2025-10-12
I796146,890,3300404.63,2030-01-01
I796822,-518,5.92250993E7,2025-10-05
I801616,1616,9.064832645E7,
I805762,81,0.0,
I807241,1076,3.723246731E7,2030-01-01
I809584,850,5.049390955E7,2030-01-01
I815209,695,3.180882781E7,2030-01-01
I819139,114,6703548.04,2030-01-01
I820678,414,3.103938286E7,2030-01-01
I709614,-782,1.570368031E7,2025-10-31
I719796,650,7.577788002E7,
I721540,1229,1.551860024E7,2030-01-01
I723619,1767,9.350783087E7,
I727449,-1307,6.196058922E7,2025-10-26
I732083,930,4390204.98,2030-01-01
I736059,-376,3.538519041E7,2025-09-16
I739452,1629,1.1985051932E8,2030-01-01
I746179,486,5.219542335E7,
I747962,-623,1.302744706E7,2025-09-03
I753527,440,4.496811589E7,
I757399,1158,2.48145433E7,
I764835,-392,3.121602143E7,2025-10-30
I772572,-213,2.999236097E7,2025-10-26
I772664,1304,1.398607555E8,
I777020,1125,5.63609412E7,2030-01-01
I777887,1889,2.0290689158E8,2030-01-01
I778292,1603,1.5215766858E8,2030-01-01
I788959,-888,7.555884144E7,2025-09-27
I790368,-1703,4.245122712E7,2025-10-16
I791467,-1317,3.995672822E7,2025-09-25
I795095,837,5.132439099E7,
I796510,1563,3.245192372E7,
I797781,-1397,7.578343329E7,2025-09-15
I798569,-1693,3706446.76,2025-09-08
I804741,1115,3.281975676E7,2030-01-01
I808072,1359,1.5661174112E8,2030-01-01
I814297,310,2.532905217E7,2030-01-01
I814500,253,3.61847862E7,
I815387,-417,4.935536875E7,2025-10-30
I712395,-1428,0.0,2025-10-13
I715202,688,3.746965392E7,2030-01-01
I717885,-1232,1.403299875E8,2025-10-12
I710038,442,8112602.74,
I716144,1828,1.5607791981E8,
I722759,433,2.458143337E7,2030-01-01
I723383,-340,2.105300727E7,2025-09-17
I724612,869,6.672087614E7,
I726593,-759,1.699514589E7,2025-10-31
I731466,1171,6.344922647E7,2030-01-01
I733207,1807,8.087185094E7,
I738975,-1045,0.0,2025-09-15
I743691,-1502,1.7950102417E8,2025-10-27
I747187,-1773,2.214917841E7,2025-10-12
I753106,1456,7.965330518E7,
I767237,-1801,2.0698658746E8,2025-10-22
I771388,1343,9.581412458E7,
I772867,325,1.258670379E7,
I773611,-1516,8.86900913E7,2025-09-24
I783585,-549,8.146774114E7,2025-10-13
I787727,1570,7.829151761E7,
I796420,1901,1.162297232E7,
I801013,-207,1.901384984E7,2025-09-26
I808642,587,5.095077434E7,
I810025,753,1.0157217129E8,
I812278,1600,1.6870570844E8,2030-01-01
I817370,1672,2.0774626317E8,
I819029,210,3208365.24,
I825688,-1832,5.857852114E7,2025-09-30
I829723,895,8.717914083E7,2030-01-01
I835362,537,3.681033742E7,2030-01-01
I837552,1608,2.0471767477E8,2030-01-01
I843025,875,8.100530571E7,
I845335,1103,1.18576844E7,2030-01-01
I853300,1271,1.972228991E7,
I857276,838,8.265049578E7,2030-01-01
I859559,947,1.4182160478E8,2030-01-01
I860772,565,9015543.43,
I861466,-1578,6.721742252E7,2025-10-29
I862069,1949,1.758668911E7,
I872642,1478,4.337499887E7,2030-01-01
I873414,998,1.1552847165E8,
I875258,1337,4.246529483E7,
I876909,1177,2.609596763E7,
I877980,-1915,6.568061531E7,2025-10-23
I878557,1445,1.475953179E8,2030-01-01
I884634,-1376,5.616722884E7,2025-10-04
I889177,-847,1.2602189044E8,2025-09-02
I889249,-1506,2.2266190419E8,2025-09-02
I894455,308,4001200.63,2030-01-01
I895336,-728,4.884150101E7,2025-09-01
I902758,-1762,1.8419054969E8,2025-10-17
I905713,-167,2.158141028E7,2025-10-05
I905715,474,1.286412261E7,2030-01-01
I907886,685,4.758132732E7,
I911516,372,1.846013626E7,
I912926,1391,1.1514857925E8,
I919207,132,6862094.52,2030-01-01
I921880,1652,2.2484987741E8,2030-01-01
I922760,507,4.683089553E7,2030-01-01
I926041,915,0.0,
I930718,-443,3.149414346E7,2025-10-18
I932785,1646,1.9021997187E8,
I934160,737,6.874914918E7,2030-01-01
I934459,1861,1.9544862676E8,2030-01-01
I935286,959,3.724946103E7,2030-01-01
I937555,297,5294844.25,
I825184,-1090,1.4443574461E8,2025-10-17
I825312,1731,5.61190318E7,2030-01-01
I827992,446,2.451462418E7,2030-01-01
I834392,1997,4.181301968E7,2030-01-01
I830500,1784,2.2902226094E8,
I838813,1818,1.9021208306E8,
I839822,418,2.431846584E7,2030-01-01
I849650,671,3.693740093E7,2030-01-01
I849714,-1972,1.3095643756E8,2025-09-20
I851746,719,3.27757278E7,2030-01-01
I853683,302,1929030.22,
I853773,-1532,2.2620916543E8,2025-09-06
I853941,-1227,2.097366517E7,2025-10-12
I857431,-1617,3.831695362E7,2025-09-17
I858891,447,3.745030553E7,
I859728,-319,2.38368231E7,2025-09-27
I870194,-1653,8.21928279E7,2025-09-04
I871456,1232,1.1496572421E8,2030-01-01
I876793,422,4.722195123E7,
I877372,1719,4.967290348E7,2030-01-01
I880323,-366,4.421805945E7,2025-10-29
I882615,1455,1.7265423038E8,2030-01-01
I883179,-1225,5.922587606E7,2025-09-19
I892368,-455,4.268519878E7,2025-10-14
I903608,1888,2.7620440588E8,2030-01-01
I908825,1792,3.123495149E7,
I911146,404,4.509685807E7,2030-01-01
I914243,982,8.881664807E7,
I914865,-320,1.718533784E7,2025-10-26
I914886,498,2997630.45,2030-01-01
I918259,1307,1.94601395E8,2030-01-01
I919304,365,5.101909657E7,
I919661,-958,8.566903493E7,2025-09-27
I920761,100,1.336962524E7,
I922332,-555,6.196931756E7,2025-10-13
I924229,766,7.578746295E7,2030-01-01
I925515,586,7.081210532E7,
I929742,-702,2.522984757E7,2025-09-25
I933035,1483,7.836342041E7,2030-01-01
I933537,604,3.241235302E7,
I934248,1163,1.566287463E8,
I937701,391,2.096989406E7,
I824528,1192,1.2074551801E8,2030-01-01
I832923,1578,1.6163048549E8,2030-01-01
I833570,-1292,6.740111168E7,2025-09-25
I835325,779,6.029123801E7,2030-01-01
I828632,1407,3.563279873E7,
I835745,1042,2.217150109E7,2030-01-01
I840380,314,2.083576393E7,2030-01-01
I843211,-882,1.2008432126E8,2025-09-12
I849605,-1314,9.957984917E7,2025-09-24
I850267,1869,1.987000318E7,2030-01-01
I850385,1078,1.5638866547E8,
I852777,1727,5.635223368E7,
I859065,160,1.526997987E7,2030-01-01
I860463,1543,2.0831005752E8,2030-01-01
I867236,945,6017042.23,
I867609,906,7.362162202E7,2030-01-01
I868045,1053,8418579.98,
I872225,1255,1.0314655801E8,2030-01-01
I874749,-1583,1.443768531E7,2025-09-05
I875781,-1973,2.045766925E8,2025-09-13
I880295,-1223,1.156998348E8,2025-09-28
I881641,-1243,4.166515542E7,2025-10-29
I886359,887,9769077.03,2030-01-01
I888317,1098,7.912863775E7,
I893099,751,4.571549183E7,
I893810,508,5.445427689E7,
I894273,1661,1.2117763809E8,
I896336,-1540,1.0498487518E8,2025-09-30
I897524,-359,2.313152589E7,2025-10-09
I901349,1154,0.0,2030-01-01
I908921,455,2.393591794E7,2030-01-01
I910195,1834,1.2860127414E8,2030-01-01
I916894,1252,2740887.23,2030-01-01
I917220,-511,1.492941467E7,2025-09-06
I917234,348,2.970284977E7,
I917723,-1807,2.2587209253E8,
I920435,1692,2.3333306648E8,2030-01-01
I922446,-1136,1.2507425544E8,2025-09-30
I923097,709,9.726385823E7,
I927221,1459,1.3504128982E8,2030-01-01
I929380,-1354,1.9476536741E8,2025-10-04
I933289,728,9.084684092E7,2030-01-01
I935987,455,1.156763416E7,2030-01-01
I831493,1407,1.7310560765E8,2030-01-01
I833009,-572,1.140807749E7,2025-09-09
I851925,249,1.542737424E7,2030-01-01
I853479,-643,7.515060869E7,2025-10-16
I853534,-240,1.20030794E7,2025-10-14
I855556,1409,1.5877719465E8,
I856628,1595,2.1565003607E8,2030-01-01
I859107,-1777,1.740600739E8,2025-09-14
I859418,943,1.329360433E7,
I861420,374,5.609243248E7,2030-01-01
I865946,161,1.130289397E7,2030-01-01
I869908,-1483,1.7576162025E8,2025-10-29
I874228,-325,3.338766555E7,2025-09-29
I874290,724,7.102986221E7,
I874532,-1434,2.1334322378E8,2025-10-25
I882689,1006,5485658.68,2030-01-01
I884055,70,3524403.9,2030-01-01
I890226,1253,1.3904049738E8,
I894869,526,5.787273261E7,2030-01-01
I899149,612,6.698723579E7,2030-01-01
I900406,732,1.918196708E7,2030-01-01
I901523,836,1.454086727E7,2030-01-01
I902733,624,7028594.99,
I902876,1863,9.914432276E7,2030-01-01
I909169,355,5.025573412E7,2030-01-01
I914136,1826,1.3676370569E8,
I920619,1092,2.243980823E7,
I924686,661,6.840714733E7,
I931544,771,4.665265828E7,2030-01-01
I931802,821,1.1839492134E8,2030-01-01
I931812,1408,1.2684835631E8,2030-01-01
I933310,-609,8.407512697E7,2025-10-11
I937945,-1588,7.174332218E7,2025-09-13
I938251,1005,3.040091665E7,
I832568,-1325,8.152301339E7,2025-09-22
I829651,1093,4.364620541E7,
I835357,1605,1.351809592E8,
I838116,-1910,1.9161080463E8,2025-09-02
I839485,-1332,9.881154877E7,2025-10-10
I841381,-658,6808696.75,2025-10-11
I843832,1483,1.6016141654E8,2030-01-01
I844016,1654,1.0689560643E8,2030-01-01
I844136,1858,1488272.61,
I845654,924,1.2955399438E8,2030-01-01
I848031,-1217,8.781714853E7,2025-09-07
I851327,315,1.438988426E7,
I851590,-1364,1.5490366882E8,2025-09-03
I859202,147,1950695.59,2030-01-01
I868025,1910,5.158615163E7,
I869178,778,5.469655376E7,2030-01-01
I869789,271,2.978301496E7,2030-01-01
I872094,-278,7922106.11,2025-10-26
I877174,-1203,1.0372656858E8,2025-09-28
I878747,-1946,7.869503252E7,2025-10-05
I884163,-870,8172351.66,2025-10-15
I885646,1179,5.449520257E7,2030-01-01
I887352,-1690,7.517175323E7,2025-09-09
I889187,970,1.3036397639E8,2030-01-01
I895573,1951,0.0,2030-01-01
I898862,1181,3.015340404E7,
I899377,147,2.056571923E7,2030-01-01
I901237,-152,1.722459617E7,2025-10-06
I908444,112,3819036.42,2030-01-01
I910682,773,1.1473494076E8,
I911122,-407,3.229245723E7,2025-09-07
I911572,-527,5.806775627E7,2025-09-01
I915642,-1706,1.3250078512E8,2025-10-05
I918095,680,5.560442826E7,2030-01-01
I919706,912,4.582718859E7,2030-01-01
I921840,1081,1.0003486409E8,2030-01-01
I924384,-221,1.074237492E7,2025-09-16
I926815,382,5.156746063E7,2030-01-01
I929413,1996,1.8454557627E8,2030-01-01
I930179,549,2627143.4,2030-01-01
I930334,-388,5536033.85,2025-09-04
I930634,-1049,5.773819377E7,2025-10-20
I930731,145,1.596458777E7,
I933188,1397,9.937123473E7,2030-01-01
I935410,-475,3.566036691E7,2025-10-22
I824150,1765,1.4315943296E8,2030-01-01
I833747,1725,2.819065096E7,2030-01-01
I832007,586,1.960824927E7,
I837488,-1695,1.643137349E7,2025-10-23
I838102,-790,9.650560796E7,2025-10-18
I839155,-1786,2.6123914568E8,2025-10-28
I841742,1383,4.228087584E7,
I846056,-1359,4.093359774E7,2025-10-14
I846772,1680,1.0149766465E8,2030-01-01
I847575,-1250,6.229625013E7,2025-09-07
I848952,1300,3.49942267E7,2030-01-01
I864675,1880,1.3641490496E8,
I865166,-1490,1.4451634746E8,2025-09-18
I867856,1974,2.8784450393E8,2030-01-01
I869046,808,7.439391132E7,2030-01-01
I874082,819,6.716388878E7,2030-01-01
I874444,-784,9.113864555E7,2030-01-01
I879275,1951,2.8227010406E8,2030-01-01
I888724,1282,4.919143308E7,
I890962,898,1.3347105118E8,2030-01-01
I890989,546,1.095073024E7,2030-01-01
I891277,-375,1.250745897E7,2025-10-06
I901907,1475,1.4674568362E8,
I902466,-1309,1.4518697819E8,2025-10-05
I905909,1843,1.4940070954E8,
I906112,-1787,1.8970620941E8,2025-10-09
I909344,-1509,1.7110215543E8,2025-09-08
I910924,644,810934.63,2030-01-01
I911259,-1740,8.564638068E7,2025-09-17
I920691,104,7820199.03,2030-01-01
I932501,1383,1.1900554776E8,2030-01-01
I934319,1842,1.4773628519E8,2030-01-01
I830098,-1172,1.5524489855E8,2025-09-23
I841049,-1814,3.831650106E7,2025-10-25
I842322,1094,1.593989936E8,2030-01-01
I843982,763,7.055596395E7,2030-01-01
I848809,294,1.709280282E7,2030-01-01
I854508,1287,2.788423091E7,
I855239,866,5811485.36,
I856226,1544,1.3094597431E8,2030-01-01
I858158,-1875,2.7278850276E8,2025-09-14
I862204,636,9.286294752E7,2030-01-01
I864574,1098,1.1216844811E8,
I865424,1309,1.3481693121E8,
I868544,859,5.252064255E7,2030-01-01
I871428,1775,2.948274587E7,
I875063,-1163,5.44756156E7,2025-10-19
I883063,-1504,1.2439085915E8,2025-09-19
I886694,-222,2.826938742E7,2025-10-23
I891934,1840,2.6784720755E8,2030-01-01
I903808,-268,3.636058478E7,2025-10-09
I906433,1866,5.440821654E7,2030-01-01
I907732,-553,2.877546342E7,2025-09-16
I915933,-566,1172120.19,2025-10-21
I921261,1091,1.3055109122E8,2030-01-01
I921629,741,2.113152955E7,2030-01-01
I929561,136,1406892.78,2030-01-01
I934519,352,2.600617085E7,2030-01-01
I934872,745,1.133654364E7,
I936198,1573,5.977253849E7,
I936671,-1353,9.680316106E7,2025-10-22
I824922,1712,1.9313916391E8,2030-01-01
I835107,944,7929058.38,2030-01-01
I823422,280,4428416.39,
I829126,254,1.827143691E7,
I834445,632,3.191722009E7,2030-01-01
I842330,-1922,1.9046694492E8,2025-10-04
I842360,1400,1.6836046287E8,2030-01-01
I847415,927,2.230354377E7,
I847491,-1350,2.0053257205E8,2025-09-01
I869681,593,1.557257618E7,2030-01-01
I870428,619,1.336713669E7,2030-01-01
I885329,1523,1.6599561373E8,
I885468,-1850,2.6893362936E8,2025-10-11
I886051,1427,2.1262201168E8,
I890915,950,7406166.89,
I899808,-1352,1.4768272588E8,2025-09-17
I900555,858,7.668953665E7,
I910275,1136,6.773646849E7,2030-01-01
I911045,1556,1.6773336604E8,
I913708,1056,7.629461179E7,
I917126,-739,1.527377525E7,2030-01-01
I918015,1182,1.1276742183E8,2030-01-01
I919429,1670,5.133124671E7,
I921224,489,7725903.65,
I923120,515,2.146506209E7,2030-01-01
I931120,737,1.660477936E7,
I827321,1321,8.345740016E7,2030-01-01
I828781,-1009,8187680.94,2025-09-26
I829746,-336,5364365.83,2025-10-30
I830371,-1574,1.5860348743E8,2025-09-13
I832102,-861,8168992.18,2025-09-10
I824875,527,4.202631961E7,
I836654,-877,6.305707257E7,2025-10-21
I843166,1941,1.8859536724E8,2030-01-01
I843313,-587,6.172528023E7,2025-09-01
I851555,-1467,1.5752063665E8,2025-10-20
I854902,1144,1.3578344814E8,
I862565,1923,6.055841763E7,
I869642,345,1.406887024E7,2030-01-01
I871663,785,7.58627035E7,2030-01-01
I872753,-717,2.560051055E7,2025-09-26
I874186,-1191,7.239782716E7,2025-10-03
I877683,593,0.0,2030-01-01
I879561,-501,5.159599485E7,2025-09-10
I882569,431,1.981824174E7,
I885505,936,4.08657875E7,2030-01-01
I889681,1036,1.4931856181E8,
I890264,1084,1.2334869029E8,2030-01-01
I891120,-868,5.611962845E7,2025-10-18
I894534,1368,8.503475283E7,2030-01-01
I899721,-634,1.500660023E7,
I902861,824,4.785055553E7,
I914192,1756,1.89687475E8,2030-01-01
I917904,-65,4537432.03,2025-09-05
I925522,-86,6418176.19,2025-10-05
I926845,207,1.807230237E7,
I930617,1871,1.1453525561E8,2030-01-01
I933411,540,1.881006182E7,2030-01-01
I938070,1362,8.75609756E7,
I824216,-632,1.501236295E7,2025-10-04
I832753,-534,5.374760344E7,2025-10-24
I833800,-1816,1.6790495152E8,2025-09-29
I834765,-772,1.0839978379E8,2025-10-06
I839640,1737,2.1575719974E8,2030-01-01
I841966,259,6110741.46,
I849878,723,4.613385084E7,
I856905,-1376,9.813306219E7,2025-09-19
I863134,-199,752583.71,2025-09-29
I863602,351,2.60336929E7,2030-01-01
I872788,1090,1.4536586071E8,2030-01-01
I876975,643,9.333217941E7,2030-01-01
I878864,-509,1.062926717E7,2025-10-19
I888770,463,4.927006576E7,2030-01-01
I897978,-665,6.376922665E7,2025-10-28
I902009,1333,1.8955472652E8,2030-01-01
I904983,1534,1.0468168989E8,2030-01-01
I923303,955,1.3170579634E8,2030-01-01
I924349,-1408,5.109035728E7,2025-10-28
I932470,1834,1.5366303448E8,
I932846,81,1.111346174E7,
I935572,340,2.613617323E7,2030-01-01
I936640,252,5308721.73,2030-01-01
I833003,575,8.605492708E7,2030-01-01
I825926,393,3.972142932E7,
I833489,1580,4025695.57,
I835879,1844,2.07797364E7,
I839905,1202,4.5416764E7,2030-01-01
I842943,-1460,1.954819653E8,2025-10-19
I843916,81,7218716.41,
I847324,772,5.209451694E7,
I848159,-923,8396825.14,2025-10-08
I851646,-1577,1.6042499841E8,2025-09-17
I852756,-733,5.750554089E7,2025-09-19
I859365,-1102,1.0095403346E8,2025-10-16
I861781,-428,5.587818393E7,2025-09-15
I867469,-1154,8.443157512E7,2025-10-26
I871869,809,5.475177708E7,2030-01-01
I876738,-87,8053874.29,2025-09-10
I878619,-787,1.744395126E7,2025-10-09
I879960,1314,1.9550405517E8,
I882618,550,6.829518154E7,2030-01-01
I883959,1290,5.519541043E7,2030-01-01
I885577,1506,0.0,
I887322,920,1.1463181279E8,
I890479,389,1.858198146E7,
I895829,1370,1.7224869494E8,
I896726,597,8.319872935E7,
I896746,-1468,1.5450241051E8,2025-09-02
I897984,-1394,1.001119356E7,2030-01-01
I910819,-1755,5.264954661E7,2025-09-07
I915570,-1065,3.591914348E7,2025-09-05
I922716,-1218,1461733.86,2025-09-01
I927767,1331,9.982998104E7,2030-01-01
I934508,1614,1.7357754778E8,
I934644,-571,4.663682864E7,2025-10-23
I823982,-1804,1.709785843E8,2025-10-03
I825470,-291,1.436365333E7,2025-09-12
I826767,-625,8.023249363E7,2025-10-27
I825109,1959,7777447.64,
I827701,1553,1.9982018561E8,
I828595,688,6.186439327E7,
I844011,1656,1.818034237E8,2030-01-01
I844258,-370,1580718.86,2025-09-25
I847054,1375,1.4521163262E8,2030-01-01
I853635,-690,8.021921229E7,2025-10-15
I853790,1077,4.106082932E7,
I854670,1270,9.171650223E7,2030-01-01
I856797,-1213,1.476760724E8,2025-09-19
I866975,1189,7.919898664E7,
I868899,1184,1.2413564181E8,
I870038,1397,1.8979348603E8,
I872278,-526,1.507473102E7,2025-09-12
I873170,78,5887335.01,
I876078,76,4119993.79,
I877299,528,4.627024783E7,2030-01-01
I883510,1541,1.2458339376E8,
I885723,1080,1.1009586038E8,
I887695,1939,6.783159197E7,2030-01-01
I889975,183,8087056.92,2030-01-01
I893658,1874,2.5172202483E8,2030-01-01
I894416,-659,3.829211782E7,2025-10-27
I897517,989,3.272722049E7,
I897958,-1509,1.6445657331E8,2025-09-06
I910113,895,1.172970586E7,2030-01-01
I916209,734,5.572568906E7,
I919235,-1386,1.0753733708E8,2025-09-30
I922610,-1518,2.0262344935E8,2025-09-17
I928340,1583,1.873748634E8,2030-01-01
I935475,-854,7.5485433E7,2025-10-24
I936197,-1654,2.3302054254E8,2025-10-05
I936749,-1979,1.5987632564E8,2025-09-20
I938119,52,4186382.61,2030-01-01
I942514,1806,1.4013322313E8,
I957317,-409,5807869.29,2025-10-18
I969259,1489,1.7486466338E8,2030-01-01
I974940,222,1.651323407E7,2030-01-01
I976128,-982,8.492197683E7,2025-10-04
I977888,1621,1.3562114728E8,2030-01-01
I984149,1049,4.372845122E7,2030-01-01
I984423,-1040,3.987937224E7,2025-10-14
I989845,-1116,9330955.37,2025-10-25
I990347,829,8.234794587E7,2030-01-01
I990687,418,1.344700882E7,
I992157,1686,3.387590177E7,2030-01-01
I992934,595,6.457539303E7,2030-01-01
I996939,-179,9051883.51,2025-09-22
I1004132,847,1.389553935E7,2030-01-01
I949269,-518,5.156426912E7,2025-09-03
I957031,-1702,2.0304759127E8,2025-10-08
I961557,826,9.707039613E7,
I963666,-1704,8.998399661E7,2025-09-28
I963983,1396,4.334692574E7,2030-01-01
I965457,1402,4.714251807E7,2030-01-01
I966777,1499,2.29528913E7,
I967719,724,1.0808081233E8,2030-01-01
I970647,1019,1.0146065693E8,2030-01-01
I972448,-1925,1.273292068E7,2025-09-27
I982957,-227,2.357524658E7,2025-09-12
I984819,1035,6.63638518E7,
I988394,1406,1.535608423E8,2030-01-01
I991226,1638,1.520840677E8,2030-01-01
I997626,663,9313380.57,2030-01-01
I1001132,1053,1.5721300835E8,2030-01-01
I1001297,143,936132.82,2030-01-01
I1001883,-954,9.941344707E7,2025-09-17
I1003666,1834,9.520065113E7,2030-01-01
I940129,1053,1.4692219641E8,2030-01-01
I940273,-536,1.615757618E7,2025-09-08
I942743,-250,0.0,2025-10-16
I944942,-1856,1.7195563532E8,2025-10-10
I950488,-1163,1.7077214916E8,2025-09-11
I940438,1312,1.579981184E7,
I941541,866,2.036261391E7,
I945186,1159,3.425027337E7,
I948107,252,3.502134363E7,
I954051,909,3.71493504E7,2030-01-01
I954716,1839,5610698.49,
I959164,1832,1.3236970972E8,2030-01-01
I960171,1791,8.877650527E7,
I965213,541,6.810424851E7,
I972570,-1206,9336435.65,2025-10-29
I995127,1433,2.85235767E7,
I995246,332,5539975.31,
I996459,389,2.670027169E7,
I1000000,973,6.505010231E7,
I1006710,1189,4387827.89,
I1006872,-175,1.96294843E7,2025-09-11
I943960,-1590,1.7310010351E8,2025-10-12
I946139,139,3073878.09,2030-01-01
I947767,-280,9141698.34,2025-09-29
I948304,-503,6.373018661E7,2025-09-09
I941758,1375,8.66006577E7,
I954138,-883,4.334823588E7,2025-09-14
I956693,-729,3.488082796E7,2025-10-20
I962549,-1839,1.034189722E7,
I965264,1864,2.2872620559E8,2030-01-01
I967300,1735,3.512601833E7,2030-01-01
I974047,378,3.82070628E7,
I974804,-728,4.839545919E7,2025-09-05
I987354,207,1.410301085E7,2030-01-01
I994639,1042,1.1056644931E8,
I1002547,1488,1.6407248391E8,2030-01-01
I1003390,473,1.951417006E7,2030-01-01
I1009136,-758,6.254038102E7,2025-09-23
I938991,1304,8.389572429E7,2030-01-01
I943983,600,8.674219212E7,2030-01-01
I948239,-1093,1.4175857598E8,2025-09-11
I943351,1502,3.846575852E7,
I951385,1842,1.406951378E7,
I953159,1219,6.273095584E7,
I955190,-1744,1.5449606006E8,2025-09-16
I959964,1739,2.1344462017E8,
I964719,-1037,1.3980709885E8,2025-10-16
I965576,-1454,7.369119374E7,2025-10-03
I966727,1717,1.9484829433E8,2030-01-01
I968742,1195,1.7441564367E8,2030-01-01
I972707,-1740,3.110715105E7,2025-10-17
I973468,1127,6.97874667E7,2030-01-01
I976663,1102,6.19039533E7,2030-01-01
I980883,-857,1.1993226597E8,2025-09-26
I995589,-777,1.81301989E7,2025-09-01
I996426,-1076,6.632654852E7,2025-10-11
I998443,801,3.093362769E7,2030-01-01
I1001037,1790,2.3531198521E8,
I1004114,-681,6.310468478E7,2025-09-06
I1005568,1778,2.3146944784E8,
I1006107,973,1.782806422E7,
I1006645,1686,2.5055490093E8,2030-01-01
I940055,-434,2.937891986E7,2025-10-25
I947300,1875,1.4210347856E8,2030-01-01
I947472,-1331,2.893656953E7,2025-09-03
I939357,1264,1.1788417204E8,
I940638,449,1.455050182E7,
I943105,1589,3.594552415E7,
I945824,970,5.395640521E7,
I947565,1746,1.4631883316E8,
I954917,1595,0.0,2030-01-01
I955755,1897,1.6860405043E8,
I961417,946,1.0593759542E8,2030-01-01
I961785,1227,1.2400495307E8,
I962274,1627,1.9648987159E8,2030-01-01
I964519,257,3.024106652E7,
I965959,463,6.040156534E7,2030-01-01
I968784,1004,2.009542935E7,2030-01-01
I970434,1567,1.131064697E7,2030-01-01
I971336,261,9606742.19,
I972855,-1822,4.811484198E7,2025-10-05
I973126,1613,1.1159344023E8,2030-01-01
I983406,797,7.551121958E7,
I986119,1928,6.515372139E7,
I992701,-1018,4.865446493E7,2025-10-01
I993367,1091,1.4228918124E8,
I996891,1718,2.2157047198E8,2030-01-01
I998987,-375,3.696082561E7,2025-09-06
I999003,1852,8.999009688E7,2030-01-01
I1000850,-668,3.58004236E7,2025-10-18
I1001187,1595,1.6979663412E8,
I1001515,698,1.601253787E7,
I1002782,1070,1.104374804E7,2030-01-01
I1004740,-1408,2.0086451041E8,2025-09-30
I946338,-1876,1.2318330546E8,2025-10-18
I949368,1780,3.03814122E7,2030-01-01
I945061,845,9.650854979E7,
I956465,-1809,1.4414514652E8,2025-10-06
I957972,1742,1.5877374024E8,
I966636,903,1.1750513454E8,2030-01-01
I968129,-849,7.549114418E7,2025-10-18
I972994,131,1.887939095E7,
I980643,-1467,2.1713911701E8,2025-10-23
I982098,1775,1.7803550368E8,
I982225,828,2.012154621E7,2030-01-01
I986289,-1110,1.523627568E7,2025-09-08
I986835,1642,1.4613196168E8,2030-01-01
I987213,173,1.434043828E7,
I990603,338,1.804641109E7,
I991525,1808,2.5557637073E8,2030-01-01
I992100,-610,1.917362905E7,2025-09-18
I992216,-1866,1.051471588E7,2025-09-24
I992390,-1159,1.6480381204E8,2025-09-18
I994058,1977,8.962789645E7,2030-01-01
I994924,-523,1.138207019E7,2025-09-03
I997822,1026,5.624683334E7,
I998554,146,230144.26,2030-01-01
I1000795,1499,1.8280325024E8,2030-01-01
I1005596,646,1.700950334E7,
I943251,1175,1.4619165082E8,2030-01-01
I944407,-1960,2.2135904456E8,2025-09-14
I945054,-1940,1.1109001188E8,2025-09-16
I948067,1847,2.0590180211E8,2030-01-01
I941364,977,2.775707144E7,
I952038,170,1.285828311E7,2030-01-01
I979299,-1948,2.2497000071E8,2025-09-13
I979863,983,1.1232939399E8,
I987702,-846,8.264202885E7,2025-10-23
I989140,880,1.118080221E8,2030-01-01
I989743,878,1.13987298E7,2030-01-01
I990808,1526,4879345.94,2030-01-01
I996551,933,1.0316361251E8,
I1008038,-85,3467284.05,2025-09-24
I947823,1376,7.407678917E7,
I951248,1162,1.4834264269E8,2030-01-01
I958200,-1106,2868879.38,2025-09-03
I960154,-1176,1.392492287E7,2025-10-09
I962553,1252,1.781914939E7,
I964033,1149,7.719813289E7,
I966726,-431,2.640755358E7,2025-09-05
I970253,1797,1.3870318692E8,2030-01-01
I987338,1330,9.789698106E7,
I988883,1234,1.545431291E8,
I990439,-1662,2.2476588048E8,2025-09-04
I992512,-1618,5.538682536E7,2025-10-22
I993176,166,7466068.71,
I1000164,1023,1.2551064698E8,
I1003993,-1227,9.444384632E7,2025-09-21
I1007441,281,1.445354292E7,2030-01-01
I1007661,-556,6.982715024E7,2025-09-13
I1008376,-750,7.526549732E7,2025-10-26
I1008863,-1509,1.787657601E8,2025-10-31
I1009442,1003,1.130660169E8,2030-01-01
I939167,1347,1.3116167017E8,2030-01-01
I949842,-1647,1.6591791018E8,2025-09-17
I941594,1459,8.502849505E7,
I949803,1032,1.2375473068E8,
I950994,629,6.158248837E7,
I954190,-1573,7591387.49,2025-10-29
I954471,-527,4.857801112E7,2025-09-20
I962278,-1806,1.5862906576E8,2025-10-24
I963172,1224,7.019746845E7,
I963581,-539,716515.11,2025-09-16
I966327,-1042,1.1917715452E8,2025-09-28
I966388,1527,3.880459678E7,2030-01-01
I967369,-1220,1.2208798661E8,2025-09-29
I968098,1883,5.243877266E7,
I971736,-1907,8.91106834E7,2025-10-27
I976476,1509,1.3100942706E8,2030-01-01
I979724,1554,2.2205259964E8,
I983371,-582,7.754601801E7,2025-09-02
I986398,120,1.796748029E7,2030-01-01
I987314,421,0.0,
I991817,916,8.595082764E7,2030-01-01
I994892,618,8.074110558E7,2030-01-01
I1003864,215,1.754842129E7,2030-01-01
I1006570,-1524,9.49465175E7,2025-09-09
I1009204,1007,4.606449644E7,
I962206,164,4968176.77,2030-01-01
I965858,1404,3.328132765E7,
I967225,609,8881637.63,2030-01-01
I975476,792,8.08085602E7,
I977367,1333,1.2462183285E8,2030-01-01
I978404,462,5.924440204E7,
I987124,1255,1.4790316591E8,2030-01-01
I988757,1470,1.0566979017E8,
I990459,-1726,2.0264039294E8,2025-09-06
I993829,1542,2.1867729516E8,2030-01-01
I996554,883,9.394814841E7,2030-01-01
I1000533,1497,1.5896468705E8,2030-01-01
I1000888,-1031,4.222188627E7,2025-10-16
I1001388,-1184,9029110.93,2025-09-03
I1002191,162,4502924.46,
I1003558,957,4.824910984E7,
I1006352,1181,2.999652533E7,
I1007162,-976,3.664183782E7,2025-10-23
I1007594,1045,6432772.95,2030-01-01
I1008722,559,4.32260299E7,2030-01-01
I940103,-1667,1.0932963888E8,2025-10-30
I942488,1239,1.4682095803E8,2030-01-01
I945355,1354,3.247201509E7,2030-01-01
I949933,-1685,1993124.45,2025-10-22
I950482,880,4886744.67,2030-01-01
I946060,1990,3.392222206E7,
I946185,882,1.1641276636E8,
I955955,751,3.373479629E7,2030-01-01
I963286,1513,1.9745622183E8,
I966746,483,5.089217161E7,
I969647,1467,9.591817309E7,2030-01-01
I970016,1878,1.1553310328E8,
I979339,1845,6.147271131E7,2030-01-01
I983367,-1073,1.1472566262E8,2025-09-19
I987588,1235,1.6351003732E8,2030-01-01
I993607,1124,6.643116928E7,
I997217,1324,1.2352718227E8,
I1000162,728,1.0182178483E8,2030-01-01
I1008992,1838,2.3521261367E8,2030-01-01
