item_id,units_sold,revenue,sale_date
I17552,-510,6.397455414E7,2025-10-17
I17274,1056,6.568651988E7,
I20881,1384,1.3902726799E8,
I27338,-986,4.741194818E7,2025-10-16
I27595,1730,2.2193910314E8,
I30426,-195,1.873287973E7,2025-09-04
I30696,517,1.384182821E7,2030-01-01
I31353,1185,1.6410561557E8,2030-01-01
I31730,-994,1.0351728896E8,2025-10-05
I37626,1544,1.8340707105E8,2030-01-01
I41088,-1471,9.936557558E7,2025-10-20
I45885,-388,4.832168559E7,2025-09-26
I48719,135,1.750685469E7,
I57437,1200,1.5937439444E8,2030-01-01
I59114,955,1.1536457614E8,2030-01-01
I61626,783,1.0833265134E8,
I63053,847,7.853732109E7,2030-01-01
I64017,1910,8.986137823E7,
I67986,-1130,1.0584697429E8,2025-10-31
I75663,1971,2.875474667E8,
I76185,1879,1.6842991987E8,
I79829,1147,1.5480429126E8,2030-01-01
I81167,-720,5.69434387E7,2025-10-17
I81208,267,3219751.3,
I84759,-1460,4.054428035E7,2025-09-30
I85464,1346,1.1778837258E8,
I91862,1241,1.7371058628E8,
I94465,1449,1.5619733657E8,2030-01-01
I95292,1479,2.0690705272E8,2030-01-01
I95509,922,8.374043153E7,
I96903,756,1.0802712575E8,
I101182,-82,9303603.11,2025-10-09
I101624,-1007,8348944.92,2025-09-02
I107228,-1436,8.770920463E7,2025-09-22
I107912,1636,1.9206588404E8,
I110084,1477,8.327920576E7,2030-01-01
I113338,-454,5.154972497E7,2025-09-04
I124723,1102,4134392.79,2030-01-01
I125031,917,4.746013059E7,2030-01-01
I12331,-1396,8.062812792E7,2025-10-27
I16963,1184,1.1929856467E8,2030-01-01
I17705,321,1.061640149E7,2030-01-01
,444,6.061936112E7,2025-10-12
I13746,1340,9.298731697E7,
I28259,934,1.3388648472E8,
I33188,757,6570815.73,2030-01-01
I35218,-1193,5.204105545E7,2025-09-09
I35538,535,6.291866643E7,
I36193,740,3.52153235E7,
I38221,-1804,5.952636928E7,2025-10-08
I40493,1080,1.0570426713E8,
I41878,-1119,6.84389593E7,2025-09-19
I48594,1858,1.901080775E7,2030-01-01
I49038,781,5.731872511E7,2030-01-01
I50383,-1701,1.0357474746E8,2025-09-07
I50600,274,3.531458056E7,2030-01-01
I53618,1764,1.9446300521E8,2030-01-01
I58837,477,6.045383455E7,
I66381,1579,2.1195196965E8,2030-01-01
I72220,196,1454275.19,
I75521,-572,3.591253822E7,2025-09-01
I75613,1869,2.5391259705E8,
I77675,-682,9.330845566E7,2025-10-29
I78375,503,1.986792161E7,2030-01-01
I79591,-392,2.429250204E7,2025-10-20
I81297,671,5.381290357E7,2030-01-01
I88341,699,6.232332507E7,2030-01-01
I101218,1371,1.3937425342E8,2030-01-01
I108007,-1339,4.898057635E7,2025-10-14
I111183,-1488,8.427545008E7,2025-10-14
I112542,-1898,2.7371658744E8,2025-09-04
I122060,-1016,9.490367347E7,2025-09-27
I125070,-1039,1.2116662452E8,2025-09-25
I11017,-684,5.401222326E7,2025-10-31
I18351,1148,0.0,2030-01-01
I21253,-1787,2.4766405826E8,2025-09-12
,341,4.486112542E7,2025-09-24
I10668,95,9152674.23,
I10946,235,1.496602527E7,
I26370,1226,1.5175718792E8,
I34588,1132,1.5907864581E8,
I35804,1984,2.6964067921E8,
I37687,-1562,1.2348072841E8,2025-09-04
I42049,1110,0.0,2030-01-01
I43664,-54,3830967.56,2025-10-01
I45702,496,1.191938595E7,2030-01-01
I46517,171,2091495.39,
I46819,-1779,1.2303024981E8,2025-10-03
I47733,1041,1.1518939307E8,
I49918,1879,4.961842889E7,
I50736,1106,7.72569455E7,2030-01-01
I51248,1434,6.362997807E7,2030-01-01
I53199,-1312,7.703011766E7,2025-09-06
I56671,580,4.36816773E7,2030-01-01
I56869,-994,9.967618798E7,2025-10-02
I57868,169,1.822970987E7,2030-01-01
I63315,443,5.833210864E7,2030-01-01
I63881,-819,9.209779627E7,2025-10-18
I67616,-1086,1.3008013483E8,2025-09-01
I72487,-1647,1.9730580979E8,2025-09-18
I79251,765,6.904696788E7,2030-01-01
I80778,879,1.1196263193E8,
I94763,687,6.89084781E7,2030-01-01
I99023,-1102,1.0690152747E8,2025-10-27
I104801,1138,8.893742989E7,2030-01-01
I105724,-1078,9.698813989E7,2025-09-18
I105750,-558,3912556.41,2025-09-10
I109036,1326,9668435.59,2030-01-01
I111077,1079,6.158052762E7,
I114720,-1046,8.733114613E7,2025-09-15
I116309,1950,2.0932035618E8,
I22474,1454,5.414759547E7,2030-01-01
I26736,503,4.606579214E7,
I27986,137,0.0,
I29964,65,7334675.58,2030-01-01
I35205,893,4.461102023E7,2030-01-01
I41323,1346,0.0,
I43236,1789,1.6285190277E8,
I44767,1480,1.7750575709E8,2030-01-01
I47223,-1232,5.894521402E7,2025-09-02
I52678,-1456,1.7026432246E8,2025-10-18
I54490,1582,2.54541045E7,
I64465,-1775,1.2942741643E8,2025-10-15
I72961,201,7807703.94,
I73988,1304,0.0,2030-01-01
I78978,1387,7.249467215E7,2030-01-01
I84773,850,9.698307742E7,2030-01-01
I87211,1032,6.149976915E7,2030-01-01
I96865,428,5.539370786E7,2030-01-01
I101898,1354,1.341968425E8,2030-01-01
I104162,864,4.706141999E7,2030-01-01
I116617,-1121,1.1969859155E8,2025-09-23
I116746,382,4.496530384E7,
I123678,1986,1.0936538892E8,2030-01-01
I124738,314,3.814798952E7,
I124945,120,2874381.61,
I16581,-1629,1.4621825088E8,2025-10-05
I16631,1543,1.2400829682E8,2030-01-01
I16701,1626,5.860476088E7,2030-01-01
I20437,-1034,1.1599485065E8,2025-10-21
,-1744,3.964191001E7,2025-10-07
I31128,811,2.041684407E7,
I45704,1373,1.2638163859E8,2030-01-01
I54234,354,3411529.37,2030-01-01
I58573,-498,1.134299509E7,2025-09-14
I58792,1418,2.0220050758E8,2030-01-01
I60292,1947,1.9754022984E8,2030-01-01
I66078,935,1.651509173E7,2030-01-01
I66291,-1481,2.1217759712E8,2025-09-13
I68938,-228,2288162.98,2025-10-19
I71799,-1284,1.59428351E7,2025-09-21
I77607,1194,1.6263609552E8,
I79186,-1425,7928812.92,2025-09-03
I79404,-1193,605352.55,2025-10-28
I80239,241,2.78181883E7,
I90249,952,1.048334008E8,2030-01-01
I90783,1444,5.658290541E7,2030-01-01
I91842,-1812,1.6549884681E8,2025-10-23
I93321,1852,1.9528776778E8,
I93716,-1287,3.856489842E7,2025-10-16
I94320,-291,354959.99,2025-09-21
I101683,1145,1.996914819E7,
I106071,1400,1.726319489E7,2030-01-01
I120999,1042,6.993911373E7,
I122919,-1864,2.2887234951E8,2025-09-11
I126378,1104,1460473.17,
I128042,1774,2.0202498019E8,2030-01-01
,542,4.327897271E7,2025-09-01
,99,1.237417896E7,2025-10-06
I18409,1321,4.201458072E7,
I23926,741,7.255060667E7,
I24894,1305,6.282358997E7,2030-01-01
I26201,1750,2.4022700764E8,2030-01-01
I37300,826,7.795479647E7,2030-01-01
I38284,787,3.002745076E7,
I41255,-1112,1.1444978336E8,2025-10-28
I43274,-1004,1.1795366037E8,2025-10-29
I43792,-1809,1.5855290337E8,2030-01-01
I47217,224,1.21029376E7,2030-01-01
I49550,684,9.892255601E7,
I50826,624,5.637442053E7,2030-01-01
I56919,839,2.677563906E7,2030-01-01
I60074,-1020,1.0374939222E8,2025-09-08
I63913,1536,1.2912675631E8,2030-01-01
I65568,-1415,2.734033709E7,2025-09-01
I69516,-362,3.236738112E7,2025-10-31
I70261,-421,3.043414567E7,2025-10-28
I72731,-258,1.331420256E7,2025-09-05
I78574,1590,1.716131756E7,2030-01-01
I79511,-994,7.540231435E7,2025-09-13
I84133,803,1.202287927E7,2030-01-01
I87011,1245,6.174962379E7,2030-01-01
I87337,59,2467926.91,2030-01-01
I87659,1090,8.090365306E7,
I105101,1664,1.1465926795E8,2030-01-01
I105502,-1876,1.410216845E7,2025-10-10
I107898,346,1.69933606E7,2030-01-01
I109985,1431,1.911904849E7,
I111193,1396,1.3147278259E8,2030-01-01
I123542,860,7.996831507E7,2030-01-01
I13606,-907,8.44766873E7,2025-09-26
I16463,-825,8.446648399E7,2025-10-29
I18797,-1097,0.0,2025-10-31
I19630,-104,1.211700002E7,2025-09-02
I28704,932,1.3119159514E8,
I30538,236,3.360054491E7,2030-01-01
I35650,667,6.752163855E7,
I37362,-674,6.193353455E7,2025-10-04
I38267,211,8236638.22,2030-01-01
I43355,1686,1.1567258442E8,2030-01-01
I51296,536,1.145200943E7,2030-01-01
I54235,338,2708960.85,2030-01-01
I59446,1121,1.6804636348E8,2030-01-01
I65782,-1105,8.685104832E7,2025-09-24
I69717,-1082,1.3475970819E8,2025-09-02
I71858,1553,2.2461724378E8,
I72238,1428,1.5191525628E8,
I72490,1270,1.5562920965E8,2030-01-01
I73106,1359,1.5628638545E8,2030-01-01
I74686,395,2.584908892E7,2030-01-01
I81671,1916,1.3828501253E8,2030-01-01
I84588,688,1.58285099E7,2030-01-01
I84893,212,7746375.87,2030-01-01
I89343,781,5907315.06,
I89504,-1721,2.843190063E7,2025-09-23
I90867,-836,1.338021703E7,2025-10-19
I95723,-1156,1.3966195129E8,2025-09-27
I101808,1799,7.953530614E7,2030-01-01
I102514,889,1.0218102884E8,2030-01-01
I104228,55,7547750.91,
I106461,-330,7848864.59,2025-09-12
I108450,-84,7388353.41,2025-09-06
I115571,-1169,1.4634062E7,2025-10-11
I119085,1848,3.420685974E7,2030-01-01
I119575,-1881,2.3242295815E8,2030-01-01
I120007,870,5521759.99,2030-01-01
I124108,325,4.620686673E7,
I126581,1822,7.913640486E7,
I11036,-818,1.926201006E7,
I18084,1685,5.205844393E7,
I24818,-111,1.211249067E7,2025-10-02
I29062,690,1.197239866E7,
I30676,311,1.816827554E7,
I35153,-303,1.930153493E7,2025-10-01
I36642,867,2.735525151E7,
I48496,385,5.427007217E7,2030-01-01
I50877,844,8.118163737E7,
I52153,1010,1.4702567407E8,
I53015,548,5.128849571E7,
I55168,1046,2.113766267E7,
I59285,634,1.092342073E7,
I69012,-1407,1.7825000445E8,2025-10-24
I82650,1869,4433478.01,2030-01-01
I89953,-454,1.808046801E7,2025-09-02
I95701,-1430,6.407719746E7,2025-09-16
I99080,-1196,1.32670319E8,2025-10-14
I100025,-71,2432732.39,2025-10-01
I104667,858,1.1023729036E8,
I111396,423,6.179704097E7,
I113958,1799,1.7182962366E8,
I115424,252,9530034.5,
I118599,189,1.414059402E7,2030-01-01
I120333,-1161,2632487.72,2025-10-26
I121397,1053,1.2865346481E8,2030-01-01
I124456,-322,4.346300459E7,2025-10-23
I21431,-793,8140989.89,2025-10-24
I16506,-251,3.712239785E7,
I18960,-787,1.0893993006E8,2025-10-01
I23018,-404,3.385156662E7,2025-09-07
I26597,1898,1.2487437793E8,
I27082,950,4153596.58,
I27675,1449,5.415417118E7,
I29740,-382,3.954664301E7,2025-09-28
I31694,1944,1.425803945E7,2030-01-01
I33225,289,4.031680501E7,2030-01-01
I34754,1805,1.4617309127E8,
I41782,1238,1.765455375E8,
I45146,470,1.874976469E7,
I46525,141,4167849.66,2030-01-01
I47812,468,4.139546871E7,2030-01-01
I49267,1692,1.1132949458E8,
I49450,297,8897927.78,
I51528,1833,4.329593404E7,
I56380,1670,9.892970813E7,2030-01-01
I78556,916,2.508656984E7,
I79515,1000,8.204641379E7,
I82613,1238,1.0019461471E8,
I83848,-57,986194.92,2025-10-26
I97982,1232,6.351896381E7,
I100044,1275,1.989788652E7,2030-01-01
I100198,275,2.519343878E7,
I100457,701,3.201126035E7,2030-01-01
I101674,-1086,2.002176852E7,2025-10-10
I102107,301,2.051903662E7,2030-01-01
I108723,1278,8.494376921E7,2030-01-01
I109206,688,6.24852717E7,2030-01-01
I110878,132,6711240.18,2030-01-01
I111167,1045,1.0069625443E8,2030-01-01
I111884,-1968,2.750802745E8,2025-09-04
I117441,1571,8.734891026E7,2030-01-01
I118220,1860,1.4586040253E8,2030-01-01
I123008,673,5.224928468E7,2030-01-01
I124147,563,3.025029736E7,2030-01-01
I11037,1295,6.699281738E7,2030-01-01
I27060,1067,4436923.22,
I36336,-711,8.529620192E7,2025-10-15
I39570,-197,2.149449169E7,2025-09-02
I39833,1504,5.923310185E7,2030-01-01
I43447,-348,4.944866076E7,2025-10-11
I48709,1242,5.93032023E7,2030-01-01
I49556,-1982,1.9115101346E8,2025-10-14
I51526,958,1.055333024E7,2030-01-01
I53267,-1736,1.4867341212E8,2025-09-19
I58148,542,7.133267484E7,2030-01-01
I58491,1341,1.553321143E7,2030-01-01
I62688,1004,1.137775053E7,2030-01-01
I71263,-1633,2.3717502119E8,2025-09-10
I77728,1732,1.081370364E8,
I93039,-1412,1.5763095264E8,2025-09-24
I97795,954,4.296392082E7,
I103110,902,8.33145165E7,
I104328,860,9.158641234E7,
I107703,1693,1.1442600458E8,
I110090,-1723,5.475164903E7,2025-09-09
I120778,695,1098375.81,
I121307,1332,1.9719271387E8,2030-01-01
I123713,-954,2500418.96,2025-09-25
I124349,140,5895631.19,2030-01-01
I126944,1978,1.3936278744E8,
I12274,759,2.377745209E7,
I16264,1202,0.0,
I18241,1136,5.745077941E7,
I22656,-761,4.803532426E7,2025-09-23
I23092,-1077,7.654457473E7,2025-10-08
I27506,1016,7.175169293E7,2030-01-01
I29303,-1899,2.1353764658E8,2025-10-09
I30806,-1292,7.755669236E7,2025-09-24
I33465,941,1.0553749925E8,2030-01-01
I40400,-1942,2.473057275E8,2025-10-21
I43300,-1515,9.091517171E7,2025-09-07
I48168,-1229,1.1912194595E8,2025-10-25
I50969,1102,1.3569104642E8,
I54326,-1805,4.142308166E7,2025-09-03
I56104,695,6.912956113E7,2030-01-01
I58079,-257,2.417715759E7,2025-09-06
I59955,133,9790121.27,2030-01-01
I67038,1078,1.3934763633E8,
I71684,694,5.475780817E7,
I80060,-1429,1.0028348221E8,2025-09-20
I81369,-1385,1.865431047E8,2025-09-12
I86175,1484,6.498477487E7,2030-01-01
I89469,1651,3562327.3,
I92852,1184,1.093024493E8,2030-01-01
I95418,601,1.3875044E7,2030-01-01
I95779,1986,1.6928854472E8,2030-01-01
I97205,-951,1.418289024E8,2025-10-09
I98029,407,218568.23,2030-01-01
I103864,-381,3.119403325E7,2025-09-27
I104090,-1047,5.67225696E7,2025-10-07
I108684,-1716,2.3075527749E8,2025-09-12
I111501,-1488,1.349818715E7,2025-10-11
I112998,828,1.1439060662E8,
I113106,68,5083874.19,
I114384,1646,1.2596318629E8,
I114800,512,6.619930987E7,2030-01-01
I20593,-1513,2.21833499E8,2025-09-08
I21076,754,3.477328086E7,2030-01-01
I22648,162,9364421.97,
I25171,1346,2.0143395238E8,2030-01-01
I25181,603,5.851289006E7,
I25527,632,6874225.78,
I33667,1785,5.414957985E7,
I34585,-1933,1.976048547E7,2025-10-15
I46826,-78,1.105086623E7,2025-10-14
I50283,1665,2.3317468036E8,2030-01-01
I59071,1863,7.345281276E7,2030-01-01
I66693,-858,1.2348759149E8,2025-10-14
I67794,-1437,7.192552498E7,2025-09-23
I74293,419,5.85538245E7,
I82317,1880,1.6896834278E8,
I83365,1114,4507828.9,2030-01-01
I89625,1953,5.091166229E7,
I90650,101,5505206.0,
I92161,-136,4507208.03,2025-10-11
I95958,1283,4.976120659E7,2030-01-01
I96243,978,5.408218449E7,2030-01-01
I100738,-939,1.828154902E7,2025-09-08
I103749,350,1.745206312E7,2030-01-01
I111558,-224,3730874.04,2025-10-07
I113416,990,2.645670819E7,2030-01-01
I114446,1254,0.0,
I130818,910,5.784860661E7,2030-01-01
I133327,1150,1.3987319015E8,2030-01-01
I136011,620,6.067550547E7,2030-01-01
I138335,-268,2.522533648E7,2025-09-22
I140686,1038,8.301170089E7,2030-01-01
I143521,1566,2.1981257264E8,2030-01-01
I146577,119,1.521360742E7,2030-01-01
I147050,1662,2.361639171E7,2030-01-01
I147591,-1009,1.0661782481E8,2025-10-08
I149926,-1206,6.563335633E7,2025-09-20
I151953,-1302,1.5563843636E8,2025-09-29
I153183,-568,1.203613023E7,2025-10-19
I156540,600,8.625822704E7,2030-01-01
I156694,1730,3.465985333E7,2030-01-01
I161348,1162,9216271.41,2030-01-01
I164631,211,1.742928345E7,2030-01-01
I176671,1579,1.2526241667E8,
I178693,1617,1.7875042646E8,
I179842,63,1516530.42,2030-01-01
I188140,1875,2.5848118083E8,
I201638,-795,3.447232085E7,2025-10-29
I202397,669,5.526382365E7,2030-01-01
I203130,-1197,3.924517519E7,2025-09-11
I205873,-465,5163112.03,2025-09-13
I207452,1243,5.600425277E7,
I207626,900,1.3448973316E8,
I215530,1992,1.361704724E8,
I216280,-612,3.534022336E7,
I224752,521,6.670731164E7,2030-01-01
I225271,1223,8.019861872E7,
I227890,1039,1.114870456E8,
I232324,766,0.0,
I138483,1838,1.8854336212E8,2030-01-01
I140368,233,2.183812457E7,2030-01-01
I129530,1816,2.3138444297E8,
I138419,1500,4.84992141E7,
I146671,1798,9.218191987E7,2030-01-01
I147798,782,9.952317687E7,2030-01-01
I148832,-869,8556907.15,
I152246,525,7.454854613E7,2030-01-01
I154295,1289,1.8906788192E8,2030-01-01
I157909,221,4486614.13,2030-01-01
I160791,-1387,7.404569526E7,2025-10-18
I172231,901,1.2553351675E8,2030-01-01
I173096,-942,1.0012188765E8,2025-10-06
I183704,1861,2.4327555462E8,
I184738,1895,1.9476989414E8,
I188296,-802,1.870628485E7,2025-09-18
I189848,1793,1.2632670465E8,2030-01-01
I195201,775,1.143983348E7,2030-01-01
I197612,1366,1.2925189456E8,2030-01-01
I202029,806,8.885205219E7,2030-01-01
I210055,1899,2.146428246E7,2030-01-01
I216395,711,7.503631373E7,
I219719,297,3.643514282E7,2030-01-01
I224156,1689,5.674324114E7,
I226347,1048,1.3471262246E8,
I232225,1539,2.032996772E8,
I234151,-1319,5.615955638E7,2025-09-04
I128858,-1972,2.3306055257E8,2025-10-29
I136731,393,1.806817919E7,2030-01-01
I138105,-71,3212871.38,2025-10-24
I147719,744,6.343761601E7,
I156804,-489,5.549833947E7,2025-10-17
I157664,-1717,1.9322797588E8,2025-10-22
I170012,-1458,1.3970270337E8,2025-09-11
I170818,1788,1.09505568E8,2030-01-01
I172947,783,8.748777289E7,2030-01-01
I176290,-515,4895896.75,2025-09-05
I178498,1025,6.138435143E7,
I180986,-1288,4.103176089E7,2030-01-01
I185868,-1879,8.354951611E7,2025-10-17
I188987,1872,2.0881135951E8,
I193929,301,3.839683464E7,2030-01-01
I194906,-814,5.70289641E7,2025-10-11
I196270,1289,9.522707596E7,
I199729,80,4016952.24,
I204764,982,2.322323988E7,
I208876,788,4.512046255E7,
I212210,813,2.457666645E7,
I214701,451,1.283307383E7,
I215789,1712,2.0450125579E8,2030-01-01
I220227,1430,1.877488677E8,2030-01-01
I226340,-1293,8.987316333E7,2025-09-17
I227661,-1422,9313833.57,2025-10-14
I229132,1216,1.1591854358E8,2030-01-01
I236634,686,5.819352546E7,2030-01-01
I239481,169,1.954800424E7,
I128918,364,5.436019361E7,2030-01-01
I143577,-705,6155666.96,2025-09-28
I149087,211,4511431.35,
I149576,63,6856820.8,2030-01-01
I150688,-1293,1.6735081235E8,2025-09-20
I151460,1788,2.5253522079E8,
I159717,1937,3560913.13,2030-01-01
I161141,671,7.588807539E7,
I161451,-932,8.331477601E7,2025-10-14
I164178,893,3.510567568E7,2030-01-01
I165447,1426,1.5133913337E8,2030-01-01
I165838,-1219,1.380966956E7,2025-10-30
I167352,1083,1.4814816812E8,2030-01-01
I170984,1886,8973451.11,2030-01-01
I181160,1269,4.810954459E7,2030-01-01
I183231,1402,0.0,2030-01-01
I186820,454,2.405683018E7,2030-01-01
I199262,-1005,1.324844727E7,2025-09-24
I200077,829,5.489759435E7,2030-01-01
I202671,457,4.080526419E7,
I206442,1680,3.821831698E7,2030-01-01
I209513,-107,1.003668615E7,2025-09-08
I212492,1762,8.768995851E7,2030-01-01
I213031,814,3.073961963E7,2030-01-01
I219808,1658,1.4086380716E8,2030-01-01
I223307,1371,1.2641327431E8,2030-01-01
I225591,651,7.701447785E7,2030-01-01
I233185,1710,3104927.99,
I233366,1824,1.5261983881E8,
I235094,1224,1.1843348275E8,
I236473,-1263,1.072299918E7,2025-10-10
I131010,1990,5.69120929E7,2030-01-01
I134573,-301,7216022.14,2025-10-01
I131545,79,4615408.21,
I136422,647,1.526749388E7,
I137798,1936,2.7230113043E8,
I158523,-1966,1.3096830768E8,2025-10-24
I158564,1308,1.0503723406E8,2030-01-01
I170079,-1379,1.5565492569E8,2025-10-16
I173360,-1142,7.272248635E7,2025-09-27
I174964,1215,1.307226666E7,2030-01-01
I179815,-623,8.229432843E7,2025-10-26
I182340,-1288,1.609738827E7,2025-10-23
I192818,1945,1.4870592623E8,2030-01-01
I198052,-452,0.0,2025-10-24
I199907,-427,6.15822695E7,2025-10-20
I209050,863,5.422400004E7,
I214797,-339,4.798880683E7,2025-09-23
I230022,254,3.553680059E7,2030-01-01
I236975,-379,2.499331615E7,2025-09-14
I239603,113,1.189214603E7,
I243527,-883,4.476843983E7,2025-09-08
I134036,-622,6.954769251E7,2025-10-01
I141148,-1714,1.3021274452E8,2025-10-16
I148766,-694,4.823682299E7,2025-10-18
I150608,-1253,1.1297743967E8,2025-09-29
I151295,758,8.157923667E7,2030-01-01
I168036,588,4885356.34,2030-01-01
I170848,1545,1.1570805132E8,2030-01-01
I185139,534,5.412528847E7,2030-01-01
I185292,-56,4008877.15,2025-10-02
I195385,-147,8553123.77,2030-01-01
I197590,-753,1.0895091959E8,2025-09-20
I199026,1838,9.224898673E7,
I199384,-1825,1.4965927539E8,2025-09-09
I202635,-1267,8.188427789E7,2025-10-03
I204116,300,866412.4,2030-01-01
I204519,1624,2.062894143E8,
I209154,-360,3.589872802E7,2025-10-13
I211448,1242,1.4376515338E8,2030-01-01
I219321,1162,1.818305857E7,
I222676,249,2395350.64,
I227114,1279,1.4045840411E8,2030-01-01
I230392,1297,8.876577767E7,2030-01-01
I230702,1163,7.294879167E7,
I233780,479,8041380.51,
I236273,-884,1255578.2,2025-09-16
I130166,-1194,1.6244960212E8,2025-10-25
I130547,1369,1.140854962E7,2030-01-01
I133232,271,1.539612504E7,2030-01-01
I135782,-667,8.413214823E7,2025-10-21
I137491,-1728,1.5935366019E8,2025-09-18
I134838,611,0.0,
I141741,1076,1.6098831729E8,
I142101,336,4393453.34,2030-01-01
I154915,969,1.2395858077E8,2030-01-01
I156840,1394,1.9520582711E8,
I165276,1204,1.0002150462E8,
I168611,522,2.992079582E7,2030-01-01
I174290,-1698,1.1014396989E8,2025-09-10
I175747,-110,1.644746241E7,2025-09-07
I179971,320,4.593823292E7,2030-01-01
I187814,241,1.092699156E7,2030-01-01
I190466,1425,3.310681599E7,2030-01-01
I195274,309,2.793733757E7,
I201351,930,6.072878709E7,
I203626,1133,1.4338452085E8,
I204280,-1798,2.6607786806E8,2025-09-02
I204581,1208,2.671803712E7,
I206260,580,2.004169749E7,
I207530,-768,5.562298817E7,2025-10-10
I209500,-608,4.940729769E7,2030-01-01
I210007,1960,2.555786912E8,2030-01-01
I214924,-1331,5.364123093E7,2025-10-20
I218128,385,4687471.68,2030-01-01
I221898,1908,2.8484214146E8,
I224271,1227,7.939427609E7,2030-01-01
I231995,550,6.220417253E7,2030-01-01
I232118,1843,3.160248206E7,
I233261,-1189,1.6164545572E8,2025-09-28
I238619,732,7.107214839E7,2030-01-01
I243032,-1975,2.6052955388E8,2025-10-29
I131249,-1527,1.1794808933E8,2025-10-13
I133046,-484,5.346513846E7,2025-09-30
I136537,984,9.395821848E7,2030-01-01
I128244,1678,1.7830173833E8,
I130108,1762,8.282814081E7,
I138877,1914,2.5671126796E8,
I139833,950,8.25259996E7,
I142668,-1946,2.6115739705E8,2025-09-20
I143661,-467,6.25047715E7,2025-09-24
I145204,1962,1.1724831158E8,2030-01-01
I150710,171,1.605548724E7,2030-01-01
I153982,143,8248934.9,
I157849,-449,5.001356054E7,2025-09-04
I165727,1981,0.0,2030-01-01
I166973,-425,256241.81,2025-10-09
I170034,1918,2.6266563053E8,2030-01-01
I177315,1137,7.273031871E7,
I179042,-1107,7361463.73,2025-10-22
I180523,-1486,4.563902459E7,2025-10-06
I180711,-50,1127230.11,2025-10-16
I182135,421,3509443.56,2030-01-01
I189440,1415,1.0103280116E8,2030-01-01
I189813,1009,9.459724307E7,
I199754,1736,2.3464897504E8,2030-01-01
I201802,1895,8.434296666E7,2030-01-01
I203249,303,787056.64,
I205138,1213,2.555691062E7,
I226580,1652,2.1239762938E8,
I228464,1752,2.2409726306E8,
I230777,1784,1.5229198103E8,2030-01-01
I235970,1754,1.1101234155E8,2030-01-01
I238264,1440,5.624117275E7,2030-01-01
I240274,-368,2.162419632E7,2025-10-23
I241512,-1164,1.4788207737E8,2025-10-04
I137426,468,2.094806994E7,2030-01-01
I137568,-147,7211992.33,2030-01-01
I138714,-442,4.09982386E7,2025-10-03
I138844,-600,6.090189804E7,2025-09-10
I139012,563,5.579941227E7,2030-01-01
I141466,882,1.0205982325E8,2030-01-01
I143741,771,4.571617994E7,
I145541,-1453,6.948926612E7,2025-09-27
I147541,-1495,1.6857058097E8,2025-09-09
I149789,-294,4.391444932E7,2025-09-30
I152741,1253,1.293718108E7,
I155895,1379,2.0191974949E8,2030-01-01
I160125,1800,1.9846048013E8,
I160288,-280,3.289913183E7,2025-10-15
I161042,1770,2.529262816E8,
I167494,262,3404708.86,
I167971,1714,1.6061979528E8,2030-01-01
I172753,1519,8.293338938E7,
I177009,476,1.547209921E7,2030-01-01
I177044,1450,5.688889503E7,2030-01-01
I178354,755,8.77894527E7,2030-01-01
I180039,899,4.975730623E7,2030-01-01
I181565,319,4.240663957E7,2030-01-01
I196453,1513,1.2791719288E8,2030-01-01
I197082,-1480,1.9872156108E8,2025-09-25
I198096,-1508,1.3714632064E8,2025-10-25
I206902,-814,1.1740077131E8,2025-09-08
I213200,-788,3.151044428E7,2025-09-23
I217275,819,9.34517299E7,2030-01-01
I228669,533,3.987133405E7,
I228714,1747,1.6006160633E8,2030-01-01
I228904,550,3.997381745E7,
I232689,386,3149513.04,
I236786,1070,1.2861711801E8,2030-01-01
I128828,1732,8.105358224E7,2030-01-01
I140908,1280,1.7501773038E8,2030-01-01
I144908,544,7853811.98,
I153090,1483,2.1322575403E8,2030-01-01
I153166,-631,2.598462807E7,2025-09-15
I156367,-964,1.3198763522E8,2025-09-29
I168045,690,5.906215162E7,
I171512,948,1.0891261148E8,2030-01-01
I181325,1985,1.2130224848E8,
I183729,1856,1.6823679076E8,2030-01-01
I187424,1118,6.85259107E7,
I190257,432,4.8976475E7,
I192536,-1496,2.2210885372E8,2025-09-03
I195174,89,5390599.01,2030-01-01
I197520,1904,9.254204949E7,
I200043,364,4.809866907E7,
I201252,1011,3.794690512E7,
I205364,304,9141580.64,
I205829,360,3706162.39,
I209573,595,2.78986469E7,2030-01-01
I211203,1601,4.514707544E7,2030-01-01
I214078,1081,1.2621881447E8,2030-01-01
I217905,287,2784783.93,2030-01-01
I227294,1502,1.5443339801E8,
I232554,386,3.685292771E7,
I234214,1815,2.1113705984E8,
I235655,-1106,2.312634263E7,2025-09-11
I238235,983,4.755325115E7,
I240855,1692,2.0902523917E8,
I129916,-996,1.4047042123E8,2025-10-18
I136177,180,1.550849298E7,2030-01-01
I138125,-1369,1.0612888638E8,2025-09-12
I140257,-1556,5.130025816E7,2025-09-15
I138667,1996,4.944735236E7,
I140931,1347,1.6398314716E8,
I141491,-1100,2.873501509E7,2025-10-22
I143058,422,5.359812761E7,2030-01-01
I145695,484,1.289099708E7,
I157406,-193,1.061247771E7,2025-10-07
I158201,1159,1.3498915625E8,2030-01-01
I158282,-1885,2.4123841525E8,2025-09-22
I161294,886,1.458370096E7,
I164446,1318,7.414517905E7,2030-01-01
I169969,-1703,1.5676029739E8,2025-09-04
I175782,1402,1.4231415523E8,2030-01-01
I176230,1327,1.0272781859E8,2030-01-01
I179511,-1521,1.3458218825E8,2025-10-04
I183942,-1480,1.8851882784E8,2025-10-13
I184143,1159,5.001466787E7,2030-01-01
I185239,1593,1.3311302541E8,2030-01-01
I186897,430,5.074396757E7,
I195041,951,0.0,
I197795,-397,4870857.57,2025-10-26
I198681,1324,1905934.27,
I201214,1107,1.1895063555E8,2030-01-01
I201881,-1982,1.2918851116E8,2025-09-04
I204922,-846,7045355.56,2025-10-23
I206920,448,6.315523493E7,
I214431,1156,5.927317461E7,
I214854,320,2.543033381E7,
I215171,607,3.059191704E7,
I217387,-1199,9.755778362E7,2025-10-06
I220283,411,3.084941576E7,2030-01-01
I223264,1895,9844146.52,
I228433,788,4.079312897E7,2030-01-01
I232563,-1815,5.293935621E7,2030-01-01
I233350,1091,4.88523369E7,2030-01-01
I238363,987,7.041453872E7,2030-01-01
I239513,1166,8.494677236E7,2030-01-01
I130991,1137,1.4441237787E8,2030-01-01
I130675,481,3622455.26,
I141369,1143,5.067903662E7,2030-01-01
I142955,546,6.739900566E7,2030-01-01
I150690,-1877,2.3827114199E8,2025-10-05
I153306,-1025,0.0,2025-09-19
I153422,324,2.66294462E7,
I154378,1952,1.4403670682E8,2030-01-01
I158095,-391,1.423113039E7,2025-09-10
I160766,1463,5.288595672E7,
I162664,-409,2.809822657E7,2025-10-09
I166220,-502,1.081308689E7,2025-09-04
I170800,1064,2.984122348E7,2030-01-01
I171033,680,5845687.16,
I171904,-1594,1.4145274537E8,2025-10-14
I175363,873,1.2930110546E8,
I182816,-454,5591407.7,2025-10-31
I183225,1127,1.3285863257E8,2030-01-01
I184493,1696,1.2179257722E8,
I185341,1936,2.0740693903E8,2030-01-01
I187134,-126,8407991.28,2025-09-08
I187734,-937,1.2081167631E8,2025-10-07
I188087,1329,1.4639537847E8,2030-01-01
I193963,-322,1.601824453E7,2025-10-18
I194730,1250,1.4949274473E8,
I196443,577,2.123249918E7,2030-01-01
I208999,-1978,1.918999174E8,2025-10-19
I209717,334,3.145525219E7,2030-01-01
I217670,1666,2.2466907283E8,
I218852,322,4.132154173E7,
I219669,1093,6.85081131E7,
I220464,-202,1.563159348E7,2025-09-23
I221092,-1326,1.7540100093E8,2025-10-01
I227368,537,6.609130868E7,2030-01-01
I234841,-1039,6.715713892E7,2025-10-14
I236434,1641,1.9949479428E8,2030-01-01
I241288,1393,1.3987597749E8,2030-01-01
I243816,601,7.79678686E7,2030-01-01
I254300,1616,7.131994852E7,2030-01-01
I250905,319,3.090935274E7,
I260622,1342,3.817620009E7,
I262467,553,3.223826794E7,
I262583,328,2.900021713E7,
I264686,-1664,1886830.45,2025-09-28
I265388,950,1.1473353063E8,2030-01-01
I268079,696,3.906628821E7,2030-01-01
I269319,-702,6.824809801E7,2025-10-28
I269994,444,4.718152676E7,2030-01-01
I272736,-1058,1.425214773E8,2025-10-15
I274321,-1393,1.1007104932E8,2025-09-10
I275482,-464,2.551135232E7,2025-10-06
I277774,1207,1.0590780852E8,
I282808,1099,5.652697263E7,
I295275,-761,1.1016064427E8,2025-10-04
I295627,575,1.198491447E7,
I305888,1004,1.154186509E7,2030-01-01
I308559,1982,1.2159398531E8,
I310344,-685,0.0,2025-09-04
I312706,-809,1.445217016E7,2025-09-10
I315513,1125,1.2192226871E8,2030-01-01
I316708,-1898,3.013373128E7,2025-09-24
I321739,116,7854493.12,
I323151,-1332,1.9095119584E8,2025-10-22
I329695,741,2.868659982E7,2030-01-01
I337938,1183,1.3399125748E8,
I341033,255,1384328.61,
I343660,-1930,1.1078777671E8,2025-09-24
I347500,209,1.807680386E7,
I350701,-1720,8.125119924E7,2025-10-01
I355065,538,2.903533875E7,2030-01-01
I355622,1781,1.8096917462E8,
I356528,1375,2.0119867203E8,
I358161,-727,4.710810415E7,2025-09-26
I244187,1157,4.250091388E7,2030-01-01
I244273,340,1.313815549E7,2030-01-01
I251348,-966,1.2765931372E8,2025-09-22
I255763,-51,1223661.61,2025-09-25
I266798,930,1.2998124899E8,
I270865,204,2.935748525E7,
I271125,1317,1.409100843E7,2030-01-01
I272585,1501,7.160310547E7,2030-01-01
I276658,676,4.951631178E7,
I276977,633,3.865624329E7,
I287036,-1451,6.648911129E7,2025-10-27
I288328,1507,1.3164058981E8,
I291803,1140,1.3249573324E8,2030-01-01
I294664,1249,1.3616381175E8,
I295798,1384,8.138213127E7,2030-01-01
I296115,624,7.005969286E7,
I298514,1113,5.936932183E7,
I302321,1585,1.2953268439E8,2030-01-01
I302700,1211,1.5499732997E8,
I303806,657,5949097.01,
I306021,-1507,1.6021761159E8,2025-09-01
I306650,-61,5336236.25,2025-10-15
I312704,1030,3.473408843E7,2030-01-01
I315467,-1515,8.985051737E7,2025-10-15
I316669,1143,6.927830885E7,
I320729,440,3.241230922E7,
I321079,1896,2.279506229E7,2030-01-01
I325083,1164,6.423977862E7,
I325969,188,1.896825159E7,2030-01-01
I329352,1593,1.5410782446E8,2030-01-01
I330046,659,6.791926431E7,2030-01-01
I332331,-1215,5205294.72,2025-09-30
I333868,1958,2.0833779596E8,
I334824,1577,5.33345222E7,2030-01-01
I336074,1386,5.317763098E7,
I338169,602,1710175.01,2030-01-01
I341622,1449,9.117744148E7,
I345138,-1626,1.0013033072E8,2025-10-27
I345804,875,8.633429814E7,
I349252,1427,1.7861438346E8,
I350311,-682,1.99949026E7,2025-09-07
I353238,1552,5.160363088E7,
I358016,521,6.577598603E7,2030-01-01
I244224,410,1.438863073E7,2030-01-01
I249882,1608,1.3498463085E8,2030-01-01
I251797,-1084,1.4267847262E8,2025-09-06
I251865,-331,4.958434345E7,2025-10-02
I253043,1401,1.4923923407E8,2030-01-01
I256193,632,8.42702742E7,2030-01-01
I247066,1151,9.070501393E7,
I253082,183,2.433917806E7,
I260021,-348,1.255146569E7,2025-10-03
I265162,1561,7.163265805E7,2030-01-01
I266774,1423,5.714582466E7,
I268173,1305,1.315741107E8,2030-01-01
I271610,1455,1.2590869851E8,
I280387,1199,1.43917108E7,
I280407,-370,907424.72,2025-10-31
I283511,-143,1.967417845E7,2025-10-08
I289656,-694,3.779876461E7,2025-10-05
I291388,1956,2.0350771816E8,2030-01-01
I294003,1486,1.9327812743E8,
I295991,1470,4.992817417E7,
I298377,-1435,1.1855801813E8,2025-09-05
I300281,-993,1.3962425857E8,2025-09-26
I304764,197,1.743750854E7,
I304903,-255,5474830.0,2025-09-01
I309757,211,2912187.34,
I312144,1389,7787916.91,
I313642,-1193,7.940058927E7,2025-09-19
I314420,-723,2.434680729E7,2025-09-12
I317361,-1231,1.2247210929E8,2025-10-01
I322528,-1812,3391243.1,2025-09-21
I335504,-677,6184540.69,2025-09-09
I337936,-258,1970129.81,2025-09-01
I339305,693,8.569864154E7,2030-01-01
I343234,-665,3.58814328E7,2025-09-28
I347760,623,5.21677186E7,2030-01-01
I356810,867,3.758880504E7,
I252876,-557,3.979799279E7,2025-09-08
I256014,522,1.860625347E7,2030-01-01
I256053,-126,1.749113093E7,2025-10-12
I257504,495,4.658995966E7,
I260364,62,6975380.13,
I260421,494,3.81518783E7,
I263065,1637,4.620043488E7,2030-01-01
I266825,-1350,5.662720071E7,2025-10-31
I269075,1808,5720226.15,2030-01-01
I275335,293,2.178086053E7,2030-01-01
I277937,900,1.2482681731E8,
I296502,-1852,1.113512047E7,2025-10-11
I300168,252,3.674275841E7,2030-01-01
I300416,1548,2657528.24,
I302253,479,4.254373222E7,
I302635,1786,1.1192876111E8,2030-01-01
I302638,651,9.032340312E7,2030-01-01
I303548,930,7.849048873E7,
I309389,834,9115986.38,2030-01-01
I311207,-563,7.631170181E7,2025-10-17
I311487,1131,1.374062236E7,2030-01-01
I311710,1293,7.638440853E7,2030-01-01
I318064,-199,2.41998672E7,2025-09-28
I326043,-451,6611530.46,2025-09-10
I329659,1303,1.6270130482E8,
I332145,-1589,2.3008774665E8,2025-10-08
I333643,-1159,1.158898575E8,2025-09-25
I333845,1619,2.244193363E7,
I338584,156,1.288295501E7,2030-01-01
I342446,1878,2.284070744E8,
I344930,1841,0.0,2030-01-01
I347651,1402,5.485125804E7,2030-01-01
I350603,1927,2.1770538804E8,2030-01-01
I355927,1725,1.2726887057E8,
I244594,-412,1.069938251E7,2025-10-13
I247500,1247,1.7386396773E8,2030-01-01
I252711,1073,3.375428936E7,2030-01-01
I246291,639,8441054.78,
I258443,1845,1.8674504751E8,2030-01-01
I259972,1127,3.137529767E7,2030-01-01
I261671,614,3.25256145E7,2030-01-01
I265790,891,0.0,
I275688,921,9.488871872E7,
I276217,-1465,2.1656468127E8,2030-01-01
I282184,668,6.803049783E7,2030-01-01
I283974,-162,2.358582327E7,2025-10-29
I284538,-1060,1.5463944363E8,2025-10-09
I286539,-1418,1.2790211519E8,2025-09-23
I291994,935,1.510636353E7,2030-01-01
I292294,-842,8.503379024E7,2025-10-13
I296237,429,5.654990311E7,2030-01-01
I296536,1275,2.071686898E7,
I297821,969,1.1219598598E8,2030-01-01
I298033,102,1.42894057E7,2030-01-01
I300675,580,5.313841556E7,2030-01-01
I305039,112,8557906.4,
I306622,1137,1.6999360609E8,2030-01-01
I307056,-1188,1.3884336792E8,2025-09-28
I309738,170,2496375.84,2030-01-01
I312043,-1004,1.1529188847E8,2025-09-19
I326712,1393,1.6672762216E8,
I328482,567,4.837171855E7,
I328970,285,2.740473914E7,
I331296,1340,8.018539402E7,2030-01-01
I333661,-1679,1.2792596066E8,2025-10-10
I334081,1439,6.778603976E7,2030-01-01
I334160,1405,1.9419266817E8,
I337331,1271,7.169497743E7,
I344860,-182,1.958812454E7,2025-09-19
I348456,-1182,7.09221029E7,2025-10-03
I349609,1493,1.4011175618E8,2030-01-01
I353309,-481,6.388491463E7,2025-10-20
I353626,67,3505689.55,
I355785,474,4.541308516E7,
I249701,-1444,3.768410196E7,2025-10-24
I254871,209,2.50797646E7,
I265253,-1051,8.056697941E7,2025-09-16
I266521,1175,1.3499512273E8,
I267441,-707,5.19169069E7,2025-10-13
I270597,71,8456123.98,2030-01-01
I272785,-114,1.198154374E7,
I274845,-427,5.178827707E7,2025-10-30
I277261,492,5.955567769E7,
I279188,1007,1.0686591356E8,
I281533,-1732,1.1531380095E8,2025-09-12
I282065,178,4466349.51,
I284093,698,5.489748615E7,
I284342,535,7.704077699E7,2030-01-01
I290347,-711,1.14702939E7,2030-01-01
I293345,-524,3360275.03,2025-10-07
I293895,1619,2.2732163405E8,
I304753,1963,2.3816218997E8,
I306424,-1835,2.7379647842E8,2025-10-26
I312328,-927,7.92680226E7,2025-10-18
I312934,1239,2.582002928E7,
I327921,1405,2.177794078E7,
I328221,625,8.374327049E7,
I333692,-786,1.040954943E7,2025-10-01
I334466,-696,5.084749021E7,2025-09-19
I334534,239,2.314622242E7,2030-01-01
I337237,912,1.2628342717E8,
I337467,-1913,3.016258108E7,2025-09-16
I339990,960,1.3012031032E8,2030-01-01
I342205,-1334,4.699710306E7,2025-10-26
I344627,762,4.567286697E7,
I345091,184,1.194684312E7,2030-01-01
I345967,-1337,1.8600164601E8,2025-09-22
I348423,872,1.1706026494E8,2030-01-01
I248205,515,3.86505268E7,2030-01-01
I249044,-1373,1.3909760855E8,2025-10-25
I249191,-1503,6.685206753E7,2025-10-02
I252851,655,2535477.61,2030-01-01
I254255,-1256,1.0478587864E8,2025-09-07
I254806,1762,1.1164770596E8,2030-01-01
I256133,744,9.521932292E7,2030-01-01
I256322,-55,2765172.83,2025-09-18
I246614,972,7.322250994E7,
I258155,567,5.958810814E7,
I272398,-1116,1.0810683303E8,2025-10-07
I275314,136,9946921.87,
I282219,1436,1.8056536626E8,
I284660,683,9479687.64,
I285456,1447,4.115555128E7,2030-01-01
I287149,-1360,6.869164388E7,2025-09-28
I287201,-685,7.904393763E7,2025-10-06
I289819,1928,1.7274287986E8,2030-01-01
I291336,757,1257910.02,2030-01-01
I292146,-690,3982752.46,2025-09-16
I298688,349,1.016700401E7,
I301359,261,2.030480134E7,
I303151,-1093,7.369739892E7,2025-09-09
I305926,-1166,1.629293153E7,
I306873,-1334,3.222184171E7,2025-10-15
I307584,1460,2.259415662E7,2030-01-01
I307606,903,9.088798769E7,2030-01-01
I308990,1822,2.6046941629E8,2030-01-01
I311653,1574,6.452674709E7,
I316674,1477,6.471839061E7,
I317972,-1503,7.621810768E7,2025-09-30
I318309,-429,3.710964664E7,2025-10-24
I325684,863,5.865743575E7,
I332502,1856,3.451890808E7,2030-01-01
I335210,-134,1.558203174E7,2025-10-01
I339328,834,5.555960402E7,2030-01-01
I341080,1112,5.733612139E7,
I343493,1378,1.8724845552E8,2030-01-01
I353589,729,9.793219859E7,
I357648,-1636,2.0406192934E8,2025-10-13
I357777,-1624,1.8255769618E8,2025-09-21
I358082,-1603,4.417666947E7,2025-10-03
I252604,1823,1.3379173364E8,2030-01-01
I261352,1554,2.2455413747E8,
I262587,-1061,1.1203632333E8,2025-09-06
I263748,-1882,3.946654032E7,2025-09-04
I265309,-952,1.2996277846E8,2025-09-22
I266236,1300,1.2524275949E8,2030-01-01
I267737,-351,1.29829186E7,2025-10-05
I272851,1736,2.089208581E8,
I273453,658,4.263131917E7,
I274678,-692,5.199134014E7,2025-09-22
I277013,-504,4.389592314E7,2025-09-30
I280030,1990,2.7491047135E8,
I280782,-1794,2.0271847572E8,2025-09-26
I283229,1633,1.884396427E7,
I284962,-1742,1.7056932113E8,2025-09-01
I287057,-1488,1.1983869762E8,2025-09-18
I287091,-704,3116590.2,2025-10-18
I288001,-521,2.009227785E7,2025-09-19
I291354,1469,1.7925685319E8,2030-01-01
I297094,1878,1.7683544799E8,2030-01-01
I297283,542,2.0907061E7,
I298268,71,4409724.46,2030-01-01
I299312,1122,2.920368296E7,
I305244,-592,6.70391752E7,2025-09-26
I312581,345,5426244.15,
I313522,1567,8.987728357E7,2030-01-01
I315559,1817,2.4081819658E8,2030-01-01
I319729,1501,1.8093737665E8,2030-01-01
I320055,698,5.453612998E7,2030-01-01
I320787,-430,2.783175253E7,2025-09-21
I323252,-138,1.170846537E7,2025-10-17
I330484,1105,1.6194375954E8,2030-01-01
I334702,1073,1.4927128939E8,
I340477,134,1.546732848E7,
I340570,-762,3.995895834E7,2025-10-04
I344808,1082,6.749071665E7,2030-01-01
I349174,1576,5.747976441E7,2030-01-01
I354526,330,1.756447313E7,2030-01-01
I356813,-1270,8.616918222E7,2025-10-04
I357662,-1144,1.84427194E7,2025-10-10
I244358,493,5.177863874E7,2030-01-01
I249802,-1214,1.5128143876E8,2025-09-05
I252186,531,5.200433545E7,
I255542,362,2.383219499E7,
I258464,1069,1.2934147102E8,
I260873,228,1.310547746E7,
I260995,1191,3.519074489E7,
I267975,1896,1.7065293909E8,
I269864,1980,1.9790814868E8,
I274064,394,1.36606183E7,2030-01-01
I283000,-1372,1210939.31,2025-09-16
I285030,467,5.782590905E7,
I289107,-1553,9.75404228E7,2025-09-07
I293322,-924,4.494590064E7,2025-09-24
I294967,-1610,1.2980825871E8,2025-10-09
I308549,1504,1.228377595E7,2030-01-01
I311508,160,2.187309861E7,
I320386,-848,1.0608137306E8,2025-10-25
I323320,1221,1.1575654342E8,2030-01-01
I326079,-141,5659772.52,2025-10-11
I330260,1829,1.181666263E8,2030-01-01
I330481,1414,1.775214654E8,
I330490,-427,6999392.05,2025-10-10
I331016,713,9.199488128E7,2030-01-01
I332486,1543,2847192.34,2030-01-01
I335778,1421,3.590914292E7,
I339823,1215,0.0,
I341869,1002,1.01782124E8,2030-01-01
I344868,1998,1.3467040342E8,2030-01-01
I351120,-1866,2.6158851691E8,2025-09-21
I359637,-1366,1.7761608597E8,2025-10-20
I258801,1499,1.7333857986E8,
I261080,535,4.64705603E7,
I261436,1151,1.6615781804E8,
I264487,410,4.300338966E7,2030-01-01
I265182,452,6.1345031E7,
I266893,531,2.459500066E7,2030-01-01
I275116,-85,2920414.84,2025-10-26
I276383,741,7.94105559E7,
I279070,352,1.36446408E7,2030-01-01
I288589,613,2.034777752E7,2030-01-01
I291216,521,3773075.71,2030-01-01
I292001,1933,1.5825199559E8,2030-01-01
I297346,-538,1.733605339E7,2025-10-08
I297899,-1744,2.0514442143E8,2025-10-25
I298846,1743,1.642264704E7,
I299457,1404,4.157836938E7,
I307030,152,9173356.13,
I307515,-1472,1.0163502136E8,2025-09-26
I311937,514,7.480278763E7,
I318220,-1910,1.2649021536E8,2025-10-03
I318805,-767,1.389826258E7,2025-09-25
I319943,-1676,1.9115821074E8,2025-10-13
I321195,1426,2.0700672909E8,2030-01-01
I322233,1884,7.055815825E7,2030-01-01
I322292,1682,2.4660909933E8,2030-01-01
I325235,1688,2.2820641237E8,2030-01-01
I327916,-1615,7.609630935E7,2025-10-15
I328002,1426,1.5426692106E8,
I341650,-1318,0.0,2025-09-09
I342276,-144,1092413.99,2025-10-21
I356598,1768,1.61460241E7,
I357868,1414,6.481564929E7,2030-01-01
I358158,1270,9.276618282E7,2030-01-01
I244508,489,5.574063823E7,2030-01-01
I251973,80,360612.87,2030-01-01
I246500,1424,2.086353531E8,
I249733,1348,5.869849843E7,
I264070,1432,1.8845897745E8,2030-01-01
I266963,1464,8345083.24,
I267679,1572,2.0802413972E8,2030-01-01
I271506,1746,2.3773398509E8,
I276301,1948,2.2180982711E8,2030-01-01
I276372,1439,1.3783511877E8,
I280251,1270,1.1863110368E8,2030-01-01
I282440,655,8.71466074E7,2030-01-01
I288357,-64,8237164.57,2025-10-01
I289759,1983,1.2026719415E8,
I291074,-326,2.066066127E7,2025-09-15
I291243,-1626,2.3260457171E8,2025-09-23
I293493,-1068,8.956769996E7,2025-10-04
I294524,-494,5.192737308E7,2025-10-02
I297268,1149,2.036647346E7,2030-01-01
I299636,-1886,4.705320269E7,2025-09-03
I307959,-1353,1.43968229E7,2025-10-30
I311594,-1299,2.965425505E7,2025-09-21
I316694,996,6.504473513E7,
I318373,-1701,6.237898867E7,2025-10-30
I322155,1216,1.3366373764E8,
I323228,1789,5.263861167E7,2030-01-01
I324241,753,2735240.99,
I327694,-1427,1.3550927546E8,2025-10-11
I331726,-829,1.389235405E7,2025-09-13
I333898,1348,1.8545585516E8,
I354082,372,1915557.02,2030-01-01
I354349,-143,1849423.94,2025-10-24
I357975,-195,9441797.83,2025-09-29
I254517,-471,5.225235413E7,2025-10-12
I249349,987,4.890340917E7,
I257458,-136,0.0,2025-10-12
I268422,1373,3.118372814E7,2030-01-01
I269677,446,4709999.19,2030-01-01
I272020,-1830,2.1886031287E8,2025-09-18
I272370,63,2655159.75,2030-01-01
I275057,-1595,2.0922018026E8,2025-09-03
I275298,1463,3.801783246E7,2030-01-01
I290205,-1017,1.4537611994E8,2025-09-13
I291066,1426,1.9223220999E8,
I292078,1211,8.624763753E7,
I293430,1393,4.09669289E7,
I300536,1964,2.4873189195E8,
I302187,-1541,1.775570919E7,2025-09-17
I307723,977,1.3005490716E8,
I314606,1637,1.648658895E8,
I317949,1027,1.4026308741E8,
I319577,-876,6.649928226E7,2025-09-21
I320022,-110,8592228.9,
I320712,-620,1.534677914E7,2025-10-12
I321778,1178,2.576724764E7,2030-01-01
I322416,-1081,1.4326576831E8,2025-10-18
I331675,-1985,1.0034862686E8,2025-09-01
I336199,253,3.647007939E7,
I342273,178,1.809633725E7,
I354088,-880,1.1008410588E8,2025-09-17
I354701,-1511,2.668098928E7,2025-10-12
I357267,807,9.278557299E7,2030-01-01
I357587,598,5.771214682E7,
I360206,222,1.283403096E7,2030-01-01
I365194,144,2966025.54,2030-01-01
I365295,1938,1.6962386157E8,2030-01-01
I367592,-1770,1.8080705356E8,2025-09-05
I368723,1649,1736817.87,2030-01-01
I371910,116,7930189.44,2030-01-01
I364702,239,6889335.27,
I369984,1263,9.01513866E7,
I372848,1148,5.227132219E7,
I377948,1995,1.2563716881E8,
I383055,1927,2.7740922107E8,2030-01-01
I388049,1439,6.179103738E7,2030-01-01
I389618,635,2.664945734E7,
I393022,-201,6037356.75,2025-10-29
I393932,443,2.183087454E7,2030-01-01
I401767,-192,2.430319391E7,2025-10-08
I404304,794,4.172860048E7,2030-01-01
I406911,640,2.169581494E7,
I411283,1310,3349502.86,2030-01-01
I419901,1146,8.044291571E7,2030-01-01
I427084,-450,2.189978752E7,2025-10-04
I429764,211,1.851545221E7,
I437406,939,1222881.91,2030-01-01
I438917,383,8176203.55,
I444897,1494,1.1876180175E8,2030-01-01
I445875,-1993,1.0642116154E8,2025-10-25
I447584,324,486258.13,2030-01-01
I452111,1095,1.0850671828E8,2030-01-01
I456663,211,6751141.87,2030-01-01
I462385,1498,4.393065076E7,2030-01-01
I465630,811,7.724790833E7,
I466697,1391,2.0599853649E8,
I470933,-875,1.2290658698E8,2025-09-22
I363940,717,8.222845784E7,2030-01-01
I366605,764,6.398089239E7,2030-01-01
I372005,1743,2.3495113569E8,2030-01-01
I369018,1738,3.706198768E7,
I373458,1807,8270373.34,
I379035,1696,4.077548546E7,
I382885,778,4.70675351E7,2030-01-01
I385540,-1578,2.1937117041E8,2025-09-15
I385985,489,7137141.08,2030-01-01
I386050,495,2.265464271E7,
I392273,-53,130462.53,2025-10-30
I397835,1672,2.4744612561E8,
I398268,1065,6.118012578E7,2030-01-01
I399799,-984,2.414443979E7,2025-10-22
I401010,-1050,6.663163905E7,2025-10-12
I405534,-841,7.803840233E7,2025-09-07
I407480,-1444,2.1539278389E8,2025-09-11
I410843,-483,1.523877292E7,2025-09-20
I415879,-272,3501496.22,2025-10-03
I416885,897,8.018530858E7,2030-01-01
I424384,-1849,8.960139914E7,2025-10-18
I424668,-1065,1.1823529018E8,2025-10-03
I426180,1381,1.4102242528E8,
I440181,-310,3.107450934E7,2025-10-11
I440945,221,1.248513668E7,
I444691,1797,4.171995618E7,2030-01-01
I446928,1617,2.1325603744E8,
I450658,-1470,1.1385155214E8,2025-10-25
I453094,-545,5.225871593E7,2025-09-18
I453798,-516,1.86905064E7,2025-09-22
I455820,-789,0.0,2025-10-13
I456201,658,6.126428211E7,
I462911,57,4275939.56,2030-01-01
I464154,1486,2.541409165E7,2030-01-01
I465014,1767,1.9829465391E8,
I470026,1838,2.366607667E8,
I470039,-308,3.833445274E7,
I471868,879,4.86295645E7,2030-01-01
I473267,1436,4.437522726E7,2030-01-01
I474069,1907,1.3620287176E8,2030-01-01
I474881,-993,1.0035693209E8,
I475373,-1447,2.1352837929E8,2025-10-02
I363476,-1800,1.2684527665E8,2025-09-02
I365202,1284,1.3394465876E8,
I367288,1919,2.0025546434E8,
I376306,1633,1.7315956196E8,
I377636,598,8.218496159E7,2030-01-01
I379993,103,4287443.73,
I388537,1258,1.6747167144E8,
I389367,473,2593376.16,
I396628,1887,2.3664359248E8,
I397677,1155,4.362468432E7,
I401054,499,6.148740622E7,
I402830,-505,3384829.28,2025-09-28
I403166,-1946,1.0914231745E8,2025-09-01
I404082,607,2.360700855E7,
I407475,-166,5987764.84,2025-09-19
I411955,-576,7.173009348E7,2025-09-10
I414190,57,850364.73,2030-01-01
I420192,-638,6.814138655E7,2025-10-10
I422769,395,4.247600368E7,
I428306,-1422,1.175897293E7,2025-10-02
I436422,-1261,1.6950529891E8,2025-10-12
I444452,465,3.205494097E7,
I446170,837,6.123679723E7,
I460564,1166,1.6569779035E8,2030-01-01
I465191,-135,1.277737933E7,2025-09-12
I470134,-1805,2.1452895141E8,2025-09-14
I472578,-1117,1.2153024804E8,2025-09-24
I475009,1784,5.622251612E7,2030-01-01
I362936,-147,1.615895305E7,2025-09-09
I370061,-485,4392712.96,2025-09-16
I371778,1156,1.506626457E7,
I372697,787,1.1564112189E8,2030-01-01
I373049,435,5.102331141E7,
I377162,-1952,1.6438544677E8,2025-10-27
I393906,-200,1.84637581E7,2025-10-20
I394725,748,7.165531119E7,2030-01-01
I405271,558,2.067633117E7,2030-01-01
I406242,584,2.732454023E7,2030-01-01
I406572,632,8.795362567E7,
I408175,-847,2.779478266E7,2025-10-04
I409120,-323,2.728570746E7,2025-10-20
I409326,-532,7.728415297E7,2025-09-08
I416405,1065,6539501.42,2030-01-01
I416861,-184,1.891901377E7,2025-09-10
I419228,608,3.09344547E7,
I419827,1621,2.704261196E7,2030-01-01
I421256,1349,1.5338895236E8,2030-01-01
I422946,54,315456.88,
I426616,1240,1.8103442654E8,
I429224,-1816,5.734180933E7,2025-10-26
I432261,778,5.527623807E7,2030-01-01
I434208,1112,7783001.3,2030-01-01
I436634,1197,5.58192597E7,2030-01-01
I436696,144,2929564.79,2030-01-01
I439285,-1511,1.3075589284E8,2025-09-30
I443237,-1898,2.4897407014E8,2025-09-20
I447368,-1131,1.3633044238E8,2025-10-07
I448681,1959,6784309.77,
I452345,-240,2.498591458E7,2025-10-02
I454806,1513,2.0023845112E8,2030-01-01
I466146,-1769,1.766277547E7,2025-09-22
I474236,-1509,5669776.14,2025-10-25
I474401,431,3.561204672E7,
I361467,1412,6.406211094E7,2030-01-01
I361500,1429,2.332987485E7,2030-01-01
I363162,-1456,1.0877670165E8,2025-10-22
I367427,936,1.2179833232E8,2030-01-01
I367508,507,4.824850517E7,
I372615,1579,3.19561215E7,
I373780,556,6.700474653E7,
I377474,-1203,4.006358824E7,2025-10-14
I380844,670,0.0,
I380897,413,1.181312829E7,2030-01-01
I383405,983,6.390099549E7,
I385761,1211,3.489511032E7,
I391086,1346,1.359590005E8,2030-01-01
I391512,313,3.972643828E7,
I392567,895,6.606007786E7,
I395120,-1706,5.788931281E7,2025-10-12
I397998,348,4.841380005E7,2030-01-01
I398186,1168,5.654630079E7,2030-01-01
I400858,-212,2.009212044E7,2025-09-30
I401815,1705,0.0,
I408259,1487,1.4773677346E8,2030-01-01
I412318,1581,0.0,
I415595,1624,8.186613849E7,
I423242,-1501,1.3916786553E8,2025-10-23
I426027,-717,3.087329745E7,2025-10-03
I428613,180,1.458713486E7,
I433210,-1411,1.4244792424E8,
I433254,104,2743170.23,2030-01-01
I434700,1896,5.006610383E7,
I439424,797,6.822284624E7,2030-01-01
I446372,1332,1.2430154019E8,
I446932,-1846,1.4049302411E8,2025-10-19
I449870,-1383,1.6530861941E8,2025-09-15
I456472,609,5.368898525E7,
I460158,1807,1.461463618E7,
I468650,-1209,1.4575410994E8,2025-10-16
I363664,-1315,1.7679545903E8,2025-09-13
I368854,-1136,9.421640065E7,2025-10-23
I360639,140,362750.46,
I370130,1110,8.929379667E7,
I375580,1982,4.964512701E7,2030-01-01
I377401,225,2.069869739E7,
I383566,-1498,2.0212551102E8,
I390815,-1782,2.4601045728E8,2025-09-17
I393701,-1241,2.861047468E7,2025-10-07
I395672,1099,9.381175039E7,
I397204,1401,7.014129959E7,2030-01-01
I411716,1551,9.811863223E7,
I414609,902,3.798090778E7,
I415181,1455,1.0671436244E8,
I423269,-1922,2.0286835609E8,2025-10-15
I431752,1145,1.3055137347E8,
I433287,1930,2.0926089177E8,2030-01-01
I435887,1353,1.0153622422E8,2030-01-01
I440371,1888,1.6078061052E8,2030-01-01
I442576,898,0.0,2030-01-01
I443524,-1689,6760131.65,2025-09-11
I447670,234,1.955476046E7,
I448743,-1740,1.9998791714E8,2025-09-06
I449591,196,4116134.09,
I450357,1970,1.2546126907E8,2030-01-01
I452442,1580,1.34822136E8,2030-01-01
I453545,1739,1.933428736E8,2030-01-01
I453802,1521,7.684315862E7,2030-01-01
I457720,1570,7.739826357E7,2030-01-01
I464288,-1760,1.6800698632E8,2025-10-24
I465232,793,1.039165174E8,
I466775,803,2.519162291E7,
I467694,-1962,1.1977276992E8,2025-09-06
I470562,583,3.417972485E7,2030-01-01
I470597,673,8.90836309E7,2030-01-01
I471641,-1293,6372031.65,2025-10-31
I474057,1847,1.5233543896E8,2030-01-01
I474068,935,9.964822704E7,2030-01-01
I367034,499,4.611898171E7,2030-01-01
I371142,-1892,1.0336955523E8,2025-09-18
I361055,576,6.75427693E7,
I369177,1083,1.4625130944E8,
I372716,-978,1.0846964895E8,2025-09-27
I377315,130,1.684273833E7,
I379245,1919,2.2811707215E8,
I379840,659,7.704405976E7,2030-01-01
I390864,-1900,2.545610896E8,2025-10-30
I394834,-152,1.123089889E7,2025-10-07
I395666,1266,6.394279975E7,2030-01-01
I395846,1617,1.0589333502E8,2030-01-01
I398431,1284,5.103130651E7,
I400354,460,3.771053444E7,2030-01-01
I402257,839,7.964238992E7,
I403459,630,8095024.22,2030-01-01
I412714,309,2.441964594E7,
I416540,-1528,1.901765503E7,2025-09-10
I416568,869,7.898941479E7,2030-01-01
I419436,-1147,1.6798601997E8,2030-01-01
I426229,1692,9.80103012E7,
I427505,-265,1.252792651E7,2025-10-14
I432167,-190,2.073574053E7,2025-10-22
I432874,1574,1.171872585E7,2030-01-01
I442839,466,5.579538341E7,
I446431,-437,3842040.96,2025-09-16
I447505,1600,6954360.46,
I455523,-1302,1.2516105924E8,2025-10-29
I461394,543,2403044.89,
I461922,1003,9.393985726E7,
I462373,530,2.807908374E7,2030-01-01
I473564,107,1.3903483E7,
I474433,1263,2.869012205E7,2030-01-01
I360024,508,5.103277105E7,2030-01-01
I365147,1760,2.6162431387E8,2030-01-01
I359895,181,7584388.87,
I373299,1162,6.945523587E7,2030-01-01
I374774,698,5.681065248E7,
I387640,502,6.019858669E7,
I393456,251,2.032951075E7,
I394076,1613,2.088565801E7,2030-01-01
I394824,-615,2.826154045E7,2025-09-05
I401103,348,1.878682839E7,2030-01-01
I401186,289,1.475602974E7,2030-01-01
I401625,1837,1.9269403666E8,
I413849,389,4.711068046E7,2030-01-01
I413987,1698,1.6169899467E8,2030-01-01
I424136,1809,3.8007551E7,
I426750,1455,6.413290084E7,2030-01-01
I428549,216,3.199673594E7,2030-01-01
I438106,1364,1.0176363034E8,2030-01-01
I443842,-995,1.206790134E8,2025-09-30
I450453,-959,1.0865562354E8,2025-09-06
I457221,1957,3.244530023E7,
I465131,-294,787153.98,2025-10-11
I467169,-100,1.484281601E7,2025-09-08
I474134,1855,4.031009148E7,
I474898,-875,1.3041214888E8,2025-09-03
I362046,1568,0.0,
I369654,386,1.973405898E7,
I372900,859,2.679834783E7,2030-01-01
I373872,972,1.393852125E7,
I374250,940,5.200962158E7,2030-01-01
I374427,678,8.889122291E7,2030-01-01
I378249,906,1.276699301E7,
I383462,829,1.2108883906E8,2030-01-01
I383489,1144,1.679086732E7,
I387673,-1494,1.5959212682E8,2025-09-17
I388045,1839,6.45823337E7,
I398490,1255,1.8168672559E8,
I406949,-1268,1.397889255E7,2025-09-25
I408145,665,2.078700121E7,2030-01-01
I409588,207,2.777368324E7,2030-01-01
I410295,-1925,1.1987301066E8,2025-10-05
I415276,843,5.673795969E7,2030-01-01
I419931,162,2.060547772E7,
I422413,-209,2.99540751E7,2025-10-30
I424092,1203,1.2082919305E8,
I424840,1392,2.0681563E7,
I424970,-1655,1.1735763799E8,2025-10-17
I426224,1323,1.7035804958E8,
I429765,-1822,8.611494995E7,2025-09-27
I433272,-481,6432778.71,2025-09-06
I437255,1368,1.9489320622E8,
I447234,709,1.0083076239E8,2030-01-01
I448554,1690,7.453400383E7,2030-01-01
I450504,-1603,4.708536401E7,2025-10-25
I451436,1407,1.3493301276E8,2030-01-01
I455916,1785,4.166641768E7,
I457854,868,7.826295745E7,2030-01-01
I457977,1791,1.0730034001E8,
I460609,521,6.287518496E7,2030-01-01
I460862,-1340,1.4614357668E8,2030-01-01
I460936,1509,9.273273568E7,2030-01-01
I466879,1355,2.025918865E7,
I365082,393,5.561019132E7,
I368719,701,2.507877257E7,
I370073,218,3.023514569E7,
I371604,66,9061904.47,
I374430,-1938,1.8848678815E8,2025-09-26
I378951,1263,9.573997744E7,
I382502,-1230,1.490396661E7,2025-10-10
I388758,920,7.785305396E7,2030-01-01
I396510,1846,2.967837957E7,2030-01-01
I405952,1802,2.2230266657E8,
I411963,-1928,1.1997033013E8,2025-10-12
I412311,867,1.2004296729E8,2030-01-01
I415712,-1742,4.080263018E7,2025-10-05
I416348,315,3.940804409E7,
I421539,1729,5987353.31,2030-01-01
I428453,1357,1.2555564011E8,2030-01-01
I429732,424,2.534898355E7,2030-01-01
I430563,234,1.962170448E7,
I431727,-893,1.980149165E7,2025-09-20
I436573,226,1.624369009E7,2030-01-01
I439192,585,5.114120667E7,
I440706,971,8.381704677E7,2030-01-01
I441903,1998,3.130142653E7,2030-01-01
I442250,-761,1.0068388361E8,2025-09-04
I443264,1902,1.7994819316E8,2030-01-01
I444367,906,2.419798131E7,2030-01-01
I444838,1460,1.0686860239E8,
I448365,-281,2.521094879E7,2025-10-28
I449365,938,9.698240266E7,
I456844,189,2.498575913E7,2030-01-01
I457340,-943,4.09565033E7,2025-09-01
I466848,-1261,4.758956054E7,2025-09-01
I469351,1010,5.539608666E7,
I475127,1451,2.0983857038E8,2030-01-01
I360049,-1299,1.2631776599E8,2025-10-22
I362599,-262,2.587533741E7,2025-10-26
I364784,173,1.075962261E7,2030-01-01
I369414,-455,8750404.19,2025-10-23
I361286,1404,5.98835894E7,
I376719,1298,1.8124194965E8,2030-01-01
I378165,765,7.803793398E7,
I386375,-315,2332387.52,2025-10-30
I403063,353,5849439.67,
I404538,-269,1.610254221E7,2025-09-09
I409426,-926,1.358404478E7,2025-10-13
I417117,219,3.053508136E7,2030-01-01
I418082,623,2.127336581E7,
I422727,-264,1.355332539E7,2025-09-26
I430340,649,0.0,2030-01-01
I436664,1863,1.7159064208E8,2030-01-01
I436719,-1336,1.8383907661E8,2025-10-25
I436853,889,1.3195208957E8,
I436919,1470,2465508.14,2030-01-01
I446068,1818,5.962342004E7,
I446164,116,3003901.3,2030-01-01
I451200,-534,7.286001351E7,2025-10-16
I453638,-1656,1.6468896636E8,2025-10-05
I454296,840,4.0033978E7,2030-01-01
I455781,234,2.618906109E7,
I459531,1003,4.374544541E7,2030-01-01
I462131,1504,1.334255836E8,
I465975,1403,4682167.5,2030-01-01
I466102,266,4507734.71,2030-01-01
I466141,-1384,1.243677761E7,2025-09-20
I466735,1908,2.7610324773E8,2030-01-01
I470405,-355,1.155549387E7,2025-10-22
I471873,-1761,1.8951793512E8,2025-09-08
I474712,387,3.590571638E7,2030-01-01
I475491,316,4.388931737E7,
I363967,578,8.121148582E7,2030-01-01
I368794,-524,4.265973052E7,2025-09-24
I363155,1489,0.0,
I373124,-833,1.2184399034E8,2025-10-24
I375267,1778,5.332244443E7,
I375766,-882,7.3240317E7,2025-09-22
I382372,-1571,6.771797382E7,2025-09-19
I386962,-1462,1.6239684703E8,2025-10-23
I387493,1438,1.4990950623E8,2030-01-01
I390962,-205,1.81649767E7,2025-10-21
I402268,-1123,3.457425634E7,2025-10-04
I405563,-1105,1.5711191688E8,2025-09-05
I408330,-182,2.239056073E7,2025-09-02
I408822,1915,2.7769142803E8,
I413866,-712,1.308503383E7,
I421421,-1245,4.469550454E7,2025-10-12
I422783,1031,7.2573233E7,2030-01-01
I424809,1640,0.0,2030-01-01
I428175,1552,2.1346088007E8,
I429493,550,1.708537729E7,
I432005,1208,9.820093421E7,2030-01-01
I434528,1686,1.4760466262E8,
I440185,1125,1.741007266E7,2030-01-01
I445153,374,4.667631282E7,2030-01-01
I451945,1346,8.351687541E7,2030-01-01
I465068,318,216385.44,2030-01-01
I467834,-996,9.580495899E7,2025-09-27
I471125,1181,1.2205874635E8,2030-01-01
I479076,291,2.516996105E7,2030-01-01
I487581,1944,2.1483339529E8,2030-01-01
I482750,731,9.743136609E7,
I487887,595,2.022243833E7,
I494928,297,3.328897206E7,
I495152,-1270,4.719465091E7,2025-09-13
I502207,1958,2.5686997576E8,2030-01-01
I505376,720,1.12014634E7,
I506754,-314,5606372.46,2025-09-11
I508642,-1293,7.540886781E7,2025-09-04
I511108,-377,1.383148272E7,2025-10-24
I518810,-1800,8.662841376E7,2025-09-20
I519901,2000,1.5509140103E8,2030-01-01
I536504,647,4978810.97,2030-01-01
I538046,488,4.489678565E7,2030-01-01
I542178,369,7710981.41,
I550506,806,1.1413559831E8,2030-01-01
I551697,1788,1.5787861748E8,
I554057,476,4.28507122E7,
I557161,1582,2.0697134195E8,2030-01-01
I557268,1881,1.1852208966E8,
I558070,475,5.25656718E7,2030-01-01
I564559,-1791,2.6290193985E8,2025-09-15
I578639,1599,1.6442939145E8,
I581615,1787,1.876437318E7,2030-01-01
I582994,1420,9.95681498E7,2030-01-01
I584480,-703,5.276807834E7,2025-09-06
I585658,315,3.900411034E7,2030-01-01
I588468,1095,8.063666206E7,2030-01-01
I589387,-480,4.104569461E7,2025-09-18
I477724,1474,2.1835861361E8,
I479157,1335,1.6273241252E8,
I489118,1530,6.088671538E7,
I489163,337,3.761903338E7,2030-01-01
I491870,-641,8.669921874E7,2025-10-14
I497390,1695,2.3258705766E8,
I501905,-829,3.75054814E7,2025-09-28
I508880,445,4.557568699E7,2030-01-01
I513769,1366,6.75761775E7,2030-01-01
I515107,276,7494213.06,
I516109,1705,2.493722723E8,
I518574,249,1958387.79,2030-01-01
I520383,507,9409241.25,2030-01-01
I533757,-1310,3.740066551E7,2025-10-19
I541006,-1623,9.278799342E7,2025-10-22
I541698,1783,4.995241672E7,2030-01-01
I546802,689,1.279631413E7,2030-01-01
I549222,855,6.809432581E7,2030-01-01
I551553,-317,3.461289683E7,2025-10-16
I558937,1472,1.930930001E8,2030-01-01
I560227,1256,5.770310394E7,2030-01-01
I570387,638,8.742160547E7,
I577411,-1541,5.573881798E7,2025-09-12
I578750,-1330,5.172205788E7,2025-09-11
I580266,1662,5.30599952E7,2030-01-01
I587756,1024,8.749595358E7,
I589062,1059,1.517358025E8,
I589400,1768,2.3930715817E8,2030-01-01
I589737,583,2.336054039E7,
I480744,456,4.20375035E7,2030-01-01
I481292,1138,1.4879203072E8,2030-01-01
I484369,1505,1.8010128163E8,
I490749,-1063,3.734180577E7,2025-10-05
I495869,-1148,3.464382541E7,2025-09-08
I497553,-463,6.646077278E7,2025-09-21
I497776,-1638,1.5105662696E8,2025-10-31
I498934,1235,1.7784833311E8,
I499767,1506,8.240995405E7,2030-01-01
I500152,1437,1.8315776589E8,
I502755,280,1.111522679E7,2030-01-01
I506744,1036,1.1723978757E8,
I507700,1565,3.122753889E7,
I512671,1470,7001658.67,
I515825,-1326,1.575134262E8,2025-09-17
I518970,1475,5.421912029E7,2030-01-01
I519913,858,5.719642269E7,
I522981,1012,1.4033521746E8,
I529246,955,1.3968234645E8,2030-01-01
I532765,-1415,3.497732775E7,2025-10-14
I534935,-999,1.1088792589E8,2025-10-03
I541335,932,0.0,
I542420,930,8.814758164E7,
I543479,-1746,1.115971066E8,2025-09-07
I545595,1888,1.744268603E7,2030-01-01
I549975,-1525,2.189046652E8,2025-09-15
I551710,1940,1.312002298E7,
I551792,745,3.086579083E7,2030-01-01
I555359,-1879,1.7906636726E8,2025-10-15
I557990,1004,1.2813487761E8,2030-01-01
I559125,300,3.533326086E7,2030-01-01
I559168,1084,1.2157901692E8,2030-01-01
I565137,1157,8.345332627E7,
I566229,-1867,1.4498575363E8,
I568277,1565,2.0296219749E8,
I570302,1299,0.0,
I574516,1754,2.4804948121E8,2030-01-01
I574967,913,1.0195911163E8,2030-01-01
I584253,1737,4.86739733E7,2030-01-01
I586507,-576,8911846.75,2025-09-08
I586982,315,7839465.91,
I476006,509,3.583203211E7,2030-01-01
I482069,-1519,1.9616175062E8,2025-10-24
I484122,-1177,1.6721562343E8,2025-09-28
I506752,1680,1.899644982E7,
I507118,-418,5.597490558E7,2025-10-12
I509814,481,6.430150078E7,2030-01-01
I509918,1480,7.392463141E7,
I511662,1101,8.105060463E7,
I512979,1394,1.0488661039E8,2030-01-01
I513674,-1624,1.7804742491E8,
I515289,-1286,1.2358172222E8,2025-10-14
I521323,-855,7.001593464E7,2025-09-12
I526642,292,3.719670096E7,2030-01-01
I532598,1184,1.6227754202E8,2030-01-01
I537195,1587,2.2878028445E8,2030-01-01
I537627,-826,6.67868881E7,2025-10-19
I545407,815,5.818950912E7,2030-01-01
I547022,648,7.278053437E7,2030-01-01
I550270,1964,2.1832722864E8,2030-01-01
I553671,1002,2.918666365E7,
I554252,1045,1.102734491E7,
I562260,426,1.595606561E7,2030-01-01
I568598,1354,1.7768234975E8,
I569054,197,2.108929064E7,2030-01-01
I571967,1754,2.5582309094E8,
I575424,-602,2.335779819E7,2025-10-22
I575572,134,222882.3,
I577207,1213,9.221286227E7,
I578759,82,3505077.56,
I579285,492,4.68520271E7,2030-01-01
I581393,-1380,1.5258375617E8,2025-09-19
I583619,-1259,1.4728615185E8,2025-09-18
I587035,-821,4.571022067E7,2025-09-23
I477398,-1999,2.7184531857E8,2025-09-08
I479057,463,4.991713561E7,2030-01-01
I486101,-1599,6.198813378E7,2025-09-24
I487198,-112,3901313.11,2025-10-25
I487966,-467,2.508752641E7,2025-10-14
I477380,1950,2.2411911353E8,
I480852,858,7.89544605E7,
I490447,164,2.289630264E7,
I495972,-242,2.886812681E7,2025-09-24
I496955,-775,6.533322595E7,2025-09-14
I502843,-198,119399.2,2025-09-17
I507820,-312,9239440.93,2025-09-07
I510620,1071,5.463709651E7,2030-01-01
I513763,1596,1.0063887308E8,
I513889,1099,0.0,
I516283,-1502,1.5788363924E8,2025-09-25
I516839,1622,1.2250320075E8,2030-01-01
I522102,1855,1.9973277244E8,
I528382,1299,4.231542596E7,
I529425,-1304,3.128329336E7,2030-01-01
I530501,1927,2.7283284433E8,
I530879,-1164,1.1443141046E8,2025-10-17
I533247,268,2.623119698E7,2030-01-01
I534738,-1345,7.341827816E7,2025-09-25
I535933,-279,3.157766079E7,2025-10-28
I539570,-293,1.319692429E7,2025-10-16
I542700,461,4.257809661E7,2030-01-01
I548151,475,8590189.79,
I548885,-560,4.452319014E7,2025-10-02
I551310,917,7984785.34,
I552268,371,1.92026658E7,2030-01-01
I554521,1179,8.336752779E7,
I557841,647,5.718093577E7,2030-01-01
I561390,1202,8.480584821E7,2030-01-01
I562555,985,1.2552665882E8,2030-01-01
I572703,1558,1.5031304738E8,
I575483,1591,7.927969264E7,
I576748,303,2.739401308E7,
I578306,-771,2421612.66,2025-09-29
I578630,1927,1.7949782549E8,2030-01-01
I579667,878,0.0,2030-01-01
I588950,1071,8.918807304E7,2030-01-01
I478038,-779,1.904154171E7,2025-10-27
I484780,-1113,1.3922345428E8,2025-10-11
I484459,1370,1.0248881292E8,
I495625,257,0.0,2030-01-01
I497983,682,5.186997784E7,2030-01-01
I500075,-248,3.293112073E7,2025-09-12
I502347,1705,2.2179247432E8,
I506295,-1818,2.3490696482E8,2025-10-25
I506521,423,4.012871713E7,
I507901,-1520,7.357095302E7,2025-10-18
I510182,1749,1.8917732789E8,
I514030,-1109,6.952676724E7,
I516313,402,5.210924926E7,
I517381,-1435,1.1370584741E8,2025-10-20
I522051,1448,5.399202375E7,
I526196,-1044,0.0,2025-09-16
I533028,950,4.9286693E7,
I533473,-1875,1.9175026183E8,2025-09-10
I535602,1914,5.828761172E7,2030-01-01
I539318,-551,5.492334378E7,2025-10-08
I545207,877,8.282463109E7,2030-01-01
I549757,1673,1556121.37,
I550400,1861,2.124777758E7,2030-01-01
I550856,-639,2.346879525E7,2025-10-08
I555858,1583,2621463.88,
I559140,1751,1.6409114031E8,2030-01-01
I564210,690,3.23787383E7,2030-01-01
I566687,1277,1.6615405195E8,2030-01-01
I569676,1161,3.45129508E7,
I571458,-992,4.304187781E7,2025-09-05
I573298,1053,4.006583897E7,
I576112,1281,2.319700136E7,2030-01-01
I576438,1981,1.254730792E7,
I581229,-613,9.078382904E7,2025-10-05
I585281,-249,2.252332086E7,2025-09-17
I587478,1615,2.551222003E7,2030-01-01
I591161,-769,1.1046521964E8,2025-10-02
I477348,1377,1.1025176087E8,2030-01-01
I478117,-1516,2.0982125534E8,2025-09-14
I480494,-838,4.461075973E7,2025-10-05
I481352,1258,1.3174317606E8,2030-01-01
I487743,960,1.2164726581E8,
I491561,772,6.265530667E7,2030-01-01
I499180,-505,4.434961031E7,2025-09-13
I502776,-1405,1.585952808E7,2025-10-05
I503345,792,1.1415571033E8,2030-01-01
I507408,481,6.281579917E7,2030-01-01
I510768,-1795,2.3512871275E8,2025-09-25
I514584,404,5.547386786E7,
I516008,574,3.45935916E7,
I518392,796,8.279109761E7,2030-01-01
I519375,317,3.349815759E7,
I522789,-746,5.456459191E7,2025-09-03
I523799,1083,1.38706095E8,
I537751,351,2.742919651E7,
I539699,1136,1.85324735E7,2030-01-01
I546635,1702,2.1884759329E8,
I550620,1705,2.442386754E7,
I553489,-162,1.690272098E7,2025-09-04
I554198,843,8532334.34,
I554972,517,2.859236031E7,2030-01-01
I554975,1985,1.1102121206E8,
I559936,-822,9.817946866E7,2025-09-11
I560698,-167,1.708922786E7,2025-09-17
I563647,719,3.101537404E7,2030-01-01
I566240,73,1.064851389E7,
I568270,790,1.201724962E7,2030-01-01
I572228,1460,7.556211105E7,
I574352,-236,1124885.65,2025-10-09
I575288,-1222,2.406694433E7,2025-10-22
I578910,128,2670435.02,2030-01-01
I584637,-1388,4.560023809E7,2025-09-16
I587027,1002,7.6862014E7,2030-01-01
I589178,269,3.472568936E7,
I478003,221,1.082773227E7,2030-01-01
I478824,-1642,4.543051088E7,2025-09-13
I480211,1104,0.0,
I481670,878,1.280969053E8,
I486045,989,9740674.19,
I487922,1880,1.2117715032E8,
I496227,138,6921462.68,
I501165,-1546,2.1538990371E8,2025-09-01
I508925,665,5.024368759E7,2030-01-01
I509463,-214,8691704.47,2025-10-20
I514489,1977,2.6042483035E8,2030-01-01
I517047,1693,7716914.54,2030-01-01
I517290,129,1254236.47,
I522989,-539,7.965922257E7,2025-10-19
I523087,-1870,5.994835392E7,2025-09-22
I533005,1913,1.2565462902E8,
I533867,-1390,1.9751421159E8,2025-09-12
I534353,717,4.500820359E7,
I535423,-855,3.898587436E7,2025-10-18
I537606,488,6.251321014E7,
I538041,606,1.039651958E7,
I538673,-376,1.28111565E7,2025-10-08
I539957,-1399,1.6470383845E8,2025-09-24
I540178,1151,5390027.96,
I543463,83,1.057211941E7,
I548180,732,8.542768009E7,
I551410,-1020,1.0296049087E8,2025-09-30
I551439,472,6.96432101E7,2030-01-01
I553284,707,1.0031584063E8,
I555243,1259,1.4669833425E8,2030-01-01
I557151,-1937,9.536437902E7,2025-09-27
I559783,1955,1.2055502552E8,2030-01-01
I559792,-713,6.624478893E7,2025-10-11
I562129,-1423,4.802764598E7,2025-10-19
I573764,433,5.517921908E7,
I578116,728,3.949603392E7,
I584009,-1705,1.2361538841E8,2025-09-26
I584498,-1997,1.0580827105E8,
I584807,-1358,1.6133724563E8,2025-09-15
I585176,645,3.130691701E7,2030-01-01
I590674,1705,1.8992680583E8,
I480292,-1265,9.923323705E7,2025-10-26
I484958,862,2.767973082E7,2030-01-01
I495674,1570,1.564480314E7,
I498984,204,2.60229771E7,2030-01-01
I500274,811,9.166392767E7,
I500447,1751,1.179736746E7,
I503698,81,3682327.59,2030-01-01
I505976,-1578,1.5825498915E8,2025-10-25
I509476,-220,6057121.15,2025-09-01
I510719,1509,1.0580211217E8,2030-01-01
I511624,753,1.0078490759E8,2030-01-01
I513951,446,7308837.53,2030-01-01
I516780,570,6.778513174E7,
I517126,1976,2.9332781676E8,
I519837,1859,1.8927645408E8,2030-01-01
I520395,1004,4.621735921E7,2030-01-01
I523520,1420,1.1757409635E8,2030-01-01
I533610,-471,5.881416911E7,2025-10-25
I538975,-1056,7.911694271E7,2025-10-15
I539791,1588,1.6809791862E8,2030-01-01
I542807,317,2.767273843E7,
I546050,1878,3.129917825E7,2030-01-01
I547995,1740,2.2268218525E8,
I550398,-1886,1.8349190246E8,2025-10-18
I561532,999,3.088568274E7,
I567714,334,0.0,2030-01-01
I568622,827,9.298081139E7,2030-01-01
I570829,-326,4.371435122E7,2025-10-08
I571322,-1879,2.2911817361E8,2025-10-08
I573479,147,7557486.6,
I573961,199,6226009.21,2030-01-01
I578065,302,2.269776678E7,2030-01-01
I579550,1676,2.0100325565E8,2030-01-01
I579689,653,3.213450714E7,2030-01-01
I579863,511,6.679914536E7,2030-01-01
I582089,923,1.1127851927E8,2030-01-01
I582380,302,3.267121663E7,
I591147,-1247,1.3310588748E8,2025-10-28
I478307,-172,9368039.38,2025-09-26
I479835,552,5.551392014E7,2030-01-01
I479747,1452,2.0345439473E8,
I480429,166,3314971.76,
I496135,1752,1.4501893364E8,2030-01-01
I500021,-946,2.806758123E7,2025-10-10
I513010,-1105,1.50066324E7,2025-09-13
I520983,919,1.19235731E7,
I522225,-956,4.609541417E7,2025-10-04
I524324,236,2.882905888E7,2030-01-01
I524402,1397,1.5743012226E8,
I527025,462,6.142774333E7,2030-01-01
I532899,923,9.744910264E7,
I535076,-1956,4.824272161E7,2025-09-11
I536281,1278,1.3888571929E8,2030-01-01
I539734,-158,1.143785936E7,2025-09-03
I540047,-620,2.715597297E7,2025-09-07
I543230,375,4.2059606E7,2030-01-01
I548024,-1392,1.676293252E8,2025-10-04
I554183,1528,1.1261860367E8,2030-01-01
I558036,464,1.436463855E7,
I559193,-188,1.925900681E7,2025-10-18
I560389,-1015,1656476.8,2025-09-28
I562500,355,2.987821105E7,2030-01-01
I563113,95,473315.21,2030-01-01
I563996,651,9.061442849E7,
I566019,-1496,4.898286208E7,2025-10-06
I566431,1708,1.2794442675E8,2030-01-01
I570211,-786,2.976533219E7,2025-09-22
I570584,863,2.005302253E7,
I572213,1776,2.6423906178E8,
I579119,1774,3.708975371E7,
I584112,-1285,5.122062832E7,2025-10-02
I478826,1619,0.0,2030-01-01
I485432,-1100,1.1803246515E8,2025-10-24
I476567,1855,2.7253173562E8,
I481285,763,1.0219053555E8,
I485202,263,0.0,
I491367,-1473,3281873.22,2025-10-30
I501386,667,6492709.06,
I503074,-1474,1.3038568109E8,2025-10-27
I504375,-1875,1.0560097232E8,2025-09-28
I504856,-734,8.344181285E7,2025-09-07
I507866,-761,8.88202292E7,2025-10-16
I510972,1542,1.3269441958E8,
I517537,1889,6.639803168E7,2030-01-01
I517784,1255,1.2150930451E8,2030-01-01
I523191,-267,2.489485833E7,2025-10-03
I526681,-1191,1.7765968515E8,2025-10-20
I527889,1820,2.4457485464E8,2030-01-01
I536962,841,6.751353257E7,
I539863,-729,9.389866387E7,2030-01-01
I542852,-362,3.113134379E7,2025-10-12
I543527,1724,2.2241715289E8,2030-01-01
I547245,52,7697307.87,2030-01-01
I549976,727,9.222910664E7,
I551014,-873,1.0822554718E8,2025-10-24
I553676,777,8196277.83,
I557452,476,1706888.07,
I561624,1652,1.3754196814E8,
I561892,1527,1.9426549081E8,2030-01-01
I562600,-1432,1.8990101113E8,2025-09-26
I562882,559,4.197793192E7,
I562883,1520,1.032525609E8,
I564818,-75,1.106916108E7,2025-10-04
I566418,1173,5.794751909E7,2030-01-01
I566571,500,1.994701718E7,2030-01-01
I569166,204,5512829.74,
I571980,1517,1.3915856197E8,
I572880,344,4.096421605E7,2030-01-01
I576114,1732,1.5277594305E8,2030-01-01
I579335,975,5.550646496E7,
I587786,-1303,1.9174738238E8,2025-09-27
I480487,257,4719638.46,2030-01-01
I480737,1074,3.71546541E7,
I496712,-739,1.0951250521E8,2025-09-12
I503623,1150,1.3124890868E8,
I506347,-1638,8.44057463E7,2025-09-01
I506393,1323,2.091338519E7,
I511450,191,1.598779125E7,2030-01-01
I512991,1225,7.456325727E7,2030-01-01
I515261,1023,2.83907553E7,2030-01-01
I518430,1219,1.2742460028E8,2030-01-01
I519290,266,8163045.66,
I519500,-163,1.109236759E7,2025-10-21
I520468,380,1.052711844E7,2030-01-01
I523650,-1075,2.30485882E7,2025-10-10
I534178,-951,2.133142616E7,2025-09-27
I534206,845,7600044.61,
I536214,1261,4.644129292E7,2030-01-01
I549136,765,3.440009252E7,
I549348,1872,2.5369346841E8,
I551780,342,2.894012336E7,
I556085,1310,1.1177531963E8,2030-01-01
I557572,884,8.774985494E7,2030-01-01
I561125,838,1.588970313E7,2030-01-01
I568582,260,4901947.93,
I573121,1371,1.6333140968E8,2030-01-01
I573468,512,8377891.18,2030-01-01
I606115,-415,5.863294107E7,2025-09-12
I607215,-422,1.502323577E7,2025-09-14
I618869,-311,1.745148715E7,2025-09-17
I622518,678,1.452513368E7,2030-01-01
I624759,-1401,1.6409102114E8,2025-10-19
I633466,1075,1.2280626624E8,
I637647,-1125,8.361873285E7,2025-10-19
I640743,-177,7075943.32,2025-10-14
I641863,1313,2.859102579E7,
I642789,974,1.3362413641E8,
I647990,-350,2.24893094E7,2025-10-13
I651010,197,2.432243988E7,2030-01-01
I653490,1067,5494333.55,
I654731,458,5.479062299E7,
I659057,-494,6399896.47,2025-10-29
I661411,-1251,1.3151338126E8,2025-09-05
I667899,1228,1.1171985783E8,
I667905,-1557,3682992.61,2025-09-12
I672492,1576,1.1410303522E8,
I673011,-1396,2.0146586189E8,2025-09-03
I673281,832,1.1586388051E8,
I674096,752,2.278519474E7,
I674664,1869,8.718249866E7,2030-01-01
I677037,-842,1.263201483E7,2025-09-19
I677847,461,6.844933264E7,2030-01-01
I678432,1323,8.862715503E7,2030-01-01
I678684,1764,2.6193546313E8,
I684220,-466,1.917210259E7,2025-10-05
I688710,1693,1.0593302798E8,
I691737,1916,2.7220979752E8,2030-01-01
I694210,1419,1.0945131785E8,2030-01-01
I695431,909,9.541648716E7,
I697999,755,4.6851409E7,2030-01-01
I700138,1425,6658279.52,
I704113,1648,2.4231703632E8,2030-01-01
I706087,1538,2.2245124758E8,2030-01-01
I591896,1135,1.028033889E7,2030-01-01
I594018,-1686,1.3840766912E8,2025-10-06
I595827,784,1.0554057573E8,2030-01-01
I601441,447,3.869864189E7,2030-01-01
I603062,904,1.687930045E7,
I603073,493,1.413408074E7,
I605539,-1926,6845515.16,
I607643,887,1.003179383E7,
I612684,1256,1.5931020728E8,
I613221,1169,1.3646376321E8,2030-01-01
I616039,1377,1.6491696289E8,2030-01-01
I619370,697,7942062.68,2030-01-01
I623556,-1393,4131911.31,2025-10-07
I624684,110,5305604.62,
I625985,-903,6.436050146E7,2025-10-31
I627054,-224,1.999087796E7,2025-10-20
I628614,-1444,1.9337170858E8,2025-10-03
I628754,385,2.696672414E7,2030-01-01
I630887,1774,1.9383924293E8,
I633392,1123,6.362377021E7,2030-01-01
I636826,1724,2.1040652165E8,2030-01-01
I643074,-351,4.541117635E7,2025-10-31
I646029,1135,6.308581016E7,
I648057,346,1.503191271E7,
I654739,1918,9.937504136E7,2030-01-01
I655554,1011,4.355186628E7,2030-01-01
I659911,300,2.855712357E7,2030-01-01
I664259,258,7554994.25,
I664891,-1625,2.2295638335E8,2025-10-25
I666278,-607,6071992.84,2025-09-23
I666391,1562,1.6366413973E8,2030-01-01
I674336,525,4.332057838E7,
I680739,727,2.912987276E7,2030-01-01
I685633,1995,2.2623882277E8,2030-01-01
I685977,1050,2.102430047E7,
I689995,-489,5.899371543E7,2025-09-22
I690623,-796,9.587769907E7,2025-09-30
I694108,1509,3.80503917E7,
I700633,1395,6232037.43,2030-01-01
I701513,558,1.713597288E7,2030-01-01
I704554,-1116,1.772608501E7,2025-10-18
I595832,-265,2.173749916E7,2025-09-05
I602799,501,4.872835368E7,2030-01-01
I603086,836,4.366687372E7,2030-01-01
I605012,-942,1.021574741E7,2030-01-01
I606821,1976,2.1674655724E8,2030-01-01
I607888,-1607,1.5080537209E8,2025-10-13
I611184,466,2.912352325E7,2030-01-01
I632349,1268,1.8772760797E8,2030-01-01
I633736,-1843,1.828631087E7,2025-09-08
I643466,-151,2.051417368E7,2025-09-10
I644736,1704,1.0703522982E8,
I645844,-338,2.062097316E7,2025-09-04
I648575,147,1.74537739E7,
I649333,1085,9.287127396E7,2030-01-01
I661295,1038,9.239241599E7,
I676731,-1840,1.525258568E8,2025-10-29
I677456,498,2.08580466E7,2030-01-01
I677954,420,5.247525555E7,
I682624,1145,1.5876769661E8,
I687508,370,3718624.46,
I688487,1473,1.7400006246E8,
I692905,1031,9.147193334E7,2030-01-01
I695772,675,3.380518923E7,2030-01-01
I695917,781,8.47998512E7,
I603248,1064,2.119441616E7,2030-01-01
I596424,1890,7.841855337E7,
I602071,161,1.960768122E7,
I606798,-633,6.785371159E7,2025-09-19
I608062,481,4.182916978E7,
I609313,1948,3.961687515E7,2030-01-01
I611359,1573,1.4111350126E8,
I616407,1344,3.797464994E7,2030-01-01
I627570,1967,1.331153765E7,2030-01-01
I628089,1610,1.6127767978E8,
I629280,1333,1.8430687466E8,
I633933,-1697,1.4320966044E8,2030-01-01
I634626,108,6519006.36,2030-01-01
I641603,-1270,1.0704576329E8,2030-01-01
I641609,998,1.3893491083E8,2030-01-01
I644430,1877,2.4936688004E8,
I646930,1939,1.6773698416E8,
I652558,1708,1.5979415305E8,2030-01-01
I658089,753,7.905887012E7,2030-01-01
I660106,-1584,1.488925899E7,2025-09-25
I662212,1343,1.7945828593E8,
I669030,1771,2.2702031377E8,2030-01-01
I681359,636,4.621049021E7,2030-01-01
I681412,1795,1.1975131976E8,2030-01-01
I681983,1346,8.168018736E7,2030-01-01
I690818,1793,6.25281539E7,
I692428,-759,2.218649906E7,2025-09-24
I695365,942,7.165969201E7,2030-01-01
I697070,846,1.2539131051E8,
I697224,1249,6601868.3,2030-01-01
I594300,1615,1.8230426293E8,2030-01-01
I594731,659,5.905704586E7,2030-01-01
I600086,1561,1.0834514884E8,2030-01-01
I596329,711,2.418792545E7,
I609251,1889,2.7483316516E8,
I609558,225,2.593874601E7,2030-01-01
I610684,683,7.701523717E7,
I611149,1497,1.586256079E7,2030-01-01
I616238,1167,1.2909430752E8,2030-01-01
I616298,986,6.15032755E7,
I617917,249,3.642403355E7,
I618528,790,4.859430469E7,
I625017,-1740,4.7376998E7,2025-10-10
I630187,955,1.2867519012E8,2030-01-01
I635483,508,4.233319552E7,2030-01-01
I637036,142,4427603.54,2030-01-01
I637175,493,6.45919278E7,2030-01-01
I637937,-960,2.434671075E7,2025-09-24
I639359,-775,9.824356552E7,2025-10-05
I645926,-654,0.0,2025-10-10
I646326,-165,1582906.56,2025-09-04
I647855,1599,6.575164715E7,2030-01-01
I648292,1503,2.2071704591E8,
I651628,340,3.745885106E7,2030-01-01
I656915,955,1.3706988478E8,2030-01-01
I657852,392,5.831380582E7,2030-01-01
I658459,-1247,1.538986852E8,2025-10-27
I658602,1175,3.331598786E7,
I664268,-840,7.854390624E7,2025-10-19
I664746,-1455,1.8696661489E8,2025-10-09
I670112,545,6.821235E7,
I676709,1106,3.50203482E7,
I677428,1451,1.5313468368E8,2030-01-01
I678913,797,4.648302257E7,
I681785,241,3.0461703E7,
I683588,1962,2.5908021298E8,2030-01-01
I684240,-99,1.02124557E7,2025-09-27
I686352,1167,1.3827199354E8,2030-01-01
I689546,415,4.32269362E7,
I698226,685,4420718.12,2030-01-01
I698716,944,6.271358662E7,
I700727,-1763,6.094363848E7,2025-09-04
I700878,-1510,1.326048202E8,2025-10-04
I701210,-465,0.0,2025-10-10
I591735,-974,5.185201553E7,2025-10-10
I593025,-838,6.168926305E7,2025-10-11
I598085,1542,1.3902032206E8,2030-01-01
I599684,-772,3.21957709E7,2025-10-21
I591498,1289,1.479076928E8,
I601049,328,3.004203517E7,
I604139,1544,1.202456974E8,2030-01-01
I606552,685,9.930583559E7,2030-01-01
I610508,-1932,1.2224013767E8,2025-10-03
I612995,1115,9731250.21,2030-01-01
I616083,-1288,8.14273552E7,2025-10-28
I616484,613,4.154810923E7,
I621352,280,1.558084814E7,
I621675,1593,1.8331437792E8,2030-01-01
I623744,597,7.214818684E7,
I624343,78,1116949.93,2030-01-01
I625401,1524,1.2632116529E8,2030-01-01
I630160,-444,5.245899277E7,
I635132,-1966,1.9740178265E8,2025-09-29
I638841,1985,1.726542798E8,2030-01-01
I639551,1446,1.6479852784E8,2030-01-01
I639632,1712,1.9298146628E8,
I642853,1602,2.1064230423E8,
I644091,637,2.450466923E7,2030-01-01
I645503,-191,1.555378438E7,2025-10-14
I646411,903,1.0509809683E8,
I648883,255,4563110.47,2030-01-01
I652934,-1725,3.978998504E7,2025-09-15
I655375,-441,4107670.43,2025-09-27
I655461,854,4.577839501E7,2030-01-01
I657994,432,5.789718918E7,
I659892,1361,1.6067929418E8,2030-01-01
I661439,902,9.270794048E7,2030-01-01
I662216,684,5005775.68,2030-01-01
I665693,538,3.814693363E7,
I666728,1773,1.6207712869E8,2030-01-01
I672361,824,0.0,2030-01-01
I673088,-1608,2.1803463273E8,2025-10-23
I678373,-621,3.75852016E7,2025-10-23
I679421,537,4.041199975E7,
I681672,945,2.26309819E7,2030-01-01
I683948,-1956,9.115770647E7,2025-10-15
I688571,-1627,1.0559299938E8,2025-10-17
I694810,-474,6.354189334E7,2025-10-31
I698813,1723,5.830149851E7,2030-01-01
I700570,-1984,1.025695261E7,2025-10-18
I595776,-1084,9.886897767E7,2025-09-30
I602316,-1979,8.177655859E7,2025-10-05
I591821,343,2.882495819E7,
I593738,-816,2.111219333E7,
I603436,423,1034313.31,
I608173,299,4.234909144E7,
I611393,-851,5.394203966E7,2025-10-05
I612862,724,7.097533788E7,2030-01-01
I616839,1945,2.9130117225E8,
I617534,844,1.1163964107E8,2030-01-01
I621251,899,1.0341148896E8,2030-01-01
I624003,857,1.0362100054E8,
I625922,324,2.326511976E7,2030-01-01
I631186,-1174,9.516626069E7,2030-01-01
I632736,-351,6908283.62,2025-10-27
I635395,567,6840135.15,
I637277,1937,3.116700765E7,
I645816,422,6.051213203E7,2030-01-01
I646965,-1628,1.592339257E8,2025-09-01
I651393,1562,6.087598724E7,2030-01-01
I659471,-1549,1.0830677323E8,2025-09-05
I662462,661,5.067543138E7,
I663961,-187,2.48773098E7,2025-10-04
I671195,508,1.609058557E7,
I671384,-1108,1.1293820813E8,2025-10-25
I674564,-1476,9.334440239E7,2025-09-12
I676409,-966,3.056927365E7,2025-09-09
I676519,119,355506.99,
I678136,-1288,7.12518257E7,2025-10-09
I686586,-643,6160244.6,2025-10-24
I691202,-1893,2.567759661E8,2025-10-22
I692957,-1630,6.29913325E7,2025-10-10
I693750,1707,6.292639839E7,2030-01-01
I693833,1503,1.7919038238E8,
I701305,-1945,4.276050253E7,2025-09-16
I702233,569,7.235983536E7,2030-01-01
I704294,434,4.312750837E7,2030-01-01
I706862,885,4.751993752E7,2030-01-01
I595652,-695,9933179.63,2025-09-22
I595390,60,7587805.48,
I605683,1211,3.54466694E7,
I606262,1722,2.3202991704E8,2030-01-01
I611925,-1003,1.4203011677E8,2025-10-08
I612094,1465,9.439462673E7,2030-01-01
I613261,-192,2.360801984E7,2025-09-08
I614082,1389,3.747701414E7,
I618235,-625,1.037699636E7,2025-09-03
I622762,-764,4.917490333E7,2025-09-23
I623597,1739,2.2103978313E8,
I625135,654,1.548351477E7,
I626458,292,2340068.01,
I634254,722,3.44624753E7,
I636643,1868,1.8011592167E8,2030-01-01
I637549,655,1.005645276E7,2030-01-01
I639423,1257,4.760436187E7,
I639541,-1036,1.294752335E7,2025-10-14
I646504,1619,2.1094919064E8,
I647721,1586,2.2247106943E8,
I647731,689,3.699909579E7,2030-01-01
I647999,100,6533981.94,2030-01-01
I652825,444,3.690174605E7,
I655197,-901,5.581624043E7,2025-09-10
I655631,-1961,2.798557505E7,2025-10-23
I655858,561,4.072536854E7,
I655894,1019,7.567923855E7,
I656238,-733,1.0314547878E8,2025-09-01
I663995,495,6.514682707E7,2030-01-01
I670300,1182,3.258185721E7,2030-01-01
I671548,-705,1.946634463E7,2025-09-30
I678515,1875,1.6693030176E8,
I682916,118,8522469.75,2030-01-01
I684339,1574,1.6927533278E8,2030-01-01
I693398,857,4.565127389E7,
I591546,1524,5.95008674E7,2030-01-01
I592539,749,3809309.52,2030-01-01
I596442,1078,4.781328137E7,2030-01-01
I593449,944,7.591874817E7,
I600963,267,1.785193976E7,
I604190,1669,1.5417329483E8,
I604953,-1775,2.3780672271E8,2025-10-07
I605227,393,2.480331411E7,2030-01-01
I619993,565,6.044340718E7,
I622980,-1808,1.6975860197E8,2025-10-22
I624599,1531,7.411764195E7,2030-01-01
I626089,-341,4.464189299E7,2025-10-04
I627984,-1937,1.2376399611E8,2025-09-10
I628503,611,6.944285179E7,2030-01-01
I633846,1322,1.892896155E8,
I635712,1006,8.272773371E7,2030-01-01
I638634,-66,5415900.62,2025-10-23
I639703,1531,1.4300637468E8,
I647935,-826,1440803.55,2025-10-02
I649839,1817,8.942894734E7,2030-01-01
I651107,-644,2.523055722E7,2025-10-26
I651861,745,7.823077885E7,2030-01-01
I652616,1820,3.621522361E7,
I666541,-1688,1.7169528294E8,2025-09-16
I668784,-931,1.0766229968E8,2025-10-29
I670231,1079,0.0,
I673399,1665,2.665612013E7,2030-01-01
I681962,1439,3.16532929E7,
I683462,1374,1.0234157748E8,2030-01-01
I684976,1400,1.1903347217E8,2030-01-01
I686871,1011,8.281234323E7,2030-01-01
I693622,-110,1.101516193E7,2025-09-11
I697914,-1859,2.3270163088E8,2025-09-16
I698788,-835,1.0283740011E8,2025-10-17
I702757,-1515,3.442346274E7,2025-10-29
I706200,562,6.459167309E7,
I595697,-56,6789734.96,2025-09-01
I602759,736,1.0568991887E8,2030-01-01
I608934,830,1.0785526184E8,
I611932,1612,6.279561683E7,2030-01-01
I612179,373,1.234507712E7,2030-01-01
I620057,939,6.184294737E7,
I620614,407,9049217.92,
I625940,1062,1.0791276386E8,
I630779,1570,1.25166058E7,
I632363,985,3.79160526E7,
I632471,802,7.495099053E7,2030-01-01
I638335,858,1.2833646815E8,
I646198,1088,4.601550364E7,2030-01-01
I649356,1014,1.432802212E7,2030-01-01
I652803,651,5.682017018E7,
I656438,1483,1.6786125585E8,2030-01-01
I657529,1665,8.732369467E7,
I657723,460,6.088716914E7,
I661292,1768,1.968071406E7,2030-01-01
I662774,-170,2.22727713E7,2025-09-18
I671560,-1809,3.794713595E7,2025-09-10
I674092,-1395,1.000339988E7,2025-10-13
I687620,455,4.810914935E7,2030-01-01
I687929,1921,1.9452737786E8,
I691802,551,7.527415458E7,2030-01-01
I696139,1157,781537.22,2030-01-01
I696263,-90,1571533.33,2025-09-12
I697987,1144,6.727126418E7,
I700946,1400,1.1895574438E8,2030-01-01
I706611,-690,9.269613521E7,2025-09-29
I593310,-1319,1.3269799867E8,2025-10-30
I600502,614,4.082147445E7,2030-01-01
I603007,-1068,1.5576918392E8,2025-10-31
I603394,1025,5.379489678E7,2030-01-01
I598751,1000,4.685187412E7,
I605492,196,8010492.74,2030-01-01
I606055,1616,1.637184386E7,
I618253,707,8.815439326E7,
I618488,1150,1.4101012901E8,2030-01-01
I618561,-1584,1.3822611666E8,2025-10-26
I621022,1990,1.8640178812E8,2030-01-01
I623980,-432,8999435.07,2025-10-20
I633700,943,7.720399095E7,
I636019,-1523,5.705955928E7,2025-09-19
I641730,-1566,9.638665775E7,
I648362,1354,1.5187000517E8,2030-01-01
I648576,283,482050.91,
I654522,-1312,1.0691509818E8,2025-10-10
I658614,1161,1.0923912099E8,2030-01-01
I664401,-1595,6.633243929E7,2025-09-16
I664754,1574,3169529.36,2030-01-01
I668316,921,7.625085682E7,2030-01-01
I669887,1373,1.1706864711E8,
I674468,1642,6.530737175E7,2030-01-01
I679046,1508,1.2338117679E8,2030-01-01
I680129,-1286,8.354920644E7,2025-09-05
I683769,113,1.119963893E7,2030-01-01
I684070,1295,1.5670002417E8,
I688603,1996,6.566467807E7,2030-01-01
I689932,-947,1.1308430384E8,2025-10-31
I691508,1196,1.6937566313E8,
I692006,-724,5.86758517E7,2025-10-05
I693441,-354,3.81445484E7,2025-10-02
I693776,1063,9.655480783E7,
I694288,1546,2.0293555128E8,
I695121,1500,0.0,2030-01-01
I697815,-182,1.169366874E7,2025-10-12
I701231,1114,5.298017356E7,2030-01-01
I704397,56,3713924.56,2030-01-01
I592852,-1551,1.2863518739E8,2025-10-19
I595914,1202,1.5024143576E8,2030-01-01
I596018,1837,2.4214837081E8,2030-01-01
I601857,1471,2.1556112228E8,
I604318,1409,3.172336052E7,2030-01-01
I605931,1943,4.220229756E7,
I608087,505,4.019194273E7,
I610266,1933,2.6138738934E8,2030-01-01
I611048,1518,1.0319015906E8,
I616364,363,4.813276925E7,
I621357,1448,2.0899207517E8,
I621483,-1559,1.886675991E8,2025-10-10
I630586,359,4.914105537E7,2030-01-01
I638006,1078,1.160254434E7,2030-01-01
I639440,-1312,1.2374297627E8,2025-10-04
I639764,1031,2.70468986E7,
I644546,1829,2.0235758309E8,
I646672,1326,1.0193247019E8,
I649827,1066,6.842628266E7,
I650532,1306,4.16394212E7,2030-01-01
I651523,1941,2.361976268E7,
I655226,1903,5.632236051E7,2030-01-01
I655736,496,6.123156914E7,2030-01-01
I665894,-1948,2.4354243631E8,2025-10-12
I666784,1806,1.5630344749E8,2030-01-01
I671075,437,3.081659402E7,2030-01-01
I672817,1396,1.3141989469E8,
I673645,1681,2.765068491E7,2030-01-01
I681009,-203,8582578.81,2025-09-16
I685235,547,1.604305988E7,2030-01-01
I685319,1418,3.213724069E7,2030-01-01
I686103,1147,1.1687791171E8,2030-01-01
I693891,805,2.503226217E7,
I694352,-1936,6.435279922E7,2025-09-23
I694356,1910,1.3918115952E8,2030-01-01
I694557,-543,2.645487015E7,2025-09-18
I697026,-565,1.637604673E7,2025-09-23
I698781,-1319,1.2650700591E8,2025-09-23
I711248,-434,4.408736265E7,2025-09-02
I715634,1112,9.605179938E7,
I725777,-1156,6.343604882E7,2025-10-13
I728572,1271,1.7845666112E8,2030-01-01
I731107,-391,2.395624619E7,2025-09-16
I732456,584,1.331394406E7,
I736701,922,1.134304473E7,2030-01-01
I750826,-1408,1.0712546531E8,2025-10-09
I768019,1928,2.4976560527E8,
I773652,348,1.562197547E7,2030-01-01
I779683,1067,1.0839799021E8,
I781205,-787,4.132555848E7,2025-10-09
I787054,394,5.46294367E7,2030-01-01
I790766,1979,2.5248934715E8,
I792807,71,1024310.09,2030-01-01
I795052,-1935,3849385.74,2025-09-08
I796154,-126,1.700552958E7,2025-09-25
I796701,-1053,8.296276445E7,2025-10-09
I797544,1862,2.6823498241E8,2030-01-01
I813571,-891,9.157750927E7,2025-09-01
I813805,1972,2.3545310648E8,2030-01-01
I815579,52,4392269.89,
I818851,-1440,1.220336172E7,2025-09-19
I819447,653,6.23532503E7,2030-01-01
I820918,373,2.732062174E7,2030-01-01
I709633,-1789,3.595060857E7,2025-09-21
I711954,-699,1.235370065E7,2025-09-12
I713068,771,1.1367182925E8,2030-01-01
I713556,1892,3.14341723E7,2030-01-01
I713854,-625,1.249254864E7,2030-01-01
I718697,-1853,2.3284527321E8,2025-09-20
I719723,1187,3.079803399E7,2030-01-01
I722505,-903,5.444910926E7,2025-09-10
I724082,843,1.0035578083E8,2030-01-01
I727271,950,8.458798594E7,
I727725,652,3.285927053E7,
I735276,427,2.911356158E7,
I736599,-427,1.552539514E7,2025-09-07
I737228,-1609,3.674889876E7,2025-10-06
I739146,-500,6.88950752E7,2025-10-26
I745247,1039,8.952121114E7,
I747653,1151,1.858018373E7,2030-01-01
I751346,395,4.669606061E7,2030-01-01
I752801,1153,1.4257717528E8,2030-01-01
I756127,-1783,2.957971576E7,2025-10-14
I756728,-1006,5.325827171E7,2025-10-26
I758829,345,4546939.93,
I766160,-1460,7.856496279E7,2025-09-14
I770263,1559,1.2719544886E8,
I773511,-1675,2.4889098035E8,2025-09-30
I773889,1529,2.61613013E7,
I777165,209,2.128947941E7,
I786609,716,8.359989027E7,
I790326,665,8.319843635E7,2030-01-01
I793130,-1685,3.573678066E7,
I794406,1907,1.4321533179E8,2030-01-01
I798422,722,4.055503431E7,2030-01-01
I799055,-1797,4.942672109E7,2025-09-04
I804382,1560,1.5189527791E8,2030-01-01
I809003,878,0.0,2030-01-01
I809104,1346,2.094197986E7,2030-01-01
I810009,825,1.0594306418E8,
I814555,1032,1.4241438671E8,
I817691,-447,4.366453349E7,
I713546,1616,1.6549011324E8,2030-01-01
I714637,72,1.056312049E7,
I720328,1914,1.9288271281E8,2030-01-01
I720794,1079,1.2299035995E8,
I725903,-669,6.907728433E7,2025-10-26
I728704,1854,2.206921436E7,
I731298,1376,1.0686739067E8,2030-01-01
I732129,628,6.067118612E7,2030-01-01
I737995,-1643,2.2198005269E8,2025-09-03
I738482,-1846,1.0174415014E8,2025-10-22
I746517,-352,1351391.73,2025-09-14
I748127,-103,1.376655468E7,2025-09-27
I750604,-1963,2.8019349334E8,2025-09-26
I752067,1093,5870843.24,2030-01-01
I752920,-1385,1.4906307973E8,2025-09-24
I755890,1861,1.1827537074E8,
I757120,1046,9.9375597E7,2030-01-01
I760650,474,2.729359652E7,2030-01-01
I762637,-1994,2.0921806875E8,2025-09-10
I764958,-861,0.0,2025-09-20
I768080,1915,2.5879990567E8,2030-01-01
I771512,1020,0.0,2030-01-01
I776000,1326,1.2260481417E8,2030-01-01
I783322,-1689,1.3578263882E8,2025-10-23
I784103,1881,5.128122818E7,2030-01-01
I792587,1779,8.616888113E7,
I793665,1755,1.2538135303E8,2030-01-01
I798358,1252,7.538366884E7,2030-01-01
I799328,-1278,1.008458274E8,2025-10-28
I799665,1766,1.4487410838E8,2030-01-01
I807388,-830,2.190919483E7,2025-09-10
I807764,1368,1.4960658476E8,
I814874,110,1.604931328E7,
I815283,606,4.242112259E7,2030-01-01
I818192,1217,1.6599916362E8,
I818702,1067,5.709599198E7,2030-01-01
I822418,1643,3.973754268E7,
I707310,-1241,4.386763097E7,2025-10-22
I709527,400,1.983850418E7,2030-01-01
I712816,-1354,1.8998651466E8,2025-09-20
I714955,518,7.148047796E7,2030-01-01
I718741,1434,9.482169828E7,
I722576,1728,2.56445654E8,2030-01-01
I725115,909,1.0652278084E8,2030-01-01
I728600,-281,4.114231195E7,2025-10-12
I729426,-1215,1.0998109224E8,2025-09-20
I735395,1551,1.7621741887E8,2030-01-01
I738447,1963,2.7979304748E8,
I738988,803,1.0895543094E8,
I745118,-1211,8.540207439E7,2025-09-18
I749461,-1298,8.644842757E7,2025-10-01
I752722,275,2.434064111E7,2030-01-01
I757806,1219,6.165550888E7,
I780865,-1839,1.9739824089E8,2025-10-31
I781804,861,2.454697361E7,
I784370,1433,1.9897218503E8,2030-01-01
I789809,-757,4.668182429E7,2025-09-13
I795289,-59,4666483.77,2025-10-11
I803630,-792,9.643547119E7,2025-09-12
I804557,1714,1.4388034061E8,
I805173,862,1.194810255E7,2030-01-01
I819876,1499,1.7375524295E8,2030-01-01
I820152,1209,1.487037304E8,2030-01-01
I820924,-1336,1.5073511016E8,2025-10-24
I716179,-1639,1.055337667E8,2025-10-09
I717455,-1118,1.4772142588E8,2025-09-22
I717839,1333,1.4011366832E8,2030-01-01
I717184,231,7837497.39,
I721878,191,0.0,
I729434,-692,9.584688966E7,2025-10-08
I731113,1543,9.869643826E7,2030-01-01
I734316,934,3.27179589E7,
I743735,-657,7.780826504E7,2025-10-11
I744599,1289,1.5364966846E8,
I744958,804,2.777498676E7,2030-01-01
I748656,-1782,2.1075810789E8,2025-10-22
I757957,1888,2.0089571414E8,2030-01-01
I758987,1377,5.683669926E7,2030-01-01
I765869,1587,3.08800456E7,2030-01-01
I770190,1078,1.321136308E7,
I780340,819,3.633167114E7,2030-01-01
I780365,-636,8.989084648E7,2025-10-16
I792501,377,1.759038986E7,
I795440,746,1.028931708E8,
I796904,243,1.91435133E7,
I803710,1495,5.904482595E7,2030-01-01
I807539,288,1.747909168E7,2030-01-01
I808980,88,4255675.64,2030-01-01
I810565,993,4.749285399E7,2030-01-01
I814996,-162,2.406947608E7,2025-09-28
I819053,-1076,3769915.39,2025-09-28
I822451,1671,6.860002376E7,
I712028,931,2.062187046E7,2030-01-01
I716750,-368,2.474461265E7,2025-09-07
I720672,-1274,1.1387818748E8,2025-10-23
I721267,-1268,8.579153279E7,2025-09-02
I724411,529,3.060403019E7,2030-01-01
I733948,1879,1.4066474917E8,2030-01-01
I737032,323,4.608509576E7,
I738079,-333,4.622279112E7,2025-10-08
I738977,-1171,7.000834241E7,2025-09-18
I739054,1119,7.043329145E7,2030-01-01
I747054,1780,1.4410851638E8,2030-01-01
I749236,-847,1.1016673585E8,2025-10-15
I751729,326,3.180289246E7,
I755512,-342,2.761672441E7,2025-10-18
I762723,-900,4.656511508E7,2025-10-19
I767891,184,3269241.76,
I771091,-1097,1.2878911074E8,2025-10-23
I771721,1221,1.0057102232E8,2030-01-01
I772260,469,3.62134389E7,2030-01-01
I775242,-833,5.537853977E7,2025-09-08
I776429,-73,8325452.53,2025-09-17
I780079,-547,3.76656078E7,2025-10-11
I782154,-1747,1.9157520141E8,2025-09-04
I790905,677,4.438228423E7,
I796379,-1731,1.1429597085E8,2025-09-12
I796833,547,2.166342085E7,
I799458,1453,4.738205624E7,
I807686,481,5.442751133E7,
I809278,-1880,1.1499271757E8,2025-10-16
I811557,1341,1.9097116299E8,
I813188,606,2.565775382E7,
I813968,-365,3.099394106E7,2025-10-08
I816980,1364,9.357415362E7,
I817625,-1832,1.3015705717E8,2025-09-22
I820153,1738,8422765.68,2030-01-01
I709934,-506,2.048926601E7,2025-10-07
I712675,428,9352628.91,2030-01-01
I713032,288,2.314221962E7,2030-01-01
I720884,1476,1.5882297253E8,2030-01-01
I722671,-137,3541719.51,2025-09-04
I727240,694,2.379010135E7,
I736122,1616,6.31147059E7,
I739614,-981,3.163017706E7,2025-10-14
I744270,-521,1.985040294E7,2025-09-29
I744783,-1235,8.937964039E7,2025-09-19
I746395,924,1.427534896E7,
I746761,458,1.784759543E7,
I748618,1874,7.167550601E7,
I749156,1575,1.1815387036E8,2030-01-01
I750855,1112,1.016284863E8,2030-01-01
I759283,-1359,1.677810476E7,2025-09-22
I763324,164,3584050.4,2030-01-01
I765908,-1295,1.3126153602E8,2025-09-26
I770860,-1244,1.1595335576E8,2025-10-01
I772638,1193,1.2417968145E8,
I773225,-1735,5.699028234E7,2025-09-21
I776710,1668,4.464970744E7,2030-01-01
I782104,298,2.048520423E7,
I784269,1208,4.219415317E7,
I792933,808,9.89192761E7,2030-01-01
I795028,-1827,1.1885058515E8,
I802920,-275,2.608763171E7,2025-09-15
I806443,1726,1.2192222074E8,2030-01-01
I810871,1343,1.7533333394E8,2030-01-01
I812221,1535,8.48830054E7,2030-01-01
I817553,-643,3.460800049E7,2025-10-11
I819775,1192,2.642823594E7,
I707954,-960,9.401070503E7,2025-09-24
I708037,-978,1.781275092E7,2025-09-05
I713021,408,8369403.98,2030-01-01
I713518,-117,705698.83,2025-10-03
I708765,602,3215667.64,
I709553,1870,1.0009114274E8,
I711130,330,1.042710309E7,
I719269,1697,5.015726578E7,
I720413,1892,8.447548853E7,2030-01-01
I721127,-469,3.991301675E7,2025-10-23
I723890,695,3.234198257E7,2030-01-01
I724530,1911,1.6373719829E8,2030-01-01
I728891,599,7.201374709E7,2030-01-01
I729671,1483,1.8952329968E8,2030-01-01
I729821,632,3.185084108E7,
I732656,-1322,4.344819773E7,2025-09-22
I732938,-1738,1.9123046123E8,2025-09-22
I738808,-442,5.437791463E7,2025-09-01
I748151,643,7.768137509E7,2030-01-01
I748992,-63,3355836.21,2025-09-21
I755715,552,3.846517784E7,
I762106,-1781,9245679.63,2025-10-09
I770040,1397,4.267946415E7,2030-01-01
I770512,200,2.32662227E7,2030-01-01
I779593,-1135,2510143.53,2025-09-18
I779801,54,4360620.95,2030-01-01
I780004,-1353,8.385511799E7,2025-10-10
I783295,498,3.460573755E7,2030-01-01
I789471,-459,2.740122337E7,2025-09-20
I790712,-1857,8.059482135E7,2025-09-21
I797823,-1048,1.78547897E7,2025-09-10
I799937,1112,1.4584985029E8,2030-01-01
I800253,-302,3.955549736E7,2025-10-29
I804018,1855,3.287025032E7,
I804703,-1863,1.0479656846E8,2030-01-01
I815505,-595,7.940591628E7,2025-10-25
I816101,1807,0.0,2030-01-01
I819017,-81,1809919.92,2025-10-17
I821049,1825,2.4146835095E8,2030-01-01
I710384,842,8.213777252E7,2030-01-01
I719631,495,4.356559211E7,
I720975,1052,4.707078919E7,
I723738,405,4.356839024E7,2030-01-01
I730388,862,8510142.1,2030-01-01
I731308,1132,1.4788147615E8,2030-01-01
I738257,-1608,2.0855122638E8,2025-10-20
I751891,1151,7.216494547E7,
I757301,1325,3945868.76,
I761406,-1627,2.074757454E7,2025-10-02
I768227,52,7410545.69,2030-01-01
I768688,-865,7.397604771E7,2025-09-19
I772169,-1517,7.323781406E7,2025-10-30
I776758,1452,7042571.64,
I778040,797,9.972528051E7,
I783568,1951,1.5279593334E8,2030-01-01
I786327,-1270,1.3730550036E8,2025-09-24
I793641,1767,1.6468582974E8,
I794497,1659,1.7202818571E8,
I795183,1083,1.757924758E7,2030-01-01
I795904,1920,1.5418500957E8,2030-01-01
I797092,1724,2.3565664143E8,
I798473,354,2555243.91,
I804138,1731,1.7997520447E8,
I805675,-405,5.201776315E7,2025-10-25
I806973,589,2.141906562E7,2030-01-01
I810134,1795,2.6294132409E8,2030-01-01
I811030,941,1.0127388591E8,
I819299,-1386,8.991325422E7,2025-09-03
I715462,877,1.1018546024E8,2030-01-01
I714569,1296,9.996374432E7,
I722147,1674,1.3024424934E8,2030-01-01
I725436,-1962,7.384322539E7,2025-10-06
I726530,-1490,1.1596298651E8,2025-09-08
I727576,1739,1.4605573895E8,2030-01-01
I730228,-332,2.807842941E7,2025-10-29
I730271,1334,1.5529814662E8,2030-01-01
I730491,-986,1.014405083E7,2025-10-16
I732386,-1687,1.8926975373E8,2025-09-01
I737823,817,2.275073631E7,
I738308,-865,1.1057994052E8,2025-09-26
I739469,1537,1.5233846622E8,2030-01-01
I740436,-1468,1.4584106685E8,2025-09-28
I743946,-348,2.581886427E7,2025-10-31
I746576,1024,4.604901274E7,
I753763,778,1.1326662345E8,2030-01-01
I754523,557,2.798421066E7,2030-01-01
I757220,1596,4.311206983E7,2030-01-01
I760661,-259,7168124.28,2025-10-17
I761573,291,3.956433444E7,2030-01-01
I765328,1877,1.3976351567E8,
I772132,-1811,8.218928827E7,2025-10-17
I773282,-229,9407043.0,2025-09-27
I773805,-1462,8398101.11,2025-09-29
I783407,517,3.446763575E7,2030-01-01
I785497,-1826,1.410921216E7,2025-10-15
I786364,635,7.179582872E7,
I791082,1626,1.2706290699E8,2030-01-01
I792623,-1906,2.1400705952E8,2030-01-01
I792651,1076,1.3478062077E8,
I798300,915,8.888330171E7,
I798334,228,2.573284088E7,2030-01-01
I799047,939,1.0443754893E8,
I810988,-474,3.103226176E7,2025-10-03
I813620,286,5257526.63,
I817503,1869,1.4266301208E8,2030-01-01
I817591,1251,1.2223426698E8,2030-01-01
I818115,-1924,6.217055718E7,2025-10-15
I820940,1393,1.7612392363E8,2030-01-01
I708707,-157,6005269.14,2025-10-08
I710987,697,9.781293644E7,2030-01-01
I716689,957,8010983.92,
I720547,1957,6.393851969E7,
I726896,1054,1.1621582958E8,
I727069,279,3.555414298E7,
I731869,-602,3.096132235E7,2025-09-12
I731890,-1595,4.759427482E7,2025-10-05
I733043,-1545,1.7003785583E8,2025-10-14
I733838,633,2.683285379E7,2030-01-01
I744533,254,3.060838603E7,2030-01-01
I746167,1579,1.4615504306E8,
I763878,-1465,9.515021563E7,2025-10-20
I765447,-1721,1.5026165737E8,2025-10-25
I770063,-335,1.055766714E7,2025-10-05
I770601,212,7200697.85,2030-01-01
I770760,219,9494072.33,2030-01-01
I773533,1545,1.9426833107E8,
I782215,544,1.279265311E7,
I782447,1182,4.636028457E7,2030-01-01
I784486,664,8.154755128E7,
I792786,1689,1.116113836E7,2030-01-01
I794412,1663,2.4345913895E8,2030-01-01
I795980,-737,4.475795103E7,2025-09-24
I797221,817,5197108.57,2030-01-01
I810732,1983,1.0681551166E8,2030-01-01
I816331,1277,1.799105095E8,2030-01-01
I817181,497,2563651.9,
I820481,-1719,4.310922507E7,2025-09-22
I821399,153,5578358.97,2030-01-01
I821852,-1076,1.355692869E7,2025-10-10
I707952,-806,1.2069849651E8,2025-09-11
I719816,1635,1.6946189226E8,
I725660,298,2.749426635E7,2030-01-01
I732935,1926,2.5454426675E8,2030-01-01
I739878,197,1.590005743E7,2030-01-01
I741170,476,2343791.55,
I743445,1554,2.991800938E7,
I746460,-614,3.051709938E7,2025-10-22
I749634,234,3.329057573E7,
I752014,-1737,2.4380382972E8,2025-10-17
I757129,-849,5.982032235E7,2025-09-12
I759831,1691,7.638867441E7,
I761055,-1845,0.0,2025-10-03
I764231,292,2.010366706E7,2030-01-01
I773280,727,9263508.94,
I773387,1415,2.845559527E7,
I776806,1912,0.0,
I779069,1880,6.183571633E7,
I781393,-189,1.439929759E7,2025-10-17
I786207,1373,3.369585965E7,2030-01-01
I788073,806,9.257970969E7,
I795408,1162,1.2766633597E8,
I803650,385,2.684576731E7,
I804544,1376,9.673163162E7,2030-01-01
I804695,655,9.146016755E7,
I805772,-1568,1.0958373897E8,2025-09-04
I811112,1836,2.7139559493E8,
I811664,314,3.858735975E7,2030-01-01
I818877,539,6.025407558E7,2030-01-01
I819128,-713,6.235700166E7,2025-09-14
I826123,680,5.007722491E7,2030-01-01
I828652,-1048,3.641992967E7,2025-10-28
I825400,914,1.0619782996E8,
I844751,877,6211489.21,2030-01-01
I849356,1166,7309560.54,2030-01-01
I850350,1045,6.514809909E7,2030-01-01
I850630,1403,1.4846531097E8,2030-01-01
I853151,-1646,1.581446215E8,2025-10-08
I856120,-570,3.002443055E7,2025-09-05
I856443,1505,1.6006234087E8,2030-01-01
I858654,980,1.4510022447E8,
I863519,-1109,2.895858607E7,2025-10-08
I865417,1645,1.7112128042E8,2030-01-01
I865773,1636,3.061286737E7,2030-01-01
I870882,-131,3394239.53,2025-09-17
I872833,642,2.943644986E7,
I875035,-1693,2.0764670855E8,2025-09-21
I876243,133,1.00776367E7,
I878943,1654,2980677.49,2030-01-01
I881820,-1785,3.951996334E7,2025-10-03
I881875,1319,1.5539686692E8,2030-01-01
I882326,1858,2.757222819E8,2030-01-01
I892231,996,5931700.92,
I892798,428,6.1394006E7,2030-01-01
I894675,1891,1.4456638975E8,
I895391,-76,7759791.32,2025-09-15
I895926,1919,2.0399263545E8,
I896534,651,6.032856307E7,
I897327,-1727,1.3048590123E8,2025-10-07
I900637,1891,2.6750806335E8,2030-01-01
I914671,1304,1.2618411686E8,
I915431,1239,2.631205996E7,2030-01-01
I915755,592,4.690397326E7,
I915877,1875,5.430897079E7,2030-01-01
I916324,1722,1.0304287987E8,2030-01-01
I918569,-267,8178609.79,
I922264,-1548,9.630789605E7,2025-09-01
I934164,1444,2.616488651E7,2030-01-01
I938071,1250,1.154743178E8,
I831000,1012,1.253566523E8,2030-01-01
I838023,-662,2.141401338E7,2025-09-30
I842241,659,7.73557715E7,2030-01-01
I843905,1938,1.9243914604E8,
I847578,1984,0.0,2030-01-01
I848153,476,2.785177066E7,2030-01-01
I848991,838,5.875962404E7,2030-01-01
I852259,769,6.76988082E7,2030-01-01
I853702,-1834,1.9424553823E8,2025-09-09
I859691,597,8.648436042E7,
I860201,596,6.668552013E7,
I877381,973,1.3845503129E8,2030-01-01
I884384,1440,1.4523683961E8,2030-01-01
I885881,-1127,6.30774628E7,2025-10-12
I887192,948,0.0,2030-01-01
I893702,-1276,1.8546283056E8,2025-10-23
I897902,1456,6.483247278E7,2030-01-01
I904255,-819,2.811897123E7,
I911954,1566,1.5814232146E8,2030-01-01
I913042,1334,1.3130692245E8,
I914579,1153,1.5695548993E8,
I926731,-1590,1.8013797831E8,2025-09-23
I929398,-1434,1.4486051253E8,2025-10-03
I929789,-1487,2.1504025795E8,2025-09-14
I932321,1273,1.3131814357E8,
I934498,1312,4.439679851E7,2030-01-01
I935498,-1901,6.466673719E7,2025-09-17
I937441,858,2.76443335E7,
I938443,258,2.647440162E7,2030-01-01
I823355,1643,1.3143504689E8,2030-01-01
I828018,-1399,2.671462375E7,2025-10-09
I837597,-331,3.04852951E7,
I837646,-1151,1.0614711306E8,2025-10-12
I845684,-976,2.136309195E7,2025-10-14
I847593,1692,1.7349361714E8,2030-01-01
I847745,-1676,1.0420000456E8,2025-09-12
I847842,-1677,2.4733725262E8,2025-10-06
I848867,-861,5.774975037E7,2025-09-17
I849500,-259,1.79122007E7,2025-10-19
I850649,64,3014401.93,2030-01-01
I857689,615,6145534.23,
I861270,702,7.155170921E7,
I861383,1497,1.2453841191E8,
I863180,1858,9.665674319E7,
I865407,1076,4.414723081E7,2030-01-01
I869327,90,1.073855031E7,
I870793,1475,8.598723125E7,
I875654,1578,1.5377296402E8,
I878602,-1907,9274804.32,2025-10-21
I878867,-307,0.0,2025-09-30
I889219,-1220,2.756057318E7,2025-09-14
I889454,-1334,1.4319799595E8,2025-10-24
I891880,171,1.723401115E7,2030-01-01
I894964,-1208,5.315548892E7,2025-10-03
I895767,-584,2.659438502E7,2025-09-07
I901651,1074,1.2997335025E8,
I902154,1305,1.5335176786E8,2030-01-01
I907053,604,1.068749579E7,
I925454,902,9.787688182E7,
I929302,118,1.766813075E7,
I938633,1471,1.1516572411E8,
I825402,954,1.1657334527E8,2030-01-01
I829517,1774,6.955246485E7,2030-01-01
I829576,1478,3.271698715E7,2030-01-01
I835062,904,3775319.25,
I837315,-1088,1.303322728E8,2025-09-06
I840574,-1816,1.9886051222E8,2025-10-09
I844296,-961,6601538.54,2025-10-30
I859572,740,3.819664772E7,2030-01-01
I862967,1512,9.491318938E7,
I866103,-61,7800092.68,2025-10-18
I868564,-165,2.351931625E7,2025-10-05
I875441,-1732,2.5127811588E8,2025-09-24
I876394,-1803,1.1205867118E8,2025-10-15
I878581,200,7820158.05,
I881430,-482,3.507595548E7,2025-09-03
I881642,1518,1.5426889959E8,
I887239,389,1.505592862E7,2030-01-01
I891065,967,1.3414900237E8,
I891938,462,3.280105267E7,
I893453,347,4.882466726E7,
I898654,-1950,8.905784861E7,2025-10-24
I900309,-1837,1.4437163981E8,2025-10-20
I905935,1283,3.764619197E7,
I908522,719,5882079.45,
I909999,1082,4.103981742E7,
I913925,-507,1686305.67,2025-10-30
I915675,-1307,8142267.9,2025-10-27
I916122,394,2.028895819E7,
I916541,-660,7.663205935E7,2025-10-06
I918372,772,3.836928811E7,
I935066,379,5.063610195E7,
I936152,227,3.124665956E7,
I823597,-753,1.630250642E7,2025-10-08
I827379,86,7851135.62,2030-01-01
I827832,1925,0.0,2030-01-01
I834097,1373,7.341804682E7,2030-01-01
I830787,1697,1.5008333879E8,
I838020,302,1.834391965E7,2030-01-01
I841358,960,8.80585184E7,
I851173,61,5425475.65,2030-01-01
I853174,749,0.0,
I858983,663,6.674825062E7,2030-01-01
I860287,1752,2.1175755456E8,2030-01-01
I874363,1719,0.0,2030-01-01
I875324,428,4.282353514E7,2030-01-01
I881392,-80,4498425.97,2025-09-22
I881935,1340,1.310379675E8,
I882004,789,2871596.7,
I882147,1646,2.3719963844E8,
I889444,1991,3.22149387E7,
I891397,-1381,5.379784956E7,2025-09-01
I893490,570,3.317417179E7,
I896922,-990,5.491165011E7,2025-10-18
I909663,-1172,1.2301828907E8,2025-10-20
I912301,1543,1.1048107578E8,
I914305,-795,8.383314487E7,2025-10-07
I914933,-1019,0.0,2025-09-05
I915156,779,9.234513663E7,2030-01-01
I915421,-1715,1.7318199508E8,2025-10-21
I920458,-746,1.455743807E7,2025-10-11
I920925,1985,2.57360899E8,
I928227,-1428,6.068269782E7,2025-10-31
I932324,737,9.074762311E7,
I933881,-1066,1.887394902E7,2025-09-25
I934069,1859,2.2599492465E8,2030-01-01
I935358,1773,1.624281836E7,
I936838,946,4.719827938E7,
I824908,-1631,8.971962956E7,2025-10-04
I840304,1252,4019068.12,2030-01-01
I840619,477,1.235136052E7,
I841422,-1556,1.092055882E7,2025-09-12
I842340,442,3.970956719E7,
I845594,50,5058726.82,
I852654,847,2.695901059E7,
I854976,1174,2.766279546E7,
I860012,1618,6.193323992E7,2030-01-01
I865399,1461,7.433483416E7,
I866106,-874,6.650948735E7,2025-10-02
I867545,1030,6.56058817E7,2030-01-01
I869918,-946,5.84844184E7,2025-09-14
I872620,500,3.070180826E7,
I880524,-1971,2.300019591E7,2025-09-01
I885056,1028,1.0847857538E8,2030-01-01
I887622,558,6.238247306E7,2030-01-01
I893560,-437,8123291.52,2030-01-01
I893980,1727,4.080265238E7,
I897594,162,1.253298049E7,2030-01-01
I899416,104,3908694.45,
I899493,1397,1.4906432836E8,
I905409,-879,4.859601296E7,2025-10-06
I909411,1389,1.7620038055E8,
I911199,713,3.784671131E7,2030-01-01
I911286,-1350,1.6827737766E8,
I918699,-818,1.0621083695E8,2025-10-30
I934581,711,4.062594583E7,
I936193,-844,8.73381247E7,2025-10-07
I937424,1510,9.137778284E7,2030-01-01
I826961,-299,2.985122042E7,2025-10-20
I827329,1578,1.6970461772E8,2030-01-01
I830472,198,2.004761757E7,
I839121,-560,3.057610251E7,2025-10-10
I839564,-1291,1.0537618415E8,2025-10-29
I848881,1262,4.8253984E7,
I852519,867,4858626.62,
I858020,-1346,1.3410924108E8,2025-10-28
I858190,1007,3.824895906E7,
I858569,-1533,1.9993027268E8,2025-09-23
I871759,-271,2.59924207E7,2025-09-26
I874189,311,2.825655435E7,
I877348,816,5.996630875E7,
I889261,1354,4.449835973E7,2030-01-01
I893952,1937,2.3465169206E8,2030-01-01
I903159,1038,9.114467602E7,2030-01-01
I907729,1078,1.4860078232E8,2030-01-01
I908113,175,1.276567843E7,2030-01-01
I915378,-362,825414.17,2025-09-07
I924058,1795,1.9555479122E8,2030-01-01
I928182,-993,1.4504337347E8,2025-10-04
I931388,1041,6.054991127E7,
I931594,1921,5.563285728E7,
I825655,-445,3.406186676E7,2025-10-18
I827168,1828,2.4160180947E8,2030-01-01
I832597,-1751,2.510694784E7,2025-10-13
I832947,410,2.152353417E7,2030-01-01
I832237,1146,1.4241576609E8,
I845999,-920,7.709156168E7,2025-10-20
I848764,1480,1.4458689787E8,
I851901,-353,1.989301384E7,2025-09-24
I855149,1174,1.5521408767E8,2030-01-01
I856299,-1739,5.79176558E7,2025-09-25
I868691,1338,1.6088398376E8,2030-01-01
I871459,1062,1.3228721617E8,2030-01-01
I873524,1607,6.372157905E7,
I873823,1737,2.472741441E8,2030-01-01
I882604,171,1.899016741E7,2030-01-01
I883429,712,1.0644010653E8,
I899947,-1042,1.2225911371E8,2025-09-01
I901869,1726,1.7788975217E8,
I904794,609,2.794441229E7,2030-01-01
I904880,753,4.65428215E7,2030-01-01
I908766,1350,1.8669815535E8,2030-01-01
I912048,908,2.216968898E7,
I912921,-1125,1.2014813671E8,2025-09-05
I915250,-968,8.067863739E7,2025-09-09
I915552,1925,2.3582513633E8,2030-01-01
I926356,206,6620795.52,
I930212,-1784,1.7721289699E8,2025-09-05
I930800,-454,3.237011106E7,2025-10-12
I931218,781,2.755267766E7,
I933508,770,5.350347297E7,
I933768,1641,1.5397023652E8,2030-01-01
I937766,1277,3.122866516E7,2030-01-01
I829048,822,1.1790826982E8,2030-01-01
I825804,1474,6.734649222E7,
I843063,1459,1.180151065E8,2030-01-01
I843952,761,3.938064394E7,
I850424,658,3.484507385E7,
I857125,-847,9.893878404E7,2025-10-24
I857847,279,3.105298389E7,
I858056,1580,0.0,
I864134,667,7.018840692E7,2030-01-01
I866596,113,1.106973933E7,2030-01-01
I872465,-1621,1.9644269007E8,2025-09-21
I872658,-1012,1.086283558E7,2025-10-03
I875306,474,2.994206556E7,2030-01-01
I876778,215,1.984435221E7,
I879825,1059,1.1028556506E8,
I885619,-279,4445933.22,2025-09-18
I889566,1877,1.917126857E8,2030-01-01
I891109,-1374,6.471158078E7,2025-10-16
I898432,879,0.0,2030-01-01
I898739,-171,1.053547703E7,2025-10-20
I900556,325,3.412485422E7,
I913845,-1825,1.6261368596E8,2025-10-04
I915945,731,2.341253121E7,2030-01-01
I917176,1415,1.2220503064E8,
I923383,-1963,1.5910968131E8,2025-10-22
I925855,1781,1.5211528489E8,2030-01-01
I929001,980,1.0595979669E8,2030-01-01
I930989,1718,6.042997132E7,2030-01-01
I935247,835,4.238351871E7,
I828997,1232,3.669240362E7,
I836967,134,5220627.56,
I846823,1282,3.268903739E7,
I852158,1542,1.3807511492E8,2030-01-01
I861852,505,4.751219768E7,
I862774,-463,6.178484408E7,2025-10-16
I864171,-1419,1.4491312588E8,2025-10-07
I866119,1831,1.1488671737E8,2030-01-01
I868531,1867,1.3006744267E8,2030-01-01
I875096,-1355,2.341567038E7,2025-10-16
I875256,1967,8.254307688E7,
I882139,699,3.127778039E7,2030-01-01
I882345,-594,3.924697447E7,2025-09-14
I899720,1368,1.4913244771E8,2030-01-01
I908374,1528,8533769.2,
I915166,892,6.63385922E7,
I915366,-1500,1.8094412062E8,2025-09-12
I917363,-895,6.981219824E7,2025-10-06
I922934,-757,4.684795685E7,2025-09-24
I923608,-945,1.3446817416E8,2025-09-14
I928137,-661,6.561031578E7,2025-09-02
I930948,-914,0.0,2025-10-03
I823120,602,8.691937135E7,2030-01-01
I830630,1831,8.041259313E7,2030-01-01
I832145,85,7653176.34,2030-01-01
I827290,1174,8.618671327E7,
I843336,-564,3005926.35,2025-09-04
I843795,1866,2522787.44,2030-01-01
I845156,1338,5670022.11,
I847056,251,8194686.31,
I852557,1390,4.936906258E7,2030-01-01
I853254,-1166,1.663995951E8,2025-10-12
I854854,-1814,2.5354119715E8,2025-10-24
I854912,1786,1.5407142442E8,2030-01-01
I856531,308,3377004.59,2030-01-01
I861361,-1430,8.141226217E7,2025-09-29
I862531,1380,9.999943978E7,
I863076,-147,2.080594428E7,2025-10-05
I865562,1294,1.238438272E8,
I868250,-1213,1.3317079131E8,2025-09-08
I869152,1409,9.71642512E7,2030-01-01
I878531,62,3920433.06,2030-01-01
I878937,234,5053386.51,2030-01-01
I881044,515,1.909588925E7,2030-01-01
I883187,-138,2.024565663E7,2025-09-06
I883649,1423,1.680137023E7,2030-01-01
I893097,1069,1.3775928556E8,2030-01-01
I893591,1735,1.8359985237E8,
I894874,1998,2.887584606E8,2030-01-01
I895938,1178,1.7563630096E8,2030-01-01
I898639,1715,8.335029833E7,
I900845,-526,4.82719003E7,2025-10-10
I905209,768,0.0,2030-01-01
I905560,145,1.81630383E7,
I906419,-1320,1.8234744661E8,2025-09-13
I914853,-1845,1.8509427091E8,2025-09-01
I916051,523,2.870309403E7,
I916212,125,7817836.31,2030-01-01
I917270,1667,2.3127691239E8,
I919392,245,1.746422212E7,
I920049,-287,4.055473679E7,2025-09-15
I925181,-1815,8.327567865E7,2025-10-16
I928690,-1753,2.0792407857E8,2025-10-12
I825386,1184,1.2185460632E8,2030-01-01
I827665,591,8.685354777E7,2030-01-01
I828467,-575,1.727880963E7,2030-01-01
I832373,-1765,1.2999004151E8,2025-10-19
I834917,1779,2.3469735771E8,2030-01-01
I823328,943,9.205043926E7,
I829934,1113,3.280682759E7,
I838465,-323,9246347.35,2025-09-06
I838486,-961,1.067246449E8,2025-09-05
I843777,1654,9.49182548E7,2030-01-01
I844398,-1090,4.921568003E7,2025-09-06
I844481,1451,1.5344392803E8,2030-01-01
I855615,719,4.578061153E7,
I857054,1822,2.0720166879E8,
I857710,-632,5.652680952E7,2025-10-12
I861197,651,7.690153381E7,
I866501,-810,2.454581384E7,2025-10-15
I868489,1503,3.933977718E7,
I869757,1490,1.4191501567E8,
I872540,1024,7966076.88,2030-01-01
I876917,-492,4.07285506E7,2025-10-04
I878234,409,2.585542459E7,2030-01-01
I881536,1336,9.321988416E7,
I882341,-364,5318722.4,2025-10-24
I885055,164,2.202560005E7,2030-01-01
I891485,1948,1.547513571E7,
I900851,-1960,1.8305628569E8,2025-09-26
I902834,1982,1.9213236066E8,
I903008,60,1718403.75,
I906187,-104,1.215128523E7,2025-10-11
I919183,1547,1.9231567511E8,
I921910,-917,1.250167288E7,2025-10-20
I924565,341,1.307552841E7,2030-01-01
I930371,1606,1.643194231E8,2030-01-01
I936107,1446,4.883325328E7,2030-01-01
I937412,-1170,1.282448805E7,2025-09-04
I939323,-833,9.193357232E7,2025-10-28
I944937,385,4.644667828E7,2030-01-01
I945712,1365,1.2360382987E8,2030-01-01
I953967,-565,5.984235293E7,2025-10-27
I968207,-1954,2.2912280701E8,2025-09-24
I974563,-432,5.197846998E7,2025-09-01
I978476,-385,1924581.91,2025-09-28
I990711,-231,1.017354505E7,2025-10-25
I995386,-1295,1.888287274E7,2025-10-27
I1003177,481,5.628678472E7,2030-01-01
I1004290,671,5.9384612E7,
I1006374,1985,2.3656717995E8,2030-01-01
I1008711,-525,7838743.67,2025-09-03
I940416,-892,8.004430287E7,2025-10-23
I944683,68,1.012627744E7,2030-01-01
I944935,607,7.181154936E7,2030-01-01
I947756,-937,5.363192338E7,2025-09-26
I943361,464,3.778476591E7,
I946240,1330,1.8945278417E8,
I954529,1648,8.105974264E7,2030-01-01
I956643,186,1.290378762E7,
I958646,-1402,7.715621177E7,2025-09-10
I961455,771,0.0,2030-01-01
I961645,575,4.87020475E7,2030-01-01
I964506,762,1.949260304E7,
I966386,915,3.753289068E7,2030-01-01
I968637,1118,1499081.98,
I975911,1358,1.1130061834E8,2030-01-01
I976341,-1744,7.206643894E7,2025-10-03
I980535,1278,1.451811428E8,2030-01-01
I983580,639,5.676845329E7,
I984368,-341,4.532409168E7,2025-10-02
I986280,273,1.839483121E7,2030-01-01
I992351,-1154,1.0761449059E8,2025-10-13
I993441,1365,1.0567097488E8,2030-01-01
I993826,111,1.54453569E7,2030-01-01
I998465,1438,1.5084576239E8,2030-01-01
I1005768,1807,1.9951018062E8,2030-01-01
I1008187,-1436,6749265.37,2025-10-15
I940267,-1650,1.9986353928E8,2025-09-11
I950671,-151,2598483.29,2025-10-18
I951052,1193,1.0333218524E8,2030-01-01
I944350,200,1.096357512E7,
I952807,-1681,9.038219338E7,2025-09-09
I956327,1722,1510796.41,2030-01-01
I957966,162,1.566250591E7,2030-01-01
I958270,-646,4.126391746E7,2025-09-22
I961022,-480,6.564862198E7,2025-09-17
I961194,-1575,2.774925188E7,2025-10-06
I963832,-916,7.977776152E7,2030-01-01
I973116,-252,3.043476311E7,2025-09-22
I976495,1410,1.7895885857E8,
I977165,644,5.313636996E7,2030-01-01
I977559,-897,3.369272604E7,2025-09-05
I985696,371,2.684719859E7,2030-01-01
I986315,-261,3.120237767E7,2025-09-21
I988232,1587,1.3127249345E8,
I992401,-918,9.924326346E7,2025-09-13
I994209,1660,1.6619526492E8,2030-01-01
I995007,333,4.290894874E7,
I995350,-1103,5.3592988E7,2025-09-19
I1000225,974,0.0,2030-01-01
I1000527,-355,3.971695889E7,2025-10-27
I1000757,-1008,4.232696048E7,2025-10-25
I1001105,1770,6.162784974E7,
I1002171,583,5445782.91,2030-01-01
I1004598,1659,1.9545764289E8,
I1006785,1984,1.5672165618E8,2030-01-01
I1008680,1873,1.4351513613E8,2030-01-01
I946071,-922,3.894771183E7,2025-09-29
I951413,1247,1.0133665647E8,
I952360,474,5097733.16,2030-01-01
I953560,1642,1.4629068295E8,
I956835,-1005,6.732639333E7,2030-01-01
I961102,1630,9.17239318E7,2030-01-01
I972639,1731,0.0,2030-01-01
I974470,669,5.685952143E7,
I978290,1069,5.678323903E7,2030-01-01
I981101,1386,1.3005093616E8,2030-01-01
I983754,-157,1.264821474E7,2025-09-15
I990672,-865,9.286154748E7,2025-09-01
I990741,518,5.173538439E7,2030-01-01
I991359,-428,2.305814955E7,2025-09-01
I992868,1331,9.388685517E7,2030-01-01
I993428,-1799,1.4638587974E8,2025-09-06
I994259,92,7993912.85,
I997857,1936,1.0532487371E8,2030-01-01
I999048,-1931,2.788577516E7,2025-10-20
I1006213,87,8638844.81,2030-01-01
I1009196,-372,4.172419381E7,2025-09-18
I940573,-561,1784179.74,2025-10-06
I945484,-1815,9.330214205E7,2025-10-05
I948745,-710,2.357060151E7,2025-10-15
I949379,1477,2.1259493327E8,2030-01-01
I950798,-528,3.284931919E7,2025-09-06
I951007,1313,7.093437706E7,2030-01-01
I944973,772,3399378.99,
I951760,556,6639164.19,2030-01-01
I961015,-911,4.206385136E7,
I966017,907,1.227925458E8,2030-01-01
I967876,426,5.040437143E7,2030-01-01
I969693,97,9030915.79,2030-01-01
I977625,1587,9.462437111E7,2030-01-01
I978547,-1093,7.172497292E7,2025-10-23
I983381,1686,2.1314820391E8,
I987425,-1581,1.2411118432E8,2025-10-18
I987960,70,640068.52,
I989758,846,3.783792877E7,
I993507,1974,0.0,2030-01-01
I996922,648,8.428511684E7,
I998144,-1523,6.660331956E7,2025-10-06
I998324,385,565007.96,
I998953,1258,1.3816283756E8,2030-01-01
I1001719,1510,6.04903011E7,
I1003850,1046,4.721475612E7,2030-01-01
I941506,1950,1.4159243154E8,2030-01-01
I948339,-409,4.479364284E7,2025-10-13
I947264,1964,1.7537427703E8,
I948701,1902,2.7801847205E8,
I950986,910,5.226992609E7,
I957494,147,1.475609911E7,2030-01-01
I959013,887,1.0747138505E8,
I960734,-1856,6.773317782E7,2025-10-29
I960794,-566,2.631915756E7,2025-10-12
I975484,1134,1.636998938E7,2030-01-01
I976145,423,3.041986973E7,2030-01-01
I980583,-1967,2.1245413103E8,2025-10-10
I981143,-306,2.876765647E7,2025-09-21
I983284,179,2256939.05,
I986331,1194,7.183871714E7,2030-01-01
I993331,-93,6804517.53,2025-09-14
I1008051,-1253,1.0449974854E8,2025-09-13
I1009737,1844,1.6025524883E8,2030-01-01
I939951,1746,2.4663538679E8,2030-01-01
I943388,-908,9.939924994E7,2025-10-18
I951075,1484,1.2650505028E8,
I963968,707,2.088457176E7,
I964414,-1268,1.1240698314E8,2025-09-02
I973068,-1309,8.097450953E7,2025-09-16
I978728,977,5.620454744E7,
I980111,-1661,1.3739255175E8,2025-10-31
I987556,1517,1.790071386E7,2030-01-01
I989132,1411,1.6790710185E8,2030-01-01
I990371,773,9.706764639E7,2030-01-01
I991886,1680,4.925132169E7,
I993647,1749,2.914602012E7,2030-01-01
I994510,133,1.5424424E7,2030-01-01
I1002259,1038,4.113928755E7,
I1008602,783,8224865.36,2030-01-01
I945294,416,3.890278486E7,2030-01-01
I944277,1648,1.216276415E7,
I946783,112,6198850.8,
I955851,-396,3.238365092E7,2025-10-09
I961173,-524,2.835937444E7,2025-10-05
I961264,1783,1.718434789E8,2030-01-01
I962538,218,3496716.76,
I965815,1417,7.669175889E7,2030-01-01
I966713,-1443,1.1478457083E8,2025-09-25
I968273,-1983,1.1052680684E8,2025-10-29
I968969,1273,1.8650092807E8,
I972162,1774,1.1808787723E8,
I975497,91,1.159043575E7,2030-01-01
I984541,709,8.989699943E7,
I989076,496,6.1323429E7,
I996166,565,3989666.88,
I1003071,1883,1.2081150438E8,
I1003782,-1494,8.819952614E7,2025-09-08
I1005525,1378,9.380106951E7,2030-01-01
I1006163,-1825,2.3971997659E8,2025-10-03
I1008146,-699,8095057.32,2025-09-20
I941224,-1399,1.5466076618E8,2025-10-22
I956560,-1203,5.823215897E7,2025-09-12
I958893,1162,9.725389064E7,
I965993,773,6.323186206E7,
I971760,1632,1.8046745573E8,2030-01-01
I973275,1665,1.5619807945E8,2030-01-01
I975794,-929,7.603882811E7,2025-10-18
I978485,79,7812882.27,2030-01-01
I980557,351,4.489615529E7,2030-01-01
I986077,-1184,1.6287999603E8,2025-10-27
I986956,1976,1.6147159076E8,2030-01-01
I987100,1430,1.9793732751E8,
I989384,1729,1.3469833117E8,2030-01-01
I990651,159,4385657.5,2030-01-01
I991726,1906,1.6095779521E8,
I992134,1602,1.2856676734E8,2030-01-01
I996437,387,4.779982131E7,
I997631,760,1.0599771299E8,
I997672,181,5058387.57,
I1000950,1704,2.004677546E8,
I1006120,-443,5.328756709E7,2025-09-27
I946841,-745,0.0,2025-09-28
I943686,891,1.1531784439E8,
I948425,567,4715235.23,
I954065,-399,3.584511591E7,2025-09-06
I962743,818,8.386812319E7,2030-01-01
I972375,260,2.185800714E7,2030-01-01
I972878,-712,1.339011984E7,2025-09-14
I977184,318,5452359.83,2030-01-01
I984163,723,8.87788461E7,2030-01-01
I988737,-1085,1.602976725E8,2025-09-30
I992917,856,1.1224691367E8,2030-01-01
I994146,195,2.094257602E7,2030-01-01
I995796,1660,7.02852377E7,2030-01-01
I1003979,1886,1.9304556049E8,2030-01-01
I939308,88,1028571.66,2030-01-01
I946305,1332,8.184604625E7,2030-01-01
I942752,788,2319544.46,
I950735,854,2.227017411E7,
I950853,1123,1.226019038E8,
I952260,1564,1.783858465E7,
I952465,-712,1.02193403E8,2025-09-11
I962127,1081,2.198659059E7,2030-01-01
I966541,-819,6594488.4,2025-10-16
I970989,-351,8152887.33,
I972364,594,6.992802573E7,2030-01-01
I979811,137,6167360.59,2030-01-01
I980028,306,2.067483879E7,2030-01-01
I981130,161,2.356631673E7,2030-01-01
I988923,252,7195999.22,2030-01-01
I993828,-1193,1.6380196365E8,2025-10-23
I998361,1954,9.047063947E7,
I999320,-1637,1.8439859959E8,2025-10-11
I1007329,953,2.238870939E7,2030-01-01
I943759,1639,6.555390898E7,2030-01-01
I944149,189,8027170.28,2030-01-01
I946685,-432,7343334.17,2025-10-10
I945992,1619,1.689465792E8,
I948244,1665,1.1424501132E8,
I955938,913,1.010265039E8,
I965138,1948,1.8515284952E8,2030-01-01
I967491,-141,1.124795383E7,2025-09-02
I967707,-1166,1.0008229589E8,
I974726,-381,4.57231052E7,2025-09-29
I976011,583,6.169279967E7,
I977925,676,7.866558644E7,2030-01-01
I982070,1138,9.091032092E7,
I984744,1563,2.1585638244E8,
I985585,-180,682410.11,
I987610,250,2.043597527E7,2030-01-01
I987815,305,1.264539452E7,
I989665,-190,2.481173468E7,2025-09-27
I999142,-1437,3.165812818E7,2025-09-15
I1001934,1588,2.3185097829E8,
I1003224,1643,2.3984440336E8,2030-01-01
I1004495,1809,1.3388237644E8,2030-01-01
I1004562,1967,1.2443393791E8,
