item_id,units_sold,revenue,sale_date
I10628,1703,2.328079678E7,2030-01-01
I19880,1172,8.308844245E7,2030-01-01
I20465,880,9.035527994E7,
I20721,148,8092111.84,
I24512,-767,9.153881626E7,2025-10-18
I26934,754,0.0,2030-01-01
I31485,687,1.0083115808E8,2030-01-01
I31936,500,2.609577442E7,
I34028,546,4.092226581E7,2030-01-01
I35977,242,8706179.47,2030-01-01
I36417,1952,6.308130165E7,
I36978,1965,2.2747427465E8,
I37519,1718,1.7150869135E8,2030-01-01
I38030,787,1.1436395025E8,
I38664,1807,8.248502344E7,2030-01-01
I39084,-358,4.064992348E7,2025-09-04
I40674,1970,9.03857567E7,
I47713,-521,1.629131082E7,2025-09-24
I51074,1666,1.9935625243E8,2030-01-01
I53153,1258,1.5424473317E8,
I53736,-314,4.389713301E7,2025-10-31
I56200,-800,6465100.83,2025-09-04
I63132,1297,1.5769936561E8,
I63354,1044,1.3041275485E8,2030-01-01
I65753,1059,6.03622139E7,2030-01-01
I67326,1798,1.0598908247E8,2030-01-01
I76297,1943,2.449945144E8,
I78746,1906,1.8064779182E8,
I79303,-1555,2.0082114029E8,2025-10-26
I82789,1697,2.179181524E7,
I86466,-816,6.249199185E7,2025-10-14
I87855,1239,1.2561663179E8,2030-01-01
I88870,479,3.231763543E7,2030-01-01
I91133,1753,6.752065523E7,2030-01-01
I95626,-378,4.271557608E7,
I99206,-864,6.203948389E7,2025-09-22
I100468,-1518,3699208.01,2025-09-03
I105943,1515,5521514.56,2030-01-01
I111849,-1394,2.0044278296E8,2025-10-18
I119971,-1330,1.4123099342E8,2025-10-02
I121509,197,1.487350912E7,
I122413,1226,8.712418281E7,2030-01-01
I125658,1291,1.1348299035E8,2030-01-01
I126840,1326,1.1200696554E8,
I12943,-76,8287592.3,2025-10-16
I16276,1766,1.0209784389E8,2030-01-01
I17464,1173,4260822.61,2030-01-01
I17920,-1934,1.7743422381E8,2025-10-17
I20706,-733,4.694463863E7,2025-10-10
I11060,1305,1.0756565635E8,
I15612,95,2387669.94,
,939,1.3073372036E8,2025-09-21
I26050,54,4440303.89,
I29394,881,1.29726375E8,
I32601,280,1.464661064E7,2030-01-01
I33128,475,2.715950803E7,
I33888,1986,2.9276198815E8,
I37293,363,1.408329862E7,2030-01-01
I42946,820,1587251.93,2030-01-01
I45893,1710,1.4251834097E8,
I46148,-1416,2.465026812E7,2025-10-17
I51390,-1771,1.8580985867E8,2025-09-28
I51415,-77,8650906.83,2025-10-18
I51868,1581,2.827860928E7,2030-01-01
I54184,1334,5.136668563E7,2030-01-01
I55950,1737,2.3690981551E8,2030-01-01
I62658,1155,6.184098418E7,2030-01-01
I66235,-745,2.885583777E7,2025-09-05
I72596,-339,1.59604641E7,2025-10-20
I74479,1925,9.169053614E7,2030-01-01
I78583,628,3.114387272E7,
I88379,1750,1.4332768883E8,2030-01-01
I88545,-984,2.515192753E7,2025-09-21
I94991,1377,9.787699525E7,2030-01-01
I96696,1155,7.76620504E7,2030-01-01
I98592,1552,8.157649527E7,
I107571,1279,3.742839795E7,2030-01-01
I110684,977,0.0,2030-01-01
I110886,1470,1.711689945E8,2030-01-01
I110973,1740,8.335746139E7,2030-01-01
I116448,1569,1.2700823331E8,
I118383,73,8945445.0,2030-01-01
I121105,736,8.10840399E7,
I122058,954,1.4280193886E8,2030-01-01
I122764,1371,1.0498088088E8,
I13630,1394,1.2663924662E8,2030-01-01
I14535,-1343,1.4663446338E8,2025-10-10
I16819,-252,3.576896594E7,2025-10-19
I17694,1045,2.839805026E7,2030-01-01
I22995,-1823,1.1011844217E8,2025-10-16
I28421,434,3316446.0,
I34394,590,4.872745053E7,
I34586,-1118,2.149163778E7,2025-09-18
I40994,1751,3368142.15,
I45532,378,4784990.39,
I47676,304,4.131236595E7,
I51809,1460,1.5012721704E8,
I53862,376,5605921.09,
I56117,470,1.384082228E7,
I57733,1689,9.039129088E7,2030-01-01
I58740,-1631,1.731677095E8,2025-10-18
I59015,1306,4.381802288E7,2030-01-01
I62121,342,3.525193458E7,2030-01-01
I63153,-718,9.102091807E7,2025-10-02
I69925,1218,1.136819878E8,2030-01-01
I73475,-1286,1.485142454E7,2025-10-08
I73999,-1100,3.419820702E7,2025-10-19
I77618,-1439,7.605055411E7,2025-10-31
I77984,553,7.717006599E7,2030-01-01
I82140,696,7.244649107E7,
I86053,1001,9.173270938E7,
I86314,534,5.975008952E7,
I90469,-153,1.40095771E7,2025-09-18
I91706,595,9896363.1,2030-01-01
I93496,1677,5.75633606E7,2030-01-01
I95182,738,3.289040257E7,
I105818,1703,7.053775622E7,2030-01-01
I109160,1100,1.5498733198E8,
I112462,1933,1.6299266814E8,2030-01-01
I115991,1255,1.3733540512E8,2030-01-01
I116761,-687,5.875416739E7,2025-10-08
I124584,892,1.2602024455E8,2030-01-01
I124956,-1400,1.177545941E7,2025-09-30
I126874,1524,9.562871468E7,
I16918,1940,2.0323158162E8,2030-01-01
I18301,-1071,1.2749072943E8,2025-10-30
I21471,190,1.207161455E7,2030-01-01
I12752,1237,1.6198951226E8,
I25600,1450,2.629167059E7,
I27636,777,1.0893395313E8,2030-01-01
I28608,1315,7.599323738E7,
I29399,583,1.26244636E7,2030-01-01
I29482,-1901,2.919325693E7,2025-10-08
I48490,1596,1.0709686988E8,
I48679,-1738,1.9471355933E8,2025-10-18
I55525,1799,0.0,2030-01-01
I59287,908,8.577479182E7,2030-01-01
I60620,1027,0.0,2030-01-01
I67288,317,3.495501304E7,2030-01-01
I69547,-1142,1.6023425018E8,2025-09-11
I72668,1090,1.4797798411E8,
I77645,83,449602.51,2030-01-01
I81597,962,1.3044524744E8,
I83893,528,4.942545553E7,2030-01-01
I94388,-214,2.996902869E7,2025-09-21
I96605,158,1.850183935E7,
I98626,-896,3060868.85,2025-10-03
I98891,1207,3.594425059E7,
I100277,883,1.2377233138E8,2030-01-01
I105526,551,6.487241435E7,2030-01-01
I106467,143,7169626.78,2030-01-01
I107100,-1888,0.0,2025-10-11
I108936,-1345,1.0226570166E8,2025-10-24
I113001,729,1.0646402773E8,
I114181,-1013,1.781831356E7,2025-09-03
I117078,-256,1.910521048E7,2025-09-11
I123099,1576,2.1369469007E8,
I123848,-1640,2.2109057273E8,2025-10-01
I125852,-1263,5.007843026E7,2025-09-24
I126018,1812,1.288887295E8,2030-01-01
I11705,-520,3.297477821E7,2025-10-19
I19057,468,2.194123941E7,
I22079,1538,5.6847456E7,
I24789,-396,2.796621504E7,2025-10-31
I27099,-877,9.723019076E7,2025-09-14
I31170,-822,8.442049284E7,2025-09-22
I32294,-1925,2.2140373525E8,2030-01-01
I35206,508,5.111164323E7,
I38945,132,1.665334256E7,2030-01-01
I41094,-423,3.926077615E7,2025-09-30
I45676,1815,1.7886500421E8,2030-01-01
I57720,627,8.828674306E7,2030-01-01
I61690,710,9.086987482E7,2030-01-01
I71194,721,6.431967236E7,
I73446,1824,1.3165800414E8,2030-01-01
I75640,-314,4.16563353E7,2025-09-02
I77110,-1597,1.6756798365E8,2025-10-02
I82254,-850,7184482.96,2025-10-21
I88371,1209,8.845571721E7,2030-01-01
I88718,984,6.458638605E7,2030-01-01
I89137,1212,8.576173795E7,
I95111,65,6391175.21,2030-01-01
I104780,1452,1.2441515459E8,2030-01-01
I114170,-1381,1.0649806781E8,2025-10-02
I115065,-437,5.826071145E7,2025-09-01
I120186,459,2.058706943E7,2030-01-01
I123558,906,8.472150842E7,
I22019,-1391,1.7469706468E8,2025-09-16
I16933,592,3876582.95,
I20250,1458,4.285765778E7,
I21727,809,1.859327679E7,
I24127,495,4.359421466E7,2030-01-01
I26441,-253,3199794.42,2025-10-05
I29777,-1746,2.2464433822E8,2025-10-17
I30021,-1202,4.570735392E7,2025-09-30
I30087,1299,1.244462046E7,2030-01-01
I31866,-1411,3.466531489E7,2025-09-21
I35586,1154,1.0684353963E8,
I35799,-1285,1.7817203128E8,2025-10-03
I38898,1748,9.504851417E7,2030-01-01
I40770,1366,9.762066266E7,2030-01-01
I44879,-1001,4.277516976E7,2025-10-16
I50388,-1138,1.1175389379E8,2025-09-17
I50858,1211,4.580885201E7,
I51653,-521,7030144.66,2025-10-03
I52727,1584,1.5893973391E8,
I62527,-722,9.654940396E7,2025-10-02
I62576,1236,1.3342182339E8,
I62725,-1963,1.8509100457E8,2025-09-01
I67317,1686,5.505220372E7,
I78758,1153,0.0,2030-01-01
I79414,919,2.372555677E7,2030-01-01
I83393,861,1.2571428774E8,2030-01-01
I99888,1863,6.258958903E7,2030-01-01
I112728,1708,1.5210904007E8,
I115117,1285,2.356555262E7,
I119112,670,3.249908264E7,
I10521,1471,8.175747777E7,2030-01-01
I17968,-648,7.478805987E7,2025-09-18
I21458,202,2413392.48,
I25057,430,6.264178528E7,2030-01-01
I29664,-988,1.1622500534E8,2025-10-03
I32523,-261,2.215432907E7,2025-10-29
I32533,434,5.50385205E7,
I36405,289,1.965310397E7,
I37721,700,5986142.92,2030-01-01
I40886,1966,5.913265422E7,
I44059,-918,2.701356428E7,2025-09-13
I49912,390,4.339693904E7,2030-01-01
I50333,-607,8.289706122E7,2025-09-12
I53201,-601,8.145076491E7,2025-09-09
I57198,782,6137211.49,2030-01-01
I59533,390,3.357631238E7,2030-01-01
I62975,1839,1.5050005467E8,
I69725,762,9.013451824E7,
I69761,854,1.0174685801E8,
I70784,1196,6.693375559E7,
I70892,-735,3.808799755E7,2025-09-10
I71201,-1359,7.996930025E7,2025-10-03
I74609,1209,1.1587211806E8,
I76945,-145,1878334.05,2025-09-13
I84649,-1270,9.994382649E7,2025-10-08
I86218,504,4.312356867E7,2030-01-01
I87571,-934,6.789662288E7,2025-10-17
I88314,1353,1.054580403E7,
I91021,1570,4.333871308E7,2030-01-01
I97949,656,7.521307092E7,
I100477,1806,6.646692363E7,
I101357,-1604,1.3342162197E8,2025-09-08
I104808,-1406,1.1990636714E8,2025-10-17
I105040,604,6.064969174E7,2030-01-01
I106230,-667,6.697133687E7,2025-10-17
I106983,-1623,8.178556403E7,2025-09-02
I109217,-1210,1.7346188819E8,2025-09-10
I109723,1654,1.3247998052E8,
I115344,1522,3.829963045E7,2030-01-01
I121199,-229,1.658330767E7,2025-09-19
I21738,1007,4.08742414E7,2030-01-01
I24907,741,4.097376922E7,2030-01-01
I25084,714,5.899956254E7,
I25425,290,3.911232938E7,
I26082,1435,8.703723253E7,
I26881,-1972,2.0793710373E8,2025-10-30
I26916,450,4.477149013E7,
I29506,1411,6.118082031E7,2030-01-01
I32304,1267,5.912220551E7,2030-01-01
I34058,487,8385803.78,2030-01-01
I36598,1632,1.64534119E7,
I40403,1763,1.4379622555E8,2030-01-01
I57081,1899,7.076769406E7,
I69146,-1151,1.6341221454E8,2025-10-04
I70133,1833,1.154637289E7,
I70533,-514,6.688594339E7,2025-09-04
I73597,864,5.572876068E7,
I74515,-1587,7.058185472E7,2025-10-08
I81173,894,8.653072793E7,
I83341,1290,6.439504988E7,2030-01-01
I88309,107,948978.79,
I91464,-644,8351431.24,2025-10-23
I92441,-1508,2.0318483712E8,2025-09-28
I98106,1401,1.8083172544E8,
I103918,-1752,4.490904615E7,2025-10-24
I105519,-842,1.0627708678E8,2025-09-19
I105651,1008,1.1785182885E8,2030-01-01
I106360,-1893,2.7110612272E8,2025-10-04
I112159,1666,1.3069610132E8,
I118925,334,4.266315736E7,
I120338,488,5.501344988E7,2030-01-01
I120933,1201,6226091.51,2030-01-01
I12181,1999,4.710248613E7,2030-01-01
I12202,1414,5.346068432E7,2030-01-01
I20242,1233,5.741615809E7,2030-01-01
I17720,1164,1.6080439127E8,
I21188,1790,1.7767481842E8,
I24503,296,1.365389051E7,2030-01-01
I24644,1985,1.4190580975E8,2030-01-01
I26888,-779,9.420005415E7,2025-10-08
I32634,1991,3.943806521E7,2030-01-01
I37987,-1943,2.1091021944E8,2025-09-12
I40408,73,5204703.03,2030-01-01
I43916,1942,3.242182259E7,2030-01-01
I45159,1757,1.9704756748E8,2030-01-01
I46191,95,252163.14,
I46824,-330,2.279747396E7,2025-09-05
I50583,-1066,8.833768293E7,2025-09-15
I53172,-1820,6596102.09,2025-10-31
I57140,376,942517.46,2030-01-01
I59940,1062,1.3769165111E8,
I60419,-96,1.013923465E7,2025-10-29
I66805,1416,2.0746572355E8,
I70999,174,2.328476597E7,2030-01-01
I71867,1877,5.509313678E7,2030-01-01
I74211,623,8.198257749E7,
I80538,1181,2.945980827E7,2030-01-01
I101729,-1067,1.4599739885E8,2025-09-05
I109786,556,2.377222624E7,2030-01-01
I111931,635,3.010387797E7,2030-01-01
I114772,1539,9.317085984E7,
I121175,-176,9601668.11,2025-09-02
I124689,139,7228322.47,
I19816,846,7.720460255E7,2030-01-01
I21543,-589,5.098424016E7,2025-10-30
I10158,1642,1.8828471992E8,
I17020,70,8978394.5,
I19986,649,4.358057773E7,
I21129,536,2.398532663E7,
I24034,1458,0.0,2030-01-01
I25832,224,2.591228515E7,2030-01-01
I38844,-1796,2.5615780508E8,2025-10-20
I39161,1165,1.527270809E7,2030-01-01
I45347,1814,5.270031173E7,2030-01-01
I49229,806,8772001.84,
I50950,-916,2.542776577E7,2025-10-28
I54078,753,5.929012428E7,
I56138,623,2.419234235E7,2030-01-01
I58906,595,7.969608257E7,
I66513,-1576,2.3562397596E8,2025-10-30
I77904,1844,9.32142056E7,
I80148,1899,2.350729021E8,
I81969,1164,1.6317708371E8,
I85431,-675,4.216410838E7,2025-09-19
I87293,-79,5692988.31,2025-09-04
I92426,1279,1.0566471923E8,2030-01-01
I109319,1990,2.6683626536E8,
I112723,1139,5.109432339E7,
I120613,-461,4.468875612E7,2025-10-24
I10163,-636,1.718503076E7,2025-09-26
I11773,73,4387112.52,
,1736,8698134.06,2025-09-05
I24189,1754,2.0374228162E8,2030-01-01
I28666,1148,7191323.37,
I29088,849,9.377874456E7,2030-01-01
I29572,1574,2.2999948106E8,
I38447,1796,3.20921668E7,2030-01-01
I40218,1373,1.170771183E8,
I41061,1008,4.90860733E7,
I52511,-355,8002149.61,2025-10-21
I60997,1419,6.134695303E7,2030-01-01
I65571,765,4.527106461E7,2030-01-01
I76335,-1366,1.0020138843E8,2025-09-06
I82674,-402,8093437.76,2025-09-21
I83355,-1659,2.417279667E8,2025-09-30
I88849,1324,4.983626819E7,
I91077,-756,4.792839334E7,2025-09-03
I92017,1668,1.312919514E7,2030-01-01
I93262,-1247,3.312727747E7,2025-10-18
I100728,-1068,4.147075964E7,2025-09-17
I105334,646,4.878970184E7,
I107799,626,3.435988038E7,
I111105,738,6.972486762E7,2030-01-01
I115365,-1906,2.3687487702E8,2025-10-02
I126619,-1935,2.5902554005E8,2025-09-12
I127389,440,3.468271207E7,
I16249,-714,5.314315731E7,2025-10-31
I27996,1964,2.9452304843E8,
I31752,1700,5.635270574E7,
I32998,238,2.825487956E7,2030-01-01
I36068,510,2.975069741E7,
I36338,1365,5.75416461E7,2030-01-01
I37657,-1671,1.2344107497E8,2025-09-11
I39588,1206,4.930990801E7,
I43403,309,1.068095825E7,2030-01-01
I45364,818,1.844994663E7,2030-01-01
I50831,-1924,1.4809891304E8,2025-09-05
I55077,1629,2.621455012E7,
I59184,-1381,5.220413349E7,2025-09-12
I63241,681,8.063763338E7,2030-01-01
I80291,1479,1.5609437672E8,
I88528,570,5.4499105E7,2030-01-01
I92763,1225,1.0092576695E8,2030-01-01
I95282,-1269,8.379597379E7,2025-10-06
I96104,-1288,0.0,2025-10-15
I105302,1478,4.401895405E7,
I107432,1917,2.6746497602E8,2030-01-01
I110159,-1407,1.6976807973E8,2025-10-27
I120391,-1211,8.671918645E7,2025-09-18
I121971,1778,6.193280859E7,
I123872,-1028,8.863181352E7,2025-10-20
I125193,1445,3.639653613E7,
I125975,1725,9.5290697E7,2030-01-01
I128416,253,2.148518729E7,2030-01-01
I129734,116,1.547496045E7,2030-01-01
I133361,-786,3.159325721E7,2025-09-03
I142360,339,3.366818429E7,2030-01-01
I144516,1043,8.720143171E7,2030-01-01
I145278,1192,9.209042099E7,
I150609,668,9.412411629E7,2030-01-01
I151201,-316,2.826396033E7,2025-10-01
I152825,-1969,9.281502345E7,2025-10-23
I157078,-591,7.830161455E7,2025-10-26
I157265,444,6.594545381E7,
I157500,1392,9.562526978E7,2030-01-01
I159603,392,1.357378062E7,
I170708,-943,1.51788821E7,2025-10-29
I180205,428,1.808391371E7,
I180440,1789,9.602075494E7,2030-01-01
I189006,-801,2.299253224E7,2025-10-16
I195879,-868,4.626495522E7,2025-10-15
I201271,-755,5544893.33,2025-09-26
I201517,778,8.505017566E7,2030-01-01
I204575,505,7.012552786E7,2030-01-01
I204652,-1007,1.1395906983E8,2025-09-24
I209027,974,2.139161183E7,2030-01-01
I209768,1104,7.301931691E7,
I226933,129,1.49496678E7,2030-01-01
I227170,-1195,1.2045899905E8,2025-09-13
I234599,-603,1.803594392E7,2025-10-23
I137287,-1527,1.86984752E8,2025-10-03
I128257,935,1.2379775833E8,
I143607,1776,2.0300019443E8,2030-01-01
I144441,-69,9560769.3,2025-09-04
I146213,-1738,8.80495208E7,2025-09-13
I146847,-1756,1.4278301048E8,2025-10-21
I148443,120,9613944.54,
I153316,360,4.741576672E7,
I156255,-1817,1.6756226837E8,2025-09-26
I162164,913,2.733616622E7,2030-01-01
I163686,1058,7973094.4,
I164697,784,5.554609943E7,2030-01-01
I166353,1637,1.6562046677E8,
I167406,1369,4.791134693E7,2030-01-01
I168343,108,8056404.54,2030-01-01
I176223,-996,7.966754203E7,2025-09-15
I180576,-1416,1.9617018674E8,2025-09-15
I184065,710,7292984.73,2030-01-01
I184188,-483,1.956464412E7,2025-10-24
I184721,-228,2.694175782E7,
I186358,-997,2.861288624E7,2025-09-22
I190244,414,4.148246859E7,2030-01-01
I190282,1457,1.8816269463E8,2030-01-01
I190776,1259,1.7821592923E8,
I201077,-572,5.975572503E7,2025-10-08
I203984,272,1560105.3,
I206857,1108,1.4016676212E8,2030-01-01
I210798,1864,1.1528841299E8,
I219552,-926,4.570300345E7,2025-10-16
I222264,1776,1.883278265E8,2030-01-01
I223151,816,1.0846973723E8,2030-01-01
I223567,1083,0.0,2030-01-01
I236022,1818,1.2194341596E8,2030-01-01
I238920,193,8411239.77,
I241157,1080,1.3600656349E8,
I243534,520,2.780001532E7,
I135839,1510,4.331649859E7,2030-01-01
I138135,-635,1.488503615E7,2025-10-16
I138732,1625,1.0230211708E8,2030-01-01
I137893,187,1.822119385E7,
I141175,1402,3.669888136E7,2030-01-01
I141698,-832,1581772.62,2025-09-26
I143029,-1675,1.719688087E8,2025-09-16
I151879,1655,1.8843803796E8,2030-01-01
I153161,-1098,1.3375036862E8,2025-10-06
I155100,492,2.051089166E7,
I156828,1438,7.852903667E7,
I160763,1584,1.03721842E7,
I165820,101,616164.2,
I172292,1119,1.6042725753E8,2030-01-01
I181585,-1095,7.734934301E7,2025-09-11
I185349,1979,1.3340187556E8,2030-01-01
I186906,-1094,1.3524010145E8,
I187820,1114,9.433390686E7,2030-01-01
I190980,735,7.915027175E7,
I193331,1270,1.4414761093E8,2030-01-01
I204663,989,1.0364661843E8,2030-01-01
I206538,495,4.130224857E7,
I211537,-1882,0.0,2030-01-01
I213321,-1630,1.095908796E7,2025-09-19
I214911,-1534,1.6172540575E8,2025-10-12
I217879,-1823,9.455651242E7,2025-09-21
I218643,555,8.147800998E7,
I221791,144,1.92753095E7,
I225905,110,4705082.4,2030-01-01
I227169,-1299,1.6085899589E8,2025-10-09
I230395,351,4.520469903E7,
I231946,549,3.712811297E7,
I231950,1281,1.189244719E8,
I235020,313,3.680125729E7,
I236185,1968,1.9565799955E8,2030-01-01
I240605,294,5145857.63,
I241405,1655,7.755334292E7,2030-01-01
I131146,-838,1.227288307E8,2025-10-30
I131829,244,6477915.96,2030-01-01
I145991,1339,1.2522137411E8,
I156584,-54,4043916.67,2025-09-08
I162816,-1507,9.429029987E7,2025-09-27
I163308,254,3.710649862E7,2030-01-01
I163396,-1287,1.2900600099E8,2025-09-13
I165597,1285,1.0151138158E8,2030-01-01
I169602,336,1.227199377E7,2030-01-01
I172486,-780,7378302.05,2025-10-15
I178098,640,0.0,
I178707,800,9.711234465E7,
I192434,1033,3.470009072E7,
I210726,822,1.190222458E8,2030-01-01
I212276,712,5.344770687E7,2030-01-01
I216401,1657,2.2831345969E8,2030-01-01
I217921,-1314,1.6775314795E8,2025-10-10
I221918,1487,1.4171142668E8,2030-01-01
I223338,-975,1.2289573304E8,2025-10-06
I229462,-1881,2.638044184E7,2025-09-06
I229746,1619,1.0492814705E8,2030-01-01
I230262,-994,1.2547601665E8,2025-10-02
I234899,363,1.409609473E7,2030-01-01
I236555,598,6.924482252E7,
I237620,-643,3.860790104E7,2025-10-15
I130617,1922,1.0292593146E8,2030-01-01
I128461,1095,1.07457511E7,
I128750,1106,2.857479357E7,
I139004,201,5392670.87,
I142072,1813,1.7975081513E8,
I142210,-1687,1.2760017368E8,2025-09-24
I145489,-1926,1.5705740855E8,2025-09-11
I148911,321,7672088.61,2030-01-01
I155480,614,2.143495671E7,2030-01-01
I159232,-1523,1.8148848724E8,2025-09-13
I160424,-160,2.374220266E7,2025-10-29
I166543,-1931,1.450513465E7,2025-09-20
I167121,-1581,7.488766531E7,2025-10-02
I170897,952,1.011733983E7,2030-01-01
I176440,57,8286912.14,2030-01-01
I177028,-1244,4.006509779E7,2025-10-25
I177272,1907,1.4217578007E8,
I179184,808,4.01269795E7,2030-01-01
I181793,-529,2380138.03,2025-10-05
I184382,907,1.1038698044E8,
I184912,-1389,3.841075759E7,2025-10-23
I189736,-1804,2.2236585952E8,2025-09-11
I190162,1495,1.1090622662E8,
I198158,-1242,1.5433711036E8,2025-10-16
I200383,728,9.579016147E7,
I201439,239,2.459402843E7,2030-01-01
I214564,1428,8.071939536E7,
I216086,1206,1.177082949E7,
I217832,1869,2.5314172074E8,2030-01-01
I218486,-1201,4.276576173E7,2025-09-20
I222340,-1687,2.3881892586E8,2025-09-19
I223391,1767,1.5747002586E8,2030-01-01
I230285,1302,8.199928994E7,2030-01-01
I230620,151,0.0,2030-01-01
I230982,1619,1.8416843552E8,2030-01-01
I231731,1697,7.79469421E7,
I236342,-209,2.285775655E7,2025-09-10
I239912,672,9.805105753E7,2030-01-01
I243132,64,4295253.3,
I132055,682,2524555.65,2030-01-01
I151065,997,5.470470681E7,
I154093,1502,9.314665179E7,2030-01-01
I159129,890,1.2541957417E8,
I168578,1319,3.525062643E7,
I169407,676,7.134636095E7,
I171929,1596,5614639.76,2030-01-01
I174403,-1240,1.0738771689E8,2030-01-01
I176553,-149,439558.73,2025-10-25
I178375,1283,1.7872313279E8,2030-01-01
I182231,1268,1.3504189329E8,2030-01-01
I183285,1094,5916375.32,
I186744,-816,9.155615512E7,2025-09-20
I189259,1435,7.885295496E7,2030-01-01
I191599,1628,2.0043340653E8,
I192625,1765,3.388650212E7,
I193759,1847,1.1798818975E8,
I194870,-361,1.139394511E7,
I195698,191,1837598.31,2030-01-01
I201103,190,2.776454293E7,2030-01-01
I201249,1193,1.2914493705E8,
I204747,-509,5.193328055E7,2025-10-30
I208449,1001,7.653189254E7,
I209711,1384,1485856.38,2030-01-01
I209977,1852,2217066.51,
I210541,-1718,1.4181981204E8,2030-01-01
I210623,258,1.769814246E7,2030-01-01
I212501,1747,0.0,2030-01-01
I213805,-587,1.728155427E7,2025-09-24
I220768,-1988,2.6356372493E8,2025-09-15
I223256,659,9.796818046E7,
I223534,994,6.274854495E7,2030-01-01
I232965,446,4.543559629E7,2030-01-01
I242283,434,4.489712066E7,2030-01-01
I242872,1259,2559483.15,
I128884,-504,6.283451839E7,2025-10-27
I135172,207,1.090010426E7,2030-01-01
I128904,1955,1.01447651E7,
I129555,-1652,2.4273303824E8,
I133457,523,3.127728037E7,
I135412,1956,2.710084103E7,
I142206,1769,1.1190003584E8,2030-01-01
I151010,-69,6813668.5,2025-10-31
I156909,-1671,1.6615222121E8,2025-09-04
I162972,126,9016630.37,
I165372,-1818,2.1237259189E8,2025-09-13
I167476,-1157,7.125098851E7,2025-10-10
I168531,223,4192721.87,
I168752,1927,1.3738303553E8,2030-01-01
I168756,1910,2.6295135624E8,
I171236,-1052,1.511776231E8,2025-10-27
I184715,1251,1.488674218E7,
I189033,-280,2.714101498E7,2025-10-15
I191785,490,0.0,
I193706,579,8.027495957E7,2030-01-01
I196687,436,5.831497604E7,
I198908,-1160,1.6800503301E8,2025-09-12
I199334,826,5.300189255E7,2030-01-01
I202772,899,3544662.1,
I215684,1454,7.317025019E7,2030-01-01
I222961,-1988,2.5506884787E8,2025-10-16
I223435,444,2841539.41,2030-01-01
I231014,-1630,1.6232939025E8,2025-09-21
I235890,392,3.800238644E7,2030-01-01
I240866,1976,1.1387721807E8,2030-01-01
I241407,-1627,5.811490984E7,2025-10-10
I244003,653,6.336824026E7,
I128630,1266,7267541.41,2030-01-01
I131690,-1322,4.040304431E7,2025-09-20
I136553,-1093,1.2577977496E8,2025-09-05
I139535,-1392,1.4215479733E8,2025-09-14
I147095,61,2167439.64,2030-01-01
I153199,-1666,5.080399941E7,2025-09-07
I157255,-1329,8.358420453E7,2025-09-19
I157543,1475,1.6169932677E8,2030-01-01
I159656,1733,2.521801879E7,2030-01-01
I160865,1417,8.979450309E7,
I169719,-72,908116.91,2025-10-17
I173690,-922,1.335157171E7,2025-10-14
I182781,-245,7046899.17,2025-09-14
I187524,57,5446440.8,2030-01-01
I191723,907,0.0,
I193192,800,2.734870331E7,
I193973,-1003,4.206876395E7,2030-01-01
I195552,1586,2.1120403199E8,2030-01-01
I199677,1629,1.6146637032E8,
I209786,1619,1.0116599777E8,2030-01-01
I218845,1765,1.12974278E8,2030-01-01
I227973,1586,1.6492515758E8,
I229925,218,2.752881402E7,
I232923,1282,1.3959566391E8,
I236220,-78,4407115.49,2025-09-06
I236387,-1327,1.0712875342E8,2025-09-13
I237954,1380,1.3745974186E8,
I243969,372,4.852194983E7,
I129482,1043,1.5372922227E8,2030-01-01
I134246,1794,5675860.03,
I136375,792,7.295937284E7,
I142039,395,5.344029247E7,
I143111,-1872,5.796222298E7,2025-10-20
I144686,-1520,3.725689734E7,2025-09-18
I148684,661,5629936.18,
I148854,440,2.62771567E7,2030-01-01
I150417,-1707,7.646133121E7,2025-09-01
I152969,-537,3.19758339E7,
I156587,369,1.4183151E7,
I158462,-741,1.018905225E8,2025-10-28
I159115,1029,1.3998350594E8,2030-01-01
I159375,1861,6.150467554E7,
I160220,-313,1.392120122E7,2025-09-22
I160407,1646,2.1365892644E8,
I166128,1272,3.373418324E7,2030-01-01
I167662,702,8.380947467E7,
I167869,-566,5.935254585E7,2025-10-08
I168874,1079,7.762636855E7,2030-01-01
I173438,-1021,1.5089662522E8,2025-09-19
I179780,-840,8.995354688E7,2025-10-31
I189680,1796,4.691902329E7,2030-01-01
I191147,1406,1.238041325E7,2030-01-01
I193246,1292,1.419809728E8,
I194090,1947,2.9152642575E8,2030-01-01
I194116,371,2.7515335E7,2030-01-01
I196375,1316,9.423113524E7,
I203267,602,8.087067088E7,
I210573,760,2.159988702E7,
I217122,-1039,0.0,2025-09-02
I218488,-1256,5.570474382E7,2025-10-15
I218633,-1802,1.3938372813E8,2025-10-28
I220481,1456,4.637753718E7,2030-01-01
I220880,792,8.026218498E7,2030-01-01
I226435,1227,1.0239138058E8,2030-01-01
I228377,1076,3.633417507E7,
I231804,1244,1.2463457947E8,
I231993,1866,1.581646423E7,
I238302,826,9.594441152E7,2030-01-01
I239240,-765,2.895092881E7,2025-10-29
I239813,-397,4.381050681E7,2025-09-11
I241215,-1982,2.5040555008E8,2025-10-04
I241973,-82,7588466.78,2025-10-18
I129432,-1807,1.4988855857E8,2025-09-16
I131686,-260,1.361241558E7,2025-09-10
I131931,1107,8.263760178E7,2030-01-01
I139006,-982,8917233.11,2025-09-16
I139321,1116,3.653756069E7,2030-01-01
I141875,507,3.939312635E7,
I148401,-163,4350279.38,2025-09-14
I149276,-1808,1.9437809907E8,2025-10-10
I152113,150,2.133101354E7,2030-01-01
I152594,935,5.474633216E7,2030-01-01
I155143,1712,1.1960558265E8,
I158681,687,5.176277791E7,
I166753,657,9.079194323E7,2030-01-01
I171976,575,3.053095888E7,2030-01-01
I180264,-495,1.741685249E7,2025-09-26
I185393,832,1.772271118E7,2030-01-01
I186562,1661,2.0506585785E8,
I191066,1756,1.3155898234E8,
I195341,-1801,2.5096091094E8,2025-10-17
I199525,-946,7.517302169E7,2025-09-07
I199910,-1217,9.588377941E7,2025-10-21
I208796,1252,6.479267526E7,2030-01-01
I213512,1332,1.705666564E7,2030-01-01
I221257,424,5718244.04,2030-01-01
I227409,1057,9.839422616E7,2030-01-01
I227982,708,7.048692639E7,
I228955,572,5278556.62,
I234008,-777,2.077779148E7,2025-10-23
I234706,1840,7687329.25,
I236796,-1301,1.758391117E8,2025-10-04
I238114,329,1.472888475E7,2030-01-01
I131569,-1108,6685299.29,2025-09-24
I138998,1644,4.385154963E7,
I145247,1978,2.5828811849E8,
I149998,1004,5.29187952E7,
I150703,716,2.994367597E7,
I152114,-1312,1.5874959396E8,2025-10-24
I155285,1420,1.750552126E8,
I157098,902,1.3293099286E8,2030-01-01
I161646,-1413,4.814940306E7,2025-09-30
I162746,-1665,9.087173331E7,2025-09-29
I165968,1856,1.9549558027E8,2030-01-01
I166390,363,5.139285422E7,
I166562,-1668,1.2833274167E8,2025-09-09
I173102,698,3.672579486E7,2030-01-01
I193947,222,1.16134877E7,2030-01-01
I204755,1087,4.128154891E7,2030-01-01
I205887,-477,2.367026328E7,2025-10-05
I218520,-334,3.569719457E7,2025-10-23
I222724,1955,1.0154170381E8,2030-01-01
I228246,-306,2.655900959E7,2025-09-03
I231229,564,1.916233721E7,2030-01-01
I232942,-1559,8983258.31,2025-10-21
I233827,1639,2.0175318183E8,
I132761,-1975,8.49224604E7,2025-09-26
I132825,-1809,2.6438609553E8,2025-10-01
I136636,-107,1.011570355E7,2025-09-01
I142685,787,2.758624391E7,2030-01-01
I144435,1129,1.0891792751E8,2030-01-01
I148125,565,3.003455732E7,
I151944,1119,1.5291435557E8,
I154330,1799,2.5620463104E8,2030-01-01
I164429,732,3671539.45,
I166165,-1826,1.8817784522E8,2025-10-17
I167271,-1047,7.404767854E7,2025-10-12
I172465,-197,2.015174513E7,2025-09-01
I175982,1034,9.01854745E7,
I181946,334,3.4319083E7,2030-01-01
I188874,-1593,7.788679174E7,2025-09-16
I189122,70,358294.42,
I189420,804,2.62982471E7,2030-01-01
I190605,888,1.3236302534E8,
I194214,-1391,1.9454040187E8,2025-09-12
I196406,-1481,3.464659971E7,2025-09-26
I201069,1705,2.1678803467E8,
I207644,594,7.220940188E7,
I219259,1629,2.025227946E7,
I219549,1483,4.581163056E7,2030-01-01
I227553,-1896,1.8601023017E8,2025-09-11
I238043,1677,1.7179047277E8,2030-01-01
I241864,1203,1.0096861354E8,2030-01-01
I243260,579,7007103.91,
I243581,637,6.847350255E7,
I250270,-632,8.620575792E7,2025-09-14
I250393,-905,1.1412702591E8,2025-09-05
I260447,-749,7.165026131E7,2025-09-26
I261460,1360,6.841566634E7,2030-01-01
I265848,800,3.985982422E7,
I267584,330,4.615224873E7,2030-01-01
I274005,1668,1.6852857146E8,
I276679,611,1.360192527E7,
I277675,1731,5.153388073E7,
I279762,-1754,4.588996609E7,2025-09-26
I282241,1004,1.0753169943E8,2030-01-01
I284671,1702,2.0079728357E8,
I292794,316,3.944216138E7,
I299940,1388,1.5482023664E8,2030-01-01
I301520,-840,4079644.11,2025-09-15
I303277,1679,2.4541610429E8,
I305570,1377,1.3944409983E8,
I306459,115,0.0,2030-01-01
I309842,-1373,1.2846689821E8,2025-09-02
I314475,1821,2.2217876243E8,2030-01-01
I314944,-1416,1.5023017424E8,2025-10-20
I318635,97,1.221605614E7,2030-01-01
I330392,909,4.889989439E7,
I333214,1552,1.327703149E8,2030-01-01
I333388,1971,2.6674377561E8,
I335335,444,6.10083656E7,
I338338,-1861,1.0614605593E8,2025-10-11
I338812,1683,1.1047028919E8,2030-01-01
I339462,-1804,2.479793166E7,2025-09-29
I342400,831,5.989212755E7,2030-01-01
I348692,891,9362520.55,2030-01-01
I349962,-1640,1.8664322366E8,2025-10-05
I351936,-1825,1.218233694E8,2025-09-29
I355980,918,1.3070731297E8,2030-01-01
I356913,-190,1.184195957E7,2025-09-21
I358478,218,9756910.36,2030-01-01
I358708,1653,1.9047963105E8,2030-01-01
I268633,1307,1.69307641E7,2030-01-01
I268697,129,150720.66,2030-01-01
I270018,-1689,1.2236088116E8,2025-10-30
I276765,1882,0.0,
I280118,-810,8.582220275E7,2025-10-14
I284056,1893,9.241206258E7,2030-01-01
I285523,-1923,2.2558455947E8,2025-09-12
I286616,1361,9.236976531E7,2030-01-01
I290477,190,9748372.35,
I294427,-55,7056662.75,2025-10-24
I294646,-818,9.266793358E7,2025-10-22
I300294,1124,7.338100522E7,2030-01-01
I308328,582,6.285313801E7,
I308769,436,2.239795367E7,
I309427,915,5.817121985E7,
I310136,-1372,1682226.32,2025-10-30
I312889,643,1.003474051E7,
I316144,1152,1.4873274546E8,
I323165,380,3.607224611E7,
I330151,831,1.007790703E8,2030-01-01
I331048,786,6.682926956E7,
I339679,1837,1.1989909554E8,2030-01-01
I341865,864,6.365241776E7,2030-01-01
I346542,-1699,2.269762871E8,2025-09-20
I357600,741,9.518612018E7,
I245302,1463,3.256362945E7,2030-01-01
I247715,329,2.405320545E7,2030-01-01
I249800,1048,1.0042818777E8,2030-01-01
I254949,1941,6.302850907E7,2030-01-01
I247623,251,1576431.86,
I254513,289,3.704826134E7,
I265041,-333,1346199.59,2025-09-01
I266237,-70,8354638.9,2025-10-24
I267916,318,5428514.33,
I270683,282,1.448898867E7,2030-01-01
I271647,-903,7.346555826E7,2025-09-11
I271777,-800,5.822859359E7,2025-09-13
I272332,-1455,1.9624139777E8,2025-10-10
I275619,316,1.65392608E7,2030-01-01
I276290,-1659,2.2010304955E8,2025-09-03
I280673,1881,5985030.2,2030-01-01
I280906,-1321,8.004885492E7,2025-10-31
I281472,-1309,1.2860449024E8,2025-09-26
I281483,-1322,1.20205212E8,2025-10-23
I281932,-1938,1.8043920798E8,2025-10-08
I282128,-853,2.886469491E7,2025-10-18
I285527,1694,1.596837921E7,2030-01-01
I290567,685,9.857403111E7,2030-01-01
I292003,-1851,5.688163161E7,2025-09-12
I294773,1889,4.223906679E7,
I294827,1630,7.790399847E7,2030-01-01
I303755,1735,2.0793280383E8,2030-01-01
I304344,-652,3.84321611E7,2025-09-06
I307375,-672,6.423951197E7,2025-09-24
I310168,1768,1.6432858603E8,
I312687,653,1.445519593E7,2030-01-01
I320700,-355,2.09256579E7,2025-10-21
I320885,-902,1.2003801672E8,2025-10-20
I321431,536,3.472740819E7,2030-01-01
I324158,63,149689.98,2030-01-01
I324286,1680,1.6037987774E8,
I325351,329,6705751.34,
I330215,-1699,1.724008444E8,2025-10-10
I334657,-1161,1.4051588092E8,2025-09-16
I335857,506,2.436948533E7,2030-01-01
I339950,703,1.679605804E7,
I340428,1993,2.8050141342E8,
I343398,1285,7.767693059E7,
I345519,-175,1.919165029E7,2025-10-25
I347109,1795,6.829314353E7,2030-01-01
I347941,1706,2.2175150855E8,
I355411,302,2414107.91,2030-01-01
I356223,-297,4.390711484E7,2025-09-06
I253276,1821,5.06380188E7,2030-01-01
I249227,1006,9.496236159E7,
I255430,1653,2.0980339733E8,
I256735,1878,1.1568693364E8,
I260981,-69,7997362.87,2025-10-16
I262871,-1946,1.950160506E7,2025-09-23
I262902,-464,5.739644354E7,2025-10-18
I264982,-318,4.239553544E7,2025-09-15
I267186,-1166,1.1477140707E8,2025-10-21
I270496,755,8.331915592E7,
I271078,745,8.940411876E7,
I273761,-1584,1.7898310893E8,2025-10-18
I275231,-498,5.462818483E7,2025-10-03
I275758,58,5357523.98,2030-01-01
I278406,1528,2.0853377918E8,2030-01-01
I279837,1323,1.4811521037E8,2030-01-01
I288486,1766,1.9807891348E8,2030-01-01
I298598,995,1.4909359444E8,2030-01-01
I302364,909,7.037339324E7,2030-01-01
I304563,-216,9046258.47,2025-10-10
I305928,1495,0.0,2030-01-01
I306971,610,6.291076248E7,
I307675,698,7.091580339E7,
I315565,-1411,1.338004371E7,2025-10-20
I316269,272,2.894684632E7,
I319028,968,1.2945956127E8,2030-01-01
I321658,-537,6.30301639E7,2025-10-18
I324242,1997,9155496.67,2030-01-01
I324398,-1280,5.876338334E7,2025-09-26
I324412,511,2632471.43,2030-01-01
I330581,484,0.0,
I348852,863,8.255909483E7,
I350974,-765,3.494036635E7,2025-09-19
I357296,1166,2697890.69,2030-01-01
I357525,1039,7.780829068E7,2030-01-01
I248087,-1675,1.446036179E8,2025-10-03
I250844,894,1.887899571E7,2030-01-01
I254287,-281,4.076486111E7,2025-10-12
I245149,277,3.188664479E7,
I251321,929,9.058595819E7,
I259880,-457,3898865.23,2025-10-18
I264747,1243,6.825160852E7,
I270301,1827,4.518705116E7,2030-01-01
I272943,695,8.41920391E7,
I280721,1659,1.9160417571E8,2030-01-01
I282398,1451,3.511913175E7,
I297659,1679,9.837080709E7,2030-01-01
I306594,1252,1.411799176E8,2030-01-01
I307291,-1402,2.819406807E7,2025-10-26
I308649,314,8139463.56,2030-01-01
I311017,1246,4.243153426E7,2030-01-01
I311436,1870,4.564217825E7,2030-01-01
I316638,614,6.848394891E7,2030-01-01
I318742,1371,1.4228593859E8,2030-01-01
I322714,-203,2.943830943E7,2025-09-14
I329404,1299,6.617249128E7,2030-01-01
I333184,1060,1.2137680518E8,2030-01-01
I346073,-260,2468406.45,2025-10-09
I346301,-1951,3.809864901E7,2025-10-18
I352973,-600,1553794.74,2025-09-14
I353034,994,7303836.65,
I353815,1831,2.4430119441E8,2030-01-01
I356816,1987,2.879914117E8,2030-01-01
I268514,1386,1.4683019276E8,
I272461,-947,1.3458895465E8,2025-10-12
I275179,285,5367537.68,
I275270,319,2.66386029E7,2030-01-01
I285708,-1324,1.149064686E7,2025-10-31
I287229,-876,1.3138711789E8,2025-10-29
I288771,-604,5.101206654E7,2025-09-08
I291964,1481,6.715976798E7,2030-01-01
I294641,662,1166834.27,2030-01-01
I295985,1179,1.5761834122E8,
I303213,1167,1.081145586E7,
I315372,-849,4.392317297E7,2025-09-07
I325802,630,9.109701549E7,2030-01-01
I332750,1987,4.503357807E7,
I333484,1696,5.054571308E7,2030-01-01
I336389,1449,1.0366585952E8,
I339114,223,1.851839274E7,2030-01-01
I341467,-1527,1.1738932088E8,2025-10-02
I342442,-846,1059368.35,2025-10-17
I343072,1787,1.5841505945E8,
I347863,1833,4.838169736E7,2030-01-01
I352459,1735,1.4471056624E8,2030-01-01
I353851,-1097,6.178209868E7,2025-10-03
I247533,-255,3.16370613E7,2025-09-17
I257620,-1223,1.3073942937E8,2025-09-01
I258118,618,3.328513526E7,
I258435,291,1.733782418E7,
I259587,1079,1.1859155909E8,
I261970,786,1.423208985E7,2030-01-01
I264380,-628,1.534003833E7,2025-09-21
I275878,1378,9253321.05,2030-01-01
I276363,692,7742907.76,
I283909,796,3.005050146E7,
I303666,-313,2.706661158E7,2025-09-08
I303859,-1416,1.8477152099E8,2025-10-13
I305596,556,2.820046514E7,
I310637,-1427,5.790400684E7,2025-10-31
I312384,1079,1.5506838073E8,2030-01-01
I321865,-849,4.148858856E7,2025-09-13
I323417,935,6.584846944E7,
I328236,1397,1.2419408427E8,
I328852,-411,2.146331252E7,2025-09-30
I333533,237,1387937.86,
I339380,-1184,6.80259014E7,2025-09-30
I343683,1731,1.992471051E7,2030-01-01
I346049,1819,6.641223699E7,
I353161,1982,2.1915311122E8,2030-01-01
I353928,842,4.669045706E7,2030-01-01
I354150,403,4.264350621E7,2030-01-01
I248909,1215,1.823602843E7,2030-01-01
I255788,659,3.595581441E7,
I257479,-1029,3.431302701E7,2025-10-27
I263923,-133,1.483375087E7,2025-09-17
I265822,-279,2.653433673E7,2025-10-28
I265946,-518,5.816811751E7,2025-09-02
I267544,1002,2.987912127E7,
I268965,149,1.768032352E7,2030-01-01
I271004,192,0.0,
I283532,469,2.755290486E7,
I286117,-1176,0.0,2025-10-04
I287273,1395,1.5432872238E8,2030-01-01
I287945,1454,6.293451383E7,2030-01-01
I290389,-1839,4.913865962E7,2025-10-23
I290859,-190,2.006694152E7,2025-09-22
I291950,-546,4.067456854E7,2025-09-19
I295276,1133,1.529642263E8,
I295734,-93,7238084.15,2025-10-06
I299189,954,2183367.57,
I311844,1523,2.2780477774E8,2030-01-01
I322151,-363,5.263681924E7,2025-10-05
I323089,637,2.258906323E7,2030-01-01
I331297,-1672,1.7859308511E8,2025-10-23
I335057,-289,3.313416284E7,2025-09-23
I340707,-355,4.94434249E7,2025-09-01
I341766,1594,2.324782409E7,2030-01-01
I343036,991,4.986943144E7,2030-01-01
I345021,1151,4.709802344E7,
I349363,557,7.912096994E7,2030-01-01
I354269,-725,4.71535678E7,2025-09-01
I354468,1902,7.645874082E7,2030-01-01
I246255,721,4.30935555E7,2030-01-01
I248368,-1738,8.142978497E7,2030-01-01
I252389,-799,1.0964272514E8,2025-10-12
I261990,1011,3.93080303E7,
I267180,-1524,4.98365415E7,2025-09-23
I271352,1179,1.6463692774E8,2030-01-01
I271599,1710,1.2760209523E8,2030-01-01
I271989,1432,1.2539952883E8,
I273579,322,3.522757742E7,2030-01-01
I273907,401,5.67496339E7,
I278300,1193,1.4592738221E8,2030-01-01
I285363,51,4082204.7,2030-01-01
I285870,-832,1.167492541E7,2025-09-30
I288559,231,2.138316442E7,2030-01-01
I291407,927,1.419807618E7,
I293364,-580,5.176362947E7,2025-09-14
I293927,995,1.2306529601E8,
I298429,-342,4.985667831E7,2025-10-08
I299786,1284,8.832572051E7,2030-01-01
I304926,-977,7.866723954E7,2025-10-08
I310498,761,9.911204005E7,2030-01-01
I316812,1913,2.4779872918E8,2030-01-01
I321342,208,1.188716524E7,
I323350,1913,1.1281808642E8,2030-01-01
I328251,-1705,9.587186461E7,2025-10-09
I332059,1051,9.136114065E7,
I337704,537,1.697460771E7,2030-01-01
I339157,900,4.400923666E7,2030-01-01
I341259,-922,1.2197281525E8,2025-10-04
I342423,915,2.891905358E7,
I346980,-134,6548278.41,2025-10-20
I349677,1050,1.0013713813E8,2030-01-01
I350326,1042,1.1828099193E8,2030-01-01
I357766,1239,1.6208257731E8,2030-01-01
I358462,1823,1.6240834859E8,2030-01-01
I244985,1905,2.0372350636E8,2030-01-01
I258760,-1573,9736528.98,2025-10-16
I260822,-53,3612307.88,2025-09-10
I262917,-1725,7.143425828E7,2025-10-20
I264921,-1653,2.1022237341E8,2025-10-17
I265336,-62,7425366.09,2025-10-09
I279708,-1731,1.6548807638E8,2025-09-10
I281933,757,5.098880746E7,2030-01-01
I282909,-1307,1.232751105E8,2025-10-30
I292788,-1324,8750596.1,2025-10-03
I297258,882,3.304151185E7,
I299228,-1350,1.3169942205E8,2025-09-07
I301573,-1204,1.0884086544E8,2025-09-22
I306693,707,1076031.15,2030-01-01
I307296,912,1.1086718664E8,
I308324,-1207,7.887658384E7,2025-10-19
I309311,1641,2.22120005E8,2030-01-01
I310599,227,3.130738231E7,
I310609,1172,7.32783309E7,2030-01-01
I311006,1440,1.1381719E7,
I312505,1021,8.415523425E7,
I313801,-964,5.097876809E7,2025-09-15
I315945,-278,5033948.17,2025-09-05
I319924,854,1.181880809E8,
I325795,-463,7203590.4,2025-10-26
I325861,1273,7.969301881E7,
I327944,-1064,1.1285298389E8,2025-10-05
I334706,1243,1.7045264237E8,
I340609,545,5.777737004E7,
I344071,1305,1.0707966778E8,
I348127,-732,6.226501489E7,2025-10-01
I351524,269,2.822982192E7,2030-01-01
I351995,655,4.472771276E7,
I356882,1617,1.7010004095E8,2030-01-01
I246003,-1501,1.1117366554E8,2025-10-13
I248570,1504,1.0672042215E8,2030-01-01
I251083,-1595,1.6225124619E8,2025-10-15
I253288,-1397,1.6043700241E8,2025-09-15
I253359,1637,1.1309253537E8,2030-01-01
I246318,767,9.329133601E7,
I249085,666,2.884157562E7,
I254704,982,8.218257161E7,
I262863,-1864,1.1439024668E8,2025-10-30
I263914,150,2.071587913E7,2030-01-01
I266711,1931,5.094510802E7,
I269967,78,3356095.12,2030-01-01
I274476,1925,2.7580665882E8,
I274875,349,3.557067913E7,
I277984,154,2.14678121E7,2030-01-01
I278175,184,8820233.5,
I279845,-1521,1.7395440724E8,2025-09-15
I282995,315,9170128.59,
I296741,1305,2.194287443E7,2030-01-01
I312162,-1358,1.1719511827E8,2025-10-02
I313634,1334,3.657183671E7,
I320557,256,2.65161135E7,
I321049,940,7.924674477E7,2030-01-01
I322170,1904,1.564999857E7,2030-01-01
I325892,124,1.171749487E7,2030-01-01
I326263,1250,2.337536765E7,2030-01-01
I327445,1748,6.954428879E7,2030-01-01
I334193,1192,1.3395350809E8,
I337322,-469,1.421594901E7,2025-09-07
I340867,-157,1.859531092E7,2025-10-21
I341376,-160,8059077.79,2025-09-27
I342018,1151,1.5061390518E8,2030-01-01
I342249,468,6.315546817E7,
I349819,-831,3612674.28,2025-10-24
I249509,852,3.443244898E7,2030-01-01
I246593,559,8.246441688E7,
I247871,1322,1.4777416304E8,
I263580,364,3.587859028E7,2030-01-01
I263726,-1707,1.8145890825E8,2025-10-10
I266632,1585,9.369780669E7,
I268508,-82,1.127582209E7,2025-10-18
I273190,50,6999364.41,
I278044,1898,1.4812111047E8,2030-01-01
I284507,1543,2.844740058E7,
I287529,1705,9.449218395E7,
I303523,1484,9.402079911E7,2030-01-01
I325253,1424,1.0235645E8,
I325832,945,2.24841551E7,2030-01-01
I328613,233,1.954800098E7,2030-01-01
I330762,1682,2.0878817484E8,
I333549,-1544,6.150960158E7,2025-10-22
I336728,1058,9813738.36,
I338033,1713,1.8967933924E8,
I344428,1562,1.8590559437E8,2030-01-01
I344925,1308,1.2891689864E8,2030-01-01
I345732,-87,3126129.34,2025-09-02
I345907,-387,6720386.89,2025-09-12
I356730,-1449,2.134856515E8,2025-10-17
I361086,835,5.364145852E7,2030-01-01
I363264,-1314,4.573485936E7,2025-10-17
I370901,922,9.546019749E7,2030-01-01
I372558,422,7352209.7,2030-01-01
I373241,1117,1.2854765491E8,
I375012,-1524,3.244657089E7,
I375827,-1528,4.504023914E7,2025-10-29
I377082,-1976,8.902368097E7,2025-09-07
I388910,52,4873847.29,
I389245,-1726,1.2563070165E8,2025-10-18
I389538,-557,1.194237372E7,2025-09-02
I390693,-663,1.167112453E7,2025-09-22
I394872,940,4.661463142E7,
I398405,-241,2.900029733E7,2025-10-01
I400011,495,7.375745855E7,2030-01-01
I404833,1346,2.794744503E7,2030-01-01
I406835,1384,1.1926569186E8,2030-01-01
I410090,1893,2.6973980395E8,2030-01-01
I427463,-410,3.440405669E7,2025-10-01
I433070,-883,6.483992251E7,2025-10-14
I436559,-1216,2.981148007E7,2025-10-04
I437846,336,4207258.45,2030-01-01
I439350,296,3.892110438E7,2030-01-01
I445688,478,6.024958608E7,
I447825,1812,1.8552621952E8,2030-01-01
I450007,83,1546797.98,
I450722,-801,1.486589984E7,2025-09-26
I451946,-1028,3916708.68,2025-10-30
I452332,-290,2124934.96,2025-10-13
I452341,-890,5.318184819E7,2025-09-23
I460682,-1922,1.531267139E7,2025-10-05
I461536,1153,4.707087063E7,
I464383,512,4.221147873E7,
I465030,121,1.348592535E7,2030-01-01
I470911,50,5576647.21,2030-01-01
I475192,389,5.512955113E7,2030-01-01
I363530,898,6.656682385E7,
I367457,1883,8.910997693E7,
I373469,1524,2.2128190613E8,
I375921,1055,9.346587508E7,2030-01-01
I376466,-1278,1.111566544E7,2025-10-29
I378345,957,1.0039636046E8,2030-01-01
I383232,435,6202753.24,2030-01-01
I384252,1144,5.054806208E7,2030-01-01
I388386,724,9.853959243E7,2030-01-01
I391309,101,3525740.97,2030-01-01
I394526,657,5.836046844E7,2030-01-01
I405126,353,7603464.25,2030-01-01
I407681,-1473,5.1968937E7,2025-10-05
I413285,-1779,3.054317776E7,2025-10-29
I413945,256,3.066884E7,
I415860,311,2.054634787E7,2030-01-01
I419890,1729,1.0414354338E8,
I421903,-1168,8.072154559E7,2025-09-10
I427214,612,5.605613644E7,2030-01-01
I428653,247,2.501672351E7,
I434919,880,8.113789394E7,
I442393,-1080,8.119976389E7,2025-10-06
I442910,1739,4.746898248E7,
I444344,-1211,1.120600709E7,2025-09-10
I446503,311,3.386094867E7,
I455024,1698,1.9527750767E8,
I457366,243,461350.59,
I457661,-1453,1.8796417673E8,2025-09-19
I463286,1772,1.0534893916E8,
I465182,2000,2.761075394E8,2030-01-01
I465374,535,7.892056418E7,
I472228,261,2248086.83,
I472260,-606,4.12745994E7,2025-09-14
I472513,277,3.926391269E7,2030-01-01
I473250,1217,0.0,2030-01-01
I364301,-709,1.0537879255E8,2025-09-16
I371869,-485,6.846301346E7,2025-10-11
I361659,573,5154177.78,
I364570,1847,1.0756944775E8,
I375376,1647,1.4497485173E8,
I380106,72,4331467.63,
I380981,-1780,2.0181240912E8,2025-09-13
I382825,1105,1.3464299658E8,
I389074,1782,1.4291362864E8,
I389284,-553,6.824278266E7,2025-10-30
I389592,1131,1.5893800681E8,
I397080,1370,7.738308634E7,2030-01-01
I400945,1958,1.0320256105E8,
I403356,595,4.581558401E7,2030-01-01
I407011,1231,1.5893520165E8,2030-01-01
I408063,418,4.46245149E7,
I409347,1536,2.2530312409E8,
I414910,-1757,9.528531034E7,2025-10-25
I424868,1630,2.677296343E7,2030-01-01
I425081,182,4594519.31,
I437107,1135,4.551615856E7,2030-01-01
I437594,1254,9.459054921E7,2030-01-01
I439289,1171,1.1408581242E8,2030-01-01
I439937,489,6.877568896E7,
I442060,117,7759916.29,2030-01-01
I442813,-589,2.558568033E7,2025-10-12
I444520,-1725,2.2073853508E8,2025-10-30
I446244,868,1.01588469E8,
I450235,1781,6.388299001E7,
I452086,463,6.719126356E7,
I456590,500,4.47778944E7,
I457515,331,1.430474722E7,2030-01-01
I462441,943,6.267072034E7,
I462552,-698,4.379670402E7,2025-10-06
I463365,1065,1.1317595531E8,2030-01-01
I467874,1457,1.8934918031E8,
I360691,1876,2.952717991E7,2030-01-01
I363814,-1869,2.2594877146E8,2025-09-08
I368198,-422,4.859563792E7,2025-10-15
I372997,226,605759.86,
I374496,1772,6.362182909E7,
I378597,-1024,1.2749474048E8,2025-09-16
I381154,-1012,7.204666993E7,2025-10-04
I384539,1923,1.0107039548E8,
I387152,873,3.692215217E7,
I395238,1264,1.6577261036E8,2030-01-01
I395881,-1260,1.6193369512E8,2025-09-13
I399177,1025,3.901250229E7,2030-01-01
I399827,-1843,1.8720348486E8,2025-10-25
I401921,1040,7.286803026E7,2030-01-01
I401997,-417,5.35298219E7,2025-10-24
I406172,-446,6.524979009E7,2025-10-04
I413130,-604,4686261.45,2025-10-09
I418611,1002,6.302675919E7,
I419683,859,3.76959737E7,2030-01-01
I425278,1608,2.910512831E7,
I426801,1529,1.3912018079E8,2030-01-01
I427218,63,9200836.44,
I429813,299,7615913.32,
I434421,-479,5.188708011E7,2025-09-29
I437969,177,1134855.94,
I438805,918,1.3008411452E8,
I438926,922,0.0,2030-01-01
I443146,1741,2.0670386788E8,
I443216,-1339,1.0096300217E8,2025-10-28
I443816,-1085,4.35544416E7,2025-10-26
I452137,-1440,1.191926836E8,2025-09-29
I453248,1561,7.19205633E7,
I459496,663,6.603942368E7,
I462040,-1665,0.0,2025-10-18
I462423,805,5.591896508E7,2030-01-01
I464130,-1267,1.1553909818E8,
I472051,1474,1.2703771658E8,2030-01-01
I474554,-1145,1.1415569653E8,2025-09-02
I363571,202,1.168990307E7,2030-01-01
I366607,-985,1.4656847988E8,2025-10-21
I376607,533,1.977877576E7,2030-01-01
I377071,176,0.0,2030-01-01
I381785,-1994,1.6402364378E8,2025-09-27
I388989,917,857552.57,2030-01-01
I395116,-191,1.844947719E7,2030-01-01
I395493,583,5.381249695E7,2030-01-01
I397622,-126,1.269099477E7,2025-10-15
I402344,598,3227962.2,
I407112,1256,5.857157165E7,
I409036,788,7.01824288E7,
I413518,1654,0.0,2030-01-01
I417057,1529,1.9602610385E8,
I418002,908,2.358891648E7,
I418197,-434,1.8967887E7,2025-09-13
I423889,534,5.665286665E7,2030-01-01
I429131,1788,7.96836731E7,
I429444,1452,1.4643766447E8,
I429930,1592,1.0254442554E8,
I433570,554,6.593681598E7,
I436504,-326,1.971935505E7,2025-10-08
I437515,-1393,988525.33,2025-09-29
I444056,-1371,1.4684955087E8,2025-10-26
I445747,428,1.808980513E7,
I450998,1877,1.4538287565E8,2030-01-01
I458327,271,917233.55,
I459992,84,4376964.68,2030-01-01
I461030,-498,1.699264582E7,2025-10-22
I461088,-855,8.078258409E7,2025-09-23
I461655,839,7.428364487E7,
I466519,-554,5.390384248E7,2025-09-12
I467562,1666,2.1336182293E8,
I469018,922,8.830543016E7,
I365282,-962,2.672539806E7,2025-10-17
I394366,1346,1.2775874039E8,
I396275,-54,6563424.44,2025-10-02
I396361,1826,0.0,
I397096,-95,7802446.22,
I400934,-629,7.600576803E7,2025-10-18
I401303,1322,4.495420767E7,2030-01-01
I403876,-633,2.60888457E7,2030-01-01
I404330,-1292,5.087029202E7,2025-10-18
I406222,139,1.542481889E7,2030-01-01
I407996,1740,1.1732345658E8,2030-01-01
I409070,1154,8.843921871E7,
I410174,1570,8.340172536E7,
I417199,1107,6.637468487E7,
I422203,780,1.1091347197E8,
I430698,-1141,7.171049484E7,2025-09-13
I431283,-240,1.059764605E7,2025-09-16
I434830,1065,7.812242181E7,
I440453,1180,1.1441236819E8,
I446744,1542,7.052650484E7,
I447152,243,2089104.37,
I450596,923,2.951662527E7,2030-01-01
I451930,1592,1.970639103E8,
I456709,1092,1.3075708025E8,
I457926,1843,1.665884252E7,
I466368,1431,1.846407723E8,2030-01-01
I471607,-127,7547973.58,2025-10-18
I472123,1507,6.715119336E7,
I475255,-750,8.25432027E7,2025-09-02
I362259,-147,2198751.27,2025-10-05
I367107,-1120,1.1146024446E8,2025-09-20
I377631,1204,1.0894201363E8,
I377945,-969,1.3270463215E8,2025-09-30
I383053,-119,3779593.31,2025-10-08
I383176,587,6.801015037E7,2030-01-01
I383991,661,0.0,2030-01-01
I384555,1570,3.836965181E7,2030-01-01
I387142,441,2.328378175E7,
I387908,-161,8276581.94,2025-09-07
I394652,-611,4.885547411E7,2025-10-19
I395555,-565,3.018878767E7,2025-10-22
I397545,-621,2.799801731E7,2025-10-28
I399688,161,4413446.04,2030-01-01
I404646,1231,7.220365255E7,2030-01-01
I418483,1418,2.052892912E8,2030-01-01
I419111,910,1.225160735E8,
I420783,-244,3546378.87,2025-09-14
I421525,-1565,9.271576073E7,2025-09-09
I433563,-1521,4.20336869E7,2025-10-04
I436429,1173,4.783510764E7,2030-01-01
I437456,-1393,1.4300562403E8,2025-10-08
I442249,1499,1.125222674E7,2030-01-01
I448412,1445,9.147505328E7,
I450899,1187,4.215280369E7,
I455384,324,1.561764928E7,2030-01-01
I455982,1509,2.1819426985E8,
I460840,-1124,4.593723737E7,2025-10-16
I462664,-95,801696.65,2025-10-25
I464678,1702,2.246093718E8,2030-01-01
I470836,277,2.597085413E7,
I472735,-835,8.573685383E7,2025-09-10
I363075,1768,1.410566819E7,2030-01-01
I364944,-1508,4.982622725E7,2025-09-09
I367145,-238,8696166.97,2025-09-03
I371051,-1979,2.3990507221E8,2025-10-20
I369882,1590,9.98453184E7,
I373130,-1501,7.247774251E7,2025-09-16
I374786,-946,8.68739381E7,2025-09-04
I379522,-1140,1.318578914E8,2025-10-13
I382476,1336,9.767005539E7,
I389421,1002,1.448544475E8,
I390488,-287,5192730.35,2025-10-25
I390952,227,2.704475562E7,
I391360,1756,1.228850286E8,
I393159,-1604,6.960293305E7,2025-10-21
I395708,-729,7.363898882E7,2025-09-16
I399415,228,3.19183125E7,
I400018,880,8.857640407E7,
I406530,1761,2.3867485997E8,2030-01-01
I410537,916,2.788551885E7,
I414516,300,1.351634725E7,
I415332,-709,7.821514684E7,2025-10-07
I416186,279,8081304.07,2030-01-01
I416469,-1555,2.3035033785E8,2025-10-29
I418374,1209,1.1830528881E8,2030-01-01
I419771,-1254,3.857172187E7,
I424781,855,1.265251909E8,2030-01-01
I430495,775,3.598855947E7,2030-01-01
I443844,445,3.696264915E7,
I444931,375,7475089.02,
I446579,1823,1.1498503071E8,2030-01-01
I450162,1344,1.7273748797E8,2030-01-01
I451661,1640,1.2892659306E8,2030-01-01
I452957,-758,7.567230618E7,2025-10-04
I454992,-1536,1.5708996632E8,2025-09-26
I455788,-898,1.094645177E8,2025-09-22
I457502,1247,1.998920559E7,2030-01-01
I461206,1681,4.171208147E7,2030-01-01
I469122,1767,1.8996430369E8,
I470371,130,1.909006138E7,2030-01-01
I473431,-1839,2.7350395208E8,2030-01-01
I475209,739,8.95214604E7,
I361943,618,7.760891236E7,2030-01-01
I362834,560,6.205860429E7,2030-01-01
I367443,-198,1.533471488E7,2025-10-14
I368798,-523,7.741911131E7,2025-10-06
I372086,-1145,1.5693277601E8,2025-09-28
I362935,633,7.210360622E7,
I375940,-1273,6329349.99,2025-09-30
I376512,419,2.43886581E7,2030-01-01
I381444,956,1.0273042897E8,
I384824,-1144,1.3353046585E8,2025-09-16
I386684,311,1.30262968E7,2030-01-01
I404604,-701,3.850264218E7,2025-09-15
I407188,279,1.029085177E7,2030-01-01
I414705,-552,5.705648898E7,2025-09-09
I416950,1129,6.497534569E7,2030-01-01
I423970,-206,9907749.57,2025-09-25
I428307,595,7.761894472E7,2030-01-01
I442614,232,2.550772724E7,2030-01-01
I443269,-1083,0.0,2025-09-12
I446197,180,2.06432163E7,
I448776,-865,1.947259063E7,2025-10-03
I448870,769,8.358296037E7,
I449921,-1560,7289065.93,2025-10-12
I455837,135,1.318719194E7,
I468480,109,1.62188443E7,
I469962,1923,0.0,2030-01-01
I470798,-973,1.2358388789E8,2025-09-24
I474310,475,2.736972241E7,2030-01-01
I364037,1676,1.1286473653E8,2030-01-01
I366253,-1880,1.218639252E7,2025-09-19
I368006,1537,2.0222110418E8,
I374060,483,4.158954703E7,
I377178,115,8554912.18,
I377226,1520,1.901588711E8,
I381890,1374,1.6224630128E8,2030-01-01
I392090,-1290,1.9030557658E8,2025-09-07
I393689,-1739,2.0370794937E8,2025-10-24
I408496,137,1541266.53,
I413574,-1490,1.2278816775E8,2025-09-13
I414380,1747,2.2161183324E8,2030-01-01
I425965,-690,9.356418204E7,2025-09-28
I428178,1714,2.0158028511E8,2030-01-01
I431241,542,5.672314963E7,2030-01-01
I432006,1885,1.4603510604E8,
I441668,630,1.286907211E7,2030-01-01
I442409,-1015,1.0403523446E8,2025-09-08
I443796,1302,1.2696145861E8,2030-01-01
I452638,448,1.233074256E7,2030-01-01
I454074,101,7462704.08,
I469421,425,3.677845543E7,
I471062,1956,1.9641473269E8,2030-01-01
I363135,-1617,2.1731832311E8,2025-10-03
I371370,1766,0.0,2030-01-01
I362050,114,1.431315829E7,
I373234,1828,2.0629890461E8,2030-01-01
I388826,527,9295242.52,2030-01-01
I390088,-82,2629653.69,2025-09-22
I392620,418,1622623.4,
I393656,337,1758487.51,2030-01-01
I395215,-1738,2.4088882504E8,2025-09-14
I397932,591,4.165822252E7,
I400621,1752,1.6699747093E8,
I403319,-1504,1.6445870864E8,2025-09-10
I403468,1743,1.2718316352E8,
I403639,254,2.321488672E7,
I404955,-1349,1.1696815681E8,2025-10-09
I405206,-1904,1.5627739599E8,2025-10-06
I407151,-536,4.522552875E7,2025-09-02
I409092,-545,6288512.18,2025-09-08
I409720,771,9.045575942E7,
I417143,680,1560787.87,
I418284,-1968,1.35333039E7,2025-10-04
I418731,-1512,2.1035821314E8,2025-09-09
I420155,-655,2963837.96,2025-10-28
I420781,-688,6.176991528E7,2025-10-17
I423180,180,5633040.62,2030-01-01
I431764,-1854,1.344735582E7,2025-10-28
I432184,346,2.838796334E7,
I442506,-160,1.108600329E7,2025-10-31
I456345,348,4.709450082E7,2030-01-01
I456828,-383,3.743781418E7,2025-10-28
I461734,-1339,3.234703332E7,2030-01-01
I462383,676,6.149231754E7,2030-01-01
I463294,1112,4.846338635E7,
I475415,934,2.73362218E7,2030-01-01
I368850,-876,7153870.28,2025-10-04
I361980,919,1.392457669E7,
I366952,733,2.680699517E7,
I370393,827,4.050643672E7,
I373724,1864,1.3131199456E8,2030-01-01
I375199,483,5.395417003E7,
I378301,1879,7.314924847E7,
I378990,721,3.991216299E7,2030-01-01
I382255,1001,7.450560293E7,2030-01-01
I383130,568,5.00899423E7,2030-01-01
I389704,-390,1.75059162E7,2025-10-10
I396043,1167,6.988061506E7,
I397121,563,6.361265582E7,
I400133,233,1.43171767E7,
I404022,-1068,1.3392965462E8,2025-10-15
I404965,361,4.377214364E7,
I411059,342,4.343721901E7,
I416773,288,1.237929048E7,2030-01-01
I418136,521,2.623797926E7,
I419401,-375,1.249016901E7,2025-10-30
I421976,885,8.908788986E7,2030-01-01
I422075,774,4.181083882E7,
I425070,-1698,1.590843614E7,2025-09-01
I428207,-580,5.924117623E7,2025-10-29
I431074,-579,2.398296705E7,2025-09-17
I431221,-1411,1.1737586398E8,2025-09-22
I434588,806,1.0208617251E8,
I435930,206,2.212830808E7,
I436009,491,4.345986642E7,2030-01-01
I440444,1161,4.36094529E7,
I442844,1962,1.5291293551E8,2030-01-01
I443117,1953,2.7659241805E8,2030-01-01
I452042,-1204,1.1186681879E8,2025-10-01
I453313,1742,1.0928543562E8,
I456572,455,4.361533858E7,2030-01-01
I460592,-983,5.577596424E7,2025-09-07
I468229,1730,2.4522128007E8,
I475081,1404,9.894957816E7,2030-01-01
I479132,-1019,1.4290697583E8,2025-10-21
I481644,-1968,1.0503052212E8,2025-09-17
I482060,567,1.415773667E7,2030-01-01
I484425,-1716,1.0430982921E8,2025-09-11
I482295,525,7.128675735E7,
I491389,852,2.322191932E7,2030-01-01
I501561,1388,9.099311813E7,2030-01-01
I502997,195,1093391.66,2030-01-01
I503065,-1373,3.558500103E7,2025-10-23
I506548,1571,1.9092023256E8,2030-01-01
I512584,-203,2.147196416E7,2025-10-11
I513908,1884,3.952673735E7,
I521708,1965,9.795380821E7,2030-01-01
I523006,-1779,6.848181421E7,2025-09-22
I534835,1188,9160935.34,2030-01-01
I535432,-1470,2.12066659E8,2025-10-04
I535895,-601,6.229705855E7,2025-09-23
I535907,133,1.787408694E7,
I536653,-916,7.150202965E7,2025-10-28
I536910,1876,2.4686378606E8,2030-01-01
I537019,-174,9906282.82,2025-10-15
I539267,-1881,1.2358106087E8,2025-10-28
I542131,-655,1.590482902E7,2025-10-23
I544042,192,1.759024259E7,2030-01-01
I546251,-369,2.67649219E7,2025-09-16
I548399,269,7474498.67,
I549173,-499,4.408745989E7,2025-09-12
I563635,1619,2.1401374917E8,2030-01-01
I568440,854,1.0535717482E8,2030-01-01
I573638,768,1.848190679E7,2030-01-01
I578564,906,1.3367768612E8,2030-01-01
I584795,-618,7.865807207E7,2025-09-24
I585753,1760,1.1080658073E8,
I586438,-1359,6.893926033E7,2025-09-08
I587228,170,1.899815935E7,2030-01-01
I483134,288,661826.77,2030-01-01
I483550,299,2.552256678E7,2030-01-01
I484237,1699,2.2252426496E8,2030-01-01
I487132,-1794,2.427019734E7,2025-09-25
I480781,248,2913150.43,
I486502,252,3.254541578E7,
I488202,-1790,1.6832442655E8,2025-10-23
I490281,-1398,1.5894057584E8,2025-09-15
I492483,446,2980892.28,
I495441,1094,1.424965083E7,2030-01-01
I498398,-1365,1.8542994539E8,2025-09-28
I509247,-1094,7.615663552E7,2025-09-04
I509779,-336,4.607281845E7,2025-09-19
I518914,230,2.630965622E7,2030-01-01
I525751,-1881,3.855777767E7,2025-10-09
I527670,-782,3.391282857E7,2030-01-01
I528775,-1343,7.933822611E7,2025-09-05
I529367,-984,5.882224458E7,2025-10-27
I533487,726,8.243642877E7,
I533808,1129,0.0,2030-01-01
I535386,110,1.59872642E7,
I537350,-343,4.907534482E7,2025-09-29
I537694,625,1.266118381E7,2030-01-01
I540054,228,3.103157667E7,
I540133,1950,2.3466585988E8,
I542008,1009,5393028.4,
I550619,-593,0.0,2025-10-13
I556690,1069,1.5548386755E8,2030-01-01
I557274,212,1.891266068E7,
I563702,471,4.956361984E7,2030-01-01
I565392,-1813,1.3512944123E8,2025-10-12
I569115,595,8.302971242E7,
I570715,219,1.132857801E7,
I576716,341,1.290465634E7,
I577420,-774,2.835357889E7,2025-09-30
I579393,-285,1.009844456E7,2025-09-13
I580973,1374,2.527197993E7,2030-01-01
I581662,62,2832236.44,
I585215,904,1.3203701506E8,
I586336,1043,1.2277979024E8,
I586850,-1148,4.893213527E7,2025-09-15
I479546,1267,7035567.15,2030-01-01
I480600,1354,6.958454293E7,2030-01-01
I483494,-1832,1.1276944192E8,2025-10-29
I483815,1868,1.8430547478E8,2030-01-01
I485625,-286,1.857754504E7,2025-10-07
I480373,1180,7.896895683E7,
I489859,1947,2.4306927875E8,2030-01-01
I491849,384,4.407643178E7,2030-01-01
I500568,-1688,1.7030034352E8,2025-10-14
I501022,1343,1.5288040594E8,
I501349,683,7.681113675E7,2030-01-01
I502156,-1755,6.952296081E7,2025-09-20
I505378,-1549,2.0702583386E8,2025-10-29
I506477,220,3.276868397E7,
I510869,-107,1.234748969E7,2025-09-21
I512608,-516,5801797.2,2025-10-19
I513328,210,1000443.77,
I517216,1191,5.241399503E7,
I521781,-107,1.134699003E7,2025-09-03
I524481,158,1182378.27,
I526818,-318,1.259021919E7,2025-10-28
I527849,890,1.1282597034E8,
I551712,-53,3110935.09,2030-01-01
I552027,-1701,8.688447081E7,2025-10-18
I557209,-449,4.054643454E7,2025-10-12
I558299,-529,7.287773442E7,2025-09-28
I558433,285,3.81207328E7,2030-01-01
I561606,-1554,2310434.47,2030-01-01
I563508,-210,2.8927914E7,2025-09-01
I570996,472,6.674347056E7,
I577334,1770,5.114520444E7,2030-01-01
I578042,1324,8.187954982E7,2030-01-01
I580228,1404,8.776696061E7,2030-01-01
I583538,649,1.494026852E7,2030-01-01
I589432,608,3.620108243E7,2030-01-01
I590785,-291,1.292892592E7,2025-09-30
I481207,-1045,1.3829816151E8,2025-10-18
I483986,638,2.238325087E7,2030-01-01
I485356,-1182,3.646000284E7,2025-10-21
I476603,197,2.732589748E7,
I483463,846,1.0078807768E8,
I489109,614,7.946029683E7,
I492560,-1304,0.0,2025-09-22
I497529,1922,2.1464764598E8,2030-01-01
I499763,-921,1.2470430456E8,2025-09-22
I501842,1327,9.425209881E7,
I502266,-153,2.122065186E7,2025-10-15
I504129,645,8.7552555E7,2030-01-01
I513365,1695,7.273832514E7,
I516205,1893,2.2623889304E8,
I516789,70,1113373.08,2030-01-01
I518212,485,5740439.81,
I520042,-312,2.003710132E7,2025-10-18
I539836,641,7.287168372E7,
I546291,1911,6.389909243E7,2030-01-01
I547692,-394,2.277342202E7,2025-10-18
I566441,1066,2.649527214E7,2030-01-01
I567126,50,800593.61,2030-01-01
I576027,1138,9.791822775E7,2030-01-01
I576481,188,547786.2,2030-01-01
I587788,-1636,6.946952135E7,2025-10-11
I588129,1153,6.981173155E7,2030-01-01
I590556,911,9.505839164E7,2030-01-01
I480076,974,7.186628055E7,2030-01-01
I486446,1658,7.420582949E7,
I488223,-1058,1.5557593937E8,2030-01-01
I489712,1333,8.583448018E7,2030-01-01
I496482,1231,1345998.93,
I503684,-137,1.600379933E7,2025-09-06
I507306,-1362,4.755264609E7,2025-09-09
I508050,1164,5.882559087E7,
I509485,1238,1.4814047346E8,2030-01-01
I510534,-1673,8.125865612E7,2025-09-01
I515855,827,1.104679332E8,
I516888,1926,4.221460315E7,
I518792,1860,6.959831634E7,2030-01-01
I525087,590,3.487292051E7,
I531244,1023,1.4898984692E8,2030-01-01
I531712,549,6.396905637E7,
I533678,1354,9.580168517E7,2030-01-01
I534281,-1496,1.5929446143E8,2025-10-09
I538605,500,7.484555653E7,2030-01-01
I541951,-989,0.0,2025-10-08
I548635,150,2.101837555E7,
I550017,705,1.759065775E7,2030-01-01
I555519,-1191,1.716720862E7,2025-10-12
I559905,670,9.743207791E7,2030-01-01
I560861,777,1.0397000865E8,2030-01-01
I569612,296,1.768321694E7,
I577772,-616,6.045966338E7,2025-10-07
I588854,-1066,1.0270680397E8,2030-01-01
I483049,1297,1.5049876221E8,2030-01-01
I485184,-1338,1.4476059086E8,2025-10-18
I483439,277,1.138737823E7,
I489395,-1818,1.2030782586E8,2025-10-01
I489953,-1159,8.986841617E7,2025-09-07
I492977,143,5306814.67,
I493261,1611,6.461734032E7,2030-01-01
I496029,-277,3.582324663E7,2025-10-15
I500134,-1462,9.703418766E7,2025-09-07
I504437,-1847,7.534371192E7,2025-09-22
I513407,1585,1.6321343728E8,2030-01-01
I513681,1931,1.0390667038E8,2030-01-01
I519358,-1123,6681678.21,2025-09-18
I520545,697,9.09408941E7,2030-01-01
I521247,1123,8.511164303E7,2030-01-01
I521679,-349,3.803882812E7,2025-10-07
I523673,858,7.546974062E7,
I530322,1612,1.9938505238E8,2030-01-01
I530406,1224,1.0205021276E8,
I531196,1241,0.0,2030-01-01
I531981,-1444,1.3953911174E8,2025-09-26
I536702,1714,5.3781827E7,
I545231,-613,4.499213229E7,2025-10-24
I550692,925,1.3186993435E8,
I553006,1386,1.332487595E8,
I556040,1988,2.7594141855E8,2030-01-01
I556740,-400,2.711832303E7,2025-10-11
I557919,-164,9192089.11,2025-10-30
I558278,1178,1.0674330257E8,
I559388,-1724,1.5803041435E8,2025-10-06
I562088,1653,1.6648865785E8,2030-01-01
I564044,500,7.34640846E7,2030-01-01
I566559,970,4.747376162E7,2030-01-01
I569425,1865,2.0345729374E8,
I571684,985,4.054982342E7,2030-01-01
I583126,-1418,1.808781243E8,2025-10-31
I589245,383,1.857810887E7,
I591317,-961,3.200250415E7,2025-09-09
I478582,-641,2.591384417E7,2025-09-08
I483750,-1865,4164946.58,2025-09-13
I486508,-1330,4.560094781E7,2025-09-17
I487037,1179,1.2408762335E8,
I495273,-862,2.476527247E7,2025-10-29
I495415,-660,8.182312376E7,2025-09-02
I499903,-222,3.059071681E7,2025-10-23
I506124,1810,1.4528955366E8,2030-01-01
I507504,1394,5.340009181E7,
I514397,446,6423146.38,
I515398,-1668,1.3957336425E8,2025-10-21
I518771,-1085,9.844331843E7,2025-10-27
I519345,200,1.463900453E7,
I519507,950,9.031164786E7,2030-01-01
I521411,-1646,0.0,2025-10-28
I522386,-210,1.103519105E7,2025-09-11
I522924,-380,2.982580889E7,2025-09-13
I525869,1865,1.006282651E7,
I541109,1379,1.2551360807E8,2030-01-01
I544363,337,1.459713699E7,
I545787,1386,1.9333614507E8,2030-01-01
I546310,1846,2.860616452E7,2030-01-01
I550953,1705,1.8397772814E8,2030-01-01
I555559,151,1.713264903E7,2030-01-01
I563234,-1823,1.3780012618E8,2025-09-05
I563256,-645,8.356960824E7,2025-10-31
I563598,-981,1.3813273548E8,2025-10-22
I574604,1264,2.472071707E7,
I580118,-690,1.0232141583E8,2025-09-09
I582516,704,9.090749511E7,2030-01-01
I478537,-345,3.685305954E7,2025-10-26
I493372,-1288,1.3519921871E8,2025-09-07
I499854,-338,2.194913223E7,2025-10-08
I502986,776,8.30692514E7,
I503244,-1908,2.5026918363E8,2025-10-10
I505743,1255,5.713213337E7,2030-01-01
I506876,1556,2.1279096914E8,2030-01-01
I508856,1507,2638143.54,
I514328,1853,5.766160923E7,
I516378,1338,1.1664146231E8,
I517648,619,7.628088909E7,2030-01-01
I518852,717,4.982074479E7,2030-01-01
I520243,-396,2.161007588E7,2025-10-24
I525302,1970,5.570504828E7,2030-01-01
I534777,1873,2.5312184941E8,2030-01-01
I536474,1617,2.2522486074E8,
I541127,1538,1.7006489901E8,
I544110,1634,2.1095534455E8,
I544703,-1596,2.1752061026E8,2025-10-14
I545262,1892,1.170681961E7,
I549632,1153,2.675098741E7,2030-01-01
I551250,735,1.067054289E8,
I551794,1606,2.2195813451E8,2030-01-01
I557346,837,8.602719359E7,
I558088,1565,1.520275828E8,2030-01-01
I562114,687,7.145878021E7,
I562483,-138,4211625.8,2025-10-01
I563162,308,3.809409017E7,2030-01-01
I565127,-1069,7.502121576E7,2025-09-05
I565162,194,2.868748486E7,
I566986,1196,1.329517042E8,
I567619,-1261,1.6928495752E8,2025-10-20
I567891,-880,1.2410073179E8,2025-10-13
I569759,184,2.612995751E7,
I571642,1847,1.3232647581E8,
I576110,1096,2.231258196E7,
I577933,1921,0.0,
I578089,730,1.075989552E7,
I585187,-1607,2.1888391418E8,2025-10-28
I484035,1850,1.2464980921E8,2030-01-01
I484126,877,1.1976321801E8,2030-01-01
I485549,-124,8855257.02,2025-09-23
I489287,270,1.569335689E7,
I490779,1455,2.018417157E8,2030-01-01
I499909,1366,1.3476193816E8,
I500216,-1086,3.6329274E7,2025-09-18
I513539,1565,0.0,2030-01-01
I514043,1669,1.3492335E8,2030-01-01
I521278,-1041,1.1734105165E8,2025-09-30
I522027,322,3.833470131E7,
I522443,109,4003826.27,
I524408,240,1.849667113E7,
I526214,-465,8038038.36,2025-09-22
I528650,-1923,4004574.58,2025-10-29
I529920,1071,6.741936E7,
I532501,1207,1.566839593E8,2030-01-01
I534286,939,2.258640333E7,2030-01-01
I539918,-916,4.447326794E7,2025-09-30
I541133,-1131,6.79221901E7,2025-09-28
I542552,829,1.1332275693E8,
I545246,-479,1.812312998E7,2025-09-20
I549383,-1989,1.353442481E7,2025-09-25
I551218,493,4.874420024E7,
I552309,509,6.747418213E7,2030-01-01
I563690,1451,1.1796003228E8,
I571887,-716,3.898706242E7,2025-10-18
I574835,-1725,4.483348523E7,2025-10-24
I574906,-214,1.929232061E7,2025-10-06
I578871,1368,2.275446651E7,
I584881,1629,9.681767261E7,
I585490,-1105,4.455092369E7,2025-09-14
I590197,1446,2.0833680158E8,2030-01-01
I478448,1760,0.0,
I478742,1020,0.0,
I482407,1062,9.865065267E7,
I488390,515,1102093.13,
I492296,207,1.903837669E7,2030-01-01
I492528,616,8.722875439E7,
I495197,1109,1.5698704557E8,2030-01-01
I498046,-211,2.271921847E7,2025-09-06
I501976,-1559,2.113927737E8,2025-09-19
I502388,-1879,1.7747670357E8,2025-09-14
I503334,-1587,1.382198914E8,2025-09-17
I508505,-992,1.1682116445E8,2025-10-18
I511280,1766,1.3867175153E8,
I513322,-1813,2.5526225278E8,2025-09-21
I515157,-992,1.843891874E7,2025-09-06
I515248,-1043,3.626000859E7,2025-09-24
I516223,-1513,1.0810663109E8,2025-09-17
I527439,708,5.838683855E7,2030-01-01
I529973,250,1.33941844E7,
I534305,688,6.739888389E7,
I536614,-357,4.696664455E7,2025-10-24
I539446,-911,1.2555596809E8,2025-09-22
I545304,631,6.995816554E7,
I552538,527,2.176650761E7,
I553130,-350,3.086468718E7,2025-09-08
I553320,-1519,1.0023257526E8,2030-01-01
I559362,-977,5619902.29,2025-10-24
I560225,834,1.032815511E8,
I567421,-322,3.729101095E7,2025-10-02
I570682,682,9.564605436E7,
I571794,522,3.292009081E7,2030-01-01
I574990,-478,2.551353698E7,2030-01-01
I575808,435,428130.0,
I582147,1372,5178819.97,2030-01-01
I481138,436,6.425629696E7,2030-01-01
I484318,1899,8.427026749E7,
I492162,-1379,1.8536993484E8,2025-09-06
I493347,592,5.149105444E7,2030-01-01
I497994,1192,5.871070461E7,
I498315,643,4.396708739E7,2030-01-01
I520401,489,4.42722255E7,
I520807,-1775,8.873677144E7,2025-09-05
I522417,1767,9.785557144E7,2030-01-01
I528399,1978,1.9749236057E8,2030-01-01
I528782,1775,2.3173965066E8,2030-01-01
I529494,588,7.434777882E7,
I544683,481,4.300032777E7,
I549778,-271,1.772761735E7,2025-10-09
I557890,1526,1.424951595E8,2030-01-01
I561451,-972,1.4028830497E8,2025-10-30
I562272,464,2.567552215E7,
I563490,163,822551.98,2030-01-01
I568015,-184,2.298782082E7,2025-09-22
I569151,291,2.446664306E7,2030-01-01
I569588,435,4.220446999E7,2030-01-01
I578370,-391,4.818961846E7,2025-09-13
I587238,-329,3.869847049E7,2025-10-06
I478455,1045,4.095791314E7,2030-01-01
I486311,492,2.073680845E7,2030-01-01
I482740,728,9.827165289E7,
I490052,477,5.742034758E7,
I490053,1534,1.2652392123E8,
I491074,341,3500293.38,
I495200,-1991,9.135965443E7,2025-10-13
I495428,2000,1.9254543949E8,2030-01-01
I502136,1564,2.3014438833E8,2030-01-01
I504627,-637,518049.86,2025-10-30
I510699,213,1.149774823E7,2030-01-01
I512285,915,1.0009333807E8,
I514081,1522,5.83085852E7,
I518380,977,6.22873308E7,2030-01-01
I522745,1864,8.114896661E7,2030-01-01
I525075,-950,1.3665737916E8,2025-09-03
I531923,1195,3644126.25,
I538190,-1744,7.589522887E7,2025-09-01
I543154,1275,1.6853959326E8,2030-01-01
I546476,833,5.638678964E7,
I546837,-530,6.175912071E7,2025-10-03
I549097,1110,1.1620663374E8,2030-01-01
I553133,781,3.087559565E7,
I556848,197,2.786039244E7,
I559852,278,3.675018321E7,2030-01-01
I562416,-598,1.116629851E7,2025-09-24
I564804,658,5.86841494E7,2030-01-01
I565478,804,4.215902335E7,
I567250,1476,2.1678722673E8,2030-01-01
I570137,-903,2.844596189E7,2025-09-05
I570242,-1614,1.9523974086E8,2025-10-22
I570537,1631,1.171717855E7,2030-01-01
I581133,1417,1.4348688903E8,2030-01-01
I583478,254,3.604388887E7,
I602073,-1635,1.9426580146E8,2025-10-29
I599693,187,1.277157757E7,
I604909,292,1947771.46,
I607171,1724,2.1256804083E8,
I607273,-183,2.640624736E7,2025-10-29
I609262,-725,4.958482749E7,2025-09-29
I625568,-1609,1.146215624E8,2025-09-26
I628232,766,1.0606545272E8,2030-01-01
I631531,1607,6.580326613E7,2030-01-01
I631893,1598,9244290.12,2030-01-01
I632764,1652,1.6901481882E8,
I633411,-298,1.064130426E7,2025-09-02
I634398,641,5.678257169E7,2030-01-01
I638974,721,1.031185484E7,
I639746,-1272,1.89188167E7,2025-10-26
I643335,-638,4.582036073E7,2025-10-03
I643547,308,1.561190479E7,2030-01-01
I645158,-731,4.85095277E7,2025-10-13
I649257,1586,1.2396064993E8,2030-01-01
I652433,1900,1.8876870336E8,2030-01-01
I655520,645,5.881167621E7,
I657325,-1841,4.179409989E7,
I657598,1833,1.1254852024E8,2030-01-01
I662384,224,3.160861985E7,2030-01-01
I665030,485,5.626023464E7,2030-01-01
I665041,282,2726667.72,2030-01-01
I666083,1863,2.738315782E8,
I672173,-1443,4.345193206E7,2025-09-09
I672581,-1994,8.900921311E7,2025-10-08
I672699,-1368,1.3636604733E8,2030-01-01
I677315,459,6.302280739E7,2030-01-01
I683092,271,3.630222838E7,
I684452,282,3.620466956E7,2030-01-01
I686337,1753,2.0579863731E8,2030-01-01
I688350,486,5.410196729E7,
I693444,190,2.243775287E7,2030-01-01
I699687,1213,1.7412737117E8,2030-01-01
I701985,-1138,1.0285316908E8,2025-10-23
I704375,201,2.205441176E7,
I707148,1808,2.555543325E8,
I592929,-1979,2.084619534E8,2025-09-04
I597700,145,7607784.9,2030-01-01
I600010,-927,9.288042704E7,2025-10-04
I600547,1377,8.712715123E7,2030-01-01
I603577,1265,8.170970151E7,
I609169,207,0.0,2030-01-01
I610783,-1115,7.962760259E7,2025-10-31
I621117,401,2.473199326E7,
I624710,-649,1.254334106E7,2025-09-06
I627317,1303,2.197405752E7,
I633270,-1989,1.9833702423E8,2025-10-25
I634876,1555,1.0900596707E8,2030-01-01
I636902,1370,4.508386723E7,
I639079,1072,9.213916192E7,
I640360,1070,1.1065457279E8,2030-01-01
I647718,916,8.801075752E7,
I649513,1440,9.752403965E7,2030-01-01
I654507,-1793,4.086802649E7,2025-10-02
I654569,1232,1.3580940906E8,2030-01-01
I672360,1490,2.432238198E7,2030-01-01
I674084,1675,2.4381551613E8,
I677733,-365,2.058492037E7,2025-10-27
I678154,1328,1.536041705E7,2030-01-01
I683138,614,2.820287365E7,
I683722,-944,1.3587103474E8,2025-09-24
I684921,1804,6.186315277E7,2030-01-01
I687300,327,3.267367477E7,
I688537,1614,4.915370585E7,2030-01-01
I690816,-1225,1.5472019529E8,2025-09-29
I691499,1526,1.1048828296E8,
I701543,813,7.354993373E7,2030-01-01
I703279,1692,1.0787052439E8,
I595846,-912,9.78315548E7,2025-10-18
I596837,-226,2118797.85,2025-10-12
I597281,631,1219475.76,
I604438,118,9455435.26,2030-01-01
I613147,-446,2.926725978E7,2025-09-16
I613228,1083,9.417049355E7,2030-01-01
I623714,1338,9.750789538E7,
I624056,134,1.127385423E7,
I626404,-1288,1.4899828011E8,2025-09-30
I629698,1130,1.4743333443E8,
I631343,1802,1.8407673509E8,
I632305,1513,5.193581001E7,2030-01-01
I636110,842,9.978324639E7,
I642100,1562,1.9750945329E8,2030-01-01
I648678,528,6.327841058E7,2030-01-01
I657332,1388,8164559.85,2030-01-01
I657779,1536,6.749115871E7,
I666232,1126,2443392.55,
I666398,-1128,1.3751869909E8,2025-09-26
I670338,-417,0.0,2025-10-07
I675458,790,3.777984123E7,
I680658,-723,0.0,2025-09-05
I685420,-814,6.640115692E7,2025-10-28
I688035,386,4.734427618E7,2030-01-01
I692091,1410,2.424443364E7,2030-01-01
I693041,1918,1.0651732843E8,
I693053,-1028,8.902448828E7,2025-10-13
I698783,-720,0.0,2025-09-15
I699002,-1504,1.0932493703E8,2025-09-04
I699123,-1447,1.2845501418E8,2025-10-05
I699717,1762,2.635760377E7,
I596264,1063,2.579963693E7,
I598144,542,3.697959478E7,
I604277,410,4.709114613E7,
I606615,221,1.769582262E7,
I617199,721,9599359.04,
I621865,288,2.989107571E7,
I623363,-1848,2.2677573655E8,2025-09-21
I626655,1872,2.3532168825E8,2030-01-01
I629641,342,2.714948309E7,2030-01-01
I647869,1441,1.5372743016E8,
I650164,890,1.0563457139E8,2030-01-01
I651781,-1442,2.466292976E7,2025-10-27
I652991,1753,2.2499477611E8,2030-01-01
I660867,-1703,1.4412850876E8,2025-09-17
I661659,-1779,2.6066122072E8,2025-09-07
I677928,1019,1.0779921272E8,2030-01-01
I680457,-526,2.57928447E7,2025-10-26
I681976,760,2.117291352E7,2030-01-01
I684617,-1494,7.015269108E7,2025-10-27
I687278,-467,6.289687787E7,2025-10-14
I690799,1025,1.4552293131E8,
I694152,-1327,9.946343007E7,2025-09-04
I694403,304,4.005503352E7,
I697354,-355,9083796.02,2025-09-08
I697495,548,2.647368791E7,2030-01-01
I702828,-420,0.0,2025-10-23
I707052,838,1.1386609171E8,
I593732,1199,1.2381701812E8,2030-01-01
I594609,-698,9782035.19,2025-09-09
I598399,-198,4015739.06,2025-10-18
I600973,1070,1.140411826E8,2030-01-01
I601600,1248,1.6013770141E8,2030-01-01
I602963,-1615,1.3473084449E8,2025-10-13
I600037,230,5159815.54,
I605976,-1212,4.68579825E7,2025-09-16
I608016,1065,1.055022296E7,
I616216,-388,1.904243371E7,2025-10-01
I617442,749,4.150502123E7,2030-01-01
I619099,-475,3.533339677E7,2025-09-18
I622678,51,4020100.41,
I624529,-630,7.953786312E7,2025-09-22
I626107,711,1.337284086E7,2030-01-01
I640910,-1977,1.3691387909E8,2025-10-17
I643127,1161,1.0478906597E8,2030-01-01
I644161,-983,1.3404467019E8,2025-09-12
I649163,790,1.0020598168E8,
I652034,-716,9.228201232E7,2025-09-06
I652577,-293,3.194458935E7,2025-09-24
I652664,522,931537.0,2030-01-01
I654454,990,9.73049316E7,2030-01-01
I656406,402,1.297891946E7,2030-01-01
I657407,271,3.247211803E7,2030-01-01
I659507,488,2.105156227E7,2030-01-01
I660700,688,0.0,2030-01-01
I661870,438,5.333867995E7,2030-01-01
I662214,-1441,2.0910148433E8,2025-10-27
I665567,-1374,3.300584881E7,2025-09-14
I668596,-1795,1.9095774483E8,2025-09-09
I670217,637,1.636365234E7,2030-01-01
I671503,1640,1.4296129577E8,2030-01-01
I671895,375,1.86385029E7,2030-01-01
I679584,-272,2.016559158E7,2025-09-01
I683647,1943,5.50533239E7,
I695931,869,4.788090321E7,2030-01-01
I702852,1134,1.811217441E7,2030-01-01
I703901,252,1.04496994E7,2030-01-01
I597975,-110,6020339.58,2025-09-16
I605480,-1988,2.9081924556E8,2025-10-29
I608991,1949,2.505127023E7,2030-01-01
I612981,-1496,1.4489485563E8,2030-01-01
I616818,-1455,1.5924201309E8,2025-10-21
I616982,155,1.458858189E7,2030-01-01
I624934,-1429,1578572.95,2025-09-16
I625417,784,5.174254203E7,
I626412,276,3.258843361E7,2030-01-01
I628098,820,5.610068103E7,2030-01-01
I638345,608,9.072433933E7,
I639066,58,3235134.75,2030-01-01
I655613,-95,1296564.53,2025-09-30
I656531,1296,4.38623566E7,
I656718,1470,1.0239087448E8,2030-01-01
I659345,1916,2.8594393045E8,
I666384,-204,6332266.17,2025-09-16
I667876,1188,8.901157629E7,2030-01-01
I668211,1356,7.563443549E7,
I672118,1979,1.2903853596E8,2030-01-01
I676115,144,1.34987937E7,2030-01-01
I676273,-780,7.465590488E7,2025-10-28
I678925,59,1543916.75,
I678981,462,2.202826143E7,2030-01-01
I679639,1849,1.5073429553E8,2030-01-01
I679824,-106,2412428.21,2030-01-01
I680212,-436,2.663552596E7,2025-10-30
I689838,1143,1.063201626E7,
I690426,1125,3664887.77,
I697124,704,8.626059534E7,2030-01-01
I700198,-1660,1.3623294373E8,2025-09-16
I700739,1765,1.1824977192E8,
I704643,-823,2.594042318E7,2025-10-17
I592914,1504,8.40612584E7,2030-01-01
I601313,-1362,2.539730523E7,2025-10-16
I602517,-221,4449132.03,2025-10-04
I596207,-1474,1.1483023011E8,
I606983,1162,1.5388647848E8,2030-01-01
I607170,-356,1.764875371E7,2025-10-02
I607514,1943,2.9001005433E8,
I617520,164,1.624665426E7,2030-01-01
I617585,1925,1.6148897626E8,
I626915,1020,4.27584474E7,2030-01-01
I633462,1581,4.479781181E7,2030-01-01
I634633,1390,1.2479732189E8,2030-01-01
I636098,566,6.423532192E7,
I643661,617,4.243613032E7,
I648405,333,1.264451043E7,
I650895,505,7.480709639E7,2030-01-01
I653004,704,7.447756615E7,2030-01-01
I653046,1218,1.0987095824E8,
I653311,713,6196005.18,2030-01-01
I654573,504,3.052919013E7,2030-01-01
I659450,-659,3.847506768E7,2025-10-17
I662878,-853,1.074294143E8,2025-10-24
I667692,-90,3749615.76,2030-01-01
I668703,1447,1.5234640536E8,2030-01-01
I669291,1204,1.2355671943E8,2030-01-01
I669910,1733,2.078157964E7,2030-01-01
I672738,515,6.309475662E7,2030-01-01
I674079,-860,6.449301935E7,2025-10-12
I674874,716,4.604100493E7,2030-01-01
I676818,1761,1.4952456282E8,2030-01-01
I677715,-148,1.678513664E7,2025-09-04
I685950,1495,5179691.83,2030-01-01
I687704,1961,2.821258854E7,2030-01-01
I688222,1168,1.6476772249E8,2030-01-01
I694680,638,7.277340302E7,
I697640,725,2.077254395E7,2030-01-01
I698164,497,2.396864122E7,2030-01-01
I699359,1277,1.258364278E7,
I706140,1331,1.6030438914E8,2030-01-01
I599003,76,391897.0,2030-01-01
I603731,802,8.770808318E7,2030-01-01
I598876,767,8.039594038E7,
I604182,1934,2.1398527295E8,
I605618,-1056,8.622635548E7,2025-09-29
I609628,-1558,1.3387275553E8,2025-10-26
I610443,795,3.003810529E7,
I618016,585,2.564570399E7,2030-01-01
I625496,581,1967845.88,
I630795,906,1487433.27,
I640593,1680,1.1649799181E8,
I641380,1301,3112561.46,
I644050,66,4858778.7,2030-01-01
I644385,1966,1.1429557294E8,2030-01-01
I652735,-1454,1.643444947E8,2025-09-11
I653914,542,5.329178534E7,
I666212,1446,1.7600833984E8,
I667418,1653,1.716311372E8,2030-01-01
I669135,-1844,2.741998959E7,2025-09-10
I674719,87,4382610.67,2030-01-01
I675620,-165,2.279925196E7,2025-09-22
I676811,1688,1.8724126371E8,
I678768,302,1.979968845E7,
I686193,1470,1.7814021907E8,
I687826,334,1.606571665E7,2030-01-01
I693219,-1454,1.7694233573E8,2025-10-18
I693611,-780,5.411995245E7,2025-09-29
I696874,243,1.731532322E7,
I701339,-1068,8.190962437E7,2025-09-06
I703084,1670,1.5732236594E8,
I705676,1905,9.159256495E7,2030-01-01
I706045,961,1.3982732742E8,
I591591,-1476,6.079590704E7,2025-10-13
I592386,239,2.850949843E7,2030-01-01
I597144,-619,7.197754954E7,2025-10-20
I593141,1198,1.4849128035E8,
I604130,485,4715046.1,2030-01-01
I610457,845,1.0064459535E8,2030-01-01
I611601,1419,7.744500623E7,
I612337,1869,2.7896416453E8,2030-01-01
I615242,177,4534057.87,
I619118,-1520,1.9564532204E8,2025-10-20
I622147,1009,4.761068958E7,
I622283,115,8011149.31,2030-01-01
I625449,651,2.842254638E7,2030-01-01
I641886,-1990,5.565918696E7,2025-10-26
I642229,-141,1.967777938E7,2025-10-24
I644807,1434,4.382184409E7,2030-01-01
I645175,-1566,8.692828511E7,2025-09-09
I648595,448,4.390534866E7,
I650451,364,3561770.64,
I653047,1571,1.6209411333E8,
I656811,-1579,9.239025712E7,2025-09-07
I665027,1015,1.3091030909E8,
I665201,1929,2.21904843E8,
I665952,-1523,1.5311529185E8,2025-09-07
I670520,435,3624249.37,
I674117,-1935,1.8088357956E8,2025-09-09
I675616,844,5.519798794E7,
I677787,754,6.178395072E7,2030-01-01
I677956,178,1.585228967E7,
I685771,707,1.339366108E7,
I687927,-133,7209487.35,2025-10-06
I688545,436,5982223.91,2030-01-01
I698022,-1436,1.573493171E8,2025-09-27
I699526,-1141,1.6234377941E8,2030-01-01
I706012,62,3545412.62,
I605639,-1881,2.7144778145E8,2025-09-02
I605992,-200,1.708482814E7,2025-09-29
I610394,-1594,4.435874658E7,2025-09-12
I610725,-799,1.0902087685E8,2025-09-14
I612159,1986,9.530185695E7,
I624463,-1443,1.4194288681E8,2025-09-23
I624773,-599,4.32357207E7,2025-09-20
I624873,-1842,2.6147952813E8,2025-10-14
I633116,-770,6.170290937E7,2025-09-18
I633489,1913,2.5975847142E8,2030-01-01
I635811,630,2.486302999E7,
I645294,1805,1.8512297495E8,2030-01-01
I649628,1069,1.3898395343E8,
I650415,1120,1.2600070342E8,
I657906,532,7.871327795E7,
I661110,89,5676137.47,2030-01-01
I661288,383,3.524458944E7,
I662293,1742,1.8183055745E8,2030-01-01
I664233,986,6.339576496E7,
I664878,1493,4.600452943E7,
I668431,-1151,1.444098129E8,2025-09-06
I669216,1498,1.1736563446E8,
I670070,-304,3.658273512E7,2025-10-10
I672198,1053,5.113683209E7,
I675448,1744,1.8339721703E8,2030-01-01
I694069,1541,4.992335312E7,
I695390,1569,1.9156534242E8,
I703416,445,0.0,
I594470,1854,2.6707463971E8,2030-01-01
I595582,550,4.562356348E7,
I605060,-349,1.347804224E7,2025-10-26
I606016,1201,1.6032204316E8,
I606936,1079,8.742273285E7,
I610638,-1571,1.3243695885E8,2025-09-25
I612667,1931,2.3586247147E8,2030-01-01
I627760,-1828,7.846734768E7,2025-10-04
I633568,97,8823112.11,2030-01-01
I633922,-1322,1.3909072846E8,2025-09-26
I639536,1978,2.157970073E7,
I641437,-1039,8.666282021E7,2025-10-22
I642291,-446,2.479834602E7,2025-10-29
I643870,-53,3487287.28,2025-10-25
I647091,510,4.451906406E7,
I648579,811,2.809846911E7,2030-01-01
I649373,897,3.831655211E7,
I651553,-1282,1.1283477407E8,2025-10-04
I652245,1517,2.000533806E7,
I655521,1487,2.2137570238E8,
I657845,1911,1.2114433876E8,
I660599,1872,1.175075972E7,2030-01-01
I661369,725,8.921742375E7,2030-01-01
I665392,-1226,1.2604844325E8,2025-10-08
I668412,-713,5872696.74,2025-09-16
I671406,1373,1.456720025E7,2030-01-01
I673512,560,3.0128887E7,2030-01-01
I680112,348,3811500.35,2030-01-01
I680672,172,1.350685123E7,
I682129,434,4.484659031E7,2030-01-01
I687447,770,8.896073764E7,2030-01-01
I688791,-1231,1.6516583528E8,2025-09-21
I695132,1967,1.9577651206E8,2030-01-01
I695666,525,5.888307903E7,2030-01-01
I704477,1941,8.309757455E7,2030-01-01
I594405,-1415,1.9946967253E8,2025-10-24
I594580,-1298,1.182509025E7,2025-09-21
I596970,-1388,1.1630766888E8,2025-09-08
I592655,216,1.293826407E7,
I594789,687,5479587.53,
I602696,1810,1.7886872215E8,
I605971,1524,5.004506589E7,2030-01-01
I609948,-676,7.845436552E7,2025-09-14
I614239,1055,1.1727935041E8,2030-01-01
I617987,1398,1.0308166653E8,2030-01-01
I621114,1642,4.116312488E7,2030-01-01
I628904,-1463,5.277695866E7,2025-09-24
I631885,-1019,7.019446133E7,2025-09-14
I643875,-990,7166463.01,2025-09-08
I644108,628,7.564814496E7,
I651164,-1316,6.886848606E7,2025-10-05
I652872,1758,3.947962484E7,2030-01-01
I655985,-724,5.162654371E7,2025-09-07
I656679,-1161,3.483208485E7,2025-09-22
I667329,-685,5.884531526E7,2025-09-10
I689544,-488,6.091237113E7,2030-01-01
I692892,904,1.3190350947E8,
I695456,-1756,1.4069338149E8,2025-10-21
I696742,716,9.585228622E7,
I696776,-190,1.068796461E7,2025-09-18
I697563,1478,1.4588765841E8,
I700625,-147,7338458.09,2025-09-19
I701066,1152,5.930164195E7,
I701375,1767,1.1452862731E8,2030-01-01
I715658,-449,4.753451778E7,2025-09-28
I716362,408,3.244879279E7,2030-01-01
I718038,-1331,5.951664628E7,2025-09-15
I715987,673,7.120086174E7,
I724158,1376,4.393600603E7,2030-01-01
I724548,-63,6653211.02,2025-09-29
I724850,1096,1.59306661E7,
I726467,-1618,9.6188969E7,2025-10-22
I726657,756,3.416909392E7,2030-01-01
I726698,-288,4.104172244E7,2025-10-31
I727490,881,4.133583756E7,
I735150,970,7.756723152E7,2030-01-01
I740031,278,2.110491347E7,2030-01-01
I742417,-429,8482956.99,2025-10-03
I752784,1937,4703549.85,2030-01-01
I754161,1983,5.222600132E7,2030-01-01
I759523,1031,1.4968014658E8,
I760403,914,5.011130322E7,
I761404,1754,1.0197854976E8,
I762798,953,7670672.77,
I768698,322,4202524.36,
I769690,1574,4.905978478E7,
I770975,1177,1.0882885896E8,
I776198,-73,6354826.55,
I778357,1986,5313665.94,
I779165,-1834,6.993849686E7,2025-10-12
I782777,-496,4.862891813E7,2025-10-17
I785925,-1617,3.685163158E7,2025-09-02
I787312,-1715,1.873457246E7,2025-10-23
I788068,-886,3.701504943E7,2030-01-01
I789153,-1389,1.3137843113E8,2025-09-04
I797045,-1829,1.8083539095E8,2025-09-26
I797661,82,3645697.74,2030-01-01
I799171,-946,1.0107762041E8,2025-09-05
I803080,-721,1.283959223E7,2025-10-31
I805574,1709,1.1152374568E8,
I809036,1361,1.6138909447E8,2030-01-01
I811099,-292,3.628010629E7,2025-10-11
I812760,1419,1.8398513411E8,
I814901,-1635,2.1445789454E8,2025-10-27
I822107,-604,6.225908249E7,2025-09-28
I709323,-125,1.286123858E7,2025-10-04
I710579,1179,7.20672113E7,2030-01-01
I710748,1801,2.3356992721E8,2030-01-01
I711899,-696,6.874620861E7,2025-09-19
I709989,686,6044086.4,
I720925,96,9516992.99,
I722308,-636,7.539186907E7,2030-01-01
I722573,74,3897633.63,
I724494,-591,5.377382678E7,2025-10-07
I725728,549,3.055544843E7,
I725989,64,0.0,2030-01-01
I728275,-502,1.961684234E7,2025-09-09
I728693,940,1.3729398062E8,2030-01-01
I735702,1790,1.9695283838E8,2030-01-01
I735946,-240,5784616.83,2025-09-17
I736179,-1018,1.0748887261E8,2025-10-06
I736407,952,3.153045961E7,2030-01-01
I743882,1742,9.563045822E7,
I749571,210,1.307940404E7,2030-01-01
I751963,631,6.492471065E7,2030-01-01
I752956,1852,1.3064253454E8,
I753655,1174,7617905.2,2030-01-01
I754186,673,6.587412231E7,2030-01-01
I757766,409,2.193808587E7,2030-01-01
I760065,154,2119426.65,
I760674,792,6.334659387E7,
I761485,1217,1.554173964E8,
I767910,798,6.630604469E7,
I769482,1034,0.0,2030-01-01
I770647,714,1.908587837E7,2030-01-01
I770998,-267,3279712.79,2025-10-16
I773129,256,3.433649989E7,2030-01-01
I775914,-341,1.482176688E7,2025-10-24
I778236,1641,1.5164539142E8,
I785074,-431,5.731541602E7,2025-09-13
I785580,-798,2.603324787E7,2025-10-01
I787137,-1538,5.546114012E7,2025-09-16
I787406,1466,1.8533310336E8,
I791305,733,2.198699819E7,
I792006,-1299,9138805.31,2025-09-21
I797868,-171,2.093745788E7,2025-09-28
I805495,937,9.358602538E7,2030-01-01
I807912,865,1.1529215004E8,2030-01-01
I810529,972,1.143780951E7,
I813024,-296,1027742.07,2025-09-08
I813840,-85,6503128.75,2025-09-23
I814774,1142,0.0,
I821475,-143,8319082.92,2025-09-08
I822970,1652,2.623737663E7,2030-01-01
I709731,1156,4.849559883E7,2030-01-01
I711971,1485,5.400721919E7,2030-01-01
I712862,-1193,1.0638238394E8,2025-10-19
I713201,911,1.1412091088E8,2030-01-01
I716864,-1737,2.5698826861E8,2025-10-21
I709665,504,4.45633631E7,
I726811,554,2.194089308E7,2030-01-01
I731263,-1317,1.9237759833E8,2025-09-24
I737231,729,1.327752684E7,
I740912,151,1.813727573E7,2030-01-01
I743242,662,1.684026041E7,2030-01-01
I746910,-1000,1.3605848074E8,2025-10-26
I748742,1161,7.938386448E7,2030-01-01
I756970,1210,0.0,2030-01-01
I757222,1075,1.0266035396E8,
I760035,-101,4248795.35,2025-09-11
I762526,1349,1.5529806291E8,2030-01-01
I764894,1679,2.1910116275E8,2030-01-01
I776683,699,4256913.12,2030-01-01
I777195,295,1.085725142E7,2030-01-01
I777293,1202,1.865534095E7,2030-01-01
I785993,-1948,8.931867369E7,2025-10-21
I787392,-938,2.689397203E7,2025-10-08
I795232,-68,2848642.41,2025-10-28
I801661,297,0.0,
I807713,1025,6.518705345E7,
I809877,1999,5.020791501E7,2030-01-01
I812324,563,3.520780174E7,
I814733,1614,1.371484145E7,2030-01-01
I817458,-1128,8.145580639E7,2025-10-16
I819134,-774,8.805133257E7,2025-10-07
I715866,1225,4.871600255E7,2030-01-01
I712768,1304,1.0592993253E8,
I722410,779,1.0198657146E8,2030-01-01
I729854,-498,1.691271701E7,2025-10-12
I737245,1729,1.4545943407E8,2030-01-01
I738741,598,8.70793915E7,
I739983,1548,7.690037839E7,2030-01-01
I745586,-853,1.2559149408E8,2025-10-17
I748251,-1269,6.562321439E7,2030-01-01
I748939,-1281,6.699479986E7,2025-10-01
I750387,1690,9.407675619E7,
I753990,633,4396462.22,
I756023,-968,4.150229521E7,2025-10-19
I772030,1848,1.3656364355E8,
I777008,530,3.353690275E7,2030-01-01
I778458,285,2.614699337E7,
I780245,587,3.451577283E7,2030-01-01
I784926,209,2.324733857E7,2030-01-01
I787565,1675,2.2058958983E8,2030-01-01
I796276,1198,5.857619021E7,2030-01-01
I806412,-90,369048.77,2025-09-29
I809256,753,2.314855879E7,2030-01-01
I811908,645,8.457756946E7,
I813687,1105,9.478250686E7,
I822883,1450,9.563681986E7,
I708305,210,2.079460894E7,2030-01-01
I712466,1677,1.3954896215E8,2030-01-01
I713453,-93,6215080.6,2025-10-07
I708288,958,1.2706372759E8,
I716267,1932,1.5530067974E8,
I720562,1847,1.6079499683E8,2030-01-01
I726980,-1887,4.752465832E7,2025-09-27
I736891,-935,3.3667715E7,2025-09-01
I743941,1503,9.077179884E7,2030-01-01
I755028,1556,1.0440745627E8,2030-01-01
I755976,-573,6.673864864E7,2025-10-01
I760193,1946,1.3890952902E8,2030-01-01
I765707,1927,2.047053828E8,2030-01-01
I767792,1993,2.7061343852E8,
I768061,1821,2.2369365325E8,2030-01-01
I768962,1483,1.4884311647E8,
I780630,-645,2.828285653E7,2025-10-22
I781672,1481,1.010800931E7,2030-01-01
I782572,-452,4.411788856E7,2025-10-24
I785221,1604,1.7065668528E8,2030-01-01
I791315,925,0.0,2030-01-01
I801617,1473,1.340380391E8,
I801997,347,4041616.67,
I805429,667,7.597082874E7,2030-01-01
I806700,-714,4.438958508E7,2025-10-15
I808574,550,6.765885931E7,
I813627,1250,1.6473832488E8,
I815421,727,8.625860512E7,2030-01-01
I818039,1160,1.671008673E7,2030-01-01
I818111,-938,9.931144349E7,2025-09-08
I719573,-927,7.625892972E7,2025-09-19
I726818,1839,2.1303153056E8,
I731219,1134,4.037496651E7,2030-01-01
I732805,-1611,1.7057421056E8,2025-09-28
I736656,1742,1.0119330036E8,2030-01-01
I737957,1533,1.9770981773E8,2030-01-01
I748461,-1265,645300.94,2025-10-16
I751243,-1854,1.5701911253E8,2025-10-30
I756334,798,2.389991872E7,2030-01-01
I760706,-589,3.306794062E7,2025-10-30
I766049,1146,1.4277740758E8,2030-01-01
I774829,-1997,6.594452852E7,2025-10-09
I778104,1348,1.7929395937E8,2030-01-01
I786284,1213,1.209081434E8,2030-01-01
I791406,-1346,1.3390100077E8,2025-09-18
I791843,-624,2.016926964E7,2025-10-03
I793649,1675,3.081014303E7,
I795290,-807,8.459871392E7,2025-10-19
I796594,281,3.524274376E7,
I797721,1701,1.8344042887E8,2030-01-01
I803769,1698,1.1317242283E8,
I805250,1224,1.0254695131E8,2030-01-01
I808343,1587,1.0239999237E8,
I815316,438,2.421075011E7,
I816249,1377,7.747705287E7,2030-01-01
I818011,444,1.373310793E7,
I707807,836,4474456.45,2030-01-01
I708866,1418,8.555044994E7,2030-01-01
I716772,252,6557940.07,2030-01-01
I708385,770,1.799862651E7,
I714352,301,3.355291608E7,
I716345,1409,1.7473828595E8,
I718353,888,6619434.03,
I722058,1992,2.6020653418E8,
I726505,1242,1.7803907063E8,
I726791,-1700,6.291250912E7,2030-01-01
I738011,1603,8.826417289E7,2030-01-01
I739846,-1664,4.668261395E7,2025-10-10
I745261,-553,2.731366712E7,2025-10-08
I745513,-738,3.891849992E7,2025-09-11
I746001,-1199,1.6720055019E8,2025-09-07
I749231,330,1.418976624E7,2030-01-01
I750689,-961,1.0671707368E8,2025-09-27
I753538,920,1.288063096E8,
I754557,66,4258479.42,
I765661,467,1.774154494E7,2030-01-01
I767723,1747,1.5152712531E8,2030-01-01
I767823,-261,2.493453126E7,2025-10-13
I777524,654,2.140253893E7,2030-01-01
I793136,-345,1.801146238E7,2025-09-30
I794228,143,5088923.94,
I795067,-951,9.747458692E7,2025-09-25
I801354,-1064,2.149522923E7,2025-09-12
I801972,603,1.421551429E7,2030-01-01
I804474,1976,2.7980444626E8,
I805831,-363,3365582.64,2025-09-15
I811290,-1442,9.218219568E7,2025-09-09
I813984,1055,6.283922725E7,
I816095,1921,2.8765274599E8,
I820917,915,3.939768098E7,
I822483,762,3.913749837E7,
I716818,1219,1.692094933E7,
I730620,982,7414529.43,
I733155,-864,7.596267349E7,2025-10-26
I740829,1565,1.0553154527E8,2030-01-01
I744686,-1079,3366324.14,2025-10-04
I750848,1675,2.248645127E8,
I750950,176,1.488765845E7,2030-01-01
I756240,-1035,1.3119831687E8,2025-09-16
I758753,1842,5.778873777E7,2030-01-01
I759258,112,3712608.79,
I759620,812,8.498626306E7,2030-01-01
I762778,980,6.386176212E7,2030-01-01
I777278,793,1.1145648264E8,2030-01-01
I778155,1686,2.4139724473E8,
I782455,1089,1.3518591469E8,2030-01-01
I786429,632,9.46023273E7,2030-01-01
I789502,1465,8.200963144E7,2030-01-01
I792805,-1544,1.1741153098E8,2025-10-26
I795788,1067,2.515731475E7,2030-01-01
I804272,1123,1.2718346545E8,
I809366,155,6560809.88,2030-01-01
I813493,82,6554779.44,
I819347,-1294,5.731280592E7,2025-09-16
I708144,-600,6.653599239E7,2025-10-02
I716423,-997,3.691293083E7,2025-09-26
I708507,1447,1.3212359781E8,
I715522,1881,1.9722325731E8,
I723387,1079,6.672875795E7,2030-01-01
I724529,-598,1.019147338E7,2025-10-31
I725272,442,1.500730611E7,2030-01-01
I739700,-948,5.837085647E7,2025-10-01
I744810,1033,8.459092957E7,2030-01-01
I745613,988,2.600909363E7,
I746782,-100,5531025.56,2025-09-20
I749886,214,2.753594608E7,
I753519,153,1.415347807E7,
I762004,617,7.626765983E7,
I768747,-1803,5.09494761E7,
I769063,684,9.807660731E7,
I775910,57,6835995.75,
I776172,396,2.659658368E7,
I777585,-1930,2.1263210708E8,2025-09-07
I790211,-825,6263081.01,2025-09-29
I791051,1451,1.0709487552E8,2030-01-01
I795760,-327,4.547351492E7,2025-10-06
I796571,1813,3.021960701E7,2030-01-01
I800528,91,9715153.79,
I801658,1484,9.886159034E7,
I803880,661,3.719242607E7,2030-01-01
I804607,-1531,1.7970379696E8,2025-10-08
I806418,630,2.602835123E7,2030-01-01
I809911,-602,6.396296771E7,2025-09-09
I813701,-1167,1.1270071405E8,2025-10-08
I815220,-402,3.072931954E7,2025-10-13
I711293,-1786,1.8183389714E8,2025-09-26
I713760,-1749,4.166796209E7,2025-09-21
I714767,1579,1.0428892006E8,
I720291,1588,1.1854763598E8,
I720361,-1218,1.4811555978E8,2030-01-01
I733950,1343,4.883922383E7,2030-01-01
I735274,-1507,1.8577051096E8,2025-10-01
I735735,-1258,8.566940795E7,2025-10-19
I736953,-880,4.147757897E7,2025-09-13
I740148,361,2.270643763E7,2030-01-01
I741911,1494,9.396536663E7,
I742478,217,1.878460695E7,
I746605,-1394,1.4315186701E8,2025-10-12
I748848,190,1680670.23,
I750593,746,9.482135881E7,
I762110,-335,4.712432064E7,2025-09-04
I763294,-1141,1.281869028E8,2025-10-03
I763983,-1141,1.4081343763E8,2025-10-12
I772087,-99,9825696.52,2025-10-28
I772378,1313,2.881611893E7,2030-01-01
I774907,480,1.37048167E7,2030-01-01
I779762,-365,4.822539004E7,2025-10-10
I791986,-294,3.760142103E7,2025-09-05
I794505,1740,2.2866631752E8,2030-01-01
I796330,-265,8906247.06,2025-10-04
I802970,626,9.053239658E7,
I813714,655,4.725298989E7,
I815130,-1028,6.31893543E7,2025-09-22
I816981,-1821,2.1621604632E8,2025-10-21
I817975,-1777,1.4628280734E8,2025-09-01
I818531,-818,9.801806105E7,
I820307,363,4.424889372E7,
I719911,299,1.436165344E7,2030-01-01
I724076,1948,7.226008982E7,
I732138,1214,1.7114199155E8,2030-01-01
I732167,1892,7.154357832E7,
I735313,567,7.780720985E7,2030-01-01
I736802,-474,2.081633722E7,2025-10-28
I739002,1952,2.3935286656E8,2030-01-01
I758697,-1341,2.263459044E7,2025-10-18
I759762,1484,1.5606965572E8,2030-01-01
I759862,1435,9677494.25,2030-01-01
I764996,1407,8214358.94,2030-01-01
I769141,988,6.18117304E7,
I778011,1140,4.238022327E7,
I778686,-139,1.53086007E7,2025-09-11
I782688,201,1.612573229E7,2030-01-01
I789403,895,9.53380087E7,2030-01-01
I791120,-234,1.025362604E7,2025-09-13
I793056,523,3.581361181E7,
I793112,248,2.727569371E7,2030-01-01
I794644,910,9.941649773E7,2030-01-01
I795460,761,1.0271987874E8,2030-01-01
I796997,102,2896721.05,2030-01-01
I798499,-1520,1.3910951656E8,2025-09-10
I800302,-1001,8.010776384E7,2025-10-07
I803238,-1069,1.2609126831E8,2025-10-17
I803313,68,213378.91,2030-01-01
I808048,1128,8.97151859E7,2030-01-01
I810011,1871,3.267836171E7,
I810961,-1366,7.551695112E7,2025-09-15
I811885,621,6.694231174E7,
I821242,-1286,9.15728853E7,2025-10-10
I722629,-1433,1.8911861921E8,2025-10-17
I724793,124,3285548.5,
I737086,461,5.64476933E7,2030-01-01
I741346,1371,9.681910902E7,
I742051,-1013,0.0,2025-09-07
I746880,232,2.193683834E7,2030-01-01
I749749,701,1.0360262011E8,2030-01-01
I750975,1310,7.343025518E7,
I755368,531,2778777.28,
I762814,148,1.130980624E7,
I768016,-815,8724340.82,2025-09-07
I769744,1279,8.474939419E7,2030-01-01
I775900,1917,1.9545678524E8,2030-01-01
I777337,-1026,6.7033534E7,2025-09-06
I783378,-841,1.082758864E8,2025-10-23
I786018,1700,7.811506188E7,
I787119,-427,5.639704717E7,2025-10-07
I790867,1630,4.426628367E7,2030-01-01
I793944,870,9.609679156E7,
I798242,-631,6.371509823E7,2025-10-06
I800783,-662,4.565015325E7,2025-09-19
I809729,-1190,1.2952354954E8,2025-09-25
I812299,-1453,1.8103286161E8,2025-10-27
I812984,-348,3.395522656E7,2025-09-22
I813611,-143,8519171.84,2025-10-05
I819940,1362,7.622466915E7,
I821092,779,4345831.38,2030-01-01
I823352,606,6118726.6,2030-01-01
I828040,659,6.662386468E7,2030-01-01
I830279,-582,5.777513776E7,2025-10-28
I832081,1810,0.0,2030-01-01
I837698,1991,1.1272763316E8,2030-01-01
I838308,288,1.64383978E7,
I846378,187,6835207.12,2030-01-01
I847087,1856,1.8003215544E8,
I847642,1111,6.487366564E7,2030-01-01
I848539,1903,1.5330019938E8,
I849311,1097,1.5844377944E8,
I854432,1035,1.3978567831E8,2030-01-01
I858174,928,4.130038152E7,2030-01-01
I860087,759,5.316482976E7,
I861296,-1149,1.503766962E8,2025-09-16
I875351,1639,1.9370555246E8,2030-01-01
I877803,1308,1.3225696787E8,2030-01-01
I885742,1039,2.444401975E7,2030-01-01
I896493,-1090,582207.15,2025-10-06
I896535,956,5.35748337E7,2030-01-01
I898081,-207,2.254672911E7,2025-10-12
I902169,1433,5.314457536E7,2030-01-01
I908798,1680,6.122244037E7,
I913803,-1773,2.5838565997E8,2025-10-28
I915352,-334,4.192462148E7,2025-10-28
I915426,1594,5.591386314E7,
I917354,-1666,1.1095326368E8,2025-09-13
I919205,971,1.400289497E8,
I919646,331,2513557.55,2030-01-01
I923563,57,6113126.92,2030-01-01
I926448,772,4.909162155E7,2030-01-01
I929894,-1829,1.5936388238E8,2025-09-26
I825147,1677,1.15861227E8,2030-01-01
I826424,1998,6.642167941E7,2030-01-01
I826072,369,4.578915343E7,
I827375,644,5.82234343E7,
I827668,1540,1.7068457664E8,
I837152,-1421,1.4203373046E8,2025-09-23
I838478,1408,1.7291266298E8,2030-01-01
I844362,956,7.019926477E7,2030-01-01
I846084,1231,6.648510238E7,
I846583,1535,2.0463607741E8,
I846993,784,2.19104631E7,2030-01-01
I850038,-813,7.997477654E7,2025-10-29
I853057,1149,8.308535346E7,
I862302,611,5.794525985E7,2030-01-01
I868461,373,4.357286223E7,
I878762,1393,5.473791077E7,2030-01-01
I878793,671,7.699381723E7,
I880904,1986,2.65731908E7,
I884337,-326,2.564440763E7,2025-09-06
I888352,-462,2.999313808E7,2025-10-12
I889914,-216,5847123.79,2025-09-04
I892036,1012,1.1715221834E8,
I894564,890,6.568681187E7,
I895019,1832,1.9120174562E8,2030-01-01
I895437,1846,2.144765977E7,2030-01-01
I896010,1341,1.6018918887E8,2030-01-01
I897057,1913,2.2796451208E8,
I898060,442,8233282.29,2030-01-01
I899744,1998,2.600484417E7,2030-01-01
I901891,1041,1.0856611282E8,2030-01-01
I912744,1142,1.6316325557E8,
I913354,664,1.59621647E7,2030-01-01
I915154,955,8.621626077E7,
I922057,-539,1255850.72,2025-09-24
I935965,734,7.776961406E7,
I830458,1241,7.933760683E7,2030-01-01
I834783,1204,2.545079856E7,2030-01-01
I828514,653,5.051303432E7,
I832908,1338,1.6660418423E8,
I839664,1829,5.634816831E7,
I841293,1866,8.621323992E7,2030-01-01
I841709,962,8.263598725E7,2030-01-01
I843281,359,3.78983599E7,
I845913,1382,1.4833640135E8,2030-01-01
I853278,1757,1.9137687646E8,2030-01-01
I858786,-544,4.933878758E7,2025-09-22
I864183,1931,1.8281620504E8,
I868345,-198,2.232485843E7,
I869844,-523,6.53385184E7,2025-10-31
I875951,1496,1.5616756027E8,
I879461,971,2.866695437E7,2030-01-01
I882788,-517,3.571659288E7,2025-10-08
I887479,-359,3672516.16,2025-09-10
I890753,1793,1.7836030721E8,
I895342,374,4.75797335E7,
I905110,931,1.933925578E7,
I913948,1181,1.3757128644E8,
I915048,604,4.562971864E7,
I917691,1246,4.563308758E7,
I924602,-1827,1.318781839E8,2025-10-22
I924780,-1578,7299342.0,2025-09-30
I927709,-291,1.621057811E7,2025-10-28
I932274,1029,5.188082851E7,2030-01-01
I830766,-764,1.550806176E7,2025-10-10
I831716,636,3.034161269E7,2030-01-01
I836767,686,6.311850502E7,2030-01-01
I838617,827,9.234841419E7,2030-01-01
I839251,243,9712405.79,2030-01-01
I844563,228,1.708450265E7,
I844909,-789,5.462469046E7,2025-09-15
I847093,-1501,2.2465051565E8,2025-09-03
I849314,920,5.45624622E7,2030-01-01
I855496,-937,1.239951092E7,2025-10-25
I859306,1476,3.915375341E7,2030-01-01
I872719,604,2.611966236E7,2030-01-01
I873962,-546,3.068080562E7,2025-10-15
I875865,833,8.061830972E7,2030-01-01
I875879,1187,1.547573154E7,
I877552,778,1.08734685E8,
I881482,823,4.422823816E7,
I885447,-170,4625276.3,2025-10-11
I885691,1295,1.0443891309E8,
I891354,408,2.638750576E7,2030-01-01
I896168,1364,1.1145440924E8,2030-01-01
I896636,-1219,6.324569076E7,2030-01-01
I896740,1258,7.98015083E7,2030-01-01
I905506,-860,3.813815352E7,2025-10-16
I914686,1318,1.3716918193E8,2030-01-01
I928071,-1462,1.689361703E7,2025-09-24
I930215,544,3.758631449E7,2030-01-01
I933147,-794,8.010369081E7,2025-09-08
I934037,-1637,1.9582059905E8,2025-09-04
I824973,-555,3.547902448E7,2025-09-01
I829596,87,1.125050125E7,2030-01-01
I830229,1249,4.442076188E7,2030-01-01
I830403,811,2.772332135E7,2030-01-01
I831472,-346,7446614.05,2025-09-22
I831594,1134,7.074579218E7,2030-01-01
I834143,771,8.89199213E7,2030-01-01
I826118,1658,0.0,
I826622,144,7973563.75,
I836270,426,1.837630819E7,2030-01-01
I837251,1048,1.1363071253E8,
I843188,-482,4681250.41,2025-09-28
I852026,1391,1.8547453265E8,
I856126,1426,2.1195313612E8,
I862238,97,1.284824028E7,2030-01-01
I866985,998,5.637446476E7,2030-01-01
I867021,348,2.682082449E7,2030-01-01
I867823,-1563,1.5219715227E8,2030-01-01
I872428,875,3.136851769E7,
I872876,902,5.85295213E7,2030-01-01
I873449,1034,1.1221461838E8,2030-01-01
I879618,304,1.181154935E7,2030-01-01
I885259,1346,1.3435687419E8,
I885288,-978,5.764847732E7,2025-09-20
I887611,1092,1.009118672E7,
I888207,512,5.743803181E7,
I902920,845,6.333371162E7,2030-01-01
I903199,872,2.266079003E7,2030-01-01
I903631,1631,1.2485923901E8,2030-01-01
I908212,-938,4.403483273E7,2025-10-31
I910118,-1188,1.5674227358E8,2025-10-16
I912626,-193,1.926277579E7,2025-09-29
I913259,-192,9890188.35,2025-09-26
I925711,854,3.04316394E7,
I929367,1508,4.015068729E7,2030-01-01
I938745,624,3.876750907E7,
I823830,-1773,2.0486581062E8,2025-09-14
I830052,1104,6359521.83,2030-01-01
I833259,-419,4.001044345E7,2025-10-20
I835187,-1721,2.696085019E7,2025-10-02
I828151,-1856,2.0693541585E8,
I838654,-1476,1.7806722194E8,2025-09-13
I846624,908,9.817773842E7,2030-01-01
I854250,499,4.079566577E7,
I867979,628,7850092.01,2030-01-01
I870175,1077,6.246004092E7,
I871283,976,6.581636013E7,2030-01-01
I872589,916,1.0162870334E8,
I874706,-896,1.0337222398E8,2025-10-10
I877151,746,9.29212726E7,2030-01-01
I877637,677,4.853221051E7,2030-01-01
I883447,1690,1.8457686742E8,
I885995,1304,4.809862859E7,
I890550,1818,2.5006957319E8,
I891067,1738,1.9996521666E8,
I893891,1887,5.143393418E7,2030-01-01
I904236,1023,1.17348475E7,
I906427,1802,1.907118619E7,
I909057,-1624,2.058040358E8,2025-10-09
I909551,1476,2.1525672614E8,
I910953,1189,3.910671736E7,2030-01-01
I917112,1570,1.930561565E8,2030-01-01
I919071,1821,1.5491826384E8,
I919965,-880,1.1044679822E8,2025-09-19
I929181,1568,8.496441624E7,
I825458,-612,8.351896096E7,2025-10-14
I829584,-1103,5935227.07,2025-10-02
I830177,378,2.655001922E7,2030-01-01
I843073,573,8.581955025E7,
I843270,734,7.136107677E7,
I843339,325,1.90281528E7,
I847266,1373,2.0251922171E8,2030-01-01
I849207,1258,6.784345715E7,2030-01-01
I853356,-1256,1.395737362E7,2025-09-17
I853526,-802,3.338503262E7,2025-10-23
I859020,-1942,2.6770033261E8,2025-09-07
I865845,-379,1.296808505E7,2025-09-14
I867263,209,3.004657893E7,
I867363,-741,7.98257159E7,2025-10-26
I867532,680,4.93275576E7,
I871632,182,3218054.67,2030-01-01
I883363,873,8.907452116E7,2030-01-01
I887486,143,3425549.99,2030-01-01
I891412,-1124,1.0567416259E8,2025-10-05
I893613,608,8.980280263E7,
I894816,1559,3.323332311E7,
I896489,679,503493.85,2030-01-01
I898374,236,1.176477217E7,2030-01-01
I899698,-1511,1.4468292264E8,2025-10-21
I902504,-726,8.425458441E7,2025-09-28
I903424,1317,1.2892162603E8,
I907221,-1338,9.579560949E7,2025-10-11
I907779,-987,3.107507345E7,2025-09-04
I914508,778,1.1076927294E8,
I914923,1607,0.0,2030-01-01
I915736,-1188,8.69734109E7,2025-10-15
I918450,1330,7.555383435E7,
I925832,-549,2.117314494E7,2025-10-03
I932653,520,6.402753161E7,2030-01-01
I934377,1442,7.656295833E7,2030-01-01
I934496,631,9.132489122E7,
I934631,666,1.229046203E7,
I937078,318,3.10325242E7,
I826314,1056,7.248404897E7,2030-01-01
I827556,-178,833104.92,2025-10-10
I828620,-202,4427890.19,2025-09-05
I828810,-564,3.536632699E7,2025-10-11
I833770,-708,3.935245607E7,2025-10-13
I832866,1655,9.66500633E7,
I835227,737,4.230034595E7,
I837938,524,1.830678912E7,
I843817,655,3.851982129E7,
I844568,1286,3909943.55,2030-01-01
I849350,1709,6.428327531E7,
I853969,1283,3.576144566E7,2030-01-01
I857758,1705,1.5330072399E8,2030-01-01
I864016,1063,8.265921858E7,2030-01-01
I867677,-737,6.150627368E7,2025-10-11
I870214,536,3.828556582E7,
I877792,-1542,2.2377446842E8,2025-10-09
I878507,422,1.906524174E7,
I886356,322,3.764629712E7,2030-01-01
I887025,654,8.277315259E7,
I888741,907,2.333586775E7,2030-01-01
I891602,335,4010536.39,2030-01-01
I892093,1882,1.2014579374E8,
I892316,-460,4.320955629E7,2025-09-07
I896916,651,8.99187735E7,2030-01-01
I900588,1518,4.466839164E7,2030-01-01
I903904,1841,2.722783123E8,2030-01-01
I907980,-1168,7.369645613E7,2025-09-19
I913165,1270,1.7838689699E8,2030-01-01
I914199,1839,5.054945198E7,
I914466,-1998,1230277.92,2025-10-04
I915663,264,3.238861725E7,2030-01-01
I918007,-1492,5.471678348E7,2025-09-14
I918767,-1856,2.7099593349E8,2025-10-12
I920808,975,1.2947550626E8,2030-01-01
I924328,-231,1.720177487E7,2025-10-03
I935463,1374,0.0,
I830740,1257,1.8614829984E8,2030-01-01
I831005,562,5.901059631E7,2030-01-01
I832592,-940,1.1899676615E8,2025-10-14
I823560,-260,2.321999283E7,
I836882,1702,2.1228975505E8,2030-01-01
I841849,1312,9.151915863E7,2030-01-01
I848156,1632,2.356374745E8,2030-01-01
I854516,954,1.167660043E8,2030-01-01
I856281,648,1.476952364E7,2030-01-01
I862758,399,3.742651268E7,
I863191,-389,4.773647779E7,2025-09-28
I863449,428,4.124578516E7,2030-01-01
I865338,797,9.689611689E7,2030-01-01
I867511,-1769,1.6484649458E8,2025-10-06
I868729,-509,2.172720349E7,2025-09-08
I869441,1348,1.7432123793E8,
I872569,596,5.542056965E7,
I876284,-1707,1.3129612975E8,2025-09-22
I878473,1926,9.598219969E7,2030-01-01
I880726,1207,0.0,
I883688,502,2.400731984E7,2030-01-01
I885408,615,1.80978271E7,
I888419,532,7.797474455E7,
I888456,960,8.669606249E7,
I889981,1287,4.522530738E7,2030-01-01
I895816,503,7.32376753E7,2030-01-01
I897871,-368,3.433356513E7,2025-10-25
I902838,-1093,7.663823718E7,2025-10-30
I907938,878,0.0,2030-01-01
I908700,-92,1.32202143E7,2025-10-22
I937018,-746,4.885733205E7,2025-10-10
I937470,-669,6599727.86,2025-09-15
I938252,-1342,1.3628778587E8,2025-09-22
I824248,1152,4.584813749E7,2030-01-01
I831462,1743,8.595647939E7,2030-01-01
I829807,159,1.583855655E7,
I830006,1844,2097213.31,
I831684,309,1.949947854E7,
I837301,-500,6.553676429E7,2025-10-10
I840318,1331,2353497.87,2030-01-01
I846535,-1284,8.802836368E7,2025-09-23
I859964,1499,2.1527077341E8,
I864879,1032,9083554.27,
I868571,1299,1.1605214532E8,
I872183,1039,9.051916754E7,2030-01-01
I872818,778,2.919601584E7,
I874167,1201,1.4259501489E8,2030-01-01
I876999,1933,1.9377946283E8,
I877796,-201,1.108448472E7,2025-10-27
I880401,1208,4.231044436E7,
I887797,1912,0.0,
I892458,1659,7.667917674E7,2030-01-01
I899234,1996,1.0196753461E8,
I917229,1537,1.598220192E8,2030-01-01
I918263,1953,1.303434622E8,
I918858,477,9135674.95,2030-01-01
I920016,101,7384638.06,
I922389,1724,8.321543808E7,
I924362,-946,8.344451662E7,2025-10-26
I930944,1613,2.2158375437E8,2030-01-01
I934776,366,2.117777377E7,
I842063,1125,1.2922469779E8,2030-01-01
I842266,588,2162193.57,2030-01-01
I852268,295,3.522866961E7,2030-01-01
I853384,432,3.690764113E7,2030-01-01
I857450,-754,3.16613379E7,
I873645,-1414,2.551951556E7,2025-09-03
I873686,160,8385961.42,
I881224,1322,7.193585711E7,
I885569,-1349,9.202013814E7,2025-09-25
I889525,968,8.22229611E7,2030-01-01
I890415,902,1584621.45,2030-01-01
I891416,325,4.067962661E7,2030-01-01
I893012,1621,2.73224453E7,2030-01-01
I893940,105,6904733.1,
I894506,277,1.835107817E7,2030-01-01
I894725,1287,2618092.58,2030-01-01
I899348,1894,0.0,2030-01-01
I899764,630,6.571797378E7,2030-01-01
I900975,1681,5.677687997E7,2030-01-01
I901472,-143,1.919197428E7,2025-09-03
I904500,1397,8.53555159E7,2030-01-01
I907711,353,4.674495636E7,
I908240,1789,2.1566254569E8,2030-01-01
I913674,-294,5236774.92,2025-09-16
I915108,1791,2.3533596853E8,
I916960,588,3.182935524E7,2030-01-01
I917028,424,5.908917766E7,2030-01-01
I920677,1801,2.0329901241E8,
I922763,1638,6.698194526E7,
I922775,-1913,2.7468310644E8,2025-10-30
I925704,-635,9.099470207E7,2025-09-02
I930932,-1543,1.7201599715E8,2025-09-19
I932550,1336,1.6041795059E8,2030-01-01
I936830,1382,1.970735186E8,2030-01-01
I836507,-1707,9602589.81,2025-10-05
I842769,-626,1.683950241E7,2025-10-24
I847738,273,8714919.6,2030-01-01
I852738,-1221,1.4928442608E8,2025-09-22
I854911,-1284,5.667467141E7,2025-10-28
I867357,2000,2.5877439578E8,
I873266,196,2.739046407E7,
I876755,-1956,1.5134363803E8,2025-09-10
I877212,1054,9.295875451E7,
I882842,1448,2.170756371E7,2030-01-01
I886340,432,1.185573419E7,
I887159,-1451,7.954345672E7,2025-09-01
I888231,1723,1416347.0,
I890254,220,1.987534105E7,
I890693,-1499,1.3530392766E8,2025-10-01
I897207,-814,6.128766626E7,2025-10-21
I899115,1384,8.781084896E7,2030-01-01
I901020,1456,1.1718629244E8,2030-01-01
I909450,249,3.277563218E7,
I912701,1382,1.2307082837E8,2030-01-01
I912943,-1343,4.787428522E7,2025-09-04
I916183,1617,5.60114039E7,2030-01-01
I921201,1244,9.576307697E7,
I921798,1343,1.1053836046E8,2030-01-01
I922092,1723,1.39075673E8,
I922900,1859,1.4495404478E8,
I926540,1293,6.664247116E7,
I930376,1938,9.365241468E7,
I931078,-1614,5.083917126E7,2025-10-31
I931717,-1045,2.831156079E7,2025-10-18
I937139,1289,7342578.97,
I938265,689,2.055967006E7,2030-01-01
I939959,779,7.725869675E7,2030-01-01
I946153,1721,4.080664408E7,2030-01-01
I946535,684,3.895911885E7,2030-01-01
I943002,1821,2.684251424E7,
I951822,504,1017878.64,2030-01-01
I952781,530,6.215024226E7,2030-01-01
I956499,571,1.119844354E7,2030-01-01
I981760,1287,8.343433482E7,2030-01-01
I982669,1766,1.5056073739E8,2030-01-01
I987297,1823,1.1794770732E8,2030-01-01
I989219,1863,2.4873377328E8,
I989397,-388,3364043.9,2025-10-09
I991982,932,7.560964252E7,2030-01-01
I1000988,1356,2.442558419E7,2030-01-01
I1003047,292,2.425629457E7,
I1004470,-768,3.255093236E7,2025-10-03
I1009061,-1912,1.4965011341E8,2025-10-03
I941526,-524,5.972856136E7,2025-10-24
I942520,1607,1.58011227E7,2030-01-01
I943423,-1860,3.567457813E7,2025-10-18
I945112,498,3.990106967E7,2030-01-01
I949332,1608,1.380642206E8,2030-01-01
I941747,1544,2.2426536213E8,
I941811,337,1.353250018E7,
I953013,1011,5.967838213E7,
I960632,1180,5686693.72,
I963901,404,2583328.04,2030-01-01
I964095,1825,8.832727473E7,2030-01-01
I969695,414,5683705.51,
I970269,1849,2.6177991201E8,
I973811,882,1.1698917062E8,
I989047,1028,1.351691508E8,
I992509,357,2.527718443E7,2030-01-01
I999996,-1307,1.1743166625E8,2025-10-31
I1000347,-62,7092492.25,2025-10-01
I1001995,-1245,8.986515895E7,2025-09-29
I1007093,1637,1.4228065367E8,
I946166,1257,1.636556314E8,2030-01-01
I941636,1347,1.1138927982E8,
I944641,1168,1.6011246955E8,
I952596,1145,1.894337331E7,
I959655,1201,1.0242841717E8,
I963404,241,1.883885053E7,
I964111,1443,1.5845635018E8,2030-01-01
I965355,955,1.41797395E7,
I975883,1185,4.845029005E7,2030-01-01
I976288,-51,6963647.15,2025-10-23
I977705,489,6.895831162E7,2030-01-01
I984903,1083,1.0329581006E8,
I987956,552,3.352014681E7,
I989266,829,1.1458273925E8,
I990338,-1693,5.090855243E7,2025-10-04
I993243,1660,1.0199654511E8,2030-01-01
I998999,-1321,3.798499188E7,2025-09-02
I999431,615,7.255891082E7,
I1002051,59,6049835.51,
I1003785,116,1.263516397E7,
I939019,-151,1.791060711E7,2025-10-15
I943331,150,1.639840512E7,2030-01-01
I945187,-1468,2.588449657E7,2025-10-20
I948731,-1900,4.464732581E7,2025-10-31
I948776,-402,1.223123869E7,2025-09-25
I950234,-1026,1.3935991509E8,2025-09-28
I952436,-889,4.421299024E7,2025-09-07
I963249,-1448,1.2940719258E8,2025-09-13
I965529,-57,342984.45,2025-10-24
I966601,-865,3.536887576E7,2030-01-01
I967206,1457,6.927330174E7,
I976514,-1784,1.7444259266E8,2030-01-01
I976744,1505,3.970648265E7,2030-01-01
I983460,1137,1.627039537E8,
I983676,307,2.986136623E7,
I992024,1747,2.2447772331E8,2030-01-01
I992924,659,8.297026702E7,2030-01-01
I994119,309,4.394505798E7,
I996411,999,4.333619752E7,2030-01-01
I996603,-462,1.867961166E7,2025-10-25
I997617,-1258,2785015.36,2030-01-01
I999248,1494,2.0423414045E8,2030-01-01
I1000846,1395,1.8581567149E8,2030-01-01
I1001861,541,6176180.3,2030-01-01
I1002354,1538,2.2814547797E8,
I1006490,-1797,2.3704846723E8,2030-01-01
I939647,-381,1545010.79,2025-09-21
I949363,421,5.154483239E7,
I960820,737,1.0887908787E8,
I965466,-1727,2.010340053E7,2025-09-27
I966578,-1491,1.6818545649E8,2025-09-02
I975369,1775,8.297483211E7,
I977406,1931,1.2465117501E8,2030-01-01
I978226,-1164,1.6914009581E8,2025-10-01
I985727,725,5.196554532E7,2030-01-01
I988266,-1774,1.191113513E8,2025-09-07
I988625,582,6.242351383E7,
I989239,650,3.716866945E7,2030-01-01
I989270,617,5.584516518E7,
I994764,750,5.659023962E7,2030-01-01
I1000870,920,1.3431235734E8,2030-01-01
I1001253,-455,4.571732705E7,2025-09-04
I1001627,-1704,1.3422252835E8,2025-10-19
I1003886,960,8.956731946E7,2030-01-01
I952148,1016,2.610003971E7,
I954294,-1164,7.070888005E7,2025-10-21
I955158,-231,3.145529063E7,2025-10-02
I965398,-1700,7.078898233E7,2025-09-18
I966694,1106,933621.45,
I967245,211,1.456269464E7,2030-01-01
I967531,1770,1.4548215721E8,2030-01-01
I972015,-387,1159598.07,2025-10-20
I983955,1048,3.268044486E7,2030-01-01
I984459,-239,1.672025385E7,2025-09-13
I991414,-1607,2.505913986E7,2025-09-11
I992686,1624,1.4746428507E8,
I993101,-1169,1.1719671539E8,2025-10-16
I1006291,-1204,5.528772649E7,2025-10-11
I1006440,1233,9.489945868E7,
I1008402,1123,9.165517586E7,
I1009053,482,5.444507272E7,
I939085,-307,2.26297999E7,2025-10-06
I942605,213,2.378152751E7,2030-01-01
I948417,1784,2.0806048235E8,2030-01-01
I941709,1973,4.248560866E7,
I949515,321,3.909830494E7,
I950012,1777,1.5560161475E8,
I952813,-675,1.674717577E7,2025-09-02
I954729,-937,3.551034835E7,2025-10-19
I956764,921,7.842156305E7,
I961607,-1350,1.8260549992E8,2025-10-11
I961800,549,1.504265428E7,2030-01-01
I965373,207,2.40289169E7,2030-01-01
I967776,924,1658579.86,2030-01-01
I978565,975,3.053927054E7,
I983657,1204,1.279715289E7,
I984715,-1952,2.3512636699E8,2025-09-10
I994052,1783,2.0187464755E8,2030-01-01
I1009807,-1274,8.020982272E7,
I938839,1136,1.4843866615E8,2030-01-01
I951306,922,1.980544631E7,2030-01-01
I967915,-235,2.059242599E7,2025-09-25
I973411,770,6.973233313E7,
I973788,1645,2.3989520993E8,
I974685,1392,1.1463579737E8,
I978490,-197,1.991838422E7,2025-10-25
I981762,547,2.278085797E7,
I985017,1367,3.462076274E7,2030-01-01
I993635,1406,1.4763513752E8,2030-01-01
I995946,1381,1.57954922E7,2030-01-01
I996246,1281,1.97796522E7,2030-01-01
I998356,349,1.913800071E7,
I1002062,448,1.227571467E7,2030-01-01
I1005247,-1778,2.1705227912E8,2025-10-25
I939405,528,1.953008117E7,2030-01-01
I948298,1721,1.1999660267E8,
I949994,509,7.295046106E7,
I952589,895,5.160863103E7,
I958829,-1245,9.839025287E7,2025-10-30
I970166,1079,1.3062738879E8,2030-01-01
I972704,-1798,2.2260243785E8,2025-09-07
I974753,543,3.528025013E7,
I975435,1866,8.179019567E7,
I984457,271,7572061.01,
I988315,-220,3.047786591E7,2025-10-04
I994466,-647,4.338649728E7,2025-09-03
I994706,-1663,1.7167969386E8,2025-10-05
I996750,1670,8.557503487E7,2030-01-01
I1009974,-230,2.847068926E7,2025-09-23
I940926,-1609,1.0968199862E8,2025-09-28
I948577,335,2.939195376E7,
I948669,284,2.897360439E7,
I951528,1448,1.7421919364E8,2030-01-01
I953822,1229,1.5423075757E8,2030-01-01
I959558,1595,1.3610513827E8,
I962795,1139,6.788873033E7,2030-01-01
I972020,197,1.744031749E7,2030-01-01
I978758,1026,8.760528274E7,
I979373,-873,1.1316153132E8,2025-09-03
I981565,-491,765867.73,2025-10-24
I991483,-396,4861953.34,2025-10-07
I998793,1417,1217755.53,2030-01-01
I1005127,-208,1.848591415E7,2025-10-14
I948449,1094,5.995334871E7,
I955890,369,4.452373128E7,2030-01-01
I962209,-517,3.334123986E7,2025-09-08
I968234,1593,1.2675427626E8,
I968616,-654,8.085720427E7,2025-09-12
I973952,1222,4715816.22,
I974460,-589,7.898527942E7,2025-09-21
I976422,1771,7.837251722E7,2030-01-01
I982772,1338,1.6154552069E8,2030-01-01
I983270,1613,1.3520619746E8,
I985097,-898,4.746161435E7,2025-09-14
I989904,-592,1.393925723E7,2025-09-04
I995033,1499,1.273922264E7,
I998744,539,6.54369806E7,2030-01-01
I999297,694,7.420422787E7,
I1003399,1729,0.0,2030-01-01
I1006435,1817,1.5618219922E8,2030-01-01
I941945,-359,8287435.96,2025-09-04
I944969,-1339,1.827340277E8,2025-10-30
I946627,408,8831837.74,
I952175,1860,1.7584019399E8,2030-01-01
I953898,-1094,1.4943531975E8,2025-10-22
I955401,548,1.24000325E7,
I956749,409,6968027.72,2030-01-01
I961479,484,5.508597342E7,2030-01-01
I963163,461,2.200206829E7,2030-01-01
I966648,189,2.279163357E7,
I971968,390,0.0,
I974870,1173,7.432796235E7,
I987008,296,3.31377665E7,
I998972,1203,5.772780158E7,
I1008651,966,1.216174652E7,
