item_id,units_sold,revenue,sale_date
I19400,-134,1.821283347E7,2025-10-16
I21766,191,3766057.48,2030-01-01
I12634,1673,3.105070834E7,
I13804,1507,1.6990698332E8,
I22875,1013,3.828423557E7,2030-01-01
I25607,-1858,1.1431437744E8,2025-10-06
I27182,861,1.2489479303E8,2030-01-01
I28638,248,2.271071245E7,2030-01-01
I29732,996,7.866472791E7,2030-01-01
I34892,1123,5.758477513E7,2030-01-01
I36191,367,1.435541828E7,2030-01-01
I43655,1284,1.0976361765E8,2030-01-01
I50422,980,1712309.81,2030-01-01
I61257,1112,1.2551031664E8,
I61662,-51,6839005.63,2025-09-18
I62619,-1890,8.791056665E7,2025-10-15
I70671,196,4780487.46,
I74527,-623,2.995665115E7,2025-09-02
I74961,202,1.829221921E7,2030-01-01
I95715,-505,6.164107113E7,2025-09-09
I97776,-545,0.0,2025-10-06
I104213,-488,3.247014394E7,2025-09-01
I104676,1370,1.5856043273E8,2030-01-01
I105173,1997,2.5948488349E8,2030-01-01
I106401,-1173,1.1672582654E8,2025-10-06
I111969,-646,4.406668024E7,2025-10-09
I115952,851,2.109200769E7,2030-01-01
I118313,50,3621284.69,
I122586,-719,7.514089664E7,2025-09-30
I125421,278,9218376.2,2030-01-01
I12581,-987,4.78001756E7,2025-09-13
I17898,-1900,1.6168552789E8,2025-10-23
I16509,1037,1.3372734866E8,
I23699,-915,6.033049849E7,2025-09-18
I25889,999,0.0,
I28326,-1972,1.839203102E7,2025-09-14
I31018,751,2.367699935E7,2030-01-01
I31375,-784,9.737037391E7,2025-10-08
I34577,999,1.02067805E8,2030-01-01
I41047,785,1.0442379606E8,
I41631,1498,1.542315291E8,
I49986,1591,7.289629783E7,2030-01-01
I53288,906,2.475996971E7,
I55462,393,8357429.24,2030-01-01
I55852,-1667,1.6124144097E8,2025-09-06
I61199,-682,8.596841084E7,2025-09-12
I61827,1372,1685484.04,2030-01-01
I62824,1794,6.896869809E7,
I69408,1663,9.962459219E7,2030-01-01
I87118,1930,1.1922186011E8,2030-01-01
I91890,-274,3.818078337E7,2025-10-01
I97926,1395,1.7606806979E8,
I99539,437,5.594848364E7,2030-01-01
I101149,1784,2.5461724922E8,2030-01-01
I107187,1167,2.349678344E7,
I111021,-1041,1.2335395748E8,2025-09-29
I111055,-393,1093071.89,2025-10-01
I112765,1718,2.552434885E7,
I115009,1774,1.003837687E7,2030-01-01
I118733,96,1.29861658E7,2030-01-01
I121321,-57,2986227.75,2025-09-02
I121998,1529,0.0,
I124763,-312,3.775048522E7,2025-10-05
I12692,-1592,1.6123933784E8,2025-10-21
I27007,1657,1.6057476457E8,
I28181,1019,1.1504413584E8,
I28961,224,3.199289193E7,2030-01-01
I31615,-806,6.224863501E7,2025-10-04
I32627,515,6.530253715E7,2030-01-01
I42778,807,8.257551109E7,
I43329,977,5.619593871E7,2030-01-01
I45956,-524,6.447532036E7,2025-09-17
I49346,-997,3.010187917E7,2025-10-18
I51253,-1101,1.596218333E8,2025-09-12
I51586,547,1.258524457E7,
I56976,604,6.655664685E7,2030-01-01
I57559,1983,2.7406154426E8,2030-01-01
I58565,-422,0.0,2025-10-02
I64056,1944,2.1574861671E8,2030-01-01
I70979,1854,8.658880237E7,2030-01-01
I78720,375,5.561488319E7,
I78955,-415,4.441026363E7,2025-09-16
I81604,1498,1.2268659729E8,
I84948,294,4.281656129E7,2030-01-01
I90056,1431,2.206581829E7,
I93862,534,1.252370166E7,
I99811,1680,1.7796708699E8,2030-01-01
I101014,1538,1.8071329281E8,
I101998,-1360,1.1265991518E8,2025-09-26
I103093,-580,1.63911056E7,2025-10-18
I108899,-1622,3.458119896E7,2025-09-05
I109395,850,1.2550048608E8,
I117270,309,2.953783576E7,
I118801,1922,9.995599941E7,2030-01-01
I121617,1397,2.0648094297E8,2030-01-01
I124981,1577,1.5505699948E8,
I127432,-1020,9538712.69,2025-10-17
I127468,-1321,1.6428933496E8,2025-09-17
I127739,1821,1.4060135411E8,2030-01-01
I12619,-1708,2.0624072593E8,2025-09-19
I16286,1963,2.884770739E8,2030-01-01
I18467,-1250,1.2205798702E8,2025-10-31
I22331,-1671,2.1126458749E8,2025-10-07
,457,3.811941912E7,2025-10-26
I16653,1080,5.15498115E7,
I23813,-813,9.471977042E7,2025-09-11
I25321,171,3942304.87,2030-01-01
I25792,830,2.642338123E7,
I26394,-801,4.724596542E7,2025-10-29
I29377,-544,6373990.17,2025-10-12
I39623,983,4.682213334E7,2030-01-01
I39839,624,2.776317805E7,
I41703,267,4647927.98,2030-01-01
I43910,-1844,1.2825867496E8,2030-01-01
I50440,1325,1.422952683E8,2030-01-01
I55441,1351,1.9495913085E8,
I56252,-1012,1.2203659442E8,2025-09-07
I59394,1959,1.2249535651E8,2030-01-01
I63862,1255,1.3308502065E8,
I65933,516,0.0,
I68093,-906,8.389481471E7,2025-10-01
I69978,1559,3602085.45,
I72564,-239,1.091554326E7,2025-09-06
I73432,568,4.662102381E7,2030-01-01
I76430,1568,8.516288308E7,2030-01-01
I77295,-1763,2.3192426796E8,2025-09-13
I80304,1243,4.476984648E7,
I81449,1947,2.0106501943E8,
I81636,1761,1.2563947542E8,2030-01-01
I86152,-1412,1.654366814E8,2025-10-08
I88878,1307,7.204405981E7,
I89310,1319,1.4724898001E8,
I96419,774,1.1442299887E8,2030-01-01
I105466,1632,1.5381137126E8,
I119391,-1606,1751125.62,2025-09-03
I14777,-1391,8.676500901E7,2025-10-12
I12246,1013,1.3228546356E8,
I13972,1179,2.835065486E7,
I15088,389,4.566667378E7,
I21783,1266,6.023542082E7,
I26985,73,1.067315909E7,
I31662,1046,1.1240954072E8,2030-01-01
I34000,-273,8697097.32,2025-10-25
I39808,-1072,1.5846234909E8,2025-10-13
I46452,-1773,2.2074087525E8,2025-09-18
I48846,935,5594262.28,2030-01-01
I51147,1176,1.1471839559E8,
I51811,-507,2.945324445E7,2030-01-01
I56090,1590,7.436221157E7,
I57853,-616,2.39639096E7,2025-09-02
I60104,-478,1.223013496E7,2025-10-12
I60118,232,1.887296769E7,2030-01-01
I60653,562,3.69231288E7,2030-01-01
I63365,1489,0.0,
I66074,-524,2478406.76,2025-09-12
I70997,-960,4.348181882E7,2025-10-25
I79732,1533,8.320766444E7,2030-01-01
I82928,416,5.440090051E7,
I87583,544,5.544843278E7,2030-01-01
I88312,-1239,1.986539754E7,2025-10-13
I91327,850,7.404370545E7,2030-01-01
I95141,1664,1.4280175524E8,
I100517,1642,1.4270038835E8,2030-01-01
I103166,1269,8220109.25,2030-01-01
I103370,1746,2.0651410229E8,
I105282,106,5269577.17,
I109185,577,8.404267044E7,
I112203,1925,1.0350492322E8,2030-01-01
I114133,484,5.593723503E7,
I117611,-1336,6.081089832E7,2025-09-19
I123067,1854,1.0172439163E8,2030-01-01
I125599,529,2.392292891E7,2030-01-01
I25242,1909,1.8899392362E8,2030-01-01
I26907,50,966904.99,
I30289,1691,2.2261511531E8,
I32492,1258,7.472416984E7,2030-01-01
I32633,-968,1.2677638892E8,2025-09-26
I34029,-609,3.564899353E7,2025-09-19
I42960,-200,7125120.79,2025-09-03
I44736,1426,4.686916013E7,
I45024,166,1.69692581E7,2030-01-01
I45752,1619,1.1755926363E8,
I54138,751,3.353600712E7,
I55929,233,2.584673737E7,2030-01-01
I59872,1822,1.4538405457E8,
I60048,803,4.610516421E7,2030-01-01
I63743,-1986,2.869473965E8,2025-09-16
I67361,-1607,9.016307125E7,2025-09-16
I72040,-1478,8.210994122E7,2025-09-15
I77522,-1356,1.330121889E7,2025-09-10
I82042,-503,5178049.88,2025-09-04
I82422,566,1.349773323E7,2030-01-01
I86275,610,4462782.98,2030-01-01
I88546,-1799,9207201.43,2025-09-25
I90853,266,3.886460382E7,2030-01-01
I94895,1163,5.178010603E7,
I102091,-774,2.905908567E7,2025-09-27
I107772,-59,4196881.21,2025-09-06
I110814,1408,1.448481414E8,2030-01-01
I117798,-1565,8.278694799E7,2025-10-15
I123367,484,4.406431151E7,2030-01-01
I14941,-982,1.1552665158E8,2025-10-22
I16898,-1585,1.7234640731E8,2025-10-23
I17693,-668,1.562898907E7,2025-10-11
I20807,999,1.3475842641E8,2030-01-01
I13010,565,7.738628888E7,
I25130,260,2.239346488E7,
I28414,802,2.241696825E7,
I28564,-692,8.839840375E7,2025-09-22
I33353,1429,1.9343258475E8,2030-01-01
I36432,104,3060109.26,2030-01-01
I37386,-488,4.055375385E7,2025-09-29
I39232,-1730,0.0,2025-10-23
I47030,-1644,6.910906439E7,2025-09-13
I48791,1943,5.411427161E7,2030-01-01
I48848,1455,6.840747909E7,2030-01-01
I49464,1208,1.437231605E8,
I50168,1033,9.246390468E7,2030-01-01
I54236,1716,1.286294832E8,2030-01-01
I64269,878,7.934054285E7,
I66581,-1065,6385864.28,2025-09-04
I67686,1656,4.432887166E7,2030-01-01
I70633,-218,2.144838045E7,2025-09-08
I70796,-1669,1.3301251016E8,2025-09-04
I72768,-376,1.183052729E7,2025-10-23
I78337,-1490,2.1251389471E8,2025-09-14
I78777,1443,3.082994116E7,2030-01-01
I79134,-153,1.079872937E7,2025-09-19
I94016,-1808,1.4954712325E8,2025-10-15
I95567,-219,5250159.17,2025-10-12
I98433,1220,4.841429585E7,2030-01-01
I98707,60,5954821.71,
I104077,-332,4.003915947E7,2025-09-03
I104449,938,4.121526712E7,2030-01-01
I105231,-126,4128321.62,2025-10-28
I106107,-1224,1.625632077E8,2025-09-11
I113211,-623,1.174493454E7,2025-10-05
I113620,115,1.424296268E7,2030-01-01
I119359,1893,4.542324757E7,2030-01-01
I126539,-307,2.162515145E7,2025-10-28
I15437,230,8917866.78,2030-01-01
I16259,-201,4400079.45,2025-09-29
I17818,1007,1.3552102417E8,2030-01-01
I16559,1418,1.5960869281E8,
I23918,786,1.1126744425E8,2030-01-01
I35946,-1942,4.327587778E7,2025-10-11
I47328,968,5.35303276E7,2030-01-01
I54689,359,3259019.8,
I62336,1148,9.386817721E7,
I65612,1229,7.410738799E7,2030-01-01
I65896,542,1.249717829E7,
I69248,531,6.669807141E7,2030-01-01
I74177,1755,1.4915539889E8,
I76579,1109,3.907514051E7,2030-01-01
I76610,-81,2748816.99,2025-09-19
I77251,416,0.0,2030-01-01
I77695,161,1.103123682E7,
I79391,-512,6.778301079E7,2025-09-06
I79750,519,3.16504567E7,
I81930,391,2.749647497E7,
I84874,894,6.476928817E7,
I94018,-592,0.0,2025-09-01
I94538,-496,1.554294597E7,2025-09-04
I106253,-1964,2.5090550863E8,2025-10-08
I111050,735,6.942548202E7,
I111532,-524,3.644987402E7,2025-09-03
I113309,1993,2.4771212877E8,2030-01-01
I114920,1655,1.8592875425E8,
I118015,-915,8.097573814E7,2025-10-01
I120387,1164,0.0,
I124188,-1768,2.492379656E7,2025-10-13
I11491,454,6.625452937E7,
I15233,549,3.682467784E7,
I24541,1243,1.0481452089E8,
I27669,-212,2.28072905E7,2025-09-07
I35878,-353,4.214713075E7,2025-09-13
I36728,667,7.810735031E7,
I39699,-1123,8.467653267E7,2025-10-23
I39768,-1874,1.5533444764E8,2025-10-21
I45156,1995,1.9308802498E8,
I52170,-1219,1.7851902905E8,2025-09-30
I60835,1207,1.522660047E7,
I62558,-521,4.869773292E7,2025-09-06
I71488,-1641,3.262185773E7,2025-10-04
I80135,-1615,1.542864466E8,2025-09-16
I81090,-394,1.462957853E7,2025-10-23
I86066,-366,1.863952571E7,2025-09-23
I93403,73,4659802.46,2030-01-01
I95296,1253,4.170511282E7,
I105027,1114,4.210997545E7,
I113569,1252,1.0889769936E8,2030-01-01
I116748,-260,2.078687447E7,2025-09-06
I124056,-1880,9.175157292E7,2025-09-08
I17931,-1156,3.459593512E7,2025-09-06
I18306,590,4.666775452E7,2030-01-01
I18401,1297,4.235973397E7,2030-01-01
I18518,-1212,5.714007336E7,2025-09-08
,73,2753145.54,2025-09-12
I32628,-240,5414553.99,2025-09-03
I34222,1039,1.0005115972E8,
I39331,119,1.201704302E7,
I40658,-342,2.191655506E7,2025-09-04
I40833,1498,8.874690887E7,2030-01-01
I49048,-1753,1.212323067E8,2025-10-16
I53057,993,4306215.87,2030-01-01
I53370,1765,3.515481715E7,
I55065,-1692,7.425182284E7,2025-10-25
I55119,1441,5.399041248E7,2030-01-01
I62001,1094,1.5115725608E8,
I67423,1025,1.320519372E7,2030-01-01
I69599,855,2.940358453E7,2030-01-01
I72681,-1624,1.9576082152E8,2025-10-22
I73385,-1508,1.2666323005E8,2025-09-03
I75284,419,1.597190449E7,
I78597,663,1.359504666E7,
I79160,1676,1.7757975956E8,2030-01-01
I81702,1507,1.651350393E7,2030-01-01
I83400,845,6.985052691E7,
I85927,407,8672576.74,2030-01-01
I91626,-1522,0.0,2025-10-19
I91671,-152,6783260.98,2025-10-09
I97591,-782,4.097840109E7,2025-10-24
I100330,-1764,2.4491364093E8,2025-10-22
I109243,253,2.682108862E7,2030-01-01
I112455,1615,2.3707245981E8,2030-01-01
I113643,1263,8.738454038E7,2030-01-01
I116136,288,3.849682408E7,2030-01-01
I124443,-552,7.367994057E7,2025-10-15
I16004,1655,2.24904913E7,2030-01-01
I18125,-1508,1.5543258165E8,2025-10-29
I19073,384,2.125697761E7,2030-01-01
I11658,1161,1.2514029752E8,
I13338,1880,1.7373619708E8,
I23356,123,1.558927849E7,
I25982,-1234,2.14609191E7,2025-09-27
I33254,1153,5.283643038E7,2030-01-01
I36185,550,1.277563033E7,
I37509,-1429,6.269234121E7,2025-10-07
I38586,-1553,1.2946738033E8,2025-09-18
I39558,-1480,2.1437538237E8,2025-10-09
I41661,-1215,1.5167704209E8,2025-10-24
I43702,-620,4.038247667E7,2025-09-29
I46000,-281,8002709.06,2025-09-24
I54270,-1580,1.462898843E8,2025-10-31
I56002,-1538,8.585236927E7,2025-10-06
I63200,986,1.596119976E7,
I66722,-426,5.958160549E7,2025-10-05
I67639,1317,1.6395892238E8,
I73875,-348,4.277901866E7,2025-10-02
I76085,-862,6.512421221E7,2025-09-05
I77518,501,6.792933946E7,
I77599,-1662,4.198544293E7,2025-09-16
I80487,226,9876754.52,2030-01-01
I81690,1886,2.718690636E8,2030-01-01
I82006,565,1.847184E7,
I86059,-968,1.2350873429E8,2025-09-18
I89507,1129,1.5603591236E8,
I90168,1214,2.291168268E7,
I95568,1264,1.2974922796E8,2030-01-01
I97016,-701,8.109945482E7,2025-09-14
I99813,1987,2.6364699137E8,
I116358,-588,6.730023853E7,2025-09-24
I117858,192,1.380189586E7,2030-01-01
I118793,-1715,1.1067611979E8,2025-10-16
I15527,-1024,1.2880991123E8,2025-10-28
I17430,-515,2.845014839E7,2025-09-10
I19534,1754,2.5149339225E8,2030-01-01
I33871,623,7.317121767E7,2030-01-01
I42983,-1781,1.5503474898E8,2025-10-13
I54961,792,1.0427285028E8,
I58072,976,5.438670863E7,
I59765,-1445,1.7383217001E8,2025-10-25
I60293,-1600,6.058743322E7,2025-10-13
I65700,-1099,9.298290446E7,2025-10-16
I65701,1614,9.151315353E7,2030-01-01
I70757,792,7.485994889E7,2030-01-01
I71533,176,1.463210601E7,2030-01-01
I75518,772,2.217499595E7,2030-01-01
I76874,437,5.535784708E7,
I80168,139,1.848329082E7,2030-01-01
I83091,520,4965106.97,
I90716,1837,1.112418376E7,2030-01-01
I101545,1098,6.650224016E7,2030-01-01
I102917,-383,5.231192884E7,2025-10-11
I106306,-1256,1.1523200598E8,2025-10-15
I109923,1710,2.4630559117E8,2030-01-01
I112982,-280,3.30847431E7,2025-09-02
I117362,144,0.0,2030-01-01
I120531,-1523,7.391466532E7,2025-09-29
I128868,1046,2.026669029E7,2030-01-01
I129554,713,1.0263114062E8,2030-01-01
I129557,-1680,1.6391436962E8,2025-10-08
I131609,-804,8.798636171E7,2025-10-23
I134257,-345,4.499549029E7,2025-09-28
I131138,816,1.1015539909E8,
I132519,1878,1.9835180292E8,
I136487,315,3.798070161E7,
I138600,1397,1.423651531E7,
I143135,1719,2.3817241053E8,
I145282,1572,1.1259921092E8,
I147262,362,4.807980773E7,2030-01-01
I147492,-86,1.274466959E7,2025-09-17
I148063,-1550,2.0585739998E8,2025-10-17
I148651,-1934,6.333649738E7,2025-10-30
I149367,-1024,2.354515356E7,2025-10-30
I152764,1043,9989160.18,
I153802,-1883,1.7445933798E8,2025-10-15
I154705,1927,7.127699678E7,
I155804,-70,6801176.7,2025-09-04
I157491,925,8.825086669E7,2030-01-01
I161427,-314,8086796.04,2025-10-30
I165053,-1790,1.4218569277E8,2025-09-05
I174685,1817,2.6024746186E8,2030-01-01
I182251,551,6.096716796E7,
I185196,-66,9681681.87,2025-09-13
I193339,1286,1.6322823057E8,
I200254,-1582,2.218610738E7,2025-09-23
I200517,1693,1.7744215084E8,
I202878,1704,2.3927994363E8,2030-01-01
I207316,-1036,1.4623923935E8,2025-10-19
I211801,-1697,2.024938672E8,2025-09-19
I212791,-1974,1.9758876687E8,2025-09-27
I216747,1924,2.6396479221E8,2030-01-01
I220538,-397,4.446715594E7,2025-09-10
I227362,-1617,0.0,2025-10-11
I227455,-382,2.011489596E7,2025-09-18
I228427,-1608,1.9233722687E8,2025-10-18
I232085,1238,1.139974028E7,2030-01-01
I233232,1601,8.658371507E7,2030-01-01
I234805,-431,3.735538443E7,2025-09-09
I235553,1848,1.07791348E8,
I240883,869,3.157886381E7,2030-01-01
I241150,1284,1.2164087273E8,2030-01-01
I133523,1685,3.874300974E7,2030-01-01
I135098,-1400,3.706631619E7,2025-10-07
I136346,-584,7.693679058E7,2025-09-02
I140610,-72,1204589.16,2025-09-20
I130218,1229,5.894111802E7,
I135346,1320,3321524.6,
I137884,1093,8.376660566E7,
I143065,954,4.464983606E7,
I144827,1063,5.398360087E7,2030-01-01
I145989,1732,2.5772651822E8,
I147635,927,1.0029197185E8,2030-01-01
I154298,838,9.862096162E7,
I157034,781,5.858574921E7,2030-01-01
I159450,1999,2.8599926674E8,
I160283,1879,1.4532957177E8,
I164980,-543,3.514734027E7,2025-10-19
I166983,424,1.312300478E7,
I176013,680,8.384343473E7,
I176263,434,2.505404617E7,
I177231,541,2.973454192E7,
I178817,1221,1.175878573E7,2030-01-01
I181817,1478,1.561740358E8,
I190464,-476,4.492901722E7,2025-09-09
I192684,1470,1.9246939561E8,
I193099,1578,5629907.81,
I198478,1649,7.241029723E7,2030-01-01
I201463,1302,1.659923124E8,2030-01-01
I205000,695,2605599.27,
I208558,615,1.2680971E7,2030-01-01
I211792,463,3.909291569E7,2030-01-01
I214466,1199,2.292414984E7,
I215776,1128,5471626.83,2030-01-01
I216672,1965,1.816828651E7,
I220737,-1609,2.53791965E7,2025-10-07
I227902,272,3.612563804E7,
I232723,-1177,5.751344476E7,2025-09-20
I234735,311,4.380667267E7,
I235848,-1190,1.2085573946E8,2025-10-02
I237702,1608,2.2549811896E8,2030-01-01
I238146,1021,1.4366780881E8,2030-01-01
I241915,-160,6505713.39,2025-09-14
I131051,1425,2.674034655E7,2030-01-01
I135170,-111,1.442866408E7,2025-10-04
I137847,-454,1603350.84,2025-10-02
I132565,1951,6.695293664E7,
I136311,537,1.861727673E7,
I136756,560,2.700594605E7,
I148197,-1383,1.7290839802E8,2025-10-01
I149145,164,1.897560926E7,2030-01-01
I150378,660,6.986187266E7,
I150854,-1941,1.5546163191E8,2025-10-01
I151268,437,3.910906443E7,
I152899,479,0.0,
I158254,1092,6.701677547E7,2030-01-01
I158513,-119,9797723.29,2025-10-05
I161003,1333,2.429359439E7,
I167963,809,7.455948494E7,
I169356,401,3.240965731E7,
I185436,1419,1.7234151922E8,2030-01-01
I186565,1996,1.2457101533E8,2030-01-01
I189106,929,1.234573213E8,2030-01-01
I195240,1851,1.0237425835E8,2030-01-01
I201099,-1780,1.0478320619E8,2025-10-15
I201281,1768,8.656020874E7,2030-01-01
I203040,1747,2.4023672717E8,2030-01-01
I208762,-319,3.010219441E7,2025-09-06
I218062,1672,1.9040447154E8,
I218895,-136,357187.38,2025-09-25
I222730,1156,3.313447032E7,2030-01-01
I230358,1103,7.790603961E7,2030-01-01
I230468,1026,8.577044437E7,2030-01-01
I143504,1198,7.387590576E7,
I146412,1849,8.441764158E7,2030-01-01
I149040,1597,3457333.59,2030-01-01
I151652,-479,6.369121108E7,2025-09-22
I152999,733,2.283899964E7,
I162139,1531,0.0,2030-01-01
I164063,1253,1.4730227092E8,
I166473,-430,3.220876359E7,2025-09-09
I168213,1511,1.5959438456E8,2030-01-01
I171982,149,1.779682152E7,2030-01-01
I185084,1271,1.6854294395E8,2030-01-01
I185243,619,2.485241775E7,2030-01-01
I187748,1653,9.672566667E7,
I188208,141,2071289.8,2030-01-01
I192041,-698,1.859002585E7,2025-10-31
I194581,373,1.803613451E7,2030-01-01
I201645,723,7.197388674E7,2030-01-01
I209762,1559,4.915411995E7,2030-01-01
I210861,446,3.681162637E7,2030-01-01
I220574,-1738,9481902.69,2025-09-30
I222218,-639,9.546043028E7,2025-10-07
I222744,1700,6.293175636E7,
I229207,-1325,5.479834396E7,2025-10-28
I234774,1979,2.91969085E7,2030-01-01
I137055,-583,3.297705171E7,2025-10-10
I140088,-1273,7470776.61,2025-10-31
I140094,-1898,2.7791125414E8,2025-09-18
I129129,415,5.006699237E7,
I146943,1893,2.8369752633E8,
I147764,1595,2.0862746887E8,2030-01-01
I148979,612,1.207263176E7,2030-01-01
I156759,1200,9.103794166E7,2030-01-01
I161307,-957,1.1355929394E8,2025-10-03
I170504,186,1.295787939E7,
I172850,-1903,0.0,2025-09-07
I177119,1200,1.5578297053E8,2030-01-01
I177241,-1015,4.457865458E7,2025-10-22
I178419,795,1.0520349937E8,
I186123,1201,7.54646378E7,
I189229,-716,6.695845325E7,2025-10-19
I193019,262,3.174382362E7,
I198728,1393,9270738.09,
I199023,890,4.44338414E7,
I218594,601,6.6551652E7,
I219108,-1960,2.0420436421E8,2025-09-19
I222353,1983,8.882389473E7,2030-01-01
I222466,1548,1.97023238E8,
I224404,928,2.758461282E7,2030-01-01
I238672,1316,8.473389492E7,2030-01-01
I241599,-1519,3399460.46,2025-10-12
I145163,-1441,2.0907236386E8,2025-10-18
I145242,127,1535779.09,2030-01-01
I145971,915,1.1621164449E8,
I152750,1036,8.226299564E7,
I159175,1975,2.3675187414E8,
I161568,1366,1161993.42,2030-01-01
I162030,672,5.210825712E7,2030-01-01
I164135,1805,1.665137127E8,2030-01-01
I169364,-1148,1.6594363066E8,2025-09-21
I176873,327,4.785468698E7,2030-01-01
I179805,687,7.696592758E7,
I184733,1337,1.665959466E7,
I185967,309,7050275.59,
I187207,1323,2.081295989E7,2030-01-01
I187780,-123,1002148.66,2025-09-27
I187975,1526,1.2135525426E8,2030-01-01
I190033,1727,2.415172292E8,2030-01-01
I194157,-1358,1.1988336233E8,2025-09-08
I199443,707,3.654163033E7,
I207461,100,5932985.36,2030-01-01
I210795,809,3.30388934E7,2030-01-01
I213843,1279,1.87905359E7,2030-01-01
I218526,724,7.780336298E7,2030-01-01
I220448,-534,4.053190996E7,2025-09-02
I221907,-463,5.133422982E7,2025-09-13
I227435,1928,6.307796327E7,
I238239,206,1.282068348E7,2030-01-01
I240245,298,2915864.86,2030-01-01
I129131,-1928,1.9050621108E8,2025-09-05
I133048,468,2.655082471E7,
I138127,1876,1.1784860696E8,
I141023,-1125,6.422650008E7,2025-09-06
I149573,1113,1.2510713309E8,2030-01-01
I149968,-1519,1.5253163724E8,2025-09-28
I152931,1312,1.2765682218E8,
I153277,1207,1.387840121E7,
I155191,-832,9.059279804E7,2025-09-22
I155503,-1559,1.8065026155E8,2025-09-19
I170718,1905,8346254.0,
I172805,1519,3.084620757E7,2030-01-01
I172985,416,4.783185066E7,
I174067,1139,3.464978979E7,
I174413,1459,1.0381982857E8,2030-01-01
I181203,1551,2.2273172057E8,2030-01-01
I182937,-1320,1.8971978433E8,2025-09-23
I183966,884,8531697.97,
I186855,-754,8.206407222E7,2025-10-19
I188308,-1409,6.281926056E7,2025-09-29
I195445,-1382,1.5319989078E8,2025-09-04
I197712,-1031,1.0496694206E8,2025-10-15
I204266,1874,2.4475682319E8,2030-01-01
I205276,335,8069715.68,2030-01-01
I221520,1071,7.043563605E7,2030-01-01
I223108,-1616,1.1537152717E8,2025-10-03
I225320,1066,1.5856445603E8,
I226746,-778,7.93358615E7,2025-10-31
I230890,1591,1.325829478E7,2030-01-01
I241725,333,1.958408434E7,2030-01-01
I135477,1296,1.8823039243E8,2030-01-01
I129395,1882,1.054137143E7,
I134385,120,833272.47,
I141163,514,3.465615076E7,2030-01-01
I142947,-1532,1.2116655101E8,2025-09-14
I144902,952,1.1563403193E8,2030-01-01
I153666,815,6.206029386E7,
I157065,374,5.531130017E7,
I161819,-575,1.857760216E7,2025-09-05
I162055,1628,2.4042837395E8,2030-01-01
I164690,282,2.907901191E7,2030-01-01
I174063,219,1.199503537E7,
I176652,-1556,1.3363955709E8,2025-10-13
I179317,1299,8.830428267E7,2030-01-01
I184635,-1704,2.5292371449E8,2025-10-14
I186687,-1510,9.490866986E7,2025-09-06
I187919,-736,2.972189894E7,2025-10-26
I192766,-1018,8.088276736E7,2025-10-27
I196334,1958,1.4258997527E8,2030-01-01
I201693,51,7201667.01,
I203957,568,7.598911897E7,2030-01-01
I204872,725,7986690.87,2030-01-01
I206592,1731,6.218865791E7,2030-01-01
I206921,-1515,1.7654938729E8,2025-09-25
I208006,751,1.1191743199E8,
I209794,1428,0.0,
I213390,1123,1.024771961E7,2030-01-01
I214120,1343,1.6259492335E8,2030-01-01
I215286,302,1.558637509E7,
I215877,-1796,1.4532027676E8,2025-10-03
I223433,1495,1.3449019084E8,
I227370,1637,1.8991833953E8,2030-01-01
I227698,950,3.472639585E7,2030-01-01
I233603,1030,3.159697542E7,2030-01-01
I236838,352,2.43822487E7,
I240108,872,4.199530689E7,
I241543,350,2.407899934E7,
I242979,510,6.391785855E7,
I243871,-1401,1.5150019209E8,2025-09-18
I130924,-181,7440630.51,2025-09-19
I131505,1480,1.6289600096E8,2030-01-01
I132351,1799,1.2775610221E8,2030-01-01
I136138,1047,7.553251003E7,2030-01-01
I139034,-112,5601202.81,2025-10-01
I139352,-1550,1.9633220238E8,2025-10-12
I128401,1088,1.5764383232E8,
I128674,1568,1.8444843354E8,
I138381,819,5839432.5,
I143302,-979,6.666351447E7,2025-09-30
I145548,-785,2.715744931E7,2025-10-05
I146970,-394,9175951.85,2025-09-15
I151585,206,1382613.33,2030-01-01
I153964,532,5.848425073E7,2030-01-01
I161020,224,2.744970465E7,
I168736,1864,1.835446913E7,
I168973,1839,2.7081670524E8,2030-01-01
I169929,-1985,2.7110365114E8,2025-10-27
I172419,-1046,5.872368428E7,2025-10-22
I176258,967,1.2058237902E8,2030-01-01
I176893,1977,2.6597947135E8,
I187973,1084,1.6247632467E8,2030-01-01
I189081,-1531,2.941955028E7,2025-10-14
I189496,1139,1.5715689577E8,
I189876,1292,1.0975875112E8,2030-01-01
I193905,-1963,0.0,2025-10-15
I194135,590,5690886.23,2030-01-01
I198902,-1007,1.1751804624E8,2025-09-16
I201168,1777,1.9370953803E8,2030-01-01
I212032,937,7.8011641E7,
I213607,-1758,1.5453135992E8,2025-09-05
I214510,-1981,1.4324860309E8,2025-09-15
I215808,1238,1.0775013346E8,
I219309,-142,2173264.8,2025-10-09
I219392,337,2.051210861E7,
I219526,-1381,1.5448819496E8,2025-10-22
I221630,-1798,1.7116731915E8,2025-09-27
I223483,1512,1.4222802058E8,2030-01-01
I229857,1056,8.956450426E7,
I233809,666,1607250.84,
I234799,-1645,7.206627211E7,2025-09-06
I235388,1739,1.930242634E7,2030-01-01
I236708,1182,2.290591926E7,
I242986,1523,9.56691367E7,2030-01-01
I138616,1173,6.948347006E7,
I142347,-596,7.184067936E7,2025-10-03
I142465,1234,1.3814226159E8,
I142547,1538,1.681889324E7,2030-01-01
I144609,368,1.187512793E7,2030-01-01
I157556,-352,2.172598319E7,2025-09-06
I159510,-57,6884447.2,2025-09-21
I162417,1613,2.1173131464E8,
I166459,490,5.281332558E7,
I171889,1615,2.0490776826E8,2030-01-01
I173575,969,9.888871902E7,
I178193,-134,7184782.68,2025-09-04
I181113,274,1.680559179E7,2030-01-01
I186284,-1006,4897693.9,2025-09-18
I189312,1552,6.8907616E7,2030-01-01
I196710,455,5.626367422E7,
I198286,-1055,1.393438982E7,2025-09-07
I199489,-573,6.68762888E7,2025-10-31
I204620,766,3.052605828E7,2030-01-01
I204901,-1549,1.4180807036E8,2025-10-11
I206104,-849,9.801807306E7,2025-09-30
I208645,1759,1.8955380711E8,
I210323,160,5916473.03,
I211169,-647,2.337556803E7,2025-10-16
I215686,1609,1.1892035864E8,2030-01-01
I216150,1858,2.4651859169E8,
I221245,-1614,8.560079159E7,2025-09-18
I225461,-157,2210688.02,2025-09-12
I230027,195,1.928975019E7,
I231428,-756,1.0647702619E8,2025-09-25
I242298,-413,2.576371999E7,2025-09-30
I130162,64,1725652.2,
I136892,1114,1.2905503441E8,
I138068,808,9.529255866E7,
I139880,1788,2.1405431794E8,
I142255,-681,5.295072315E7,2025-10-24
I146870,1012,5.989832697E7,2030-01-01
I151373,-988,2.786063439E7,2025-10-07
I156629,-1342,5.202012709E7,2025-10-25
I159751,1791,8.500159943E7,
I162504,-1048,4.399625329E7,2025-10-30
I164142,-1043,1.0715612995E8,2025-09-15
I167892,1169,2.955112091E7,2030-01-01
I169750,1769,1.9443255162E8,
I170669,-1526,7.468313274E7,2025-10-06
I171071,921,8.335179792E7,2030-01-01
I173198,1118,8074195.04,2030-01-01
I177556,1137,7.589603858E7,
I192006,1853,6.503527265E7,
I192692,-265,3.474960861E7,2025-09-08
I196457,-246,2.298863441E7,2025-09-30
I200950,574,4.513857498E7,
I201243,785,8.668490819E7,2030-01-01
I201537,1183,3.776919129E7,
I204384,-218,4188447.2,2025-10-31
I209466,1289,5.033587779E7,2030-01-01
I212034,156,1.187570674E7,
I213722,1487,1.562980982E8,2030-01-01
I214417,-198,5379571.37,2025-10-02
I219370,979,2.006018547E7,
I219434,-1558,1.2430494582E8,2025-09-11
I221356,-274,2.362950331E7,2025-09-15
I221717,54,116064.39,2030-01-01
I230978,1220,2.409415062E7,
I233405,-625,7.587073825E7,2025-10-15
I234394,-1598,3.191126508E7,2025-09-28
I236429,395,4.053452892E7,2030-01-01
I238193,1138,1.1173073798E8,2030-01-01
I238875,-707,5.330533722E7,2025-10-27
I239123,220,2.540594609E7,
I242066,486,5.251362476E7,2030-01-01
I137897,-1055,4.926172975E7,2025-09-26
I128713,783,8049277.09,
I129525,298,6168135.59,
I130868,1963,1.5406852477E8,
I136452,157,1.51830705E7,
I142372,-1205,9.445426786E7,2025-10-09
I143552,-785,4508272.65,2025-09-30
I144063,767,2.232557657E7,2030-01-01
I146473,1093,9.748202706E7,
I160084,1542,1.9020190726E8,2030-01-01
I160859,1513,8.505065368E7,
I163117,-1685,3028891.06,2025-09-11
I169211,1897,1.4459077335E8,
I169503,-1868,8.197742125E7,2025-10-06
I171824,1810,1.843394663E8,
I176867,-319,3.694740496E7,2025-10-25
I181115,318,316031.2,2030-01-01
I186601,1588,8.841743906E7,
I189402,231,1.853768399E7,
I198644,393,3.723488995E7,2030-01-01
I205601,1925,1.4493435621E8,
I217355,-1788,1.9135883383E8,2025-09-24
I221416,305,4.335719369E7,2030-01-01
I226171,1648,7.312160702E7,
I228228,1467,2.0174576922E8,
I228815,957,8.425065102E7,
I229283,-1682,1.4698130114E8,2025-10-02
I229488,1264,1.3121609571E8,2030-01-01
I230774,1924,1.4328202372E8,2030-01-01
I232427,949,3343847.56,2030-01-01
I234750,1823,2.3261799309E8,2030-01-01
I235317,309,1.530707861E7,2030-01-01
I235699,1702,2.2736187561E8,2030-01-01
I236487,829,3.01741826E7,2030-01-01
I239136,565,1.213375532E7,2030-01-01
I239594,-1196,1.5083876903E8,2025-09-23
I240069,-1272,1.523219498E7,2025-09-03
I244163,647,8.122750567E7,2030-01-01
I249226,1524,0.0,2030-01-01
I255756,1860,2.1196369438E8,2030-01-01
I245376,822,1.1421230643E8,
I246705,1365,1.292114792E7,
I258593,-1668,1.965409023E7,2025-09-23
I259083,717,1.125516262E7,
I260403,885,5.380224765E7,
I260605,-1475,2.0304882517E8,2025-09-26
I261174,-358,4.492815151E7,2025-10-29
I264135,348,3237792.62,2030-01-01
I266072,901,1.0554554907E8,2030-01-01
I266192,400,1.791642934E7,2030-01-01
I271437,286,3.70102112E7,
I271855,-731,1.276911095E7,2025-10-21
I274033,1591,9.886719931E7,
I275597,1665,5.831842007E7,
I277346,-1429,1.5281015E7,2025-09-12
I278817,574,4.281371205E7,
I281289,1152,4.915394044E7,2030-01-01
I289185,1547,1.9342388508E8,2030-01-01
I289730,-512,6.381340603E7,2025-10-14
I294873,853,3.353980848E7,2030-01-01
I301018,-90,9756108.35,2025-10-03
I307445,-747,5.794059792E7,2025-10-11
I310597,1751,5.333543991E7,2030-01-01
I319370,968,5.36265504E7,2030-01-01
I326985,-539,2.781988594E7,2025-09-08
I327062,-253,1.623171185E7,2025-09-25
I327613,1270,1.492259272E7,
I329461,-541,3.48345409E7,2025-10-26
I330115,647,2.714728182E7,
I330551,563,6.03058838E7,
I335252,1357,1.3886775698E8,2030-01-01
I340071,-1122,4.121595943E7,2025-09-27
I342683,1068,7.735915058E7,
I345950,-1764,2.2973251375E8,2025-10-08
I347014,-1746,1.6363480598E8,2025-10-18
I347681,1880,1.9637061706E8,2030-01-01
I352541,1102,9471558.16,2030-01-01
I354008,-177,1.132660993E7,2030-01-01
I359474,-555,0.0,2025-09-15
I252669,-1730,6.705746461E7,2025-10-16
I253427,-412,5136104.73,2025-09-09
I244476,400,2.415275362E7,
I246698,177,2.131899558E7,
I267734,-444,5.492972698E7,2030-01-01
I269397,-787,1.570692959E7,2025-10-18
I270500,-485,4.275523866E7,2025-10-18
I285302,1724,8.044748184E7,2030-01-01
I286455,-1497,1.9072110367E8,2025-10-06
I286847,895,1.084169848E7,2030-01-01
I287975,-1024,8.541725639E7,2025-10-11
I291521,1901,7.683879953E7,
I292596,-1551,1.806315621E7,2025-09-30
I296906,258,3.814511173E7,
I298363,-77,4099439.43,2025-09-23
I300960,100,7106824.06,
I301096,227,3.343061604E7,
I301193,-1300,3.293941933E7,2025-10-27
I303939,1857,6.666693066E7,2030-01-01
I305241,1571,2887628.85,
I312829,-1595,1.52790971E8,2025-10-30
I312905,730,2.609385137E7,2030-01-01
I317622,932,4.390975001E7,2030-01-01
I321091,659,3.475716551E7,2030-01-01
I327330,945,9.708387342E7,
I328257,1136,8.064189075E7,2030-01-01
I335235,270,3.861215122E7,
I335838,-132,1.63746725E7,2025-09-06
I341833,1686,1.0406350675E8,2030-01-01
I347718,147,1.557342557E7,
I348398,827,5.543312751E7,2030-01-01
I350253,1338,9.031574363E7,
I352058,1961,2.87027161E8,2030-01-01
I355514,886,1.0896105246E8,2030-01-01
I359638,-1411,5.44948337E7,2025-09-21
I245848,-1495,1.9763029297E8,2025-09-30
I252326,-203,9435024.07,2025-09-28
I247583,858,7.652136191E7,
I261647,-601,2.552418327E7,2025-10-01
I272706,1206,3.109478944E7,2030-01-01
I278349,-1582,9.305181958E7,2025-10-21
I280733,-1173,1.5492557869E8,2025-09-03
I283222,1286,1.8065832142E8,2030-01-01
I296211,1989,1.349932171E7,
I298147,227,2.671835985E7,
I301369,675,4963172.52,2030-01-01
I304315,1334,1.5839318702E8,
I320649,1533,3.464580679E7,
I322161,-1587,1.1668415272E8,2025-10-02
I323642,-669,9.745671989E7,2025-09-05
I329236,884,0.0,2030-01-01
I333929,1809,1.4107500913E8,2030-01-01
I335022,-842,4.284112494E7,2025-10-08
I335463,552,7.336159024E7,
I342708,974,3.788208897E7,2030-01-01
I345528,1913,1.5768914178E8,2030-01-01
I349914,-865,3.697205097E7,2025-09-22
I350187,-273,1.140866674E7,2025-10-02
I350221,1609,4.010641016E7,2030-01-01
I350576,546,1.061318044E7,
I351114,-439,5247737.56,2025-09-03
I356006,1455,7.739531527E7,
I358727,249,889617.02,2030-01-01
I359042,427,5.159755949E7,
I245925,-1273,1.4551195085E8,2025-10-31
I248763,-420,2.466177677E7,2025-09-29
I248837,-157,8868712.23,2025-10-24
I256420,1144,1.5314784116E8,2030-01-01
I253240,1913,1833177.35,2030-01-01
I254580,437,3.869492969E7,
I266565,-458,2.905172979E7,2025-10-13
I267370,278,2.9852816E7,
I267947,-1314,1.034183201E7,2025-09-11
I270839,-246,1.622701782E7,2025-10-21
I278258,-997,2.679083974E7,2025-09-24
I279120,962,1.223462659E7,2030-01-01
I279534,1090,4.162150515E7,
I283185,412,4.162795804E7,2030-01-01
I290678,398,2.169496419E7,2030-01-01
I295369,526,0.0,2030-01-01
I298812,-1164,1.180229649E8,2025-10-21
I301399,-1508,1.642907425E7,2025-10-07
I308190,-1762,8.441094914E7,2025-10-07
I311981,1041,2193187.64,2030-01-01
I316682,418,7752904.37,
I317171,-1705,1.5780362253E8,2025-09-14
I319914,-1303,1.4201178241E8,2025-09-05
I325274,-418,4.305665339E7,2025-10-16
I326656,1863,2.520550213E7,
I327548,801,1.0871291178E8,2030-01-01
I339070,-56,5637944.83,2025-10-01
I340095,336,1.184964426E7,
I343030,972,6.06292584E7,2030-01-01
I343092,1425,1.093773331E8,
I344673,-1140,1.069106009E8,2025-10-10
I345847,748,9.462177154E7,2030-01-01
I354539,418,5.114855086E7,
I355450,96,1.109956371E7,2030-01-01
I250415,1678,5.116688991E7,2030-01-01
I253346,1125,7.459398672E7,2030-01-01
I255026,886,1.891783909E7,2030-01-01
I254891,1688,9.261054711E7,
I259078,175,3581615.41,2030-01-01
I259741,1515,1.3257759464E8,2030-01-01
I262311,1617,6.714409771E7,2030-01-01
I263195,855,1.2123041474E8,
I263384,-285,9078350.24,2025-10-29
I263981,1567,1.6773026945E8,2030-01-01
I266231,1397,1.4857967279E8,
I266371,-1527,1.3092330609E8,2025-09-27
I272667,-584,2.260826194E7,2025-10-14
I273813,1760,2.5387329226E8,
I275375,-1797,1.4091505851E8,2025-10-27
I277228,-1996,2.5511876572E8,2025-09-01
I277875,435,3.651250271E7,
I278749,246,2.299037472E7,
I280750,1768,1.349075696E8,2030-01-01
I283926,-1538,1.256595821E7,2025-09-06
I284534,1769,3.452784933E7,2030-01-01
I288235,-1076,3.147449293E7,2025-10-23
I291375,-720,1.878385897E7,2025-09-05
I294849,145,3351590.16,2030-01-01
I294922,-75,655066.05,2025-09-15
I303491,506,1181787.49,2030-01-01
I305537,1946,1.9934091721E8,
I308785,921,8.863072082E7,2030-01-01
I311295,-1212,6412864.49,2025-10-20
I312320,-309,4.49829709E7,2025-09-29
I313014,-902,1.1224312026E8,2025-09-01
I314941,1555,1.9373854872E8,2030-01-01
I318075,-987,1.174491081E7,2025-09-01
I329042,-1347,3.504090652E7,2025-09-07
I331973,240,2.159327005E7,2030-01-01
I335096,-1078,3.118346282E7,2025-09-07
I340917,1755,1.0369136268E8,
I345957,1897,1.5637796728E8,
I345971,-1504,2.1044053818E8,2025-10-12
I349874,1538,8.272907997E7,
I356725,983,8557785.46,2030-01-01
I356996,1090,1.2445469838E8,2030-01-01
I358540,-1509,1.1772418183E8,2025-10-08
I244913,1211,6.353927137E7,2030-01-01
I249720,-1441,1.8216605988E8,2025-10-17
I253453,925,4.732397206E7,2030-01-01
I258127,-1939,7.591080778E7,2025-10-12
I261026,-488,9461842.14,2025-10-23
I262507,1249,1.789787067E8,
I263293,1049,1.3979535404E8,2030-01-01
I268916,1890,1.8628197973E8,2030-01-01
I269668,560,6.444255299E7,
I271459,1846,6.568325906E7,2030-01-01
I271865,1825,2.63426463E7,
I272050,-104,401195.15,2025-10-23
I273025,-146,1.078527536E7,2025-10-03
I276147,-918,4.735380043E7,2025-10-13
I286073,262,6682766.71,
I288976,1455,6.146014906E7,
I290174,1910,1.3869426758E8,
I290745,268,2.937042917E7,2030-01-01
I293180,-1000,5.079565139E7,2025-09-08
I293553,1998,4.0920581E7,
I317520,1020,5.083552804E7,
I331921,472,2.782579822E7,2030-01-01
I332991,-657,9.10288622E7,2025-09-15
I333115,1589,2.0729698219E8,
I334816,369,5.364698511E7,
I342457,583,4152048.8,2030-01-01
I343134,708,2.41286845E7,2030-01-01
I347321,695,3.950496617E7,
I347549,819,3.125512143E7,2030-01-01
I349111,1658,2.4220120634E8,
I349145,209,2.433835418E7,2030-01-01
I349444,1767,4.063603519E7,
I350659,1046,1.0966888076E8,2030-01-01
I352792,597,1.774749551E7,2030-01-01
I358296,-1677,2.2706703365E8,2025-09-25
I358430,127,8536971.26,2030-01-01
I358485,-137,5890007.13,2025-10-27
I255883,1525,1.9670203061E8,2030-01-01
I247782,1717,1.4589304237E8,
I258670,-550,6.739532927E7,2025-10-12
I258750,-888,3.738208779E7,2025-09-28
I264371,1260,8.631830615E7,2030-01-01
I266247,-1566,5.288261181E7,2025-10-26
I269822,1409,1.5538871826E8,
I270052,605,8.086201987E7,2030-01-01
I273122,1453,6.680255969E7,
I282205,467,6.812258775E7,
I287961,1613,1.4970279116E8,
I289373,462,4.510536012E7,2030-01-01
I293685,53,367018.62,2030-01-01
I299180,1417,1.246795464E7,2030-01-01
I312415,-279,2.317010993E7,2025-10-17
I313961,1604,2.1923709766E8,
I320110,-85,1.059930971E7,2025-09-09
I323424,-1936,2.0372813604E8,2025-09-07
I327396,488,3.340862742E7,
I329144,-1724,1.644894526E8,2025-10-15
I331603,-1134,6.761386228E7,2025-10-06
I334058,984,1.1456752641E8,
I337547,-1313,2.623855863E7,2025-10-11
I339787,-437,2.732440756E7,2025-10-27
I340282,1173,8955257.03,2030-01-01
I346541,708,9.342761659E7,
I350586,796,1.1171715635E8,
I351504,-1453,9.379237103E7,2025-09-22
I354308,1819,1.6940412654E8,
I355665,-1924,2.4261310003E8,2025-09-20
I247099,-1843,3047984.64,2025-10-28
I250349,1415,1.9809123841E8,
I250939,1952,1.4290538967E8,
I257616,1542,1.8986896549E8,
I272048,-1963,2.7997604709E8,2025-10-23
I272643,-293,2.110248204E7,2025-09-28
I278115,316,3.046836144E7,
I282913,433,4.604328921E7,
I283208,1453,1.128152893E7,
I284724,1249,1.3513841216E8,
I291546,1406,9.490515419E7,
I297275,137,5350758.21,
I298808,74,3520382.66,
I299243,233,5944697.01,
I302868,597,3.282444677E7,
I305990,379,3.67601175E7,2030-01-01
I308561,1866,2.300459637E7,2030-01-01
I314244,318,2.32761514E7,2030-01-01
I316972,937,8.747979456E7,2030-01-01
I321340,74,9937235.7,2030-01-01
I322478,687,5.247442277E7,2030-01-01
I329544,1155,1.2317927872E8,2030-01-01
I331560,181,6182962.88,2030-01-01
I339509,-90,5803779.34,2025-09-15
I341067,1521,1.5306265967E8,
I341326,52,3033302.14,
I346922,-846,9.905907292E7,2025-10-25
I351713,140,1.250386842E7,2030-01-01
I354541,1056,4.782273046E7,
I358580,989,5963626.43,2030-01-01
I245428,-1030,3.79670296E7,2025-09-25
I261632,1718,2.2752219856E8,2030-01-01
I266737,1638,2.4488440655E8,
I279996,736,9.377232045E7,2030-01-01
I287485,937,6.258105323E7,2030-01-01
I289202,-1429,0.0,2025-09-17
I290568,-139,5966814.18,2025-09-30
I293560,1074,1.1064749594E8,
I295342,216,4720839.98,2030-01-01
I300464,-1981,1.7849169902E8,2025-10-14
I303952,-1665,1.2764461805E8,2025-10-26
I307413,906,7.434021399E7,
I310396,664,9.619051413E7,2030-01-01
I314089,981,7.165866564E7,2030-01-01
I318031,1333,5.857034213E7,2030-01-01
I319206,181,2.240280116E7,2030-01-01
I330814,-1995,2.0784473947E8,2025-10-18
I336675,257,3.170002105E7,2030-01-01
I337641,-1510,1.645932336E7,2025-09-22
I348070,-1870,5878352.6,2025-10-01
I352877,796,3.310819135E7,2030-01-01
I354513,1966,1.0930675558E8,2030-01-01
I359351,1325,3.523838311E7,
I244285,-1173,1.4428344328E8,2025-10-11
I247649,-1455,3.850724741E7,2025-09-10
I248055,798,3919565.86,2030-01-01
I251403,-539,5.161251271E7,2025-09-20
I246781,1706,1.8297069286E8,
I248080,1023,1.536189449E7,
I248302,1189,1.0753223979E8,
I258448,1278,1.2167422311E8,2030-01-01
I258900,283,3.953207145E7,
I260018,1968,1.9928757787E8,2030-01-01
I265962,1207,1.0209326647E8,
I267671,276,1.837593142E7,2030-01-01
I268272,851,6.564788111E7,
I271474,-1531,7.638428298E7,2025-10-19
I278347,-1504,9.726256089E7,2025-10-07
I283218,163,1.396089962E7,
I290940,1233,4.323956051E7,2030-01-01
I296251,1095,4.921250582E7,
I299152,-882,3.273531878E7,2025-09-08
I302233,1367,3277426.89,
I305186,-154,0.0,2025-10-04
I307476,-1939,2.299435576E8,2025-09-15
I314932,1825,1.7441255137E8,
I318082,390,1.226397569E7,
I319032,1771,2.2845743266E8,2030-01-01
I320078,1273,1.6220878457E8,2030-01-01
I326296,386,3.200051649E7,
I328816,-96,1.001294213E7,2025-10-23
I330491,-293,7291289.95,2025-10-12
I331201,965,6.556999632E7,2030-01-01
I331762,1351,1.2323956642E8,2030-01-01
I333947,548,6951576.1,
I340322,-141,1.926129203E7,2025-10-16
I341548,1386,3.342396855E7,2030-01-01
I341726,489,1.810883429E7,2030-01-01
I341799,1626,6483439.73,
I342949,1224,1.588017674E7,
I342994,-977,1.3187157007E8,2025-10-08
I343024,962,7.24678639E7,2030-01-01
I351988,-1902,2.1126737189E8,2025-09-03
I353876,1980,2.2125219654E8,2030-01-01
I357078,1534,1.2868305225E8,
I245316,253,1.665913309E7,2030-01-01
I252658,-380,2530462.64,2025-10-13
I253818,1579,2.2740061742E8,2030-01-01
I255001,1565,6.341755224E7,2030-01-01
I246635,1377,1.0474505238E8,
I246824,1901,2.3542332186E8,
I255200,1192,4.113256161E7,
I258591,-1625,1.5003906054E8,2025-10-26
I262197,1378,1.2782440656E8,2030-01-01
I263563,532,3.197994556E7,
I268932,1726,2.1170452976E8,2030-01-01
I272829,492,6.25578712E7,2030-01-01
I273062,-919,6.716989009E7,2025-09-17
I273727,-1986,2.1136672685E8,2025-10-12
I273983,1418,1.0215625103E8,
I285905,-605,3.270968032E7,2025-09-07
I287274,230,2589480.37,
I290411,999,7.054184696E7,2030-01-01
I293941,-1494,1.7333908257E8,2025-09-24
I298696,683,7.018356048E7,2030-01-01
I300348,1013,6.25649238E7,2030-01-01
I308760,109,1.434929477E7,
I311554,1926,1.2860586313E8,
I311720,-397,1.16722461E7,2025-10-03
I314033,868,2.331630982E7,
I316073,1800,6645142.99,
I323597,1923,1.542276456E8,
I326241,-1646,1.9938163649E8,2025-10-05
I327195,-430,2.806530593E7,2025-10-15
I328268,-319,1.88749958E7,2025-10-20
I330224,188,5904880.45,
I334109,1111,6.285617414E7,
I347114,-1350,1.9718503065E8,2025-10-25
I347974,346,3.817039869E7,2030-01-01
I348867,880,3.76311292E7,
I351710,1590,1.5121494913E8,
I352647,-1572,8904213.75,2025-09-27
I354293,1519,6.46323445E7,
I246509,950,8.122479286E7,2030-01-01
I246987,-1877,7.037769968E7,2025-09-12
I249825,826,1.13622349E7,2030-01-01
I244781,1530,1.6845028615E8,
I251469,1000,7.720439679E7,
I256440,473,3.212419411E7,
I256538,546,1.702035969E7,
I257381,-738,0.0,2025-09-16
I259050,1058,9.774350612E7,2030-01-01
I259440,1855,5.245857595E7,
I264412,67,361749.38,2030-01-01
I268113,-1287,1.6551336979E8,2025-09-18
I277234,-1214,2.637996803E7,2025-09-04
I278215,-797,6.503122315E7,2025-10-21
I279566,1426,1.1235959722E8,
I285873,1257,1.989204875E7,2030-01-01
I288846,1076,4.510203465E7,
I294402,439,6321509.61,
I294470,1767,1.450145064E7,2030-01-01
I294578,1167,1.4714179166E8,2030-01-01
I301986,1872,2.6153453668E8,2030-01-01
I303042,535,7.605664225E7,
I304438,1623,1.2621593342E8,
I306318,829,1.2239905941E8,2030-01-01
I308153,-155,1214722.62,2025-10-05
I309691,-1002,1.3063822877E8,2025-10-13
I309715,1205,1.497814292E8,2030-01-01
I312596,195,2.81601491E7,2030-01-01
I314859,-889,1.2366489469E8,2025-10-25
I315298,-1477,2.433714253E7,2025-09-24
I322471,-1109,2.950124058E7,2025-10-02
I328314,380,3.920407479E7,2030-01-01
I330162,1112,2.562246555E7,
I331224,1906,1.3000517443E8,2030-01-01
I332895,1980,1.2227605002E8,
I338057,758,4.059351407E7,2030-01-01
I339081,-956,1.263908562E7,2025-10-28
I339633,1528,1.3413105347E8,2030-01-01
I346565,791,6.795384503E7,2030-01-01
I348194,1485,8.41283634E7,2030-01-01
I349251,1537,1.6843777603E8,
I351402,-1711,2.2699032209E8,2025-10-08
I353861,1283,1.0814938927E8,2030-01-01
I354176,-353,2.281304729E7,2025-09-18
I362708,-1674,6.035606488E7,
I362922,1347,1.8747968995E8,
I363897,93,5847242.35,
I387046,1143,1.5540111105E8,
I398076,1039,1.4588845015E8,2030-01-01
I402611,-1953,2.3032473699E8,2025-09-10
I413873,1793,2.2805884486E8,
I418476,1470,4201197.72,2030-01-01
I424966,271,3.461275961E7,2030-01-01
I427731,313,0.0,2030-01-01
I435167,1535,2.327385325E7,
I437839,-399,1.800469526E7,2025-09-06
I438435,480,4.420754918E7,
I438635,-844,5483491.27,2025-09-17
I442612,-1738,1.1336426258E8,2025-09-22
I445152,-411,2553135.13,2025-09-17
I445433,-1171,7105057.2,2025-10-18
I453563,1146,7.159680634E7,2030-01-01
I457776,1095,1.604753899E7,
I458625,-533,4.817217879E7,2025-10-04
I464913,391,3.910147116E7,
I467998,348,9399257.67,2030-01-01
I468371,-658,1346501.92,2025-09-11
I469292,122,1.419459325E7,2030-01-01
I472489,1447,7.816539295E7,
I473828,-915,1.944444776E7,2025-09-12
I473905,1455,1.452753301E8,
I474861,1722,1142983.87,2030-01-01
I361291,392,1.560381646E7,2030-01-01
I364188,712,6.115213423E7,2030-01-01
I368148,1636,2.0605355969E8,2030-01-01
I371460,868,1.1667415933E8,
I373721,1159,1.6274904192E8,2030-01-01
I378214,776,7.259621924E7,2030-01-01
I378221,1381,1.9753311307E8,2030-01-01
I379015,1275,1.787677498E8,2030-01-01
I381552,-474,3.569472739E7,2025-09-25
I398697,-1529,6.229112278E7,2025-09-11
I414982,1006,709386.2,2030-01-01
I420359,-582,8.04379042E7,2030-01-01
I421854,-91,8430184.43,2025-09-18
I425138,1056,5.967769911E7,
I427906,1924,2.5854583959E8,2030-01-01
I434936,611,4.467093121E7,
I437512,-1853,1.726336886E7,2025-09-14
I438397,-1336,3.344615634E7,2025-10-03
I450995,313,3.644579616E7,2030-01-01
I455183,-1203,1.7609808868E8,2025-09-04
I457342,466,2.416933358E7,2030-01-01
I459017,59,7889695.17,2030-01-01
I459028,-365,0.0,2025-09-04
I460342,1267,1.3287022855E8,2030-01-01
I465352,89,3226372.42,
I465518,78,2237665.88,
I468789,1191,1.414866329E7,
I471482,1620,1.5759436973E8,2030-01-01
I474082,-1980,3.961842249E7,2025-10-10
I368938,-1633,1.668748048E7,2025-10-27
I370576,-1986,1.8712807562E8,2025-10-25
I367097,59,4316463.91,
I370235,514,4.23888882E7,
I379229,976,5.215588768E7,2030-01-01
I379238,1009,1.1553057743E8,
I385969,-1544,2.0269899189E8,2025-10-19
I391649,1488,2.060088335E8,2030-01-01
I392257,-975,9.386729831E7,2025-10-25
I393270,1339,4.629416935E7,
I395195,1662,1.006687815E8,2030-01-01
I401376,-1866,1.0723641926E8,2025-10-28
I408490,-1555,1.875498024E7,2025-10-12
I412319,-467,5.947653449E7,2025-10-17
I421036,842,9.311226307E7,
I422214,668,7.116486521E7,2030-01-01
I424436,1721,1.8661192247E8,
I442181,1474,4.259815961E7,2030-01-01
I442337,529,4.892826049E7,2030-01-01
I450053,1225,1.184560246E7,2030-01-01
I465885,1263,1.399017745E7,
I362848,702,8.291559704E7,2030-01-01
I364360,-310,1.981433645E7,2025-09-26
I370958,-126,5303716.29,2025-10-30
I371137,-373,5.48574729E7,2025-10-03
I376455,598,6.800810941E7,
I377968,1709,1.5932740497E8,2030-01-01
I378062,1281,8.213045559E7,2030-01-01
I378080,1314,1.1353863135E8,2030-01-01
I380541,-838,1.2424651418E8,2025-09-24
I385788,-1841,1.438092119E8,2025-09-20
I390210,970,1.2012270327E8,
I390794,1202,6.556603198E7,
I400434,-178,9685569.8,2025-09-17
I406661,1813,1.8613768277E8,
I409807,729,1.084184851E7,
I410030,-122,1.430563292E7,2025-09-04
I410813,-1398,2.0251154267E8,2025-10-14
I412172,708,9.023127384E7,
I415339,-1674,1.1251313728E8,2025-10-28
I421989,-1934,1.7157639929E8,2025-10-15
I424241,305,2.541292356E7,2030-01-01
I425208,-432,4.581233147E7,2025-10-26
I434860,-1422,2.0611985981E8,2025-10-31
I435865,746,5.792636496E7,2030-01-01
I437108,1058,1.3342246079E8,
I448380,1943,2.7625370005E8,2030-01-01
I449441,572,8.372995474E7,
I449765,-1127,1.504782252E7,2025-10-01
I452029,-1941,1.5035992724E8,
I454745,492,4.78379854E7,
I454815,1570,2.2852065959E8,
I461529,-1235,1.6901492541E8,2025-09-15
I471524,-50,2646163.49,2025-09-12
I471921,1691,5.819009469E7,2030-01-01
I473458,-57,4421296.19,2025-10-07
I361976,1276,8.55077672E7,
I373347,370,6764700.91,2030-01-01
I373611,1176,1.2039647892E8,2030-01-01
I373841,778,6.76959692E7,
I375608,-1697,2.122013974E8,2025-09-29
I379441,1669,6.355489863E7,
I379747,1310,1.7456750429E8,
I382295,1812,1.1042545645E8,2030-01-01
I383293,-949,1.1768365549E8,2025-09-23
I384621,1607,1.8367419993E8,2030-01-01
I386126,1639,1.6486205809E8,
I395079,-1325,1.4879620336E8,2025-10-20
I401778,1802,1.6312397402E8,2030-01-01
I408450,-1243,1.3453937588E8,2025-09-30
I412482,537,7.687691615E7,
I413089,-1975,1.4123138786E8,2025-10-07
I419687,-647,1.578394565E7,2025-09-03
I421014,536,6.585994068E7,2030-01-01
I421042,791,9.534126424E7,2030-01-01
I421793,-162,1.479799737E7,2025-10-26
I427074,914,1.3036194713E8,2030-01-01
I432111,-381,3.80920098E7,2025-09-16
I433704,-1626,1.4643905082E8,2025-10-16
I446669,1872,1.0772445584E8,
I452576,-1378,1.1083658522E8,2025-09-09
I458012,1313,1.22404122E7,
I465195,880,7.848353661E7,
I465640,-214,1.979790622E7,2025-10-06
I360336,1061,9.23166353E7,2030-01-01
I366345,-913,7.212713028E7,2025-09-29
I367906,-1412,1.7020118243E8,2025-09-29
I365007,477,6.311994877E7,
I365539,1919,1.8047544476E8,
I369400,1574,6.353197129E7,
I380192,1609,4.287049546E7,
I385521,1135,2028606.91,2030-01-01
I385623,1804,1.0454304152E8,
I389919,-1526,1.8948137115E8,2025-10-12
I391056,315,1.339050147E7,2030-01-01
I396113,1390,8.157634581E7,2030-01-01
I404600,1180,6.288702435E7,
I405801,316,1.382057395E7,
I409172,1843,7.45969751E7,
I410319,1611,1.3060936153E8,
I416676,141,1257977.19,
I429485,888,1.508140617E7,2030-01-01
I430900,-848,1.00960032E8,2025-10-10
I433806,214,3.061002485E7,2030-01-01
I435269,1017,4839172.18,2030-01-01
I436829,138,8169125.58,
I440314,258,1.004536137E7,2030-01-01
I442564,995,1.4641123578E8,
I445380,219,1.495738941E7,2030-01-01
I458674,-1241,8876137.51,2025-09-17
I462133,-1812,9.500791418E7,2025-10-24
I463222,-1590,7.537144025E7,2025-09-08
I463867,-1531,3.820389712E7,2025-09-28
I466385,-1506,1.679535928E8,2025-09-13
I470229,1468,3192282.03,
I475134,892,9.241186168E7,2030-01-01
I362107,604,1370860.47,2030-01-01
I362209,1100,1.0106737062E8,2030-01-01
I368626,-1513,4.072708508E7,2025-09-09
I369225,305,3.679330546E7,2030-01-01
I369434,-434,3.48128099E7,2025-10-13
I366066,533,4.481823068E7,
I371875,550,1.166013725E7,
I372571,749,7.262578635E7,2030-01-01
I374406,176,6742730.39,2030-01-01
I393528,432,4324455.4,2030-01-01
I396373,969,8.139786805E7,2030-01-01
I398750,-1949,8.568898676E7,2025-10-10
I400962,457,1.897557317E7,2030-01-01
I401222,-1639,1.7279532698E8,2025-09-04
I411337,-1496,7229935.13,2025-10-31
I416678,165,4436735.82,2030-01-01
I418288,1164,4.566648402E7,2030-01-01
I426154,-1369,1.6749697402E8,2025-10-19
I441390,-802,1.024673096E7,2030-01-01
I447658,-1848,2.3070568731E8,2025-10-03
I449064,1843,0.0,2030-01-01
I450876,453,1.865096454E7,
I454798,-1091,1.3670597205E8,2025-10-28
I460481,1475,2171303.86,
I463894,487,2.702994935E7,2030-01-01
I467543,1373,1.6609276627E8,
I468764,-1775,1.3413012364E8,2025-09-05
I468778,1074,1.561829648E8,
I471682,-501,4.246472672E7,2025-09-02
I473023,401,9708257.84,2030-01-01
I474120,-843,2288196.33,2025-10-18
I364694,-1554,2.517019897E7,2025-10-11
I368738,647,7354092.86,2030-01-01
I369167,869,9.20664728E7,2030-01-01
I359951,299,2.043935425E7,
I362241,521,5.147223838E7,
I371955,1717,9.684317251E7,
I375490,816,9.401916319E7,
I376637,467,5.536820412E7,
I378170,887,6.807793674E7,2030-01-01
I378752,243,3.401801194E7,2030-01-01
I380390,-676,9.562819272E7,2025-09-28
I383575,-499,4.446752529E7,2025-10-17
I384476,1384,2.0242909798E8,
I385553,69,3482356.64,2030-01-01
I387622,213,2.544097527E7,2030-01-01
I390740,1417,8.947885919E7,2030-01-01
I395353,975,6.113592921E7,2030-01-01
I395794,413,2.76014468E7,2030-01-01
I397779,-1153,4.78246132E7,2025-09-14
I398932,383,4.938747749E7,2030-01-01
I403362,1746,1.280291166E7,
I403387,235,2.438189297E7,2030-01-01
I419578,323,6757416.17,2030-01-01
I434101,1696,1.5506168422E8,2030-01-01
I437101,1943,1.326600281E7,
I437695,912,1.3445247979E8,2030-01-01
I438231,1518,1.241405405E8,2030-01-01
I440057,1907,1.0794587927E8,
I440310,-1748,1.7519646643E8,2025-09-05
I450573,-696,2.862603259E7,2025-09-28
I457508,1317,7.545798952E7,
I460459,442,3.461535272E7,2030-01-01
I463538,867,6.562429533E7,2030-01-01
I465095,816,2.329089846E7,2030-01-01
I466983,1975,2.2238535693E8,
I467067,1317,8.32967447E7,2030-01-01
I469431,-1298,8.785298808E7,2025-09-17
I475181,863,2769176.04,
I475291,127,2142312.72,
I369121,-1064,1.5656411261E8,2025-10-07
I369890,703,1.483479561E7,2030-01-01
I369895,-541,5.797204169E7,2025-10-28
I370152,155,2.208367595E7,2030-01-01
I360661,1801,3.05524214E7,
I382826,1984,1.8437161849E8,2030-01-01
I390741,-312,3.332361158E7,2025-10-17
I394071,1254,3.895317278E7,2030-01-01
I395501,1702,2.608606588E7,
I400707,-965,5.814159708E7,2025-09-21
I402363,-1340,8.34493669E7,2025-09-20
I403843,629,5732229.8,2030-01-01
I413916,-1970,2.1855735995E8,
I415470,1934,1.9405584758E8,
I420326,267,3.433411927E7,2030-01-01
I421531,-866,8.519955346E7,2025-10-12
I423673,-1026,1.3254590681E8,2025-10-19
I432765,411,3.933135553E7,2030-01-01
I450422,1584,2.267185855E8,2030-01-01
I458262,1706,2.209256961E8,2030-01-01
I458941,-930,9.357619646E7,2025-10-21
I461326,-1442,1.1094820603E8,2025-09-02
I461825,1231,1.5607453046E8,
I462698,1902,8.16826371E7,
I366117,1588,6.073155918E7,2030-01-01
I367662,-653,1.874844379E7,2025-09-17
I366868,1577,1.1863445562E8,
I372592,1968,2.3761277144E8,
I373210,-1591,2.795303236E7,2025-10-30
I376292,1003,2.031371603E7,
I378039,1874,2.3258891555E8,
I379989,1578,1.3972157835E8,2030-01-01
I382035,-1764,1.680553599E8,2025-10-17
I394779,1937,1.6591418827E8,2030-01-01
I396316,-611,6.555870837E7,2025-09-14
I397054,-1866,8.98406751E7,2025-10-05
I403180,898,7.950251678E7,
I416299,-1447,2.55058477E7,2025-10-10
I416337,1735,2.5777534234E8,
I421151,1300,1.5541280896E8,2030-01-01
I423623,1984,1.1599875567E8,2030-01-01
I424683,1617,0.0,
I429041,245,2036877.82,2030-01-01
I431427,1270,1.4316371444E8,
I446291,927,8.880059149E7,
I448515,1415,1.5215437223E8,2030-01-01
I449197,-200,1.320768037E7,2025-09-14
I449604,1704,1.7749423265E8,2030-01-01
I452565,1049,1508254.34,
I452568,896,4.14489561E7,2030-01-01
I455355,829,3.067552309E7,
I456246,-1901,1.6789021292E8,2025-09-05
I458394,246,1.456736737E7,
I461110,1140,1.2818839983E8,2030-01-01
I463479,-1675,1.3253941585E8,2025-09-06
I464820,1598,4.152188342E7,2030-01-01
I361900,-803,9.645991204E7,2025-09-29
I362049,1173,5.301888514E7,2030-01-01
I371250,-1163,1.682020803E7,2025-10-22
I362099,974,2.76409334E7,
I373099,-1899,2.7090718367E8,2025-10-09
I376116,1941,5.78747528E7,2030-01-01
I376782,634,8.780013465E7,
I378736,1651,1.6986762426E8,2030-01-01
I384215,1253,1.1806303179E8,2030-01-01
I386483,-839,1.0860413913E8,2025-09-15
I389155,-523,2.873419025E7,2025-10-11
I394582,-539,2.547948936E7,2025-10-06
I396821,-1427,1.2257516712E8,2025-10-06
I399172,640,6.20362207E7,2030-01-01
I408610,1229,6.48783528E7,
I408958,1921,1.923838263E7,2030-01-01
I414721,1849,1.494119972E7,2030-01-01
I414965,1129,5.875883359E7,
I417973,1018,2201969.37,
I418091,1114,8.132319891E7,
I418344,892,1.187449399E7,2030-01-01
I419170,1263,4.280896603E7,
I419472,1227,1.801511046E7,
I427982,570,3.966402195E7,
I428160,1241,1.1096241704E8,2030-01-01
I430561,-1783,7.534893951E7,2025-10-31
I431118,1038,6.814996474E7,
I439999,1354,1.8920119091E8,
I441640,419,6.101810461E7,
I441927,1866,2.260048384E8,2030-01-01
I444773,1599,5.892433628E7,2030-01-01
I451177,1266,5.736449681E7,2030-01-01
I451728,256,7390345.25,
I454450,1690,2.027423988E8,2030-01-01
I456301,-1349,8.954962651E7,2025-09-22
I459492,-1839,2.322394715E7,2025-10-11
I460376,-364,1.863906327E7,2025-09-14
I463999,-1211,1.5915488243E8,2025-10-29
I472448,-1106,6.485394599E7,2025-10-14
I475589,129,6571398.55,2030-01-01
I369238,837,1.1858891568E8,
I369784,670,5.317307431E7,
I375688,-1379,1.0682331172E8,2025-09-08
I383101,926,8.072932632E7,2030-01-01
I393465,-272,3.146605776E7,2025-09-04
I394226,993,8.797918118E7,2030-01-01
I394982,1704,2.0313052892E8,2030-01-01
I395896,-116,1.191481633E7,2025-10-27
I400870,1210,4.211613969E7,
I408276,-273,1.387633646E7,2025-10-22
I408778,-1932,3.995532428E7,2025-09-27
I413467,1581,1.512391069E8,
I414834,-872,1.1472098263E8,2025-10-11
I426806,1566,7.796456929E7,2030-01-01
I427862,1704,7.329201697E7,2030-01-01
I428410,648,9.092408337E7,
I429710,1841,1.0769227483E8,2030-01-01
I434466,1022,1.1045222734E8,2030-01-01
I436428,-217,1.332808483E7,2025-09-15
I437986,-350,2.965750169E7,2025-10-30
I440923,60,6979928.84,
I442088,-340,1.297914258E7,2025-09-04
I448078,493,3.738759231E7,
I452410,1405,1.0552746699E8,2030-01-01
I460863,1199,1.2333691759E8,
I463468,-1631,1.9253740097E8,2025-09-14
I467647,73,1.040997193E7,
I473799,1593,4.800995622E7,
I474899,1885,1.1275474469E8,2030-01-01
I475452,1710,1.1619874615E8,
I484819,1531,1.965408769E8,2030-01-01
I478551,1987,8.178707387E7,
I491154,1087,1.490708884E7,2030-01-01
I498773,1367,7.49494032E7,2030-01-01
I507147,1045,1.190519224E8,2030-01-01
I509577,1465,3.595438804E7,
I517427,-481,2.098747842E7,2025-09-22
I517806,-184,2.482201137E7,2025-09-30
I530800,298,3.084545296E7,
I534104,1905,5.248974275E7,
I534679,-525,6.841073136E7,2025-10-25
I536762,-143,2802350.8,2025-09-09
I539759,-898,2.437339217E7,2025-10-02
I541787,-561,2.537621143E7,2025-10-16
I544739,878,2.057334395E7,2030-01-01
I545297,419,3.881223521E7,
I546079,351,3.478776647E7,2030-01-01
I547589,-595,2.267712843E7,2025-09-06
I548028,-1366,1.049016603E7,2025-10-10
I554381,-203,2.827248991E7,2025-10-01
I558193,-987,7.754651692E7,2025-10-13
I558413,-1156,5.919649029E7,2025-10-14
I561672,1120,1.2389467488E8,
I564450,643,0.0,2030-01-01
I566645,1563,2.940334995E7,2030-01-01
I568755,1628,7.953879724E7,2030-01-01
I576159,-659,9.327249312E7,2025-09-14
I587251,104,523739.91,
I587628,1656,5.900894884E7,2030-01-01
I590399,1695,2.1568546083E8,
I475734,350,1.048785078E7,2030-01-01
I482880,-1159,734128.91,2025-09-18
I487567,-746,4.250717705E7,2025-10-12
I477588,735,7.039040019E7,
I490848,-1197,1.2808482201E8,2025-10-27
I492920,1618,5.649487613E7,
I499291,-1486,1.9410431442E8,2025-09-29
I509625,-409,1.764515828E7,2025-09-18
I513801,-412,1.135045858E7,2025-09-26
I517277,968,1.2923889412E8,2030-01-01
I517568,-1925,9.859179552E7,2025-10-02
I519128,-504,4.258297994E7,2025-09-08
I519705,1970,3.24159991E7,2030-01-01
I522429,124,9502424.91,
I523834,-299,3.920740744E7,2025-09-07
I528233,408,4.654813965E7,2030-01-01
I529427,-997,1.1426806193E8,2025-10-06
I531982,-789,5.2325119E7,2025-10-24
I532362,1536,2.2370069809E8,2030-01-01
I532930,487,5.651174123E7,
I533855,977,0.0,2030-01-01
I540657,582,7.482552529E7,
I549212,1078,5.345545418E7,2030-01-01
I551097,53,1039856.41,2030-01-01
I554064,120,1.048508371E7,
I560613,-413,4.00274838E7,2030-01-01
I571584,-502,1.709704857E7,2025-10-06
I574545,892,1.820510825E7,2030-01-01
I577398,909,1.0107031506E8,2030-01-01
I580237,-1297,1.2322156798E8,2025-09-26
I581516,863,1.335279234E7,2030-01-01
I583280,468,1.850220827E7,
I483183,-835,6.401194137E7,2025-09-06
I489779,-926,1314231.79,2025-10-19
I490006,413,5.316060657E7,2030-01-01
I490034,846,5.795146801E7,
I490706,1062,4.177146075E7,2030-01-01
I492293,-986,7.695429056E7,2025-10-31
I501402,823,5.103861556E7,
I504826,835,9.105789947E7,
I515005,-887,5.546870163E7,2025-10-31
I524767,1070,6.936841849E7,
I524871,1455,9.737500771E7,
I526782,-123,1.024891498E7,2025-09-24
I530803,105,6135491.85,
I531579,-104,1743108.14,2025-09-25
I532617,-1168,8.565019505E7,2025-10-20
I540698,329,3.510739763E7,2030-01-01
I547551,-1543,1.0219953801E8,2025-10-27
I547655,1617,6.170668204E7,2030-01-01
I548803,1589,6.143170127E7,2030-01-01
I552730,1021,1.591388938E7,2030-01-01
I560604,-1702,3.113710438E7,2025-09-04
I563651,1642,0.0,2030-01-01
I564211,985,1.1335167607E8,
I569291,541,1213730.27,
I570986,-317,3.627883545E7,
I571066,-643,6329501.62,2025-10-06
I578115,79,0.0,
I579021,1698,4.130000633E7,2030-01-01
I584388,-955,1.1741287533E8,2025-09-18
I585664,1309,1.3224083947E8,2030-01-01
I480280,-904,1.34968955E7,2025-10-03
I484214,1061,1389812.89,2030-01-01
I486503,1382,2.386904896E7,2030-01-01
I486672,287,2.250223263E7,2030-01-01
I477550,589,0.0,
I484102,1201,1.522780764E8,
I488737,1666,1272433.8,
I491533,331,1.057149463E7,
I495923,376,2.166827697E7,2030-01-01
I500721,-1797,1.2071557058E8,2025-09-22
I501718,-1996,2.0569181059E8,2025-10-06
I512323,1588,1.7649217021E8,
I514271,1818,1.8142907417E8,
I517106,1942,1.0791234901E8,
I517472,-730,6.12289565E7,2025-10-29
I526853,167,2.200447634E7,
I530008,1183,1.6525670872E8,2030-01-01
I531136,1031,1.1357310964E8,2030-01-01
I534291,562,3.222717632E7,
I536561,-1172,1.6780675199E8,2025-10-28
I537435,1348,1.210455955E7,
I537831,-905,1.1506618559E8,2025-10-07
I544469,704,4.787180515E7,2030-01-01
I556882,593,8.105568352E7,
I557017,-667,4.539274261E7,2025-10-21
I559149,-1738,6.308198768E7,2025-10-10
I560179,1408,5.031623289E7,2030-01-01
I562871,575,7.873058992E7,2030-01-01
I563938,1941,2.6523108914E8,
I568486,-1785,2.5273907783E8,2025-10-09
I569641,594,8.887336349E7,2030-01-01
I571816,-1916,6.422913051E7,2025-09-03
I580756,1457,3918355.59,
I588195,147,9874630.63,
I588467,-1979,2.7326846134E8,2025-09-28
I485345,-359,5184589.5,2025-10-25
I485849,-155,8561867.64,2025-10-27
I484976,290,2.775683301E7,
I489102,235,2285025.21,
I499353,1195,6.30843691E7,
I505825,1118,1.0102996671E8,
I507355,-1308,1.5750228422E8,2025-09-05
I510345,1348,5.513329814E7,
I514410,1241,7215654.09,
I521148,1513,1.5956831048E8,
I521920,1127,1.967028472E7,
I522043,-188,7798365.37,2025-09-27
I527220,78,4447739.82,2030-01-01
I529596,229,2298869.3,
I530986,650,7.18823502E7,2030-01-01
I531693,-856,1.2126718968E8,2025-09-14
I532074,215,2.611382165E7,2030-01-01
I534739,452,2.551126036E7,
I537625,1074,1.4953164488E8,
I553593,66,7470727.68,2030-01-01
I555401,157,1.300482634E7,
I555663,1826,8.532264273E7,
I556754,-1911,1.5137077632E8,2025-09-23
I561279,-678,3.408890478E7,
I565456,1397,6.274450081E7,2030-01-01
I568610,1170,2.879121724E7,2030-01-01
I568902,555,6.503689577E7,
I578556,361,1.420796966E7,2030-01-01
I581850,-1431,2.019828113E8,2025-09-27
I585973,-128,1.613207739E7,2025-10-16
I480831,-1535,1.2556497908E8,2025-10-12
I486564,-1639,2.0818272397E8,2025-09-29
I481044,923,1.2692089328E8,
I491724,606,6.85974826E7,2030-01-01
I493603,-359,2152275.74,2025-09-27
I500282,1186,1.5399690223E8,
I502829,1224,1.3390285243E8,
I509351,-1182,1.1463334255E8,2025-09-10
I510911,1452,2.0631458412E8,2030-01-01
I513602,1124,1.0779630511E8,2030-01-01
I518936,1588,2.0104967369E8,2030-01-01
I526861,701,9.271254124E7,
I528304,-1168,1.6571683607E8,2025-09-05
I529735,759,5.17428662E7,
I534608,-652,1.254708687E7,2025-10-22
I535475,1679,2.155556195E7,
I538734,1443,9.165163527E7,
I541226,-683,3.870595896E7,2025-09-06
I542551,-826,4.712333203E7,2025-10-04
I558705,376,1.806217041E7,2030-01-01
I560695,1600,1.1957881733E8,2030-01-01
I561938,281,2.694743937E7,2030-01-01
I562159,1744,1.0521218386E8,
I563795,1653,1.0417496181E8,
I565978,-899,2.441206199E7,2025-09-13
I566643,-600,659955.6,2025-09-09
I569137,253,1.230090792E7,2030-01-01
I574244,-1149,7832525.58,2025-10-04
I582606,1001,1.0165576732E8,2030-01-01
I585040,799,9.904231075E7,2030-01-01
I589838,1844,0.0,
I589960,185,8943142.52,
I480210,-1808,8.847838351E7,2025-09-07
I482286,416,7111848.78,2030-01-01
I486021,-599,3.379101047E7,2025-10-16
I486364,-1599,1.1801009656E8,2025-10-11
I487490,980,0.0,
I494384,-1037,1.1132644334E8,2025-10-09
I495599,1459,4.597469873E7,2030-01-01
I496564,-1242,5.006834753E7,2025-10-26
I498814,-971,1.3466293284E8,2025-09-03
I502877,1139,2.391536753E7,2030-01-01
I507469,-94,9219990.85,2025-10-19
I518234,-619,8.627002057E7,2025-09-19
I519034,1810,1.2790495753E8,2030-01-01
I520510,1143,5.716649755E7,
I521780,1409,2130514.89,2030-01-01
I522423,-1318,9789231.35,2025-10-25
I529227,1328,1.1852575007E8,
I530478,-945,8.699549869E7,2025-09-11
I531132,-1228,1.3677335264E8,2025-09-19
I533208,662,6382896.58,2030-01-01
I535538,299,0.0,
I547344,-1616,1.4734123487E8,2025-10-16
I548005,-606,7.594814219E7,2025-10-01
I548394,1160,1.0626914598E8,
I550858,-1406,1.0875447116E8,2025-10-07
I555169,1972,2.6414283048E8,2030-01-01
I555391,-863,9.893822916E7,2025-09-13
I556786,637,4.739961001E7,2030-01-01
I558225,1986,1.72601582E8,
I565144,977,1.061149192E8,2030-01-01
I566980,996,7.330641894E7,
I567320,1510,1.9253575366E8,2030-01-01
I568304,-650,1.016113143E7,2025-10-27
I570739,-782,6.184126382E7,2025-10-11
I573478,671,1.613742801E7,2030-01-01
I580292,-1691,2.2901354503E8,2025-10-21
I583963,833,7.115645136E7,
I584286,1767,2.006215602E8,
I589592,1146,6.262702982E7,2030-01-01
I479941,-393,0.0,2025-10-09
I483440,342,1.419384448E7,2030-01-01
I476405,690,1.349735408E7,
I481795,855,1.2369911895E8,
I488090,935,1.3361411551E8,2030-01-01
I493632,-726,3.762654636E7,2025-09-16
I495419,782,4.356879984E7,
I495614,647,6.024490822E7,
I495858,627,7.574620212E7,2030-01-01
I497581,-524,1.713799097E7,2025-10-18
I498379,1967,7.704013347E7,
I499205,1761,2.3309551531E8,2030-01-01
I499289,-1542,2.1945849844E8,2025-09-06
I500907,1109,1.2857971937E8,
I513963,468,6.041159092E7,
I520489,1503,2.058858169E7,2030-01-01
I521128,-903,6328200.16,2025-10-15
I526537,-168,2.22955266E7,2025-10-03
I536952,129,1.340623314E7,
I537072,1307,1.2452497297E8,
I545768,-408,1.878005329E7,2025-10-20
I549338,1345,1.5663180361E8,
I551261,-557,1.07260249E7,2025-10-02
I553418,-1174,3.469046822E7,2025-10-02
I557880,1493,1.1865184258E8,2030-01-01
I560191,-1397,3.888605853E7,2025-09-24
I561483,1518,1.4723938216E8,2030-01-01
I561861,134,1897531.04,2030-01-01
I569268,1175,1.0468560812E8,2030-01-01
I572319,1582,1.9714971136E8,
I578245,-1232,1.3808449408E8,2025-09-18
I580640,870,2.5612752E7,2030-01-01
I580877,589,4.10825206E7,
I585596,193,1.532459187E7,2030-01-01
I586061,225,3.026584049E7,2030-01-01
I586773,-1222,5.747775595E7,2025-10-10
I478771,823,7.453933951E7,2030-01-01
I480975,429,5.137443954E7,2030-01-01
I476236,1681,2449860.3,
I482681,1730,3.683107998E7,
I486901,554,9987420.92,
I489749,-686,4.281034295E7,2025-10-08
I501320,-1550,1.3456313422E8,2025-10-30
I506232,1593,2.0618008529E8,2030-01-01
I512278,-614,3.81261762E7,2025-10-28
I531565,-1687,2.645143297E7,2025-09-21
I533178,923,3.037048484E7,2030-01-01
I533824,-1410,1.9473628094E8,2025-09-05
I533863,-604,6.95798224E7,2025-09-29
I536633,1055,6.079664874E7,
I542365,1855,1.2470559621E8,
I544001,1716,7262997.16,2030-01-01
I546678,859,7.189579133E7,2030-01-01
I546752,1327,1.7130877311E8,
I552235,1532,9.361698121E7,2030-01-01
I556767,-1019,3.573188159E7,2025-10-14
I557664,1178,6.387724133E7,
I559765,1419,4.982364577E7,
I561185,1698,0.0,
I566884,-329,4.706847324E7,2025-09-02
I571962,1153,1.0507829204E8,
I573102,1395,2.6920488E7,2030-01-01
I574997,70,434454.2,
I576542,1473,8.27806136E7,2030-01-01
I578685,524,5.526367967E7,
I581787,132,0.0,
I582915,1959,4.229866756E7,
I583852,-1086,8.361302452E7,2025-10-01
I586419,-1987,1.8016148475E8,2025-10-16
I587484,-402,2.079239668E7,2025-10-27
I588557,1458,2.0478623695E8,
I482162,-1470,0.0,2025-09-28
I482487,62,5555598.27,2030-01-01
I484816,806,1.1896156683E8,2030-01-01
I475827,1614,1.5020937518E8,
I482891,248,420677.86,
I487580,1863,1.821772648E7,
I488589,-598,8.011103125E7,2025-10-25
I489535,-1762,1.7931521199E8,2025-10-15
I498862,1360,1.5798879239E8,2030-01-01
I499387,1885,1.737171569E8,2030-01-01
I506413,181,8124072.75,2030-01-01
I513782,1550,5568337.1,
I514971,611,478176.38,
I519502,1645,1.7127741023E8,
I525187,-1392,9981637.56,2025-10-21
I528141,1726,9.499198317E7,
I530907,904,9.714363898E7,
I532050,-882,3.124411418E7,2025-10-23
I538064,1249,0.0,
I540081,-1629,8.541047434E7,2025-10-17
I541399,415,4.531147622E7,2030-01-01
I564248,247,3.54298551E7,
I567427,407,4.921216424E7,
I567888,-1569,1.5129224648E8,2025-10-18
I576978,345,1.86184542E7,2030-01-01
I580762,-524,4981271.11,2025-09-04
I581231,1124,4.903339008E7,
I585165,1269,2.104116643E7,2030-01-01
I478923,-585,3.026464643E7,2025-09-02
I485165,-812,1.1866885969E8,2025-10-13
I475972,1366,8.681553961E7,
I480063,1781,2.3156350872E8,
I490803,-1298,1.5891973517E8,
I503685,695,8.838400773E7,2030-01-01
I506459,-1532,1.8041826806E8,2025-10-04
I507423,-1657,1.4918794681E8,2025-09-19
I509600,1247,9.43979463E7,
I509990,-82,8984240.07,2025-09-04
I513281,-925,4.652050834E7,2025-10-05
I528353,-1400,1.5974339162E8,
I529085,1691,6.066610299E7,2030-01-01
I531286,1099,1.3904922752E8,
I533626,623,2.284253656E7,
I535412,1559,1.5075555446E8,
I542482,799,1.1492599669E8,2030-01-01
I545115,1756,1.5989853264E8,
I546932,1927,2.1481956712E8,2030-01-01
I548547,-1031,7.46838395E7,2025-09-19
I551192,-685,6.593458348E7,2025-09-19
I560166,-972,9.602598754E7,2025-10-17
I562014,-1975,1.5841846469E8,2025-10-02
I570351,1704,8.6165881E7,
I585993,809,1.466521869E7,2030-01-01
I587151,-1717,8.100721819E7,2025-10-01
I589756,1083,3.344008591E7,
I486971,1117,1.4927315996E8,2030-01-01
I485138,-1930,1.6708176028E8,
I485353,1023,8.93265985E7,
I492161,1814,1.2783367337E8,
I495816,1688,8.148198765E7,2030-01-01
I500528,1827,8.441900102E7,2030-01-01
I501383,911,1.009903619E8,2030-01-01
I504034,1825,1.2623937131E8,2030-01-01
I506957,901,1.2927449015E8,
I513615,215,1.547331976E7,2030-01-01
I514230,1734,9.90452507E7,2030-01-01
I515753,1449,3.197629754E7,2030-01-01
I517317,725,8.754328487E7,
I517722,1698,1.0496869861E8,
I517740,1296,6.234834128E7,2030-01-01
I522219,-1832,2.752562621E7,2025-10-21
I523495,1671,7000086.25,2030-01-01
I524364,210,2.113316363E7,2030-01-01
I526894,-1626,1.6405453035E8,2025-09-26
I534094,-232,1303616.07,2025-09-22
I536984,809,7.852479649E7,
I545121,-1728,3.183309579E7,2025-09-20
I550573,940,3.735086971E7,2030-01-01
I555444,-974,1.3608545438E8,2025-10-11
I556546,1551,6.190649382E7,
I557609,942,1.86578269E7,
I563729,330,1.586339005E7,
I565067,854,5.791890298E7,
I574010,1589,1.49698282E8,2030-01-01
I582459,627,6.682741338E7,2030-01-01
I594954,162,1.467390261E7,2030-01-01
I596792,-169,2.082834386E7,2025-10-19
I598950,1132,1.4595894784E8,2030-01-01
I602241,-1426,1.968629057E7,2025-10-03
I595384,-1382,1.9640460205E8,
I607626,672,6.433727038E7,
I608763,1170,5.70261782E7,2030-01-01
I611852,714,1.662014627E7,
I615298,-1827,8.58630692E7,2025-09-20
I622041,-387,5370493.0,2025-09-15
I622186,59,6673813.26,
I628774,763,1.548429096E7,
I633354,-1011,3.191191467E7,2025-10-04
I633916,1728,1.9358391734E8,
I635350,1300,1.460769291E8,
I635760,1792,2.1955718675E8,
I636126,-622,7.837694888E7,2025-10-05
I641569,1966,2.028213345E8,
I649178,950,9.775326725E7,
I651547,1466,2.899598325E7,2030-01-01
I658210,-690,1.0290000517E8,2025-10-03
I658528,1735,2.0338299221E8,2030-01-01
I661884,-1797,1.0408694718E8,
I662044,-1296,3.204003159E7,2025-10-21
I663193,445,6160850.31,
I669630,-1208,3.448505787E7,2030-01-01
I680711,-1066,9.006746047E7,2025-10-05
I682637,709,1.0080539234E8,2030-01-01
I683766,414,4278147.87,
I700776,-659,9.619689682E7,2025-10-30
I705365,1747,1.6044236387E8,2030-01-01
I591972,1427,1.9172752867E8,2030-01-01
I592295,-1650,7.402273675E7,2025-10-09
I603578,968,8.743073508E7,
I617389,67,5395965.52,
I617866,1288,1.2526951346E8,
I618407,319,2.248176439E7,2030-01-01
I624722,-655,7.027178944E7,2025-09-23
I624770,1972,0.0,
I643597,241,1.581493728E7,2030-01-01
I645360,310,3.212791607E7,2030-01-01
I661605,-1298,1.3724477948E8,2025-09-23
I664875,677,8524310.4,2030-01-01
I665643,-1620,1.8878754756E8,2025-09-08
I676288,228,2.061215716E7,
I676899,224,8346255.73,2030-01-01
I694980,-1913,1.9942267314E8,2025-09-09
I696898,1477,7085273.77,
I701801,178,2.567303021E7,
I702954,1435,1.7597684767E8,
I592284,1521,2.596660361E7,2030-01-01
I602237,626,4.123351447E7,2030-01-01
I602929,888,1.2149954358E8,2030-01-01
I603294,947,6.254909552E7,2030-01-01
I597229,523,1.135150653E7,
I604270,-1239,2914389.56,2025-09-15
I610257,98,9550122.94,
I611536,184,6104569.98,
I618347,960,1.3088621621E8,
I620158,-1964,1.0897692401E8,2025-10-18
I620589,1383,1.0347497456E8,2030-01-01
I628179,193,1.020737338E7,
I633269,1712,2.293646354E8,2030-01-01
I633981,1366,9.911666755E7,
I648526,1251,1.0551866219E8,2030-01-01
I651059,624,6.852533001E7,2030-01-01
I654855,389,3.453208577E7,2030-01-01
I659928,-1270,1.0402829619E8,2025-10-20
I667396,1416,2.877686828E7,
I668655,298,2.020914827E7,
I673022,-118,1.341930366E7,2025-10-27
I676858,1058,1.2096572295E8,2030-01-01
I677656,-987,7.948956641E7,2025-10-19
I678420,134,8652628.9,2030-01-01
I687102,1645,1.4237340525E8,
I687129,1029,1.3776553419E8,2030-01-01
I690611,166,1.512669714E7,2030-01-01
I690694,1711,1.6496119059E8,
I699771,1507,1.1630142842E8,2030-01-01
I703732,1278,1.4694932696E8,2030-01-01
I597203,-834,9.785991324E7,2025-09-12
I597521,279,6932100.7,2030-01-01
I597936,164,1.373964242E7,2030-01-01
I601840,618,3.761976927E7,2030-01-01
I593416,1086,9.345993574E7,
I606716,1673,2.4146112416E8,
I613067,-1334,1.369641081E7,2025-09-08
I613941,-159,1.09873172E7,2025-10-04
I618153,540,4.007502922E7,
I618451,-1531,1.534999086E8,2025-09-16
I621670,1822,3.059222228E7,
I623506,1281,9.789981203E7,2030-01-01
I624762,-1373,7.904595925E7,2025-09-28
I627615,1704,6477696.1,2030-01-01
I627747,318,4.69002782E7,
I631515,-384,5.427832436E7,2025-10-29
I634982,-1962,1.2727205111E8,2025-09-19
I635534,1824,7.992191039E7,
I635946,1307,1.104551302E8,
I636155,-1845,9.678608487E7,2025-09-18
I640166,1422,1.1534823109E8,
I642150,1696,8617160.35,
I646173,-822,4.157581912E7,2025-10-15
I648809,-1422,9.921610357E7,2025-10-13
I650212,1784,3.104971672E7,
I658228,1771,2.0955664485E8,
I658870,-1098,1.3110339751E8,2025-09-13
I660415,181,8814653.59,2030-01-01
I661260,1627,6343377.05,
I671580,509,8252999.94,
I672928,-1838,1.8393738782E8,2025-09-17
I674785,977,9.643923553E7,2030-01-01
I675975,1361,3.493270669E7,
I679049,159,1.963413796E7,2030-01-01
I682208,1182,7.864937461E7,2030-01-01
I682739,541,5.986015571E7,2030-01-01
I690076,1889,1.0785423944E8,
I690211,54,640795.43,2030-01-01
I690313,1656,1.5810805791E8,2030-01-01
I690391,1775,1.8259152994E8,
I691901,-927,3.73115122E7,2025-09-24
I692660,-893,1.72529239E7,2025-09-17
I694304,898,9.914650896E7,2030-01-01
I704010,-1898,2.7925249176E8,2025-09-01
I706128,1342,0.0,
I592716,-1206,6.114089332E7,2025-10-21
I599521,102,6758180.61,2030-01-01
I601628,644,4.024860649E7,
I603381,962,6.200585753E7,
I609081,-972,9.261734641E7,2025-10-10
I610349,1469,2.523371456E7,
I611343,378,1.873259142E7,2030-01-01
I613197,-743,4.357442132E7,2025-10-18
I616147,1132,1.5670751223E8,2030-01-01
I618032,324,3.415683294E7,
I618876,-812,6.031126243E7,2025-10-07
I620207,-818,7.14741824E7,2025-10-16
I626277,-1905,3.977001163E7,2025-10-03
I628084,1283,1.0911268547E8,
I637674,1304,6.82765488E7,2030-01-01
I640546,582,0.0,2030-01-01
I643059,-1333,1.372498761E8,2025-10-10
I650787,1462,8338497.09,
I659332,1788,6.40931601E7,
I660863,-1327,9.989965974E7,2025-09-05
I662395,1247,9.621515413E7,2030-01-01
I665324,1320,2.089960235E7,2030-01-01
I665566,685,4.365793339E7,
I671073,1386,3973882.11,
I671341,-299,1.377859082E7,2025-09-18
I677682,996,1.2151179554E8,
I678837,-1883,6.434036062E7,2025-10-21
I680636,1552,1.3605780602E8,2030-01-01
I681283,-1820,2.2597418046E8,2025-10-25
I696332,-857,1.615610883E7,2025-10-12
I696613,582,3.34889683E7,
I700972,-1795,4.698863792E7,
I702982,709,3.476196082E7,
I702989,799,2.848724395E7,
I705152,1547,2.648686158E7,2030-01-01
I707081,-337,1.631761501E7,2025-09-24
I592985,-1743,2.0466836238E8,2025-10-24
I593610,758,4.675851745E7,2030-01-01
I594926,-1640,1.3739146172E8,2025-10-20
I604496,808,4.696203535E7,2030-01-01
I607372,1473,1.6548357836E8,
I608567,194,2.406028246E7,2030-01-01
I610029,-560,7.020114638E7,2025-10-02
I611789,-791,2.443371448E7,2025-10-03
I618240,315,8130559.48,2030-01-01
I619678,1596,2.2970623446E8,
I619984,727,9.318167945E7,2030-01-01
I620127,257,1.051006254E7,2030-01-01
I622778,551,1.807788853E7,
I626079,-1604,5.151129369E7,2025-09-03
I641516,-1617,1.4046827894E8,2025-10-18
I643998,-1924,1.2926629946E8,2025-10-13
I660542,880,9.165194817E7,
I666984,1345,1.7470067435E8,
I667212,336,4.778739946E7,2030-01-01
I668788,-1836,1.6718813562E8,2025-09-15
I668981,1645,2.3782871569E8,
I669845,445,5.640948992E7,
I673441,1573,3.837010522E7,
I676140,-930,5.326558146E7,2025-10-07
I683595,1554,6.0026733E7,
I686969,-636,7.19759457E7,2025-09-18
I696865,1028,1421712.36,
I699290,1426,6.986780772E7,
I699889,1842,5.398994254E7,
I701922,1569,1.5300010438E8,
I702133,-1428,8.493831824E7,2025-09-12
I595574,-659,1.5515164E7,2025-10-16
I614873,1256,1.5173032211E8,
I614876,77,9696005.06,2030-01-01
I616962,-1111,0.0,2025-10-17
I624556,-367,2.941522286E7,2025-09-05
I630439,1684,1.550500441E8,2030-01-01
I635327,-438,5.113232598E7,2025-09-29
I635743,-685,1.601925568E7,2025-09-01
I637138,750,7.78247474E7,2030-01-01
I637516,1661,9.717774356E7,2030-01-01
I641450,1965,5.307961061E7,2030-01-01
I642691,1873,1.4630999516E8,2030-01-01
I643040,324,4736062.83,
I644190,1804,3.021838578E7,
I648244,-486,2.187809863E7,2025-10-20
I649067,1342,1.9547881479E8,2030-01-01
I654517,-1073,4.549242077E7,2025-10-07
I666617,1114,1.3222168849E8,
I666809,190,2.529902959E7,2030-01-01
I669237,270,1.93349554E7,
I671660,1400,2.404090391E7,
I672250,-1534,1.380093996E7,2025-10-01
I673939,1098,1.2979426836E8,2030-01-01
I677799,-1301,1.143491104E7,2025-09-08
I679111,-191,2554787.88,2025-09-27
I684392,1981,2.3083622499E8,2030-01-01
I686975,-414,4.349182821E7,2025-09-15
I687824,1593,9.899549175E7,
I702770,593,6665961.26,
I704973,1400,1.8479469553E8,
I705359,1424,1.798616642E7,
I592170,-1052,1.2570343178E8,2025-09-03
I593611,1748,2.0325875357E8,2030-01-01
I594758,497,4.206565364E7,2030-01-01
I595276,1352,1.5310510593E8,2030-01-01
I600032,-292,2.91692451E7,2025-10-15
I592595,439,2.836090719E7,
I606925,1165,1.5721749938E8,2030-01-01
I608345,560,2.318435202E7,
I615631,-1390,7.83087972E7,2025-09-18
I615891,1804,9.753801874E7,
I624298,536,4.922045954E7,2030-01-01
I627120,746,9.453731658E7,2030-01-01
I628138,325,1.665220257E7,
I630310,-1186,9.906494291E7,2025-10-04
I634233,1075,3.216205572E7,
I634345,-1623,6.842405023E7,2025-10-27
I635096,1085,9936473.24,2030-01-01
I641246,989,6.089176008E7,
I644996,1346,8858424.79,2030-01-01
I648535,1354,4.383023005E7,
I649105,683,7625980.33,2030-01-01
I651688,1451,1.2171105344E8,2030-01-01
I655317,1615,1.3637686671E8,2030-01-01
I661590,-837,7.022714965E7,2025-10-05
I662413,-417,1.976529113E7,2025-09-18
I663793,608,6.176718931E7,
I667022,-375,1.223771101E7,2025-10-17
I670882,-527,5.934165698E7,2025-10-13
I672019,1180,1.3079220877E8,
I672646,1688,1.8717713409E8,2030-01-01
I672764,-1948,2.5038145922E8,2025-09-18
I677202,-167,2300873.75,2025-09-24
I685219,187,2.153556927E7,2030-01-01
I688641,1784,3923691.39,2030-01-01
I689961,-825,7.388506144E7,2025-09-12
I695950,1699,1.3534199691E8,
I701392,-555,7.007339237E7,2025-09-10
I593165,1838,1.6365750237E8,2030-01-01
I597225,-1765,2.2378724309E8,2025-10-02
I598027,-306,1.617648275E7,2025-09-11
I600614,926,1.146031803E7,
I605082,811,5.930242983E7,2030-01-01
I607623,1829,7.681804696E7,
I609729,-1160,3.645675391E7,2025-10-12
I611373,-1345,3.197544239E7,2025-09-19
I612238,539,5.603435096E7,
I612665,649,1.890837402E7,
I613769,-1618,1.6407188927E8,2025-10-03
I614068,525,2189719.93,
I614790,1613,1.2826949504E8,
I616076,281,1.251169439E7,
I616748,-870,2.355865087E7,2025-10-23
I619703,-771,6.206172371E7,2025-09-27
I623242,1196,5.531269034E7,
I624060,1814,1.2515629151E8,2030-01-01
I625334,1906,2.7044678396E8,2030-01-01
I626104,-1305,1.8733238017E8,2025-09-04
I632723,171,0.0,
I633970,1803,1.316730298E7,2030-01-01
I639730,1925,1.7965156495E8,
I643111,1336,1570320.07,2030-01-01
I643154,413,0.0,
I645678,-734,7.828883891E7,2025-10-25
I647505,1467,1.4701804692E8,2030-01-01
I649931,1606,2.0219607024E8,
I651542,1046,1.108499319E7,
I657556,-1300,9690624.11,2025-10-28
I658590,1788,1.8572262785E8,2030-01-01
I668254,-796,9.852421553E7,2025-09-30
I668668,1867,1.219080249E7,
I673329,1184,1.0023326781E8,2030-01-01
I675039,1367,9.11550071E7,
I680407,1809,5.827420067E7,
I683596,1216,1.7188339878E8,2030-01-01
I684404,-312,3.581638752E7,2025-09-21
I684508,1581,1.0142499541E8,2030-01-01
I687581,1395,2.791676719E7,2030-01-01
I697352,-1051,3.083723278E7,2025-10-16
I701858,-315,278746.79,2025-09-15
I706765,-76,1071650.94,2025-09-12
I591668,-903,1.0952009188E8,2025-10-11
I592213,-514,6.202624233E7,2025-09-18
I593244,-1535,8.273195998E7,2025-10-02
I595949,1789,6000156.6,2030-01-01
I603118,144,0.0,2030-01-01
I613516,-447,2.996751948E7,2025-09-06
I614028,304,1.118823354E7,2030-01-01
I614625,-1573,1.7641136309E8,2025-09-25
I614905,1577,2.1953402212E8,2030-01-01
I615071,-1063,1.4940845415E8,2025-10-28
I617931,837,0.0,2030-01-01
I621644,1656,1322412.02,
I622795,599,6.333799156E7,
I624038,488,6.355417366E7,2030-01-01
I632402,-128,9109883.0,2025-09-10
I633553,1381,7.957045133E7,
I639217,1328,1.1853772831E8,
I641094,-193,1.136980748E7,2025-09-19
I645340,-1370,1.9891214365E8,2025-10-06
I647926,707,6.239028112E7,2030-01-01
I649764,1498,2.0317036346E8,
I651773,631,8.609083461E7,2030-01-01
I655185,1001,1.447675138E7,2030-01-01
I659439,1450,1.1576094995E8,
I660688,1953,2.551577721E8,2030-01-01
I661021,838,9.287381523E7,
I661290,-494,9073168.76,2025-10-03
I665061,-1725,1.5597274224E8,2025-09-10
I667207,1336,0.0,
I667974,-90,2192415.12,2025-09-21
I673501,-1511,2.026982874E8,2025-10-26
I678094,-1892,7.10492167E7,2025-10-18
I684182,-637,9379957.84,2025-10-06
I689156,-1668,2.0629703724E8,2025-10-21
I689941,-1647,2.3518507419E8,2025-10-07
I696813,299,3.684295379E7,
I700382,1060,6.550213268E7,
I700879,-458,5.697820016E7,2025-09-15
I704312,-1111,4.274132853E7,2025-10-03
I595290,302,8534029.52,2030-01-01
I596569,-874,5.569031816E7,2025-10-06
I599845,1927,8.319704941E7,2030-01-01
I599646,1746,2.85851162E7,
I608958,-833,5.505222098E7,2025-09-23
I611311,1187,1.5100411205E8,
I617530,1161,1.2402256365E8,
I620567,1971,2.2485918499E8,2030-01-01
I627145,835,6.945008872E7,
I627830,658,3.055182869E7,
I628202,1394,1.6050661264E8,2030-01-01
I630578,286,2.967654964E7,2030-01-01
I641206,1148,1.0202546797E8,
I652952,1661,1.0606468294E8,2030-01-01
I654688,613,2.402246658E7,2030-01-01
I656205,234,3.056572855E7,
I662460,1942,1.1095698329E8,
I663728,1418,1.433954963E8,2030-01-01
I664916,1206,3.614690054E7,
I667105,1398,1.7004129571E8,
I669840,769,6.156143472E7,
I669896,959,1.2405892058E8,2030-01-01
I672293,-1645,1.252722735E8,2025-10-29
I674746,1268,1.195213886E7,2030-01-01
I683017,527,4.075333594E7,
I683610,-896,3.650992819E7,2025-09-26
I684886,-526,5.232343973E7,2025-09-19
I686855,678,9.086999302E7,
I687962,120,8014990.4,
I689127,932,0.0,2030-01-01
I689131,580,4433041.58,
I698928,-1273,1.8235898803E8,2030-01-01
I699326,1821,7.385751329E7,
I703206,-385,6139277.35,2025-09-03
I705441,1846,1.607521111E7,
I706536,1422,4.706819028E7,2030-01-01
I601389,1946,2.2602666962E8,
I607945,-1584,1.6160436479E8,2025-09-06
I627520,1987,2.9325873015E8,2030-01-01
I629461,-966,2.403795238E7,2025-10-04
I631696,1576,3.593157301E7,
I640544,557,1.601567265E7,2030-01-01
I646944,1771,3863967.53,
I665610,-1060,1.2194769222E8,2025-10-25
I670854,309,3.531461281E7,
I673589,-930,9.237295327E7,2025-10-31
I673592,1550,6.963962361E7,
I675530,1690,1.1060118008E8,2030-01-01
I675792,1356,1.9644080365E8,2030-01-01
I680746,-1946,1.8580389995E8,2025-10-27
I683546,1188,3.975946009E7,2030-01-01
I686539,1801,2.5425719175E8,
I687221,114,1.500844427E7,2030-01-01
I688334,790,1.1489840009E8,2030-01-01
I690663,-924,1.0722810972E8,2025-10-05
I695060,-1057,1.1692572978E8,2025-09-09
I703466,-506,7.025978046E7,2025-09-24
I704352,-786,8.047160764E7,2025-09-02
I705329,505,5.271922376E7,2030-01-01
I710911,-1206,1.0008008689E8,2025-10-03
I711909,295,2.050026924E7,2030-01-01
I714387,1306,1.1363145579E8,2030-01-01
I711731,1948,6.548759628E7,
I711817,1195,6.94815832E7,
I723391,1895,1.5753258674E8,2030-01-01
I731365,-761,2.241598624E7,2025-10-25
I732090,-969,9654005.08,2025-09-28
I734381,538,6.873826305E7,
I736918,930,8258316.74,
I737609,1443,1.4197272524E8,
I749789,-1705,1.474674159E8,2025-09-30
I756593,1919,8.467965161E7,2030-01-01
I758522,-1470,1.3419054699E8,2025-09-13
I759295,-1439,2.1463158857E8,2025-09-08
I759564,1470,1.656632649E8,2030-01-01
I763785,75,8902263.56,2030-01-01
I770255,1405,1.806624082E8,
I772809,-1081,7.644893225E7,2025-10-19
I775556,660,5.62714506E7,2030-01-01
I784490,141,2.019901275E7,
I786759,63,4030284.37,
I789349,-1957,2.300986286E8,2025-10-01
I789362,345,5.052481794E7,2030-01-01
I797268,-1577,1.9890290559E8,2025-09-17
I797510,-1737,2.1940323145E8,2025-09-16
I800792,1098,8.613221198E7,2030-01-01
I808698,-478,4.972566637E7,2025-10-13
I821198,-1149,8.503201653E7,2025-09-03
I708075,500,1414332.29,2030-01-01
I708495,182,2.308853885E7,2030-01-01
I714603,1421,1.6808040113E8,2030-01-01
I716135,-741,2.953448509E7,2030-01-01
I718671,1827,5.720508145E7,2030-01-01
I707586,255,3.186490482E7,
I727782,566,3.777549413E7,2030-01-01
I727902,-1872,2.747741213E8,2025-09-06
I730190,647,1.456141943E7,
I731807,575,8658881.18,
I732029,861,2.228283273E7,
I732301,-1295,6.028140044E7,2025-09-12
I742359,1146,8.00500836E7,2030-01-01
I746469,1180,5515630.41,2030-01-01
I748568,-1669,1.64120245E8,2025-10-31
I756111,523,5.832278376E7,
I762298,298,3.035417596E7,
I767013,650,5.250348647E7,2030-01-01
I767956,-1272,1.2243408609E8,2025-10-01
I769650,-1275,1.6408687688E8,2025-09-26
I771995,-1491,1.9224737616E8,2025-09-04
I772671,334,2.382116414E7,
I775937,1205,4.062033964E7,2030-01-01
I777780,233,3.484473079E7,
I786785,1941,2.4456193902E8,
I788991,629,3.106740152E7,
I791033,-168,1.271850203E7,2025-09-13
I793699,987,6.628223276E7,2030-01-01
I795722,902,5.055754813E7,
I799994,-1249,1.2237190558E8,2025-09-19
I800503,272,7028650.34,
I802057,1011,1.3355973356E8,
I805157,816,5.681546109E7,
I810649,-1215,1.6646612667E8,2025-10-28
I811981,1799,2.0481780263E8,2030-01-01
I816780,1415,1.8648013788E8,
I818753,-818,3.002446524E7,2025-09-06
I708114,-1667,1.7883388886E8,2025-09-21
I716192,1622,2.1118659147E8,2030-01-01
I719743,459,4.994961392E7,2030-01-01
I724791,-363,1.75794777E7,2025-10-30
I737963,1348,5.841938331E7,2030-01-01
I746942,1998,2.6783190942E8,
I747238,886,7487814.24,2030-01-01
I748520,-1815,2.0218476127E8,2025-10-20
I749179,494,2.826963557E7,2030-01-01
I749385,535,4.246122579E7,
I749680,1748,1.8756451369E8,
I754947,-866,1.059906548E8,2025-10-03
I759239,411,1.772948775E7,2030-01-01
I760144,1981,0.0,2030-01-01
I766188,179,2.427924872E7,2030-01-01
I774462,545,1.682109397E7,2030-01-01
I780901,-435,7462704.36,2025-10-03
I785020,602,5.687041226E7,2030-01-01
I789976,1895,7.240654166E7,
I795725,669,4.591336774E7,
I796125,481,5.304671473E7,2030-01-01
I802323,1539,9.354813024E7,
I806301,404,5.651229691E7,2030-01-01
I808050,1667,1.6932948837E8,
I812360,887,5.14860284E7,2030-01-01
I813103,1941,3.076205232E7,2030-01-01
I813355,582,4.042462121E7,2030-01-01
I814871,464,3.035113145E7,2030-01-01
I816863,368,2.785683343E7,2030-01-01
I708062,-173,1.824991811E7,2025-09-27
I714105,1983,1.1982824566E8,2030-01-01
I714840,910,1.2866107857E8,
I723366,-1088,9.853284838E7,2025-09-12
I726878,-659,5.924050101E7,2030-01-01
I728439,660,7.674124952E7,
I740692,1318,3.510084359E7,
I744120,961,7.467573673E7,
I746062,-1396,1.8780461345E8,2025-10-02
I751968,183,2.447655344E7,2030-01-01
I756533,1977,2.7351933334E8,
I756965,-583,4.342013782E7,2025-09-10
I763020,-181,2238349.31,2025-09-16
I765363,-1795,2.6013995402E8,2025-10-10
I766315,1763,1.5435403938E8,
I767739,-570,7.340177961E7,2025-09-06
I768181,-808,2.342257391E7,2025-09-28
I773350,1152,9.466846504E7,
I779348,758,9.522323504E7,
I788252,-878,1.1509672422E8,2025-10-31
I790827,1953,4.137619487E7,
I792915,1498,9.094291807E7,2030-01-01
I799250,-537,4707652.75,2025-09-14
I802409,1935,1.1158651968E8,2030-01-01
I804003,586,3.613082071E7,
I804024,-753,6.711727031E7,2025-10-16
I804949,1778,2.5152188663E8,
I812607,1493,6.001861244E7,
I815260,845,1.2623046896E8,2030-01-01
I815916,1730,7679269.95,2030-01-01
I820157,-1968,2.4259026725E8,2025-10-24
I821078,1558,2.0345550727E8,2030-01-01
I821294,1823,1.4019319709E8,2030-01-01
I713576,1117,1.5042155852E8,2030-01-01
I719464,957,1.432621352E7,2030-01-01
I714394,1456,7.064052801E7,
I718378,964,1.3088666682E8,
I722222,-333,4.235980441E7,2025-09-16
I725121,1565,1.7137393978E8,
I728508,1661,1.7286481825E8,2030-01-01
I728690,158,4562790.61,
I735465,-464,1.387517455E7,2025-09-11
I736427,1953,2.4105650762E8,
I737490,-1894,2.6426315558E8,2025-10-26
I747209,1184,1.0647305903E8,
I752130,60,1148295.99,2030-01-01
I777638,-91,5712657.0,2025-10-26
I779412,-1082,7.314885008E7,2025-09-28
I783946,668,1.349142089E7,
I784034,-502,1.561565426E7,2025-10-25
I784173,1417,4.222738159E7,
I798833,307,4274456.86,
I799618,-612,4.216314001E7,2025-09-24
I800477,108,2793456.76,2030-01-01
I810270,1847,8.558730867E7,
I817021,1728,1.7629925276E8,2030-01-01
I821368,-851,3.987123071E7,2025-10-07
I708487,1825,1.9852517631E8,2030-01-01
I718621,-1430,1.7655880564E8,2025-09-12
I718957,205,1.154591812E7,2030-01-01
I714139,570,1.808829548E7,
I716338,1444,1.7431122736E8,
I724788,-1990,1.1446725407E8,2025-10-04
I724799,152,1.75524588E7,
I730270,-1550,1.0907147E7,2025-09-27
I734616,725,6.066309073E7,
I738365,-210,1.231935594E7,2025-10-08
I739202,-328,1.354133145E7,2025-10-25
I743110,1160,9.757457106E7,
I744503,-869,5.013736719E7,2025-09-21
I744899,390,4200518.91,2030-01-01
I751152,216,1.916898616E7,2030-01-01
I761771,1048,7.408208544E7,2030-01-01
I767227,1587,1.658343097E8,
I767683,-1334,1.529348103E7,2025-10-03
I767821,1799,1.8799891457E8,2030-01-01
I769124,1301,6121370.39,
I773220,734,4684494.06,2030-01-01
I778694,1099,7.732330205E7,
I782839,-1119,9.952326759E7,2025-09-24
I783076,445,5.695474115E7,
I783494,-485,5.149157884E7,2025-10-01
I795113,62,5210935.4,2030-01-01
I797166,1818,2.309636518E8,
I797718,-1977,1.0603601098E8,2025-09-23
I799946,-979,1.4505866022E8,2025-09-25
I812124,506,6.002148963E7,2030-01-01
I711535,-333,4814254.85,2025-09-28
I714728,916,5.416843546E7,2030-01-01
I715330,-380,3.288544569E7,2025-10-14
I719139,217,1.800240253E7,
I722187,-673,4.020616685E7,2025-10-23
I722247,338,2547920.83,
I724621,1770,2.732027372E7,2030-01-01
I736141,-1711,4.264364496E7,2025-09-04
I752817,376,4.313034046E7,2030-01-01
I759186,596,3.89042455E7,2030-01-01
I759553,1474,6.097401301E7,2030-01-01
I760585,147,2840532.73,
I762022,-948,1.2550510105E8,2025-09-21
I763960,161,1.225036474E7,
I770395,482,6.858493008E7,2030-01-01
I770784,881,1.1953157615E8,2030-01-01
I790717,552,4.417788588E7,
I792678,943,8.185251571E7,2030-01-01
I793083,1229,1.2286029003E8,
I806009,-591,5.10962323E7,2025-09-03
I811258,1743,1.3885449689E8,2030-01-01
I815712,-1355,1.499119738E7,2025-10-06
I818078,781,6.098394043E7,2030-01-01
I709567,1022,1.0951575002E8,2030-01-01
I714028,1605,3149789.3,2030-01-01
I714343,-746,4.223650924E7,2025-09-09
I711369,954,4.140340201E7,
I723868,-774,8.740886722E7,2025-10-10
I724059,-143,1.59476021E7,2025-09-06
I724668,-1172,1.3215828021E8,
I745269,1114,6.875124855E7,
I751123,1067,1.5463580198E8,2030-01-01
I757023,736,9.536783656E7,
I757109,-233,2.129833255E7,2025-10-04
I764560,1541,1.0589896747E8,
I765284,1796,5.964097369E7,2030-01-01
I767589,-1048,9.84632782E7,2025-10-31
I768640,-1426,1.6168842019E8,2025-09-08
I772519,1917,5.244963694E7,
I773071,-473,3.538307688E7,2025-10-14
I773383,874,2.332950484E7,
I775294,598,6.236591055E7,
I777793,266,4965309.15,
I779603,-828,4.151956747E7,2025-09-29
I781417,883,7.982967209E7,
I784364,777,7.535365149E7,2030-01-01
I799331,-1981,2.8382810184E8,2025-09-11
I805287,1591,8.395315388E7,
I811101,-882,8.424713464E7,2025-09-21
I815028,1434,1.5575192529E8,2030-01-01
I815424,1913,1.150824011E7,2030-01-01
I817822,627,8.686002755E7,2030-01-01
I818522,-349,4.373079787E7,2025-10-22
I819722,313,2.291770252E7,2030-01-01
I820058,1621,8.822920134E7,2030-01-01
I711965,-672,8882516.26,2025-10-23
I718056,1323,8.446088161E7,
I725241,-379,4.191427024E7,2025-10-19
I732049,569,5.30867617E7,2030-01-01
I734527,164,2.0760542E7,
I748340,1932,2.3177999167E8,
I752483,82,2231117.55,2030-01-01
I753466,477,4302341.28,
I753707,869,3.037348656E7,
I757772,-1026,1.0922627347E8,2025-10-21
I758018,-152,8338229.59,2025-09-28
I758900,379,1.181792306E7,
I762588,1839,5.434889616E7,2030-01-01
I764370,-349,4343685.82,2025-10-30
I767609,654,1.801221442E7,
I768841,1374,1.9124756937E8,
I776943,1128,1.0170307974E8,2030-01-01
I778992,990,1.3094261746E8,2030-01-01
I800549,1620,8.771254729E7,2030-01-01
I812536,558,4.422042611E7,
I813037,1305,1.0472781849E8,
I814511,-1213,8.427327999E7,2025-10-25
I817774,549,6.682816899E7,2030-01-01
I717819,1780,0.0,2030-01-01
I718147,-1822,2.0026257497E8,2025-10-01
I719024,-779,1.628726409E7,2025-09-09
I726772,1819,5.585263657E7,2030-01-01
I727724,-1007,1.2582042329E8,2025-10-07
I732296,1995,2.4544528719E8,
I735567,1722,9.464444659E7,
I741142,1372,1.3579604249E8,
I741682,276,2.899861002E7,2030-01-01
I749402,636,4.821271408E7,
I752938,-629,8.935322114E7,2025-09-01
I762651,255,2.148291666E7,
I765883,800,1.080090886E8,
I772389,741,1.0463068658E8,
I772457,903,5.066439452E7,2030-01-01
I773883,1294,1.4640680114E8,2030-01-01
I774918,999,1.1255506613E8,
I777450,-288,2.038933547E7,2025-10-09
I778548,-936,8.427914948E7,2025-10-25
I778662,1067,4.005824234E7,
I782979,-1518,2.1328903484E8,2030-01-01
I797159,-1800,4.586808725E7,2025-10-21
I798671,583,8.630102988E7,
I804977,1091,5.007390507E7,2030-01-01
I809305,166,2.313190505E7,2030-01-01
I810791,-487,9923425.88,2025-10-16
I811506,150,1.942659039E7,2030-01-01
I817452,-111,1.188100522E7,2025-09-21
I708302,-845,0.0,2025-10-14
I714086,886,6.492735053E7,2030-01-01
I721504,1080,1.0180029686E8,2030-01-01
I726889,1994,1.3272510748E8,
I731334,508,1.035012561E7,
I735563,812,1.2080178712E8,
I740162,-723,6.485042884E7,2025-09-17
I741336,1055,6.708106208E7,2030-01-01
I771125,574,6.340760305E7,
I772685,752,794279.58,
I774296,733,7.462075994E7,2030-01-01
I774476,-90,3017276.0,2025-09-28
I775357,1855,1.6818816555E8,
I777886,-881,1.033721343E8,2025-09-18
I781734,-1794,9.390906816E7,2025-10-20
I781849,-1775,2.6548350821E8,2025-09-16
I790318,-417,3.22467406E7,2025-09-13
I790916,1202,4.8975575E7,
I794964,842,9.848823775E7,2030-01-01
I796191,-1857,2.4239093476E8,2025-10-21
I798146,1861,1.3165574858E8,
I806793,1673,1.2339712883E8,
I815026,459,3.092014839E7,2030-01-01
I820733,462,5.284002471E7,
I822641,793,1.0174810048E8,
I716026,1410,2.280449068E7,2030-01-01
I716502,767,6.732554475E7,2030-01-01
I728321,551,5176917.31,2030-01-01
I729023,-1474,1.3417756944E8,2025-10-17
I730446,1876,1.4856322385E8,2030-01-01
I731564,-989,7.504571608E7,2025-10-18
I737854,436,5.421906339E7,
I740079,1609,2.0038750559E8,2030-01-01
I752379,655,6.27544797E7,
I754854,1817,5.379134487E7,
I760499,1378,8.53876827E7,2030-01-01
I764681,-911,6.037124911E7,2025-10-20
I766973,344,2.39458271E7,2030-01-01
I769099,1676,1.770439404E8,2030-01-01
I771313,110,4749107.65,2030-01-01
I772510,1002,1999783.35,2030-01-01
I776953,-1292,3.913738144E7,2025-10-28
I786163,-1747,6.272333442E7,2025-10-05
I786247,-1059,1.5581757675E8,2025-09-10
I788620,1866,1.4310755977E8,
I791713,-1654,1.1893791502E8,2025-09-26
I799807,226,2.633408596E7,2030-01-01
I801977,1065,1.2267166013E8,2030-01-01
I805885,1226,1.868458978E7,
I809936,-1324,1.2606693164E8,2025-10-28
I813011,1999,2.605955396E7,
I817879,-502,5.758697745E7,2025-10-01
I819118,727,7.41820151E7,
I822948,1800,1.7095652496E8,
I822960,-1713,0.0,2025-09-13
I826276,860,4.284900772E7,2030-01-01
I829841,1384,5.037472451E7,2030-01-01
I834198,1367,8032170.44,2030-01-01
I836068,50,6496612.42,2030-01-01
I836809,915,5.890057109E7,2030-01-01
I847148,1928,2.718480687E8,
I853556,-545,3.921423127E7,2025-09-01
I856070,940,4091188.05,
I858263,1395,1.1906962704E8,
I858368,-322,3.165527133E7,2025-10-22
I858599,1493,1.9853123122E8,
I859967,1002,1.4334071637E8,
I877560,139,0.0,
I877659,1755,9.054404771E7,2030-01-01
I877937,-1607,4.13787816E7,2025-09-16
I879442,-652,8.59403284E7,2025-09-14
I880597,-241,6689901.69,2025-09-23
I881118,-83,1.1487863E7,2025-10-16
I882664,849,1.401401538E7,2030-01-01
I891683,1037,1.5297834564E8,2030-01-01
I893678,513,1.724509102E7,
I894982,1682,8.685629362E7,2030-01-01
I900521,229,1.440101155E7,
I904582,184,2.24176922E7,2030-01-01
I906135,1527,1.9444426404E8,2030-01-01
I906725,1820,1.8129842242E8,2030-01-01
I910486,1819,3204184.03,
I911522,569,1.774882171E7,2030-01-01
I914844,450,2.348290071E7,
I917850,498,4.028326194E7,
I927445,-1895,1.8961928912E8,2025-10-24
I927983,1588,5.720458562E7,2030-01-01
I930426,253,3.642747613E7,2030-01-01
I828111,-766,4.557750099E7,2025-09-18
I823551,1100,1.0141368724E8,
I827408,1778,6.354655118E7,
I840647,-509,2.214777449E7,2025-09-29
I842045,575,4.075750226E7,
I846591,612,4.750877251E7,
I851667,914,5.661936165E7,2030-01-01
I858148,-574,4.30827838E7,2025-10-28
I859510,156,4143655.95,
I863182,1036,2.342324919E7,
I864378,-1216,1.8189541925E8,2025-09-02
I866902,-329,2.868557077E7,2025-09-19
I867488,-884,1.1535488677E8,2025-10-01
I869350,1317,1.8730894669E8,2030-01-01
I871849,1816,2.1630625337E8,2030-01-01
I882931,62,5685409.41,2030-01-01
I887348,435,3.789132501E7,
I889785,1270,1.570095067E7,
I891741,279,3.137477212E7,
I894225,1089,1.1947798944E8,2030-01-01
I896640,713,5.199889331E7,
I900558,873,1.1150700914E8,2030-01-01
I908485,52,2936213.27,2030-01-01
I909096,-1053,7.020975625E7,2025-10-26
I916024,1654,0.0,2030-01-01
I919877,-513,5.539253979E7,2025-09-02
I923673,76,2223806.07,
I926667,1974,2.540998627E7,
I927740,-292,2416011.66,2025-10-13
I928410,313,2.080827234E7,2030-01-01
I929741,1501,9.370546024E7,
I931982,429,1.063843814E7,
I934261,-1897,1.5448044285E8,2025-10-27
I832267,717,5.356194017E7,2030-01-01
I832869,-1765,7.145957662E7,2025-09-21
I823293,863,3032974.26,
I835172,1111,9.957409757E7,
I838279,1958,5331475.21,
I838536,138,1.314509017E7,2030-01-01
I839811,1660,2.0689048288E8,
I846134,-1560,7.461722713E7,2025-09-29
I846843,-1992,9.588847184E7,2025-09-14
I848233,87,8796209.64,2030-01-01
I849063,-1901,8458317.4,2030-01-01
I849492,-455,7956011.49,2025-10-05
I852622,-203,7458820.95,2025-09-11
I855771,283,2.937734488E7,2030-01-01
I856544,-368,3.823823049E7,2025-09-29
I856849,-1763,1.9095676012E8,2025-10-12
I862271,-310,2.191517654E7,2025-09-10
I871162,-487,5550117.47,2025-10-22
I872763,839,1.1862897269E8,
I875071,1370,8.480596681E7,2030-01-01
I878774,1708,3.80508735E7,2030-01-01
I879523,59,1672852.68,
I880589,-754,3.621934125E7,2025-10-22
I881767,195,1.149810605E7,
I882013,-1060,3.616352154E7,2025-10-29
I883788,1242,5.280081629E7,
I884201,551,6.655901637E7,
I888984,-1489,2.176146478E7,
I890514,1211,5.279494505E7,
I891922,254,1.8749908E7,
I897216,-1134,7.282375555E7,2025-10-13
I898550,267,3.74474295E7,
I901717,-1903,2.4064705777E8,2025-10-25
I902085,1786,2.3346515927E8,
I906995,666,4.517483907E7,2030-01-01
I910466,-917,1.2964479222E8,2025-10-08
I912031,967,5.368429433E7,2030-01-01
I913389,1189,7.554297052E7,
I914650,-108,1.094914135E7,2030-01-01
I919147,-1503,7.096146972E7,2025-09-05
I920865,1251,4.508935802E7,2030-01-01
I923930,-393,2.277867022E7,2025-10-27
I925885,-1550,1.5125448746E8,2025-10-31
I930153,-1553,2.300461569E7,2025-10-16
I937191,986,2.880576999E7,
I827214,-1731,2.1905776411E8,2025-10-05
I832686,684,4.442776428E7,2030-01-01
I825351,1629,9.646602796E7,
I837620,-500,3812698.36,2025-10-24
I839210,713,9.459805169E7,
I839384,811,9.671566773E7,
I839990,1977,1.3775076174E8,2030-01-01
I840681,878,4.957664122E7,
I842756,-1911,8173183.12,2025-09-05
I845679,1600,1.9620977239E8,
I850484,-1191,8.577452758E7,2025-10-05
I854517,631,3.891772396E7,2030-01-01
I854851,338,1.32779062E7,
I856532,1196,7.250828363E7,2030-01-01
I857712,125,8631742.41,2030-01-01
I859713,-804,2.393894242E7,2025-10-19
I860171,1521,8.895690462E7,
I866449,-372,3.933529607E7,2025-10-15
I866974,244,2.511954028E7,
I866994,1720,7.874557381E7,2030-01-01
I868110,796,7.117099983E7,2030-01-01
I877859,-816,4.262899824E7,2025-09-21
I879620,642,5.501201062E7,
I882035,1813,2.1200893822E8,2030-01-01
I893475,-1119,1.489248796E7,2025-09-22
I896856,-822,1.1325206019E8,2025-10-07
I897936,-139,8655245.16,2025-09-09
I900069,1881,2.0840768473E8,
I900378,1826,1.1446259082E8,
I901419,1551,2.2112172221E8,2030-01-01
I913217,907,8301286.84,
I913739,-1510,2.1268280714E8,2025-09-24
I917128,687,6.066195559E7,2030-01-01
I925533,-365,3.792824242E7,2025-10-22
I925756,1200,4.268788541E7,
I925813,124,389858.1,2030-01-01
I926194,1684,0.0,2030-01-01
I927003,1433,4.302969798E7,2030-01-01
I932091,-89,8890246.47,2025-10-19
I932901,126,1.208640753E7,2030-01-01
I824724,-1327,9.395697235E7,2025-09-21
I825705,-1005,3.408760271E7,2025-10-16
I826408,-819,9.207996329E7,2025-09-02
I823142,1600,1.6018027231E8,
I836738,1549,6.598878415E7,2030-01-01
I846776,861,7.671198861E7,2030-01-01
I851390,1742,1.9065851873E8,
I853133,478,6.980976311E7,
I853694,-1148,1.701906881E8,2025-09-20
I854456,-1923,2.6970224386E8,2025-10-02
I856833,1721,1.7933532209E8,
I857545,1037,1.3316681152E8,2030-01-01
I861458,1927,1.5801957453E8,2030-01-01
I862830,-1309,1.0868574198E8,2025-10-10
I868058,-1440,1.2149129016E8,2025-10-15
I869579,-220,1.829340115E7,2025-09-01
I873138,-592,3.694878803E7,2025-10-02
I876716,-394,6669970.11,2025-09-01
I882657,-113,8315086.15,2025-10-18
I883100,1075,5.115950458E7,2030-01-01
I887720,592,2.153982012E7,
I888130,1615,0.0,
I893148,-178,1.944027597E7,2025-09-15
I894105,-401,1.544093697E7,2025-09-22
I898159,1662,9.194423744E7,2030-01-01
I900630,149,1.92358943E7,2030-01-01
I900639,946,1.3512991027E8,2030-01-01
I907500,112,1.564628668E7,
I909380,1544,1.10984073E7,2030-01-01
I910231,-1085,0.0,2025-09-07
I912420,511,3.282752289E7,2030-01-01
I913030,567,4.977738954E7,
I913282,751,2.945380911E7,
I915583,363,5.438587548E7,2030-01-01
I921354,1466,1.9400923186E8,
I922697,-1898,5.931904676E7,2025-09-22
I924023,-890,1.0776050217E8,2025-09-16
I929158,1254,3.592997244E7,
I931052,1715,9.602710027E7,
I933209,1001,9.118451407E7,
I824224,-1609,2.489287751E7,2025-10-20
I832091,246,0.0,2030-01-01
I833054,1042,1.3300054758E8,
I836324,192,2.234674417E7,2030-01-01
I838518,-287,2.338172699E7,2025-10-01
I839074,1869,1.0992292936E8,
I843930,1487,1.2222626965E8,
I845163,-1623,5.168673637E7,2025-10-04
I848065,1644,6.632813996E7,2030-01-01
I850181,1961,4.943224639E7,
I858602,1683,1.1016296138E8,
I859090,1491,4.597209586E7,2030-01-01
I861394,1058,1.5522260366E8,
I864505,737,5.136357206E7,2030-01-01
I872583,-1866,1.7966396999E8,2025-10-06
I877916,1629,1.5229991447E8,
I882114,883,1.348013452E7,2030-01-01
I888466,-682,9.530794238E7,2025-09-12
I890187,-1486,3.327788431E7,2025-09-01
I899986,-281,1.164304095E7,2025-10-06
I901758,1783,1.6765230367E8,
I907078,260,3.335313811E7,
I907213,226,2.392520872E7,
I917008,672,9.901691155E7,
I919774,393,1.660304229E7,
I920087,1431,3.506385758E7,2030-01-01
I924896,1080,1.0348960515E8,2030-01-01
I927118,943,1.3664539478E8,
I927194,-1320,2.44983016E7,2025-09-28
I936738,209,1557586.34,
I937373,914,1.3218751738E8,
I823049,-487,1.726832752E7,2025-10-13
I827498,-167,8281639.91,2025-09-19
I828703,1636,4.065296144E7,2030-01-01
I837792,1099,1.5307797033E8,
I838267,1800,1.5166565104E8,
I839920,210,2.455277224E7,2030-01-01
I840303,-439,5.458191297E7,2025-09-15
I845655,-1981,7.630087642E7,2025-10-11
I849092,1836,7.834461456E7,
I870553,1388,7.876074445E7,
I872771,953,3.664770868E7,
I876294,137,1.896976381E7,2030-01-01
I878433,1156,1.6981812203E8,
I880882,661,3.797923462E7,2030-01-01
I883931,468,0.0,2030-01-01
I885862,-810,1.054801903E8,2025-10-22
I886803,1662,1.2105089534E8,2030-01-01
I887958,1400,1.2514849647E8,
I890214,237,2.742663921E7,
I895997,-174,8122712.27,2025-10-17
I897478,-1607,1.9938600181E8,2025-10-29
I908373,-1236,2147133.64,2025-10-12
I910434,778,1.1170581514E8,2030-01-01
I921141,503,4.628412663E7,2030-01-01
I921962,473,2.804245987E7,2030-01-01
I922623,1572,1.1497591575E8,
I927780,1947,5.272470855E7,2030-01-01
I933888,1438,1.775621841E7,2030-01-01
I937729,968,6.912403813E7,2030-01-01
I831892,1950,1.5306546213E8,2030-01-01
I833877,-488,2.47573267E7,2025-10-09
I835113,1158,2.081572978E7,2030-01-01
I835356,-1754,9.89898215E7,2025-10-07
I826148,1416,4.611994632E7,
I833691,409,1.23063282E7,
I837810,323,1.762717539E7,
I843612,169,1.271621676E7,
I848882,1596,4.828931644E7,2030-01-01
I855845,633,3.937234345E7,2030-01-01
I856507,535,6.81730604E7,
I857571,687,7.8322667E7,2030-01-01
I857722,99,7546607.58,
I859628,-1579,9.873499001E7,2025-10-16
I867221,331,3.852921714E7,2030-01-01
I871623,155,1.569651001E7,2030-01-01
I874124,1292,9.126798318E7,2030-01-01
I878710,1237,1.920481461E7,
I880926,-1038,1.895062104E7,2025-10-26
I881094,-85,2732629.8,2025-10-23
I884480,-106,1.561996064E7,2025-10-31
I887131,270,2.197335801E7,
I888657,854,9.106443175E7,
I892180,1971,6.226706053E7,2030-01-01
I894681,736,1.729675714E7,
I895083,-1699,1.0504587781E8,2025-09-10
I896175,396,4.443147663E7,2030-01-01
I897756,1944,8.443959346E7,
I897833,1738,1.0430100058E8,2030-01-01
I900229,1635,2.1223017952E8,2030-01-01
I901132,445,5.990008607E7,
I901465,1629,2.1030442386E8,
I908607,1940,1.1773019528E8,2030-01-01
I908914,1166,2.985999106E7,
I910770,505,2.997891943E7,2030-01-01
I918797,-1626,1.336309567E7,2025-09-10
I920101,173,1610998.84,
I920781,-819,8.533194235E7,2025-09-18
I921495,1642,3594300.26,2030-01-01
I922270,-937,8.585136409E7,2025-09-30
I928775,559,8.276353144E7,2030-01-01
I929287,1528,1.1755624865E8,2030-01-01
I930192,-1961,2.9179215833E8,2025-10-25
I930890,1422,1.0291557639E8,
I933490,138,1.858539682E7,2030-01-01
I934209,1070,1.4498727815E8,
I935512,-1623,4.748055224E7,2025-09-06
I938048,877,1.1172118036E8,2030-01-01
I825356,790,6.513379061E7,2030-01-01
I827715,-1197,1.0878793098E8,2025-09-22
I828337,-55,2585514.02,2025-09-02
I828647,134,3704590.14,2030-01-01
I829325,-1780,1116313.13,2025-10-27
I834708,707,2.001868721E7,2030-01-01
I825729,687,8.462449927E7,
I829666,1204,1.6125952784E8,
I836815,-1131,8.311457491E7,2025-09-16
I836941,478,6.90419259E7,2030-01-01
I845808,1099,1.2858759206E8,2030-01-01
I846281,994,9.845238697E7,
I849693,981,5.083064012E7,
I853050,72,8939790.85,2030-01-01
I854139,1609,1.9465273775E8,
I855437,306,1.527628222E7,2030-01-01
I856854,1026,1.2086291842E8,
I859317,-1141,1.1983115087E8,2025-09-27
I865234,1988,1.1561105066E8,2030-01-01
I865961,1501,2.2407239022E8,
I866099,-1320,1.7317386699E8,2025-10-29
I869136,1886,1.910641215E7,2030-01-01
I870049,913,1.1226914314E8,
I872864,142,1.560033788E7,
I873293,1959,2.5821152194E8,2030-01-01
I881569,1158,1.5900894973E8,
I891252,-1103,9.81717375E7,2025-09-08
I891903,1796,1.4331318787E8,2030-01-01
I894335,1687,2.3121042045E8,
I897462,-311,3.210021087E7,2025-09-05
I898213,-823,1.005229065E7,2025-09-26
I901140,129,8416464.0,2030-01-01
I903649,1797,8.515807462E7,2030-01-01
I904376,-288,6333638.02,2025-10-06
I905783,-1782,1.3421720845E8,2025-09-19
I908123,-1867,6.292670983E7,2025-09-17
I908744,1848,2.7254462784E8,
I917484,-1581,2.2664096098E8,2030-01-01
I933704,720,9.690115369E7,2030-01-01
I823930,1599,6.385494799E7,2030-01-01
I824072,-1483,2.007880694E8,2025-09-30
I826819,-1131,1.2530235016E8,2025-09-14
I827294,-464,5.921638403E7,2025-10-10
I835751,871,5.266850273E7,
I836017,677,1.289581953E7,2030-01-01
I852766,-305,3.185634337E7,2030-01-01
I854000,1508,6064906.15,2030-01-01
I857151,1696,2.2291574446E8,
I861559,-747,9.405809882E7,2025-09-28
I862442,-768,5.341725476E7,2025-10-27
I863154,705,4.209148959E7,
I864812,1397,1.7079275048E8,2030-01-01
I867275,1492,9.174653954E7,2030-01-01
I867618,-338,1550396.72,2025-09-05
I870892,1544,5.490780289E7,
I871640,-576,7.675963417E7,2025-10-18
I874465,-309,1.035353738E7,2025-09-08
I876135,160,1.828681903E7,2030-01-01
I881253,-535,6.529155509E7,2025-09-14
I885988,1374,1.4376358928E8,
I889090,306,3.463166131E7,
I892228,-1202,4.546753813E7,2025-10-24
I894998,1267,3.781187725E7,
I934546,1255,1.241483701E7,2030-01-01
I937630,1438,1.4610195388E8,2030-01-01
I938313,-1853,2.0831126413E8,2025-10-08
I824411,1305,2.19987863E7,2030-01-01
I824496,-1995,1.4523059346E8,2025-09-09
I825863,-221,5883368.15,2025-09-20
I837265,-1275,4.589745913E7,2030-01-01
I837293,-254,3.23363016E7,2025-10-27
I837468,1251,7.908064984E7,2030-01-01
I845533,729,1.127860648E7,
I845552,-1063,4.379832648E7,2025-09-05
I846360,213,1.58056229E7,
I852646,716,1.0647944778E8,2030-01-01
I857723,1067,3.241962507E7,
I868837,779,4.407308106E7,
I869338,1257,2.628409985E7,
I869405,-820,8.906383736E7,2025-10-31
I878309,781,4.492813644E7,2030-01-01
I880064,-827,6.343862256E7,2025-09-28
I880706,1162,5.222408459E7,
I882005,778,9128946.82,2030-01-01
I882051,-1564,5.645986721E7,2025-10-02
I883401,809,9.385923917E7,2030-01-01
I895480,-1703,2.4387831111E8,2025-10-13
I895972,-351,8841513.69,2025-10-25
I901751,838,4.639340144E7,2030-01-01
I910033,229,2.499344978E7,
I914416,1202,6.117921191E7,2030-01-01
I915859,1976,1.4856709898E8,
I916303,-1807,1.0075292106E8,2025-09-23
I917091,-743,8.066148645E7,2025-10-28
I918302,-1974,1.4304623745E8,2025-10-21
I923133,-334,539044.84,2025-09-12
I923397,-1801,2.4519478398E8,2025-10-11
I924776,1876,1.3793635901E8,2030-01-01
I927180,1825,1.4344028984E8,2030-01-01
I929452,1831,9.941836016E7,2030-01-01
I931188,-1294,1.7535910479E8,2025-09-15
I938653,1012,8681608.83,
I938678,921,1.1012100732E8,
I830417,1057,1.0735681416E8,2030-01-01
I832871,357,4.253017572E7,2030-01-01
I829796,1713,1.8543971777E8,
I837790,1291,8.376975219E7,2030-01-01
I846861,1951,1.6357244632E8,2030-01-01
I865656,1814,1.0414179238E8,
I870519,254,9504736.78,
I873889,730,2.319241432E7,2030-01-01
I876170,1377,2.005073076E7,
I877017,816,6.598054191E7,
I887196,-1382,3.893088884E7,2025-09-13
I897005,1556,2.2218224461E8,2030-01-01
I897373,146,6356512.24,
I897646,-607,8.109036145E7,2025-10-19
I899437,1247,6.512527177E7,2030-01-01
I901037,-1606,1.269526837E7,2025-10-15
I907820,495,6.347630711E7,2030-01-01
I909114,-156,1.294346979E7,2025-09-05
I912455,243,1.718761259E7,2030-01-01
I915254,1194,7.65266389E7,
I916623,347,0.0,2030-01-01
I920039,1093,1.3588922592E8,2030-01-01
I922079,-127,8201646.88,2025-10-06
I927856,918,3.21266143E7,2030-01-01
I928256,784,7.938752318E7,
I929114,1634,1.6916472412E8,2030-01-01
I932077,379,2.094897529E7,2030-01-01
I935808,1097,2.336621996E7,2030-01-01
I949794,-114,9912326.49,2025-09-18
I951304,1053,1.013408756E8,2030-01-01
I954619,779,3.354681146E7,2030-01-01
I956591,1178,4.944244689E7,
I964742,315,4.364832482E7,
I966270,192,3124992.74,
I967944,-1932,6.542564154E7,2025-10-05
I972262,-1597,3.403072739E7,2025-09-19
I979765,1938,2.8405195098E8,
I980002,1287,8.611656346E7,
I981506,1733,1.392441546E8,
I985084,-1100,1.5402217545E8,2025-10-07
I991557,320,1.215227573E7,
I1002898,1039,1.5214580374E8,
I1008902,615,3.670854524E7,
I1009395,-968,9.376170949E7,2025-09-08
I939265,953,1.0247395283E8,2030-01-01
I939893,1734,1.3126460365E8,2030-01-01
I941283,234,2.298783353E7,2030-01-01
I944911,-143,1639563.47,2025-09-19
I947245,1741,1.7977884106E8,2030-01-01
I951108,541,6.020269858E7,2030-01-01
I952520,-1267,8.142055479E7,2025-10-14
I954140,-808,8.875769591E7,2025-10-06
I956576,-1784,1.2756728465E8,2025-10-17
I959600,413,2.505506516E7,2030-01-01
I962680,1205,1.4960539005E8,2030-01-01
I983800,1440,6.727388374E7,2030-01-01
I987622,1408,6.025863004E7,2030-01-01
I998385,-839,6.868358223E7,2025-09-10
I1002531,1066,5.192763965E7,
I1008463,-1495,8.521878393E7,
I1008513,728,7.271989653E7,2030-01-01
I942044,-1921,2.677527743E8,2025-10-12
I943895,311,2.541168363E7,2030-01-01
I946842,-1118,1.7900369E7,2025-10-16
I950329,-867,7.260550704E7,2025-10-13
I938950,1142,1.5218706042E8,
I952713,-1073,1.4724198794E8,2025-09-02
I954166,504,7.307127097E7,2030-01-01
I956645,387,1.40544199E7,2030-01-01
I970272,-894,4.517714764E7,2025-09-27
I972396,218,2.497528643E7,2030-01-01
I978869,-177,4203028.26,2025-10-16
I981907,-847,2.36660108E7,2025-09-18
I984940,654,7.88673813E7,
I984955,1815,1.3127133433E8,
I988121,516,1.824959913E7,
I1004565,240,1.433362162E7,
I1005416,1124,1.1147791277E8,
I1007303,1662,1.1332649865E8,
I940962,-1179,3.26463612E7,2025-10-25
I941915,452,4.773132161E7,2030-01-01
I942007,-1816,1.1665347547E8,2025-10-22
I944063,-337,3.075136635E7,2025-09-11
I946831,-1833,1.5143705878E8,2025-10-07
I943534,1651,1.8616580583E8,
I944243,1736,1.874238279E7,
I947584,418,4.792151783E7,
I950983,-813,1682112.75,2025-09-24
I958485,-1045,1.4647897278E8,2025-09-27
I961639,-1367,1131812.74,2025-09-03
I965777,103,6550433.62,
I968084,1510,1.9649009452E8,
I971837,1930,2.1113506162E8,
I973697,1838,2.2546909929E8,2030-01-01
I983027,973,1.23519827E8,
I988227,492,6236654.05,2030-01-01
I989063,1753,2.942168104E7,
I989562,-1819,1.4806525503E8,2025-10-15
I993066,1457,1.5712137775E8,2030-01-01
I993554,622,2.720274413E7,
I995037,-917,6.759940068E7,2025-09-03
I1001269,1979,2.0456833293E8,
I1003074,-262,3.802672988E7,2030-01-01
I1004130,298,2.761208832E7,
I1004894,-923,9.004091175E7,
I1007635,559,1301251.49,2030-01-01
I1009585,1530,7.52408549E7,
I947627,319,1040855.25,2030-01-01
I941517,673,3.294601119E7,
I945106,1262,9.28672657E7,
I947399,748,1.0727301354E8,
I954646,1210,4.317582437E7,2030-01-01
I957418,1109,7514693.43,2030-01-01
I963792,1333,1.2773525687E8,2030-01-01
I964578,822,4.317312429E7,
I966119,333,2.776588016E7,2030-01-01
I970211,1406,1.0717156136E8,
I972936,413,6.163275735E7,
I975466,-1641,2.3378006278E8,2025-10-14
I986019,-946,1060953.29,2025-09-17
I988549,-392,2.873893688E7,2025-10-14
I990484,484,2.62813978E7,2030-01-01
I995454,-681,1.102965174E7,2025-10-12
I996535,631,1.661546686E7,
I999252,-1016,1.2089901567E8,2025-10-25
I1000969,1250,9.711201506E7,2030-01-01
I1001769,-361,3.806110318E7,2025-09-25
I1002073,-1763,1.6305127207E8,2025-10-03
I1004764,372,5.521086324E7,
I1005995,1568,1.4348216231E8,2030-01-01
I1006709,1681,2.1146877196E8,
I1007805,100,1.48271938E7,
I949704,273,1.942778118E7,2030-01-01
I952810,162,2405022.59,
I954678,-1314,1.942727933E7,2025-09-20
I957383,1452,1.5041986152E8,2030-01-01
I959709,-1532,4.598283544E7,2025-09-23
I963885,1228,1.4778465143E8,2030-01-01
I965218,814,5.931449531E7,2030-01-01
I976890,-382,4875404.8,2025-09-26
I979948,1510,3.758734863E7,
I984127,991,8065708.1,
I984302,1705,2.0167572602E8,2030-01-01
I985539,863,5.945547741E7,
I986813,84,1785490.86,
I990328,-1673,1.6977682636E8,2025-09-06
I990833,921,7243332.51,2030-01-01
I998287,94,1.226421302E7,2030-01-01
I1003701,-1589,8.061755568E7,2025-10-07
I1004249,437,1.077007131E7,
I959752,-245,6460828.34,2025-09-05
I960024,443,3.212110386E7,
I963823,451,2.788975503E7,2030-01-01
I965741,-1404,8.659191762E7,2025-10-19
I969888,1966,2.2102409656E8,
I971216,1376,3.054422668E7,
I986177,1203,4.891233706E7,2030-01-01
I986189,1827,6.537296701E7,2030-01-01
I989887,-1865,4.095319826E7,2025-09-14
I990514,1984,2.7324545559E8,
I991383,1957,1.1029317573E8,
I993228,297,1.950170237E7,2030-01-01
I993993,982,1.1563277962E8,
I996642,813,8.165486463E7,
I998411,1896,2.5264366584E8,
I1000624,-780,8.38901211E7,2025-09-13
I1001572,1625,1.1593912431E8,
I1006149,-877,6.40695313E7,2025-10-01
I942377,-979,1.3715083265E8,2025-10-18
I942491,860,1.096506391E8,
I953032,1363,1.6541560397E8,
I953582,1002,2.588675999E7,2030-01-01
I953900,910,4.522218359E7,2030-01-01
I962136,1922,5.273308356E7,2030-01-01
I965554,-658,1148015.79,2025-09-04
I971476,530,4.73469264E7,2030-01-01
I974949,-163,5823635.6,2025-09-05
I978863,1947,6.473347357E7,2030-01-01
I985634,124,726208.44,
I986430,165,1.048261555E7,
I987879,1639,8.882546642E7,2030-01-01
I988425,1643,1.426403682E7,
I990191,489,4.634341081E7,
I990695,842,4.227519738E7,
I996495,102,5243555.05,
I997457,904,1.0748988779E8,
I997805,1572,5.747024338E7,2030-01-01
I1006766,1821,2.6548288284E8,
I1007546,-1151,1.3803940355E8,2025-09-29
I1009012,1398,8.891305512E7,
I940108,1156,1.2226284892E8,2030-01-01
I950448,-527,7.046981032E7,2025-09-22
I953108,-162,8152713.51,2025-10-03
I956373,-956,8.591315192E7,2025-10-18
I957768,1252,2.261531893E7,2030-01-01
I960466,1508,9.674371989E7,2030-01-01
I963346,-731,4.80774127E7,2025-09-16
I971437,1323,1.5573670451E8,
I971922,1898,1.6317011107E8,
I980842,734,2.665164635E7,
I984647,613,5.552076137E7,2030-01-01
I986123,-64,4668042.77,2025-10-09
I995360,819,9.339594963E7,
I996336,710,5.010525775E7,
I1000127,1233,5.836747723E7,2030-01-01
I1007864,-762,2.800995342E7,2025-10-24
I1008723,-896,1.0187677288E8,2025-10-19
I946444,-151,3086517.79,2025-09-23
I939830,1776,8.061269738E7,
I947553,1591,3253017.54,
I970443,1957,1.3769233703E8,
I974502,-859,1.2022662835E8,2025-10-01
I977687,216,2.586980346E7,2030-01-01
I980133,109,1.45940057E7,
I981639,684,1.652732525E7,2030-01-01
I985293,782,4.572774855E7,
I987284,1272,1.4879262675E8,2030-01-01
I988110,-1518,1.8035493654E8,2025-10-23
I989862,1775,1.764834394E8,
I995937,98,1699029.78,2030-01-01
I999721,555,3.44497506E7,
I1006127,1038,1.246031616E8,
I1006707,-494,5.028680273E7,2025-09-10
I939123,-1091,1.5019230811E8,2025-09-28
I946974,334,3.245983903E7,2030-01-01
I948640,-1689,1.8000627116E8,2025-09-04
I941733,306,3.288119091E7,
I947396,1173,1.5450618872E8,
I947597,746,6.838928407E7,
I953116,-989,9.316474577E7,2025-09-28
I954268,630,8.263230228E7,2030-01-01
I962772,1869,1.611377261E7,2030-01-01
I967436,1590,1.5441477778E8,2030-01-01
I977887,-105,1885017.74,2025-09-06
I980876,507,7.079323212E7,
I990599,1210,1.1176440707E8,2030-01-01
I990847,215,8522630.32,2030-01-01
I994605,-1256,6.729685829E7,2025-09-08
I996786,344,1.21682232E7,2030-01-01
I998371,1445,1.8770814368E8,
I1008967,291,1.194044207E7,2030-01-01
I939641,917,4.688625035E7,2030-01-01
I942408,90,1.262113378E7,2030-01-01
I953012,1633,7.579506288E7,
I953899,1723,7.553357665E7,
I958954,970,5.1385057E7,
I966204,1039,2638968.08,2030-01-01
I984000,585,8.151891021E7,2030-01-01
I984034,1607,1.0747600699E8,
I986743,-1072,3.847594008E7,2025-10-16
I992313,715,2.155214574E7,2030-01-01
I994320,1027,1.420906447E7,
I999327,1201,3.875580362E7,2030-01-01
I1003286,-744,1.0053267916E8,2025-09-05
